s,x,y,w_left,w_right
0.0000,-0.0077,0.0065,1.1128,1.1173
0.0500,-0.0560,-0.0066,1.1128,1.1169
0.1000,-0.1041,-0.0202,1.1128,1.1169
0.1500,-0.1520,-0.0344,1.1165,1.1169
0.2000,-0.1999,-0.0489,1.1165,1.1169
0.2500,-0.2477,-0.0636,1.1166,1.1143
0.3000,-0.2955,-0.0783,1.1166,1.1143
0.3500,-0.3434,-0.0927,1.1168,1.1139
0.4000,-0.3913,-0.1068,1.1168,1.1143
0.4500,-0.4394,-0.1206,1.1168,1.1146
0.5000,-0.4876,-0.1338,1.1166,1.1146
0.5500,-0.5359,-0.1466,1.1166,1.1146
0.6000,-0.5844,-0.1591,1.1165,1.1146
0.6500,-0.6328,-0.1714,1.1161,1.1145
0.7000,-0.6813,-0.1839,1.1161,1.1145
0.7500,-0.7297,-0.1964,1.1161,1.1145
0.8000,-0.7780,-0.2091,1.1161,1.1145
0.8500,-0.8264,-0.2218,1.1157,1.1144
0.9000,-0.8747,-0.2345,1.1157,1.1144
0.9500,-0.9231,-0.2471,1.1157,1.1144
1.0000,-0.9715,-0.2596,1.1157,1.1144
1.0500,-1.0200,-0.2719,1.1156,1.1144
1.1000,-1.0684,-0.2844,1.1157,1.1144
1.1500,-1.1168,-0.2969,1.1157,1.1144
1.2000,-1.1651,-0.3098,1.1157,1.1144
1.2500,-1.2134,-0.3230,1.1163,1.1144
1.3000,-1.2615,-0.3365,1.1165,1.1144
1.3500,-1.3096,-0.3501,1.1165,1.1145
1.4000,-1.3577,-0.3638,1.1173,1.1154
1.4500,-1.4058,-0.3775,1.1173,1.1154
1.5000,-1.4539,-0.3912,1.1173,1.1145
1.5500,-1.5021,-0.4046,1.1173,1.1145
1.6000,-1.5503,-0.4177,1.1173,1.1154
1.6500,-1.5986,-0.4307,1.1173,1.1154
1.7000,-1.6469,-0.4436,1.1179,1.1154
1.7500,-1.6952,-0.4566,1.1179,1.1163
1.8000,-1.7435,-0.4695,1.1184,1.1163
1.8500,-1.7918,-0.4824,1.1193,1.1163
1.9000,-1.8401,-0.4952,1.1193,1.1163
1.9500,-1.8885,-0.5078,1.1193,1.1154
2.0001,-1.9370,-0.5202,1.1187,1.1154
2.0501,-1.9854,-0.5325,1.1184,1.1154
2.1001,-2.0339,-0.5449,1.1181,1.1151
2.1501,-2.0823,-0.5575,1.1145,1.1151
2.2001,-2.1306,-0.5704,1.1181,1.1135
2.2501,-2.1789,-0.5833,1.1181,1.1135
2.3001,-2.2272,-0.5963,1.1158,1.1135
2.3501,-2.2754,-0.6094,1.1170,1.1135
2.4001,-2.3237,-0.6224,1.1170,1.1135
2.4501,-2.3720,-0.6353,1.1158,1.1136
2.5001,-2.4203,-0.6483,1.1158,1.1136
2.5501,-2.4686,-0.6612,1.1158,1.1136
2.6001,-2.5169,-0.6740,1.1158,1.1138
2.6501,-2.5653,-0.6868,1.1134,1.1138
2.7001,-2.6136,-0.6995,1.1134,1.1148
2.7501,-2.6620,-0.7123,1.1120,1.1148
2.8001,-2.7103,-0.7252,1.1120,1.1148
2.8501,-2.7585,-0.7383,1.1120,1.1148
2.9001,-2.8067,-0.7517,1.1120,1.1148
2.9501,-2.8548,-0.7652,1.1120,1.1148
3.0001,-2.9029,-0.7789,1.1120,1.1143
3.0501,-2.9510,-0.7928,1.1145,1.1138
3.1001,-2.9990,-0.8067,1.1145,1.1143
3.1501,-3.0470,-0.8206,1.1156,1.1138
3.2001,-3.0951,-0.8344,1.1156,1.1127
3.2501,-3.1432,-0.8479,1.1167,1.1138
3.3001,-3.1914,-0.8612,1.1173,1.1142
3.3501,-3.2397,-0.8744,1.1173,1.1142
3.4001,-3.2880,-0.8873,1.1173,1.1142
3.4501,-3.3363,-0.9001,1.1167,1.1142
3.5001,-3.3847,-0.9128,1.1156,1.1142
3.5501,-3.4330,-0.9255,1.1148,1.1142
3.6001,-3.4814,-0.9383,1.1145,1.1142
3.6501,-3.5297,-0.9511,1.1139,1.1142
3.7001,-3.5780,-0.9639,1.1133,1.1142
3.7501,-3.6263,-0.9768,1.1132,1.1130
3.8001,-3.6747,-0.9895,1.1132,1.1142
3.8501,-3.7230,-1.0023,1.1132,1.1142
3.9001,-3.7714,-1.0150,1.1132,1.1142
3.9501,-3.8197,-1.0277,1.1133,1.1142
4.0001,-3.8681,-1.0406,1.1133,1.1142
4.0501,-3.9164,-1.0535,1.1139,1.1142
4.1001,-3.9646,-1.0666,1.1139,1.1142
4.1501,-4.0129,-1.0797,1.1155,1.1142
4.2001,-4.0611,-1.0928,1.1155,1.1168
4.2501,-4.1094,-1.1060,1.1161,1.1182
4.3001,-4.1576,-1.1191,1.1180,1.1182
4.3501,-4.2059,-1.1322,1.1180,1.1182
4.4001,-4.2541,-1.1454,1.1180,1.1182
4.4501,-4.3024,-1.1585,1.1180,1.1182
4.5001,-4.3506,-1.1717,1.1180,1.1176
4.5501,-4.3988,-1.1850,1.1179,1.1170
4.6001,-4.4470,-1.1982,1.1177,1.1170
4.6501,-4.4952,-1.2114,1.1177,1.1170
4.7001,-4.5435,-1.2245,1.1177,1.1170
4.7501,-4.5918,-1.2374,1.1177,1.1170
4.8001,-4.6401,-1.2503,1.1177,1.1170
4.8501,-4.6885,-1.2630,1.1177,1.1171
4.9001,-4.7368,-1.2758,1.1177,1.1170
4.9501,-4.7852,-1.2884,1.1177,1.1168
5.0001,-4.8336,-1.3009,1.1171,1.1168
5.0501,-4.8820,-1.3134,1.1171,1.1168
5.1001,-4.9304,-1.3259,1.1171,1.1168
5.1501,-4.9788,-1.3384,1.1167,1.1171
5.2001,-5.0272,-1.3512,1.1162,1.1174
5.2501,-5.0755,-1.3641,1.1162,1.1174
5.3001,-5.1238,-1.3771,1.1167,1.1174
5.3501,-5.1720,-1.3902,1.1167,1.1174
5.4001,-5.2203,-1.4033,1.1167,1.1174
5.4501,-5.2686,-1.4162,1.1167,1.1173
5.5001,-5.3169,-1.4291,1.1160,1.1168
5.5501,-5.3652,-1.4419,1.1160,1.1168
5.6001,-5.4136,-1.4547,1.1160,1.1173
5.6501,-5.4619,-1.4676,1.1160,1.1173
5.7001,-5.5101,-1.4807,1.1139,1.1168
5.7501,-5.5584,-1.4939,1.1139,1.1168
5.8001,-5.6066,-1.5072,1.1139,1.1168
5.8501,-5.6547,-1.5207,1.1138,1.1157
5.9001,-5.7028,-1.5343,1.1138,1.1157
5.9502,-5.7509,-1.5480,1.1138,1.1111
6.0002,-5.7990,-1.5617,1.1138,1.1111
6.0502,-5.8471,-1.5753,1.1139,1.1099
6.1002,-5.8953,-1.5888,1.1147,1.1087
6.1502,-5.9435,-1.6021,1.1151,1.1099
6.2002,-5.9917,-1.6153,1.1151,1.1132
6.2502,-6.0399,-1.6284,1.1151,1.1132
6.3002,-6.0883,-1.6413,1.1152,1.1132
6.3502,-6.1366,-1.6539,1.1153,1.1132
6.4002,-6.1850,-1.6664,1.1165,1.1132
6.4502,-6.2335,-1.6787,1.1165,1.1173
6.5002,-6.2820,-1.6908,1.1176,1.1174
6.5502,-6.3306,-1.7028,1.1188,1.1180
6.6002,-6.3791,-1.7147,1.1188,1.1186
6.6502,-6.4277,-1.7264,1.1188,1.1189
6.7002,-6.4763,-1.7382,1.1182,1.1196
6.7502,-6.5249,-1.7501,1.1182,1.1196
6.8002,-6.5734,-1.7622,1.1182,1.1212
6.8502,-6.6219,-1.7746,1.1182,1.1212
6.9002,-6.6702,-1.7872,1.1226,1.1212
6.9502,-6.7186,-1.8000,1.1226,1.1212
7.0002,-6.7668,-1.8131,1.1227,1.1229
7.0502,-6.8151,-1.8263,1.1228,1.1247
7.1002,-6.8632,-1.8399,1.1228,1.1247
7.1502,-6.9112,-1.8539,1.1228,1.1247
7.2002,-6.9591,-1.8682,1.1202,1.1229
7.2502,-7.0070,-1.8824,1.1202,1.1208
7.3002,-7.0550,-1.8964,1.1202,1.1188
7.3502,-7.1031,-1.9101,1.1202,1.1187
7.4002,-7.1513,-1.9234,1.1202,1.1186
7.4502,-7.1996,-1.9365,1.1202,1.1187
7.5002,-7.2479,-1.9495,1.1179,1.1187
7.5502,-7.2961,-1.9626,1.1173,1.1186
7.6002,-7.3444,-1.9757,1.1173,1.1186
7.6502,-7.3926,-1.9888,1.1173,1.1168
7.7002,-7.4409,-2.0020,1.1173,1.1168
7.7502,-7.4891,-2.0151,1.1168,1.1168
7.8002,-7.5374,-2.0281,1.1166,1.1161
7.8502,-7.5856,-2.0412,1.1164,1.1161
7.9002,-7.6339,-2.0543,1.1164,1.1161
7.9502,-7.6822,-2.0673,1.1164,1.1161
8.0002,-7.7305,-2.0803,1.1164,1.1161
8.0502,-7.7788,-2.0932,1.1164,1.1161
8.1002,-7.8271,-2.1059,1.1196,1.1161
8.1502,-7.8756,-2.1183,1.1196,1.1170
8.2002,-7.9240,-2.1306,1.1196,1.1170
8.2502,-7.9725,-2.1428,1.1156,1.1178
8.3002,-8.0210,-2.1552,1.1156,1.1178
8.3502,-8.0694,-2.1678,1.1156,1.1178
8.4002,-8.1177,-2.1805,1.1178,1.1183
8.4502,-8.1660,-2.1933,1.1181,1.1178
8.5002,-8.2144,-2.2062,1.1184,1.1183
8.5502,-8.2627,-2.2191,1.1184,1.1183
8.6002,-8.3110,-2.2320,1.1184,1.1167
8.6502,-8.3593,-2.2450,1.1181,1.1156
8.7002,-8.4075,-2.2582,1.1184,1.1160
8.7502,-8.4557,-2.2714,1.1184,1.1156
8.8002,-8.5039,-2.2847,1.1181,1.1152
8.8502,-8.5521,-2.2980,1.1181,1.1156
8.9002,-8.6003,-2.3113,1.1171,1.1157
8.9502,-8.6485,-2.3246,1.1135,1.1157
9.0002,-8.6966,-2.3381,1.1135,1.1157
9.0502,-8.7448,-2.3517,1.1135,1.1157
9.1002,-8.7929,-2.3653,1.1154,1.1162
9.1502,-8.8410,-2.3788,1.1154,1.1140
9.2002,-8.8892,-2.3921,1.1154,1.1140
9.2502,-8.9375,-2.4051,1.1154,1.1140
9.3002,-8.9858,-2.4179,1.1153,1.1162
9.3502,-9.0342,-2.4307,1.1153,1.1157
9.4002,-9.0825,-2.4435,1.1153,1.1157
9.4502,-9.1308,-2.4564,1.1153,1.1183
9.5002,-9.1791,-2.4693,1.1153,1.1157
9.5502,-9.2274,-2.4822,1.1155,1.1157
9.6002,-9.2758,-2.4950,1.1160,1.1147
9.6502,-9.3242,-2.5075,1.1165,1.1147
9.7002,-9.3727,-2.5198,1.1165,1.1147
9.7502,-9.4212,-2.5319,1.1165,1.1181
9.8002,-9.4697,-2.5442,1.1165,1.1181
9.8503,-9.5181,-2.5566,1.1168,1.1193
9.9003,-9.5664,-2.5694,1.1168,1.1193
9.9503,-9.6146,-2.5826,1.1170,1.1181
10.0003,-9.6628,-2.5962,1.1200,1.1169
10.0503,-9.7108,-2.6101,1.1200,1.1169
10.1003,-9.7587,-2.6243,1.1200,1.1169
10.1503,-9.8066,-2.6388,1.1200,1.1169
10.2003,-9.8545,-2.6532,1.1192,1.1169
10.2503,-9.9024,-2.6674,1.1192,1.1164
10.3003,-9.9505,-2.6812,1.1181,1.1135
10.3503,-9.9987,-2.6945,1.1181,1.1135
10.4003,-10.0470,-2.7074,1.1149,1.1135
10.4503,-10.0954,-2.7198,1.1147,1.1135
10.5003,-10.1439,-2.7320,1.1147,1.1135
10.5503,-10.1925,-2.7440,1.1147,1.1152
10.6003,-10.2410,-2.7559,1.1147,1.1152
10.6503,-10.2896,-2.7679,1.1149,1.1152
10.7003,-10.3381,-2.7799,1.1149,1.1159
10.7503,-10.3866,-2.7920,1.1149,1.1164
10.8003,-10.4351,-2.8043,1.1149,1.1164
10.8503,-10.4835,-2.8168,1.1149,1.1174
10.9003,-10.5318,-2.8296,1.1152,1.1174
10.9503,-10.5801,-2.8427,1.1154,1.1187
11.0003,-10.6282,-2.8561,1.1169,1.1187
11.0503,-10.6763,-2.8698,1.1179,1.1195
11.1003,-10.7244,-2.8836,1.1222,1.1195
11.1503,-10.7725,-2.8974,1.1222,1.1195
11.2003,-10.8206,-2.9109,1.1245,1.1195
11.2503,-10.8689,-2.9240,1.1245,1.1198
11.3003,-10.9172,-2.9368,1.1212,1.1198
11.3503,-10.9656,-2.9493,1.1212,1.1223
11.4003,-11.0140,-2.9618,1.1212,1.1223
11.4503,-11.0624,-2.9745,1.1212,1.1223
11.5003,-11.1107,-2.9874,1.1212,1.1223
11.5503,-11.1589,-3.0006,1.1212,1.1223
11.6003,-11.2071,-3.0140,1.1212,1.1213
11.6503,-11.2552,-3.0275,1.1212,1.1213
11.7003,-11.3034,-3.0410,1.1212,1.1213
11.7503,-11.3516,-3.0543,1.1212,1.1213
11.8003,-11.3998,-3.0676,1.1212,1.1203
11.8503,-11.4480,-3.0808,1.1211,1.1203
11.9003,-11.4963,-3.0939,1.1211,1.1203
11.9503,-11.5446,-3.1068,1.1211,1.1184
12.0003,-11.5930,-3.1194,1.1211,1.1184
12.0503,-11.6414,-3.1317,1.1211,1.1182
12.1003,-11.6899,-3.1438,1.1211,1.1182
12.1503,-11.7385,-3.1556,1.1177,1.1184
12.2003,-11.7871,-3.1675,1.1177,1.1184
12.2503,-11.8356,-3.1795,1.1169,1.1184
12.3003,-11.8841,-3.1917,1.1169,1.1184
12.3503,-11.9325,-3.2043,1.1169,1.1184
12.4003,-11.9809,-3.2169,1.1169,1.1184
12.4503,-12.0292,-3.2297,1.1169,1.1185
12.5003,-12.0776,-3.2425,1.1177,1.1185
12.5503,-12.1259,-3.2553,1.1177,1.1185
12.6003,-12.1742,-3.2682,1.1177,1.1185
12.6503,-12.2225,-3.2813,1.1177,1.1185
12.7003,-12.2706,-3.2948,1.1177,1.1185
12.7503,-12.3187,-3.3085,1.1177,1.1201
12.8003,-12.3667,-3.3224,1.1230,1.1201
12.8503,-12.4148,-3.3362,1.1230,1.1201
12.9003,-12.4629,-3.3499,1.1230,1.1201
12.9503,-12.5110,-3.3635,1.1182,1.1201
13.0003,-12.5591,-3.3772,1.1182,1.1166
13.0503,-12.6072,-3.3909,1.1182,1.1152
13.1003,-12.6552,-3.4047,1.1192,1.1152
13.1503,-12.7033,-3.4183,1.1192,1.1152
13.2003,-12.7515,-3.4319,1.1192,1.1138
13.2503,-12.7996,-3.4453,1.1174,1.1138
13.3003,-12.8479,-3.4584,1.1174,1.1138
13.3503,-12.8962,-3.4713,1.1155,1.1138
13.4003,-12.9446,-3.4840,1.1155,1.1124
13.4503,-12.9929,-3.4966,1.1144,1.1124
13.5003,-13.0413,-3.5092,1.1144,1.1124
13.5503,-13.0897,-3.5218,1.1144,1.1124
13.6003,-13.1381,-3.5343,1.1155,1.1124
13.6503,-13.1866,-3.5467,1.1156,1.1124
13.7003,-13.2351,-3.5588,1.1156,1.1138
13.7503,-13.2836,-3.5707,1.1156,1.1180
13.8004,-13.3322,-3.5826,1.1156,1.1180
13.8504,-13.3807,-3.5947,1.1168,1.1180
13.9004,-13.4292,-3.6069,1.1157,1.1188
13.9504,-13.4776,-3.6194,1.1157,1.1188
14.0004,-13.5260,-3.6321,1.1157,1.1188
14.0504,-13.5743,-3.6450,1.1157,1.1183
14.1004,-13.6225,-3.6582,1.1157,1.1188
14.1504,-13.6707,-3.6716,1.1167,1.1187
14.2004,-13.7188,-3.6854,1.1167,1.1187
14.2504,-13.7668,-3.6994,1.1167,1.1183
14.3004,-13.8147,-3.7135,1.1167,1.1178
14.3504,-13.8627,-3.7276,1.1167,1.1178
14.4004,-13.9107,-3.7416,1.1156,1.1134
14.4504,-13.9588,-3.7553,1.1151,1.1099
14.5004,-14.0070,-3.7687,1.1151,1.1089
14.5504,-14.0552,-3.7819,1.1151,1.1089
14.6004,-14.1035,-3.7950,1.1151,1.1099
14.6504,-14.1517,-3.8079,1.1145,1.1109
14.7004,-14.2001,-3.8209,1.1145,1.1120
14.7504,-14.2484,-3.8338,1.1134,1.1120
14.8004,-14.2967,-3.8467,1.1134,1.1120
14.8504,-14.3450,-3.8596,1.1134,1.1120
14.9004,-14.3933,-3.8725,1.1123,1.1120
14.9504,-14.4416,-3.8853,1.1123,1.1120
15.0004,-14.4900,-3.8980,1.1123,1.1120
15.0504,-14.5383,-3.9107,1.1123,1.1120
15.1004,-14.5867,-3.9232,1.1132,1.1122
15.1504,-14.6351,-3.9358,1.1139,1.1150
15.2004,-14.6836,-3.9482,1.1139,1.1150
15.2504,-14.7320,-3.9607,1.1145,1.1169
15.3004,-14.7804,-3.9732,1.1145,1.1177
15.3504,-14.8288,-3.9857,1.1158,1.1177
15.4004,-14.8772,-3.9982,1.1207,1.1183
15.4504,-14.9256,-4.0108,1.1183,1.1183
15.5004,-14.9740,-4.0234,1.1171,1.1183
15.5504,-15.0224,-4.0361,1.1183,1.1183
15.6004,-15.0707,-4.0489,1.1183,1.1177
15.6504,-15.1190,-4.0618,1.1183,1.1177
15.7004,-15.1673,-4.0748,1.1183,1.1177
15.7504,-15.2155,-4.0880,1.1183,1.1177
15.8004,-15.2637,-4.1015,1.1177,1.1177
15.8504,-15.3117,-4.1153,1.1171,1.1176
15.9004,-15.3597,-4.1293,1.1171,1.1123
15.9504,-15.4077,-4.1434,1.1171,1.1123
16.0004,-15.4557,-4.1573,1.1170,1.1123
16.0504,-15.5039,-4.1709,1.1157,1.1123
16.1004,-15.5521,-4.1841,1.1143,1.1123
16.1504,-15.6003,-4.1972,1.1143,1.1123
16.2004,-15.6486,-4.2102,1.1131,1.1129
16.2504,-15.6969,-4.2231,1.1131,1.1126
16.3004,-15.7452,-4.2360,1.1127,1.1126
16.3504,-15.7935,-4.2489,1.1127,1.1126
16.4004,-15.8419,-4.2616,1.1123,1.1126
16.4504,-15.8902,-4.2743,1.1121,1.1126
16.5004,-15.9386,-4.2870,1.1116,1.1129
16.5504,-15.9870,-4.2995,1.1116,1.1132
16.6004,-16.0354,-4.3120,1.1116,1.1132
16.6504,-16.0839,-4.3245,1.1127,1.1132
16.7004,-16.1322,-4.3371,1.1127,1.1132
16.7504,-16.1806,-4.3497,1.1127,1.1132
16.8004,-16.2290,-4.3624,1.1146,1.1132
16.8504,-16.2774,-4.3749,1.1149,1.1134
16.9004,-16.3258,-4.3874,1.1149,1.1194
16.9504,-16.3742,-4.3999,1.1165,1.1194
17.0004,-16.4226,-4.4125,1.1165,1.1197
17.0504,-16.4709,-4.4255,1.1165,1.1197
17.1004,-16.5191,-4.4390,1.1165,1.1194
17.1504,-16.5671,-4.4529,1.1165,1.1191
17.2004,-16.6150,-4.4673,1.1165,1.1156
17.2504,-16.6628,-4.4820,1.1165,1.1121
17.3004,-16.7106,-4.4966,1.1165,1.1121
17.3504,-16.7585,-4.5110,1.1165,1.1121
17.4004,-16.8065,-4.5250,1.1165,1.1121
17.4504,-16.8546,-4.5385,1.1165,1.1119
17.5004,-16.9029,-4.5515,1.1165,1.1119
17.5504,-16.9513,-4.5639,1.1165,1.1119
17.6004,-16.9999,-4.5758,1.1155,1.1119
17.6504,-17.0486,-4.5871,1.1155,1.1125
17.7004,-17.0973,-4.5983,1.1155,1.1133
17.7505,-17.1461,-4.6095,1.1143,1.1133
17.8005,-17.1947,-4.6211,1.1142,1.1141
17.8505,-17.2432,-4.6332,1.1143,1.1163
17.9005,-17.2916,-4.6458,1.1143,1.1176
17.9505,-17.3399,-4.6588,1.1144,1.1176
18.0005,-17.3882,-4.6718,1.1144,1.1176
18.0505,-17.4364,-4.6848,1.1145,1.1177
18.1005,-17.4847,-4.6978,1.1146,1.1177
18.1505,-17.5330,-4.7110,1.1146,1.1177
18.2005,-17.5811,-4.7243,1.1146,1.1177
18.2505,-17.6292,-4.7380,1.1147,1.1177
18.3005,-17.6773,-4.7518,1.1151,1.1176
18.3505,-17.7254,-4.7654,1.1195,1.1187
18.4005,-17.7737,-4.7786,1.1195,1.1189
18.4505,-17.8221,-4.7910,1.1151,1.1189
18.5005,-17.8706,-4.8031,1.1151,1.1207
18.5505,-17.9191,-4.8152,1.1150,1.1207
18.6005,-17.9675,-4.8276,1.1150,1.1207
18.6505,-18.0158,-4.8406,1.1150,1.1195
18.7005,-18.0639,-4.8543,1.1151,1.1195
18.7505,-18.1119,-4.8683,1.1167,1.1158
18.8005,-18.1599,-4.8824,1.1167,1.1152
18.8505,-18.2079,-4.8962,1.1167,1.1120
18.9005,-18.2561,-4.9098,1.1151,1.1120
18.9505,-18.3043,-4.9229,1.1147,1.1133
19.0005,-18.3527,-4.9357,1.1147,1.1120
19.0505,-18.4010,-4.9483,1.1147,1.1120
19.1005,-18.4494,-4.9608,1.1126,1.1133
19.1505,-18.4979,-4.9733,1.1126,1.1133
19.2005,-18.5463,-4.9858,1.1126,1.1120
19.2505,-18.5947,-4.9982,1.1126,1.1133
19.3005,-18.6431,-5.0107,1.1126,1.1133
19.3505,-18.6916,-5.0231,1.1126,1.1146
19.4005,-18.7400,-5.0357,1.1126,1.1147
19.4505,-18.7883,-5.0484,1.1126,1.1148
19.5005,-18.8367,-5.0612,1.1126,1.1148
19.5505,-18.8849,-5.0742,1.1126,1.1148
19.6005,-18.9331,-5.0875,1.1126,1.1179
19.6505,-18.9813,-5.1011,1.1161,1.1179
19.7005,-19.0293,-5.1150,1.1161,1.1179
19.7505,-19.0773,-5.1288,1.1199,1.1185
19.8005,-19.1254,-5.1426,1.1223,1.1192
19.8505,-19.1736,-5.1560,1.1223,1.1192
19.9005,-19.2219,-5.1690,1.1223,1.1192
19.9505,-19.2702,-5.1818,1.1167,1.1192
20.0005,-19.3186,-5.1944,1.1167,1.1192
20.0505,-19.3670,-5.2070,1.1166,1.1192
20.1005,-19.4154,-5.2196,1.1161,1.1179
20.1505,-19.4637,-5.2323,1.1155,1.1164
20.2005,-19.5120,-5.2452,1.1155,1.1164
20.2505,-19.5603,-5.2582,1.1155,1.1134
20.3005,-19.6086,-5.2711,1.1155,1.1134
20.3505,-19.6569,-5.2841,1.1155,1.1134
20.4005,-19.7052,-5.2969,1.1155,1.1134
20.4505,-19.7536,-5.3097,1.1155,1.1138
20.5005,-19.8019,-5.3225,1.1155,1.1164
20.5505,-19.8502,-5.3354,1.1155,1.1138
20.6005,-19.8985,-5.3484,1.1155,1.1138
20.6505,-19.9467,-5.3617,1.1155,1.1164
20.7005,-19.9949,-5.3751,1.1155,1.1155
20.7505,-20.0430,-5.3886,1.1155,1.1155
20.8005,-20.0912,-5.4021,1.1155,1.1158
20.8505,-20.1393,-5.4155,1.1193,1.1181
20.9005,-20.1875,-5.4288,1.1205,1.1204
20.9505,-20.2358,-5.4418,1.1205,1.1222
21.0005,-20.2841,-5.4546,1.1218,1.1222
21.0505,-20.3325,-5.4674,1.1227,1.1233
21.1005,-20.3808,-5.4801,1.1227,1.1233
21.1505,-20.4292,-5.4929,1.1245,1.1249
21.2005,-20.4775,-5.5060,1.1245,1.1249
21.2505,-20.5257,-5.5191,1.1246,1.1254
21.3005,-20.5739,-5.5325,1.1246,1.1254
21.3505,-20.6221,-5.5458,1.1245,1.1249
21.4005,-20.6702,-5.5593,1.1237,1.1242
21.4505,-20.7184,-5.5727,1.1232,1.1242
21.5005,-20.7666,-5.5860,1.1232,1.1241
21.5505,-20.8148,-5.5993,1.1227,1.1216
21.6005,-20.8630,-5.6124,1.1208,1.1216
21.6505,-20.9113,-5.6254,1.1201,1.1191
21.7006,-20.9596,-5.6385,1.1189,1.1191
21.7506,-21.0078,-5.6516,1.1186,1.1187
21.8006,-21.0561,-5.6647,1.1183,1.1187
21.8506,-21.1043,-5.6778,1.1183,1.1187
21.9006,-21.1526,-5.6907,1.1183,1.1187
21.9506,-21.2010,-5.7036,1.1171,1.1185
22.0006,-21.2493,-5.7164,1.1171,1.1185
22.0506,-21.2976,-5.7293,1.1183,1.1185
22.1006,-21.3459,-5.7422,1.1184,1.1189
22.1506,-21.3942,-5.7553,1.1159,1.1189
22.2006,-21.4424,-5.7685,1.1184,1.1189
22.2506,-21.4906,-5.7819,1.1184,1.1189
22.3006,-21.5387,-5.7954,1.1184,1.1175
22.3506,-21.5869,-5.8087,1.1184,1.1169
22.4006,-21.6351,-5.8219,1.1192,1.1169
22.4506,-21.6835,-5.8347,1.1200,1.1169
22.5006,-21.7319,-5.8471,1.1192,1.1226
22.5506,-21.7804,-5.8595,1.1193,1.1262
22.6006,-21.8288,-5.8720,1.1193,1.1262
22.6506,-21.8771,-5.8850,1.1200,1.1262
22.7006,-21.9252,-5.8984,1.1209,1.1262
22.7506,-21.9733,-5.9122,1.1212,1.1262
22.8006,-22.0213,-5.9261,1.1214,1.1226
22.8506,-22.0694,-5.9399,1.1214,1.1226
22.9006,-22.1175,-5.9535,1.1214,1.1213
22.9506,-22.1657,-5.9667,1.1209,1.1190
23.0006,-22.2140,-5.9795,1.1209,1.1190
23.0506,-22.2624,-5.9921,1.1209,1.1190
23.1006,-22.3108,-6.0046,1.1198,1.1190
23.1506,-22.3593,-6.0171,1.1198,1.1190
23.2006,-22.4076,-6.0297,1.1179,1.1177
23.2506,-22.4560,-6.0425,1.1175,1.1167
23.3006,-22.5043,-6.0553,1.1171,1.1171
23.3506,-22.5526,-6.0683,1.1168,1.1171
23.4006,-22.6009,-6.0812,1.1166,1.1171
23.4506,-22.6492,-6.0941,1.1166,1.1171
23.5006,-22.6975,-6.1070,1.1166,1.1174
23.5506,-22.7458,-6.1199,1.1166,1.1174
23.6006,-22.7942,-6.1328,1.1166,1.1174
23.6506,-22.8425,-6.1456,1.1166,1.1174
23.7006,-22.8908,-6.1586,1.1166,1.1174
23.7506,-22.9391,-6.1715,1.1166,1.1181
23.8006,-22.9874,-6.1845,1.1178,1.1181
23.8506,-23.0357,-6.1974,1.1178,1.1174
23.9006,-23.0840,-6.2102,1.1186,1.1174
23.9506,-23.1324,-6.2229,1.1186,1.1154
24.0006,-23.1808,-6.2354,1.1186,1.1154
24.0506,-23.2292,-6.2477,1.1178,1.1154
24.1006,-23.2776,-6.2602,1.1173,1.1177
24.1506,-23.3260,-6.2731,1.1173,1.1177
24.2006,-23.3742,-6.2863,1.1173,1.1177
24.2506,-23.4223,-6.3000,1.1173,1.1145
24.3006,-23.4703,-6.3139,1.1173,1.1145
24.3506,-23.5184,-6.3276,1.1179,1.1145
24.4006,-23.5665,-6.3412,1.1179,1.1145
24.4506,-23.6147,-6.3544,1.1179,1.1148
24.5006,-23.6630,-6.3674,1.1179,1.1155
24.5506,-23.7114,-6.3801,1.1179,1.1155
24.6006,-23.7598,-6.3927,1.1173,1.1151
24.6506,-23.8082,-6.4051,1.1173,1.1155
24.7006,-23.8566,-6.4175,1.1173,1.1155
24.7506,-23.9051,-6.4298,1.1157,1.1151
24.8006,-23.9536,-6.4419,1.1157,1.1151
24.8506,-24.0021,-6.4540,1.1157,1.1155
24.9006,-24.0507,-6.4661,1.1122,1.1155
24.9506,-24.0991,-6.4784,1.1117,1.1155
25.0006,-24.1475,-6.4909,1.1117,1.1155
25.0506,-24.1958,-6.5039,1.1117,1.1155
25.1006,-24.2440,-6.5172,1.1117,1.1156
25.1506,-24.2921,-6.5310,1.1130,1.1156
25.2006,-24.3401,-6.5450,1.1139,1.1156
25.2506,-24.3880,-6.5593,1.1139,1.1156
25.3006,-24.4359,-6.5736,1.1155,1.1140
25.3506,-24.4839,-6.5877,1.1161,1.1140
25.4006,-24.5319,-6.6016,1.1161,1.1140
25.4506,-24.5800,-6.6152,1.1161,1.1140
25.5006,-24.6283,-6.6284,1.1161,1.1140
25.5506,-24.6765,-6.6413,1.1159,1.1153
25.6006,-24.7249,-6.6541,1.1159,1.1153
25.6507,-24.7732,-6.6669,1.1155,1.1153
25.7007,-24.8216,-6.6797,1.1144,1.1153
25.7507,-24.8699,-6.6926,1.1144,1.1150
25.8007,-24.9182,-6.7056,1.1144,1.1148
25.8507,-24.9664,-6.7185,1.1144,1.1148
25.9007,-25.0147,-6.7315,1.1155,1.1148
25.9507,-25.0631,-6.7443,1.1157,1.1150
26.0007,-25.1114,-6.7571,1.1157,1.1150
26.0507,-25.1598,-6.7698,1.1157,1.1150
26.1007,-25.2081,-6.7824,1.1157,1.1150
26.1507,-25.2565,-6.7951,1.1148,1.1150
26.2007,-25.3049,-6.8078,1.1148,1.1153
26.2507,-25.3533,-6.8204,1.1148,1.1160
26.3007,-25.4017,-6.8330,1.1163,1.1160
26.3507,-25.4501,-6.8454,1.1163,1.1160
26.4007,-25.4986,-6.8575,1.1183,1.1166
26.4507,-25.5472,-6.8692,1.1183,1.1166
26.5007,-25.5959,-6.8805,1.1183,1.1192
26.5507,-25.6446,-6.8918,1.1180,1.1192
26.6007,-25.6933,-6.9032,1.1180,1.1208
26.6507,-25.7418,-6.9153,1.1148,1.1208
26.7007,-25.7902,-6.9282,1.1180,1.1208
26.7507,-25.8383,-6.9418,1.1180,1.1208
26.8007,-25.8862,-6.9559,1.1213,1.1208
26.8507,-25.9341,-6.9703,1.1213,1.1213
26.9007,-25.9820,-6.9847,1.1213,1.1208
26.9507,-26.0299,-6.9991,1.1209,1.1208
27.0007,-26.0778,-7.0133,1.1206,1.1199
27.0507,-26.1259,-7.0271,1.1202,1.1176
27.1007,-26.1740,-7.0406,1.1202,1.1155
27.1507,-26.2223,-7.0537,1.1201,1.1155
27.2007,-26.2706,-7.0667,1.1199,1.1155
27.2507,-26.3189,-7.0794,1.1192,1.1164
27.3007,-26.3673,-7.0920,1.1192,1.1164
27.3507,-26.4158,-7.1043,1.1185,1.1164
27.4007,-26.4643,-7.1165,1.1157,1.1164
27.4507,-26.5128,-7.1287,1.1129,1.1159
27.5007,-26.5612,-7.1410,1.1129,1.1147
27.5507,-26.6096,-7.1537,1.1129,1.1147
27.6007,-26.6579,-7.1667,1.1129,1.1139
27.6507,-26.7061,-7.1798,1.1129,1.1139
27.7007,-26.7543,-7.1930,1.1129,1.1139
27.7507,-26.8026,-7.2063,1.1129,1.1139
27.8007,-26.8508,-7.2195,1.1129,1.1137
27.8507,-26.8990,-7.2327,1.1129,1.1136
27.9007,-26.9472,-7.2460,1.1130,1.1136
27.9507,-26.9954,-7.2594,1.1145,1.1136
28.0007,-27.0435,-7.2728,1.1145,1.1136
28.0507,-27.0917,-7.2863,1.1164,1.1136
28.1007,-27.1399,-7.2997,1.1169,1.1139
28.1507,-27.1881,-7.3130,1.1175,1.1160
28.2007,-27.2362,-7.3264,1.1175,1.1170
28.2507,-27.2844,-7.3398,1.1183,1.1170
28.3007,-27.3326,-7.3533,1.1181,1.1170
28.3507,-27.3808,-7.3666,1.1183,1.1170
28.4007,-27.4290,-7.3798,1.1183,1.1170
28.4507,-27.4772,-7.3929,1.1181,1.1170
28.5007,-27.5255,-7.4059,1.1181,1.1166
28.5507,-27.5739,-7.4187,1.1181,1.1166
28.6007,-27.6222,-7.4315,1.1181,1.1166
28.6507,-27.6705,-7.4442,1.1181,1.1160
28.7007,-27.7189,-7.4569,1.1181,1.1163
28.7507,-27.7673,-7.4696,1.1162,1.1163
28.8007,-27.8156,-7.4823,1.1162,1.1163
28.8507,-27.8640,-7.4950,1.1161,1.1163
28.9007,-27.9124,-7.5077,1.1160,1.1166
28.9507,-27.9607,-7.5206,1.1160,1.1166
29.0007,-28.0090,-7.5336,1.1160,1.1166
29.0507,-28.0572,-7.5466,1.1160,1.1168
29.1007,-28.1055,-7.5598,1.1161,1.1169
29.1507,-28.1537,-7.5730,1.1167,1.1168
29.2007,-28.2019,-7.5863,1.1167,1.1168
29.2507,-28.2501,-7.5995,1.1174,1.1168
29.3007,-28.2983,-7.6127,1.1174,1.1168
29.3507,-28.3466,-7.6259,1.1174,1.1168
29.4007,-28.3948,-7.6391,1.1174,1.1178
29.4507,-28.4430,-7.6523,1.1174,1.1178
29.5007,-28.4912,-7.6655,1.1176,1.1178
29.5507,-28.5394,-7.6789,1.1176,1.1178
29.6008,-28.5876,-7.6923,1.1247,1.1178
29.6508,-28.6358,-7.7056,1.1247,1.1209
29.7008,-28.6840,-7.7187,1.1247,1.1250
29.7508,-28.7323,-7.7317,1.1247,1.1250
29.8008,-28.7806,-7.7447,1.1247,1.1250
29.8508,-28.8289,-7.7577,1.1247,1.1209
29.9008,-28.8772,-7.7707,1.1221,1.1209
29.9508,-28.9255,-7.7836,1.1221,1.1209
30.0008,-28.9738,-7.7964,1.1221,1.1189
30.0508,-29.0221,-7.8093,1.1196,1.1174
30.1008,-29.0704,-7.8222,1.1221,1.1174
30.1508,-29.1188,-7.8350,1.1196,1.1170
30.2008,-29.1671,-7.8477,1.1185,1.1170
30.2508,-29.2156,-7.8602,1.1185,1.1170
30.3008,-29.2640,-7.8724,1.1171,1.1170
30.3508,-29.3125,-7.8846,1.1162,1.1170
30.4008,-29.3610,-7.8967,1.1162,1.1170
30.4508,-29.4095,-7.9089,1.1157,1.1170
30.5008,-29.4580,-7.9213,1.1157,1.1170
30.5508,-29.5064,-7.9338,1.1157,1.1175
30.6008,-29.5548,-7.9465,1.1157,1.1175
30.6508,-29.6031,-7.9593,1.1157,1.1177
30.7008,-29.6514,-7.9722,1.1168,1.1179
30.7508,-29.6997,-7.9852,1.1168,1.1179
30.8008,-29.7479,-7.9983,1.1168,1.1179
30.8508,-29.7961,-8.0116,1.1169,1.1179
30.9008,-29.8443,-8.0250,1.1175,1.1192
30.9508,-29.8924,-8.0386,1.1181,1.1179
31.0008,-29.9405,-8.0522,1.1185,1.1179
31.0508,-29.9887,-8.0657,1.1190,1.1179
31.1008,-30.0368,-8.0792,1.1228,1.1179
31.1508,-30.0850,-8.0925,1.1228,1.1179
31.2008,-30.1333,-8.1055,1.1228,1.1179
31.2508,-30.1816,-8.1184,1.1228,1.1185
31.3008,-30.2300,-8.1311,1.1206,1.1188
31.3508,-30.2783,-8.1438,1.1204,1.1191
31.4008,-30.3267,-8.1565,1.1202,1.1194
31.4508,-30.3750,-8.1693,1.1202,1.1194
31.5008,-30.4234,-8.1821,1.1202,1.1194
31.5508,-30.4717,-8.1950,1.1202,1.1191
31.6008,-30.5200,-8.2080,1.1202,1.1191
31.6508,-30.5682,-8.2210,1.1202,1.1191
31.7008,-30.6166,-8.2339,1.1190,1.1184
31.7508,-30.6649,-8.2467,1.1182,1.1176
31.8008,-30.7133,-8.2593,1.1182,1.1184
31.8508,-30.7616,-8.2719,1.1159,1.1176
31.9008,-30.8100,-8.2846,1.1151,1.1172
31.9508,-30.8583,-8.2975,1.1150,1.1172
32.0008,-30.9066,-8.3105,1.1150,1.1172
32.0508,-30.9549,-8.3236,1.1151,1.1172
32.1008,-31.0031,-8.3369,1.1157,1.1167
32.1508,-31.0513,-8.3502,1.1157,1.1167
32.2008,-31.0995,-8.3635,1.1157,1.1172
32.2508,-31.1476,-8.3770,1.1157,1.1167
32.3008,-31.1957,-8.3907,1.1157,1.1151
32.3508,-31.2437,-8.4046,1.1145,1.1132
32.4008,-31.2918,-8.4184,1.1157,1.1132
32.4508,-31.3398,-8.4322,1.1158,1.1087
32.5008,-31.3879,-8.4459,1.1180,1.1087
32.5508,-31.4361,-8.4592,1.1180,1.1096
32.6008,-31.4844,-8.4723,1.1180,1.1092
32.6508,-31.5327,-8.4850,1.1171,1.1096
32.7008,-31.5811,-8.4976,1.1171,1.1096
32.7508,-31.6295,-8.5101,1.1171,1.1179
32.8008,-31.6779,-8.5227,1.1171,1.1191
32.8508,-31.7263,-8.5354,1.1171,1.1191
32.9008,-31.7746,-8.5483,1.1180,1.1191
32.9508,-31.8229,-8.5612,1.1180,1.1191
33.0008,-31.8712,-8.5743,1.1180,1.1178
33.0508,-31.9194,-8.5874,1.1180,1.1178
33.1008,-31.9677,-8.6004,1.1180,1.1178
33.1508,-32.0160,-8.6134,1.1166,1.1178
33.2008,-32.0643,-8.6263,1.1166,1.1178
33.2508,-32.1126,-8.6391,1.1166,1.1177
33.3008,-32.1610,-8.6517,1.1175,1.1177
33.3508,-32.2095,-8.6641,1.1175,1.1177
33.4008,-32.2580,-8.6763,1.1175,1.1170
33.4508,-32.3065,-8.6883,1.1157,1.1170
33.5008,-32.3550,-8.7003,1.1157,1.1166
33.5509,-32.4036,-8.7124,1.1157,1.1170
33.6009,-32.4521,-8.7245,1.1157,1.1170
33.6509,-32.5005,-8.7368,1.1157,1.1170
33.7009,-32.5490,-8.7492,1.1164,1.1187
33.7509,-32.5974,-8.7618,1.1164,1.1204
33.8009,-32.6457,-8.7747,1.1164,1.1204
33.8509,-32.6939,-8.7880,1.1164,1.1204
33.9009,-32.7420,-8.8016,1.1175,1.1170
33.9509,-32.7900,-8.8156,1.1175,1.1168
34.0009,-32.8379,-8.8298,1.1175,1.1166
34.0509,-32.8859,-8.8440,1.1175,1.1166
34.1009,-32.9338,-8.8581,1.1175,1.1126
34.1509,-32.9819,-8.8719,1.1164,1.1126
34.2009,-33.0300,-8.8855,1.1119,1.1126
34.2509,-33.0781,-8.8991,1.1105,1.1138
34.3009,-33.1262,-8.9129,1.1105,1.1138
34.3509,-33.1742,-8.9269,1.1105,1.1138
34.4009,-33.2221,-8.9411,1.1105,1.1138
34.4509,-33.2701,-8.9553,1.1105,1.1138
34.5009,-33.3181,-8.9694,1.1122,1.1138
34.5509,-33.3661,-8.9832,1.1105,1.1138
34.6009,-33.4142,-8.9969,1.1092,1.1179
34.6509,-33.4624,-9.0102,1.1122,1.1179
34.7009,-33.5107,-9.0232,1.1122,1.1179
34.7509,-33.5591,-9.0358,1.1138,1.1182
34.8009,-33.6076,-9.0478,1.1176,1.1179
34.8509,-33.6563,-9.0590,1.1177,1.1179
34.9009,-33.7052,-9.0694,1.1177,1.1172
34.9509,-33.7543,-9.0790,1.1176,1.1118
35.0009,-33.8035,-9.0877,1.1176,1.1118
35.0509,-33.8529,-9.0955,1.1176,1.1108
35.1009,-33.9025,-9.1022,1.1176,1.1070
35.1509,-33.9522,-9.1074,1.1169,1.1070
35.2009,-34.0021,-9.1111,1.1169,1.0935
35.2509,-34.0520,-9.1130,1.1169,1.0933
35.3009,-34.1020,-9.1129,1.1169,1.0862
35.3509,-34.1520,-9.1107,1.1167,1.0760
35.4009,-34.2018,-9.1064,1.1167,1.0589
35.4509,-34.2514,-9.0999,1.1167,1.0589
35.5009,-34.3006,-9.0912,1.1183,1.0589
35.5509,-34.3493,-9.0799,1.1211,1.0946
35.6009,-34.3972,-9.0657,1.1221,1.0946
35.6508,-34.4442,-9.0486,1.1221,1.0946
35.7008,-34.4902,-9.0291,1.1221,1.0946
35.7508,-34.5353,-9.0074,1.1221,1.1024
35.8008,-34.5796,-8.9842,1.1222,1.1094
35.8508,-34.6230,-8.9595,1.1223,1.1133
35.9008,-34.6657,-8.9334,1.1270,1.1191
35.9508,-34.7074,-8.9058,1.1273,1.1242
36.0008,-34.7481,-8.8768,1.1273,1.1242
36.0508,-34.7879,-8.8465,1.1273,1.1242
36.1008,-34.8269,-8.8153,1.1273,1.1242
36.1508,-34.8654,-8.7834,1.1260,1.1242
36.2008,-34.9033,-8.7507,1.1259,1.1242
36.2508,-34.9405,-8.7173,1.1259,1.1265
36.3008,-34.9768,-8.6829,1.1259,1.1265
36.3508,-35.0119,-8.6473,1.1259,1.1211
36.4008,-35.0457,-8.6105,1.1259,1.1177
36.4508,-35.0784,-8.5727,1.1259,1.1177
36.5008,-35.1100,-8.5340,1.1240,1.1177
36.5508,-35.1409,-8.4947,1.1210,1.1177
36.6008,-35.1714,-8.4550,1.1182,1.1177
36.6508,-35.2016,-8.4151,1.1182,1.1167
36.7008,-35.2316,-8.3752,1.1146,1.1156
36.7508,-35.2616,-8.3351,1.1146,1.1119
36.8008,-35.2912,-8.2949,1.1146,1.1119
36.8508,-35.3205,-8.2544,1.1164,1.1115
36.9008,-35.3492,-8.2134,1.1164,1.1115
36.9508,-35.3771,-8.1719,1.1175,1.1115
37.0008,-35.4042,-8.1299,1.1175,1.1115
37.0508,-35.4303,-8.0873,1.1175,1.1151
37.1008,-35.4557,-8.0442,1.1175,1.1186
37.1508,-35.4803,-8.0007,1.1212,1.1189
37.2008,-35.5044,-7.9569,1.1216,1.1191
37.2508,-35.5281,-7.9128,1.1216,1.1191
37.3008,-35.5511,-7.8685,1.1220,1.1192
37.3508,-35.5737,-7.8238,1.1220,1.1192
37.4008,-35.5956,-7.7789,1.1220,1.1192
37.4508,-35.6171,-7.7337,1.1216,1.1192
37.5008,-35.6383,-7.6884,1.1212,1.1192
37.5508,-35.6593,-7.6431,1.1212,1.1192
37.6008,-35.6805,-7.5978,1.1212,1.1229
37.6508,-35.7018,-7.5525,1.1212,1.1229
37.7008,-35.7234,-7.5075,1.1212,1.1226
37.7508,-35.7453,-7.4625,1.1212,1.1261
37.8008,-35.7676,-7.4177,1.1204,1.1261
37.8508,-35.7901,-7.3731,1.1212,1.1226
37.9008,-35.8129,-7.3286,1.1212,1.1226
37.9508,-35.8358,-7.2841,1.1222,1.1224
38.0008,-35.8588,-7.2397,1.1222,1.1224
38.0508,-35.8817,-7.1953,1.1236,1.1224
38.1008,-35.9047,-7.1509,1.1236,1.1224
38.1508,-35.9276,-7.1065,1.1236,1.1224
38.2008,-35.9505,-7.0620,1.1236,1.1224
38.2508,-35.9732,-7.0175,1.1235,1.1217
38.3008,-35.9957,-6.9728,1.1235,1.1217
38.3508,-36.0180,-6.9280,1.1235,1.1217
38.4008,-36.0400,-6.8831,1.1235,1.1210
38.4508,-36.0618,-6.8381,1.1224,1.1210
38.5008,-36.0835,-6.7931,1.1224,1.1210
38.5508,-36.1051,-6.7480,1.1224,1.1210
38.6008,-36.1271,-6.7031,1.1213,1.1210
38.6508,-36.1493,-6.6583,1.1201,1.1207
38.7008,-36.1721,-6.6138,1.1153,1.1197
38.7508,-36.1953,-6.5695,1.1138,1.1168
38.8008,-36.2189,-6.5254,1.1134,1.1165
38.8508,-36.2428,-6.4815,1.1138,1.1165
38.9008,-36.2669,-6.4377,1.1138,1.1168
38.9508,-36.2911,-6.3940,1.1138,1.1168
39.0008,-36.3155,-6.3503,1.1153,1.1168
39.0508,-36.3400,-6.3067,1.1153,1.1168
39.1008,-36.3647,-6.2632,1.1153,1.1165
39.1508,-36.3896,-6.2199,1.1153,1.1165
39.2008,-36.4148,-6.1767,1.1117,1.1165
39.2508,-36.4402,-6.1336,1.1117,1.1131
39.3008,-36.4659,-6.0908,1.1117,1.1118
39.3508,-36.4918,-6.0480,1.1117,1.1105
39.4008,-36.5177,-6.0052,1.1140,1.1105
39.4508,-36.5435,-5.9624,1.1140,1.1105
39.5008,-36.5691,-5.9194,1.1140,1.1105
39.5508,-36.5944,-5.8763,1.1117,1.1105
39.6008,-36.6196,-5.8331,1.1117,1.1122
39.6508,-36.6448,-5.7899,1.1117,1.1147
39.7008,-36.6702,-5.7468,1.1093,1.1147
39.7508,-36.6959,-5.7040,1.1093,1.1148
39.8008,-36.7221,-5.6614,1.1127,1.1148
39.8508,-36.7487,-5.6190,1.1147,1.1148
39.9008,-36.7754,-5.5768,1.1147,1.1148
39.9508,-36.8024,-5.5346,1.1155,1.1164
40.0008,-36.8294,-5.4926,1.1155,1.1164
40.0508,-36.8566,-5.4506,1.1155,1.1164
40.1008,-36.8839,-5.4087,1.1158,1.1164
40.1508,-36.9113,-5.3669,1.1158,1.1164
40.2008,-36.9388,-5.3252,1.1158,1.1165
40.2509,-36.9664,-5.2834,1.1168,1.1165
40.3009,-36.9940,-5.2418,1.1168,1.1165
40.3509,-37.0218,-5.2002,1.1168,1.1165
40.4009,-37.0496,-5.1587,1.1168,1.1165
40.4509,-37.0777,-5.1172,1.1168,1.1165
40.5009,-37.1058,-5.0759,1.1157,1.1165
40.5509,-37.1341,-5.0347,1.1158,1.1165
40.6009,-37.1625,-4.9935,1.1158,1.1172
40.6509,-37.1909,-4.9524,1.1157,1.1172
40.7009,-37.2194,-4.9113,1.1149,1.1172
40.7509,-37.2480,-4.8703,1.1149,1.1179
40.8009,-37.2766,-4.8293,1.1149,1.1179
40.8509,-37.3054,-4.7884,1.1149,1.1179
40.9009,-37.3342,-4.7476,1.1166,1.1179
40.9509,-37.3632,-4.7068,1.1166,1.1173
41.0009,-37.3922,-4.6661,1.1166,1.1173
41.0509,-37.4212,-4.6253,1.1166,1.1173
41.1009,-37.4503,-4.5847,1.1166,1.1178
41.1509,-37.4794,-4.5440,1.1171,1.1211
41.2009,-37.5085,-4.5033,1.1171,1.1211
41.2509,-37.5375,-4.4627,1.1179,1.1211
41.3009,-37.5666,-4.4219,1.1200,1.1188
41.3509,-37.5955,-4.3812,1.1179,1.1188
41.4009,-37.6244,-4.3404,1.1166,1.1178
41.4509,-37.6534,-4.2996,1.1166,1.1178
41.5009,-37.6825,-4.2590,1.1166,1.1169
41.5509,-37.7119,-4.2185,1.1141,1.1168
41.6009,-37.7414,-4.1781,1.1141,1.1162
41.6509,-37.7710,-4.1379,1.1155,1.1162
41.7009,-37.8008,-4.0977,1.1155,1.1159
41.7509,-37.8307,-4.0576,1.1148,1.1159
41.8009,-37.8607,-4.0176,1.1148,1.1123
41.8509,-37.8907,-3.9776,1.1116,1.1121
41.9009,-37.9207,-3.9377,1.1116,1.1121
41.9509,-37.9508,-3.8977,1.1091,1.1119
42.0009,-37.9807,-3.8576,1.1091,1.1119
42.0509,-38.0105,-3.8175,1.1116,1.1119
42.1009,-38.0401,-3.7772,1.1127,1.1119
42.1509,-38.0695,-3.7368,1.1127,1.1119
42.2009,-38.0988,-3.6962,1.1127,1.1125
42.2509,-38.1280,-3.6556,1.1148,1.1125
42.3009,-38.1571,-3.6150,1.1140,1.1125
42.3509,-38.1862,-3.5743,1.1140,1.1125
42.4009,-38.2152,-3.5336,1.1148,1.1125
42.4509,-38.2443,-3.4929,1.1148,1.1161
42.5009,-38.2734,-3.4522,1.1170,1.1183
42.5509,-38.3026,-3.4117,1.1170,1.1183
42.6009,-38.3320,-3.3712,1.1179,1.1183
42.6509,-38.3615,-3.3308,1.1188,1.1187
42.7009,-38.3911,-3.2905,1.1188,1.1205
42.7509,-38.4209,-3.2504,1.1188,1.1205
42.8009,-38.4509,-3.2103,1.1188,1.1205
42.8509,-38.4810,-3.1705,1.1188,1.1190
42.9009,-38.5113,-3.1307,1.1188,1.1190
42.9509,-38.5416,-3.0909,1.1188,1.1190
43.0009,-38.5720,-3.0512,1.1188,1.1176
43.0509,-38.6023,-3.0114,1.1188,1.1176
43.1009,-38.6326,-2.9716,1.1188,1.1176
43.1509,-38.6629,-2.9318,1.1188,1.1176
43.2009,-38.6932,-2.8921,1.1173,1.1166
43.2509,-38.7237,-2.8525,1.1173,1.1166
43.3009,-38.7543,-2.8129,1.1173,1.1166
43.3509,-38.7850,-2.7735,1.1173,1.1166
43.4009,-38.8157,-2.7340,1.1173,1.1163
43.4509,-38.8463,-2.6945,1.1187,1.1163
43.5009,-38.8768,-2.6548,1.1187,1.1163
43.5509,-38.9070,-2.6150,1.1187,1.1163
43.6009,-38.9368,-2.5749,1.1187,1.1163
43.6509,-38.9664,-2.5346,1.1187,1.1157
43.7009,-38.9958,-2.4941,1.1135,1.1153
43.7509,-39.0251,-2.4536,1.1135,1.1141
43.8009,-39.0544,-2.4131,1.1135,1.1120
43.8509,-39.0837,-2.3725,1.1135,1.1120
43.9009,-39.1129,-2.3320,1.1127,1.1120
43.9509,-39.1421,-2.2914,1.1127,1.1120
44.0009,-39.1711,-2.2506,1.1127,1.1120
44.0509,-39.2000,-2.2098,1.1127,1.1120
44.1009,-39.2288,-2.1690,1.1127,1.1131
44.1509,-39.2577,-2.1281,1.1127,1.1098
44.2009,-39.2866,-2.0873,1.1127,1.1098
44.2509,-39.3155,-2.0465,1.1133,1.1107
44.3010,-39.3444,-2.0058,1.1141,1.1107
44.3510,-39.3734,-1.9650,1.1169,1.1107
44.4010,-39.4022,-1.9242,1.1179,1.1141
44.4510,-39.4311,-1.8833,1.1179,1.1165
44.5010,-39.4599,-1.8425,1.1179,1.1165
44.5510,-39.4888,-1.8016,1.1179,1.1165
44.6010,-39.5176,-1.7608,1.1179,1.1165
44.6510,-39.5464,-1.7199,1.1181,1.1165
44.7010,-39.5752,-1.6791,1.1181,1.1183
44.7510,-39.6040,-1.6382,1.1181,1.1183
44.8010,-39.6328,-1.5973,1.1181,1.1185
44.8510,-39.6617,-1.5565,1.1181,1.1185
44.9010,-39.6907,-1.5157,1.1181,1.1188
44.9510,-39.7196,-1.4750,1.1180,1.1188
45.0010,-39.7486,-1.4342,1.1180,1.1188
45.0510,-39.7776,-1.3935,1.1180,1.1166
45.1010,-39.8065,-1.3527,1.1180,1.1166
45.1510,-39.8354,-1.3119,1.1179,1.1166
45.2010,-39.8642,-1.2710,1.1177,1.1166
45.2510,-39.8931,-1.2302,1.1181,1.1166
45.3010,-39.9220,-1.1894,1.1181,1.1166
45.3510,-39.9510,-1.1487,1.1211,1.1166
45.4010,-39.9800,-1.1080,1.1211,1.1166
45.4510,-40.0091,-1.0673,1.1211,1.1149
45.5010,-40.0381,-1.0265,1.1161,1.1106
45.5510,-40.0669,-0.9856,1.1161,1.1106
45.6010,-40.0955,-0.9446,1.1161,1.1106
45.6510,-40.1241,-0.9036,1.1161,1.1175
45.7010,-40.1527,-0.8626,1.1161,1.1177
45.7510,-40.1815,-0.8218,1.1170,1.1177
45.8010,-40.2106,-0.7811,1.1179,1.1177
45.8510,-40.2397,-0.7404,1.1179,1.1177
45.9010,-40.2688,-0.6998,1.1179,1.1177
45.9510,-40.2979,-0.6591,1.1179,1.1177
46.0010,-40.3269,-0.6183,1.1179,1.1177
46.0510,-40.3558,-0.5776,1.1179,1.1177
46.1010,-40.3849,-0.5369,1.1191,1.1180
46.1510,-40.4139,-0.4962,1.1191,1.1180
46.2010,-40.4430,-0.4555,1.1197,1.1180
46.2510,-40.4722,-0.4149,1.1197,1.1183
46.3010,-40.5013,-0.3743,1.1197,1.1192
46.3510,-40.5304,-0.3336,1.1197,1.1183
46.4010,-40.5594,-0.2928,1.1197,1.1183
46.4510,-40.5882,-0.2520,1.1174,1.1183
46.5010,-40.6169,-0.2110,1.1167,1.1183
46.5510,-40.6455,-0.1700,1.1166,1.1169
46.6010,-40.6740,-0.1289,1.1164,1.1169
46.6510,-40.7024,-0.0878,1.1163,1.1169
46.7010,-40.7309,-0.0467,1.1163,1.1154
46.7510,-40.7593,-0.0056,1.1162,1.1154
46.8010,-40.7878,0.0355,1.1162,1.1154
46.8510,-40.8163,0.0766,1.1162,1.1154
46.9010,-40.8449,0.1176,1.1162,1.1154
46.9510,-40.8735,0.1586,1.1135,1.1152
47.0010,-40.9022,0.1996,1.1135,1.1147
47.0510,-40.9310,0.2405,1.1135,1.1147
47.1010,-40.9597,0.2814,1.1149,1.1147
47.1510,-40.9884,0.3224,1.1149,1.1152
47.2010,-41.0168,0.3635,1.1149,1.1152
47.2510,-41.0451,0.4047,1.1149,1.1153
47.3010,-41.0733,0.4460,1.1128,1.1152
47.3510,-41.1015,0.4873,1.1120,1.1152
47.4010,-41.1297,0.5286,1.1120,1.1144
47.4510,-41.1580,0.5698,1.1120,1.1129
47.5010,-41.1864,0.6110,1.1120,1.1129
47.5510,-41.2148,0.6521,1.1128,1.1129
47.6010,-41.2433,0.6932,1.1128,1.1129
47.6510,-41.2718,0.7343,1.1128,1.1129
47.7010,-41.3004,0.7753,1.1128,1.1137
47.7510,-41.3292,0.8162,1.1128,1.1137
47.8010,-41.3581,0.8570,1.1120,1.1137
47.8510,-41.3872,0.8976,1.1128,1.1136
47.9010,-41.4165,0.9381,1.1128,1.1145
47.9510,-41.4460,0.9785,1.1153,1.1145
48.0010,-41.4756,1.0188,1.1154,1.1145
48.0510,-41.5051,1.0592,1.1154,1.1145
48.1010,-41.5344,1.0997,1.1154,1.1145
48.1510,-41.5636,1.1403,1.1154,1.1155
48.2010,-41.5926,1.1810,1.1154,1.1173
48.2510,-41.6217,1.2217,1.1154,1.1173
48.3011,-41.6509,1.2623,1.1154,1.1179
48.3511,-41.6802,1.3028,1.1154,1.1179
48.4011,-41.7096,1.3433,1.1191,1.1179
48.4511,-41.7389,1.3837,1.1191,1.1179
48.5011,-41.7682,1.4243,1.1230,1.1195
48.5511,-41.7973,1.4649,1.1230,1.1195
48.6011,-41.8261,1.5058,1.1230,1.1195
48.6511,-41.8545,1.5470,1.1191,1.1171
48.7011,-41.8827,1.5883,1.1191,1.1171
48.7511,-41.9107,1.6297,1.1164,1.1171
48.8011,-41.9388,1.6710,1.1137,1.1183
48.8511,-41.9672,1.7122,1.1137,1.1206
48.9011,-41.9960,1.7530,1.1137,1.1206
48.9511,-42.0254,1.7935,1.1170,1.1206
49.0011,-42.0551,1.8338,1.1202,1.1206
49.0511,-42.0849,1.8739,1.1202,1.1206
49.1011,-42.1147,1.9140,1.1202,1.1195
49.1511,-42.1444,1.9543,1.1201,1.1187
49.2011,-42.1739,1.9947,1.1201,1.1187
49.2511,-42.2032,2.0352,1.1186,1.1171
49.3011,-42.2323,2.0758,1.1186,1.1168
49.3511,-42.2612,2.1166,1.1171,1.1171
49.4011,-42.2901,2.1574,1.1171,1.1185
49.4511,-42.3188,2.1983,1.1171,1.1168
49.5011,-42.3476,2.2392,1.1171,1.1166
49.5511,-42.3764,2.2801,1.1171,1.1166
49.6011,-42.4053,2.3209,1.1162,1.1164
49.6511,-42.4343,2.3617,1.1162,1.1163
49.7011,-42.4633,2.4024,1.1162,1.1163
49.7511,-42.4925,2.4430,1.1142,1.1162
49.8011,-42.5217,2.4835,1.1142,1.1162
49.8511,-42.5511,2.5240,1.1142,1.1162
49.9011,-42.5805,2.5644,1.1162,1.1161
49.9511,-42.6099,2.6049,1.1182,1.1161
50.0011,-42.6391,2.6455,1.1182,1.1161
50.0511,-42.6682,2.6862,1.1182,1.1161
50.1011,-42.6971,2.7269,1.1182,1.1161
50.1511,-42.7260,2.7678,1.1182,1.1161
50.2011,-42.7547,2.8087,1.1182,1.1161
50.2511,-42.7832,2.8498,1.1193,1.1161
50.3011,-42.8116,2.8909,1.1182,1.1161
50.3511,-42.8398,2.9322,1.1182,1.1168
50.4011,-42.8679,2.9736,1.1182,1.1168
50.4511,-42.8959,3.0150,1.1182,1.1168
50.5011,-42.9239,3.0564,1.1182,1.1181
50.5511,-42.9521,3.0977,1.1136,1.1181
50.6011,-42.9806,3.1388,1.1136,1.1181
50.6511,-43.0095,3.1796,1.1136,1.1137
50.7011,-43.0387,3.2202,1.1143,1.1137
50.7511,-43.0680,3.2607,1.1150,1.1135
50.8011,-43.0972,3.3013,1.1150,1.1135
50.8511,-43.1263,3.3420,1.1150,1.1135
50.9011,-43.1552,3.3827,1.1150,1.1151
50.9511,-43.1842,3.4235,1.1150,1.1151
51.0011,-43.2133,3.4642,1.1143,1.1151
51.0511,-43.2425,3.5048,1.1143,1.1151
51.1011,-43.2718,3.5453,1.1143,1.1147
51.1511,-43.3012,3.5857,1.1143,1.1147
51.2011,-43.3306,3.6261,1.1155,1.1147
51.2511,-43.3600,3.6666,1.1155,1.1147
51.3011,-43.3893,3.7071,1.1155,1.1147
51.3511,-43.4184,3.7478,1.1144,1.1147
51.4011,-43.4473,3.7886,1.1133,1.1149
51.4511,-43.4763,3.8293,1.1131,1.1147
51.5011,-43.5054,3.8700,1.1129,1.1147
51.5511,-43.5347,3.9105,1.1129,1.1104
51.6011,-43.5641,3.9509,1.1129,1.1097
51.6511,-43.5936,3.9913,1.1129,1.1097
51.7011,-43.6230,4.0317,1.1133,1.1097
51.7511,-43.6523,4.0723,1.1133,1.1097
51.8011,-43.6814,4.1130,1.1133,1.1097
51.8511,-43.7102,4.1538,1.1102,1.1094
51.9011,-43.7389,4.1948,1.1078,1.1071
51.9511,-43.7676,4.2357,1.1059,1.1071
52.0011,-43.7965,4.2765,1.1057,1.1071
52.0511,-43.8257,4.3171,1.1057,1.1071
52.1011,-43.8551,4.3576,1.1059,1.1071
52.1511,-43.8845,4.3980,1.1081,1.1094
52.2011,-43.9138,4.4385,1.1084,1.1094
52.2511,-43.9429,4.4792,1.1126,1.1120
52.3011,-43.9716,4.5201,1.1126,1.1120
52.3511,-44.0002,4.5611,1.1126,1.1143
52.4011,-44.0288,4.6021,1.1126,1.1143
52.4511,-44.0575,4.6430,1.1126,1.1149
52.5011,-44.0865,4.6838,1.1138,1.1149
52.5512,-44.1157,4.7244,1.1138,1.1149
52.6012,-44.1451,4.7649,1.1143,1.1143
52.6512,-44.1744,4.8053,1.1158,1.1143
52.7012,-44.2037,4.8459,1.1158,1.1143
52.7512,-44.2329,4.8865,1.1158,1.1155
52.8012,-44.2621,4.9271,1.1149,1.1170
52.8512,-44.2913,4.9676,1.1149,1.1170
52.9012,-44.3206,5.0082,1.1149,1.1170
52.9512,-44.3501,5.0486,1.1149,1.1170
53.0012,-44.3797,5.0888,1.1149,1.1170
53.0512,-44.4093,5.1291,1.1149,1.1170
53.1012,-44.4389,5.1694,1.1149,1.1124
53.1512,-44.4684,5.2098,1.1149,1.1124
53.2012,-44.4975,5.2505,1.1149,1.1124
53.2512,-44.5263,5.2913,1.1149,1.1124
53.3012,-44.5549,5.3323,1.1149,1.1124
53.3512,-44.5835,5.3733,1.1149,1.1121
53.4012,-44.6122,5.4143,1.1149,1.1121
53.4512,-44.6411,5.4551,1.1149,1.1121
53.5012,-44.6702,5.4958,1.1159,1.1121
53.5512,-44.6992,5.5365,1.1159,1.1121
53.6012,-44.7282,5.5772,1.1159,1.1105
53.6512,-44.7573,5.6179,1.1159,1.1105
53.7012,-44.7863,5.6586,1.1159,1.1105
53.7512,-44.8155,5.6992,1.1149,1.1147
53.8012,-44.8447,5.7398,1.1149,1.1147
53.8512,-44.8740,5.7803,1.1159,1.1148
53.9012,-44.9032,5.8209,1.1159,1.1148
53.9512,-44.9324,5.8615,1.1166,1.1193
54.0012,-44.9615,5.9021,1.1169,1.1193
54.0512,-44.9907,5.9427,1.1169,1.1193
54.1012,-45.0200,5.9833,1.1169,1.1189
54.1512,-45.0492,6.0238,1.1169,1.1189
54.2012,-45.0784,6.0644,1.1169,1.1184
54.2512,-45.1075,6.1051,1.1214,1.1184
54.3012,-45.1366,6.1458,1.1214,1.1184
54.3512,-45.1655,6.1865,1.1214,1.1203
54.4012,-45.1945,6.2273,1.1162,1.1203
54.4512,-45.2238,6.2678,1.1162,1.1203
54.5012,-45.2533,6.3082,1.1162,1.1203
54.5512,-45.2830,6.3484,1.1162,1.1174
54.6012,-45.3129,6.3885,1.1161,1.1157
54.6512,-45.3427,6.4286,1.1161,1.1103
54.7012,-45.3722,6.4690,1.1141,1.1103
54.7512,-45.4014,6.5096,1.1141,1.1103
54.8012,-45.4301,6.5505,1.1132,1.1103
54.8512,-45.4587,6.5916,1.1132,1.1103
54.9012,-45.4872,6.6327,1.1131,1.1113
54.9512,-45.5158,6.6737,1.1131,1.1144
55.0012,-45.5446,6.7145,1.1131,1.1144
55.0512,-45.5735,6.7553,1.1150,1.1144
55.1012,-45.6025,6.7961,1.1150,1.1144
55.1512,-45.6314,6.8369,1.1150,1.1137
55.2012,-45.6602,6.8777,1.1150,1.1137
55.2512,-45.6890,6.9186,1.1150,1.1137
55.3012,-45.7178,6.9595,1.1141,1.1144
55.3512,-45.7466,7.0003,1.1141,1.1158
55.4012,-45.7755,7.0411,1.1150,1.1159
55.4512,-45.8046,7.0818,1.1158,1.1159
55.5012,-45.8339,7.1224,1.1158,1.1159
55.5512,-45.8633,7.1628,1.1158,1.1159
55.6012,-45.8927,7.2032,1.1158,1.1146
55.6512,-45.9222,7.2436,1.1158,1.1146
55.7012,-45.9515,7.2841,1.1160,1.1146
55.7512,-45.9807,7.3247,1.1160,1.1146
55.8012,-46.0099,7.3653,1.1160,1.1159
55.8512,-46.0391,7.4059,1.1160,1.1159
55.9012,-46.0684,7.4464,1.1160,1.1165
55.9512,-46.0979,7.4868,1.1170,1.1179
56.0012,-46.1275,7.5271,1.1179,1.1179
56.0512,-46.1571,7.5674,1.1179,1.1179
56.1012,-46.1867,7.6077,1.1189,1.1179
56.1512,-46.2161,7.6481,1.1189,1.1179
56.2012,-46.2453,7.6887,1.1189,1.1181
56.2512,-46.2743,7.7294,1.1179,1.1179
56.3012,-46.3033,7.7702,1.1187,1.1181
56.3512,-46.3322,7.8110,1.1187,1.1194
56.4012,-46.3611,7.8518,1.1187,1.1194
56.4512,-46.3901,7.8925,1.1197,1.1194
56.5012,-46.4190,7.9333,1.1208,1.1194
56.5512,-46.4477,7.9742,1.1208,1.1194
56.6012,-46.4762,8.0153,1.1208,1.1184
56.6512,-46.5044,8.0566,1.1200,1.1181
56.7013,-46.5326,8.0980,1.1200,1.1181
56.7513,-46.5607,8.1393,1.1182,1.1181
56.8013,-46.5891,8.1804,1.1175,1.1200
56.8513,-46.6178,8.2213,1.1182,1.1200
56.9013,-46.6469,8.2620,1.1182,1.1207
56.9513,-46.6763,8.3025,1.1182,1.1207
57.0013,-46.7058,8.3428,1.1182,1.1207
57.0513,-46.7355,8.3831,1.1182,1.1207
57.1013,-46.7651,8.4234,1.1182,1.1181
57.1513,-46.7946,8.4637,1.1182,1.1161
57.2013,-46.8239,8.5042,1.1182,1.1161
57.2513,-46.8531,8.5449,1.1178,1.1161
57.3013,-46.8821,8.5856,1.1178,1.1161
57.3513,-46.9110,8.6264,1.1178,1.1161
57.4013,-46.9396,8.6674,1.1178,1.1161
57.4513,-46.9679,8.7086,1.1178,1.1147
57.5013,-46.9959,8.7501,1.1174,1.1133
57.5513,-47.0238,8.7916,1.1174,1.1135
57.6013,-47.0517,8.8331,1.1143,1.1135
57.6513,-47.0798,8.8744,1.1134,1.1135
57.7013,-47.1082,8.9155,1.1134,1.1135
57.7513,-47.1369,8.9565,1.1134,1.1135
57.8013,-47.1657,8.9974,1.1134,1.1135
57.8513,-47.1945,9.0382,1.1134,1.1134
57.9013,-47.2233,9.0791,1.1159,1.1134
57.9513,-47.2522,9.1199,1.1159,1.1134
58.0013,-47.2810,9.1608,1.1159,1.1134
58.0513,-47.3100,9.2015,1.1134,1.1134
58.1013,-47.3390,9.2422,1.1134,1.1134
58.1513,-47.3681,9.2829,1.1134,1.1134
58.2013,-47.3970,9.3237,1.1134,1.1134
58.2513,-47.4256,9.3647,1.1155,1.1152
58.3013,-47.4539,9.4059,1.1155,1.1152
58.3513,-47.4819,9.4474,1.1155,1.1152
58.4013,-47.5098,9.4889,1.1126,1.1152
58.4513,-47.5376,9.5305,1.1126,1.1152
58.5013,-47.5654,9.5720,1.1119,1.1153
58.5513,-47.5932,9.6136,1.1119,1.1155
58.6013,-47.6210,9.6551,1.1119,1.1155
58.6513,-47.6490,9.6966,1.1119,1.1155
58.7013,-47.6770,9.7380,1.1119,1.1155
58.7513,-47.7052,9.7793,1.1126,1.1143
58.8013,-47.7334,9.8206,1.1137,1.1135
58.8513,-47.7615,9.8619,1.1137,1.1134
58.9013,-47.7893,9.9034,1.1147,1.1126
58.9513,-47.8170,9.9451,1.1147,1.1118
59.0013,-47.8445,9.9869,1.1147,1.1118
59.0513,-47.8717,10.0288,1.1147,1.1118
59.1013,-47.8986,10.0709,1.1167,1.1134
59.1513,-47.9254,10.1132,1.1178,1.1155
59.2013,-47.9522,10.1554,1.1178,1.1161
59.2513,-47.9790,10.1976,1.1178,1.1161
59.3013,-48.0058,10.2398,1.1178,1.1161
59.3513,-48.0326,10.2820,1.1181,1.1208
59.4013,-48.0595,10.3242,1.1171,1.1208
59.4513,-48.0864,10.3663,1.1171,1.1208
59.5013,-48.1131,10.4086,1.1171,1.1145
59.5513,-48.1397,10.4510,1.1171,1.1145
59.6013,-48.1660,10.4934,1.1146,1.1145
59.6513,-48.1922,10.5361,1.1142,1.1129
59.7013,-48.2182,10.5788,1.1140,1.1129
59.7513,-48.2440,10.6216,1.1119,1.1119
59.8013,-48.2696,10.6645,1.1098,1.1110
59.8513,-48.2952,10.7075,1.1098,1.1110
59.9013,-48.3208,10.7505,1.1098,1.1110
59.9513,-48.3464,10.7934,1.1142,1.1119
60.0013,-48.3721,10.8363,1.1171,1.1129
60.0513,-48.3978,10.8792,1.1174,1.1131
60.1013,-48.4234,10.9221,1.1174,1.1140
60.1513,-48.4490,10.9651,1.1174,1.1173
60.2013,-48.4746,11.0081,1.1174,1.1194
60.2513,-48.5002,11.0510,1.1174,1.1194
60.3013,-48.5259,11.0939,1.1174,1.1194
60.3513,-48.5518,11.1366,1.1174,1.1182
60.4013,-48.5779,11.1793,1.1174,1.1182
60.4513,-48.6041,11.2218,1.1174,1.1182
60.5013,-48.6303,11.2645,1.1174,1.1152
60.5513,-48.6562,11.3072,1.1174,1.1152
60.6013,-48.6817,11.3502,1.1161,1.1112
60.6513,-48.7068,11.3935,1.1125,1.1105
60.7013,-48.7315,11.4370,1.1103,1.1105
60.7513,-48.7560,11.4806,1.1103,1.1105
60.8013,-48.7805,11.5242,1.1103,1.1112
60.8513,-48.8050,11.5677,1.1118,1.1121
60.9014,-48.8295,11.6113,1.1118,1.1121
60.9514,-48.8540,11.6549,1.1140,1.1121
61.0014,-48.8784,11.6985,1.1140,1.1122
61.0514,-48.9028,11.7422,1.1140,1.1122
61.1014,-48.9271,11.7859,1.1111,1.1122
61.1514,-48.9514,11.8296,1.1111,1.1116
61.2014,-48.9757,11.8733,1.1093,1.1111
61.2514,-49.0000,11.9170,1.1083,1.1111
61.3014,-49.0243,11.9607,1.1083,1.1116
61.3514,-49.0486,12.0044,1.1093,1.1116
61.4014,-49.0729,12.0481,1.1083,1.1116
61.4514,-49.0971,12.0918,1.1112,1.1116
61.5014,-49.1213,12.1356,1.1140,1.1111
61.5514,-49.1454,12.1794,1.1140,1.1111
61.6014,-49.1694,12.2233,1.1140,1.1111
61.6514,-49.1933,12.2672,1.1159,1.1111
61.7014,-49.2173,12.3111,1.1159,1.1111
61.7514,-49.2412,12.3550,1.1159,1.1138
61.8014,-49.2652,12.3988,1.1168,1.1165
61.8514,-49.2893,12.4427,1.1168,1.1165
61.9014,-49.3135,12.4864,1.1168,1.1165
61.9514,-49.3378,12.5301,1.1168,1.1165
62.0014,-49.3621,12.5738,1.1168,1.1165
62.0514,-49.3864,12.6175,1.1168,1.1165
62.1014,-49.4106,12.6613,1.1099,1.1130
62.1514,-49.4350,12.7049,1.1065,1.1130
62.2014,-49.4595,12.7485,1.1065,1.1137
62.2514,-49.4843,12.7919,1.1099,1.1130
62.3014,-49.5092,12.8353,1.1099,1.1130
62.3514,-49.5340,12.8787,1.1117,1.1109
62.4014,-49.5587,12.9222,1.1117,1.1109
62.4514,-49.5830,12.9658,1.1117,1.1109
62.5014,-49.6072,13.0096,1.1117,1.1109
62.5514,-49.6310,13.0536,1.1139,1.1109
62.6014,-49.6547,13.0976,1.1139,1.1111
62.6514,-49.6781,13.1418,1.1139,1.1113
62.7014,-49.7015,13.1860,1.1143,1.1113
62.7514,-49.7248,13.2302,1.1143,1.1129
62.8014,-49.7482,13.2744,1.1147,1.1131
62.8514,-49.7716,13.3186,1.1147,1.1132
62.9014,-49.7953,13.3626,1.1147,1.1132
62.9514,-49.8191,13.4066,1.1147,1.1132
63.0014,-49.8429,13.4506,1.1147,1.1132
63.0514,-49.8666,13.4946,1.1150,1.1132
63.1014,-49.8903,13.5387,1.1152,1.1131
63.1514,-49.9138,13.5828,1.1152,1.1131
63.2014,-49.9372,13.6269,1.1149,1.1154
63.2514,-49.9606,13.6711,1.1152,1.1154
63.3014,-49.9840,13.7153,1.1149,1.1175
63.3514,-50.0076,13.7594,1.1149,1.1175
63.4014,-50.0313,13.8034,1.1157,1.1175
63.4514,-50.0553,13.8473,1.1157,1.1175
63.5014,-50.0794,13.8911,1.1157,1.1151
63.5514,-50.1035,13.9349,1.1157,1.1151
63.6014,-50.1276,13.9788,1.1149,1.1151
63.6514,-50.1516,14.0226,1.1149,1.1151
63.7014,-50.1755,14.0665,1.1149,1.1151
63.7514,-50.1994,14.1104,1.1149,1.1163
63.8014,-50.2233,14.1544,1.1149,1.1163
63.8514,-50.2472,14.1983,1.1149,1.1128
63.9014,-50.2710,14.2422,1.1149,1.1128
63.9514,-50.2949,14.2862,1.1145,1.1127
64.0014,-50.3187,14.3302,1.1116,1.1127
64.0514,-50.3424,14.3742,1.1116,1.1127
64.1014,-50.3662,14.4182,1.1111,1.1127
64.1514,-50.3899,14.4622,1.1116,1.1130
64.2014,-50.4137,14.5062,1.1116,1.1134
64.2514,-50.4374,14.5502,1.1133,1.1134
64.3014,-50.4611,14.5942,1.1141,1.1134
64.3514,-50.4847,14.6383,1.1141,1.1138
64.4014,-50.5082,14.6824,1.1141,1.1138
64.4514,-50.5315,14.7267,1.1138,1.1138
64.5014,-50.5546,14.7710,1.1137,1.1138
64.5514,-50.5777,14.8154,1.1137,1.1138
64.6014,-50.6007,14.8598,1.1137,1.1138
64.6514,-50.6237,14.9042,1.1137,1.1134
64.7014,-50.6468,14.9485,1.1137,1.1130
64.7514,-50.6701,14.9928,1.1137,1.1126
64.8014,-50.6936,15.0369,1.1137,1.1125
64.8514,-50.7173,15.0809,1.1136,1.1124
64.9014,-50.7413,15.1247,1.1136,1.1124
64.9515,-50.7655,15.1685,1.1136,1.1126
65.0015,-50.7898,15.2122,1.1136,1.1126
65.0515,-50.8140,15.2560,1.1139,1.1126
65.1015,-50.8379,15.2999,1.1149,1.1126
65.1515,-50.8614,15.3440,1.1149,1.1128
65.2015,-50.8844,15.3884,1.1149,1.1132
65.2515,-50.9069,15.4331,1.1149,1.1168
65.3015,-50.9292,15.4778,1.1149,1.1201
65.3515,-50.9513,15.5227,1.1171,1.1205
65.4015,-50.9735,15.5675,1.1171,1.1205
65.4515,-50.9958,15.6122,1.1216,1.1205
65.5015,-51.0182,15.6570,1.1216,1.1205
65.5515,-51.0406,15.7016,1.1216,1.1205
65.6015,-51.0633,15.7462,1.1149,1.1201
65.6515,-51.0862,15.7906,1.1149,1.1175
65.7015,-51.1094,15.8349,1.1149,1.1175
65.7515,-51.1330,15.8790,1.1123,1.1150
65.8015,-51.1568,15.9230,1.1123,1.1150
65.8515,-51.1805,15.9670,1.1123,1.1068
65.9015,-51.2040,16.0111,1.1109,1.1068
65.9515,-51.2272,16.0554,1.1095,1.1068
66.0015,-51.2501,16.0999,1.1095,1.1068
66.0515,-51.2729,16.1444,1.1079,1.1073
66.1015,-51.2956,16.1890,1.1079,1.1073
66.1515,-51.3183,16.2335,1.1079,1.1103
66.2015,-51.3411,16.2780,1.1079,1.1103
66.2515,-51.3641,16.3224,1.1095,1.1110
66.3015,-51.3872,16.3668,1.1107,1.1110
66.3515,-51.4104,16.4110,1.1107,1.1110
66.4015,-51.4339,16.4552,1.1107,1.1117
66.4515,-51.4575,16.4992,1.1107,1.1120
66.5015,-51.4814,16.5432,1.1107,1.1123
66.5515,-51.5053,16.5871,1.1113,1.1123
66.6015,-51.5293,16.6309,1.1119,1.1123
66.6515,-51.5532,16.6749,1.1119,1.1123
66.7015,-51.5768,16.7189,1.1119,1.1123
66.7515,-51.6001,16.7632,1.1136,1.1139
66.8015,-51.6232,16.8076,1.1153,1.1146
66.8515,-51.6460,16.8520,1.1153,1.1146
66.9015,-51.6686,16.8966,1.1208,1.1157
66.9515,-51.6911,16.9413,1.1208,1.1157
67.0015,-51.7133,16.9861,1.1208,1.1160
67.0515,-51.7354,17.0309,1.1209,1.1190
67.1015,-51.7575,17.0758,1.1209,1.1220
67.1515,-51.7798,17.1206,1.1209,1.1220
67.2015,-51.8022,17.1653,1.1209,1.1220
67.2515,-51.8247,17.2099,1.1209,1.1201
67.3015,-51.8473,17.2545,1.1208,1.1201
67.3515,-51.8701,17.2990,1.1209,1.1195
67.4015,-51.8928,17.3435,1.1208,1.1195
67.4515,-51.9155,17.3881,1.1205,1.1195
67.5015,-51.9380,17.4327,1.1205,1.1195
67.5515,-51.9603,17.4775,1.1209,1.1195
67.6015,-51.9822,17.5225,1.1205,1.1201
67.6515,-52.0039,17.5675,1.1205,1.1201
67.7015,-52.0253,17.6127,1.1198,1.1198
67.7515,-52.0467,17.6579,1.1198,1.1198
67.8015,-52.0680,17.7031,1.1198,1.1198
67.8515,-52.0895,17.7483,1.1198,1.1195
67.9015,-52.1110,17.7934,1.1198,1.1195
67.9515,-52.1328,17.8384,1.1160,1.1195
68.0015,-52.1548,17.8833,1.1160,1.1195
68.0515,-52.1770,17.9281,1.1157,1.1158
68.1015,-52.1996,17.9727,1.1154,1.1156
68.1515,-52.2224,18.0172,1.1154,1.1156
68.2015,-52.2454,18.0616,1.1154,1.1155
68.2515,-52.2686,18.1059,1.1154,1.1147
68.3015,-52.2917,18.1503,1.1154,1.1147
68.3515,-52.3146,18.1947,1.1154,1.1147
68.4015,-52.3373,18.2392,1.1162,1.1147
68.4515,-52.3598,18.2839,1.1172,1.1156
68.5015,-52.3820,18.3287,1.1182,1.1181
68.5515,-52.4042,18.3735,1.1182,1.1193
68.6015,-52.4263,18.4184,1.1197,1.1206
68.6515,-52.4485,18.4631,1.1197,1.1206
68.7015,-52.4710,18.5078,1.1197,1.1207
68.7515,-52.4936,18.5524,1.1197,1.1207
68.8015,-52.5163,18.5970,1.1197,1.1207
68.8515,-52.5391,18.6415,1.1197,1.1216
68.9015,-52.5620,18.6859,1.1197,1.1220
68.9515,-52.5849,18.7304,1.1203,1.1223
69.0015,-52.6079,18.7748,1.1218,1.1223
69.0515,-52.6310,18.8191,1.1223,1.1223
69.1015,-52.6540,18.8635,1.1223,1.1223
69.1515,-52.6769,18.9080,1.1223,1.1223
69.2015,-52.6996,18.9525,1.1223,1.1223
69.2516,-52.7218,18.9973,1.1223,1.1223
69.3016,-52.7436,19.0423,1.1246,1.1223
69.3516,-52.7650,19.0875,1.1246,1.1223
69.4016,-52.7861,19.1328,1.1246,1.1223
69.4516,-52.8071,19.1782,1.1223,1.1223
69.5016,-52.8281,19.2236,1.1199,1.1181
69.5516,-52.8492,19.2689,1.1179,1.1163
69.6016,-52.8704,19.3142,1.1175,1.1163
69.6516,-52.8918,19.3594,1.1171,1.1163
69.7016,-52.9134,19.4045,1.1157,1.1163
69.7516,-52.9352,19.4495,1.1157,1.1145
69.8016,-52.9572,19.4944,1.1120,1.1110
69.8516,-52.9794,19.5392,1.1101,1.1110
69.9016,-53.0017,19.5839,1.1101,1.1102
69.9516,-53.0241,19.6286,1.1101,1.1102
70.0016,-53.0464,19.6734,1.1101,1.1102
70.0516,-53.0683,19.7183,1.1106,1.1102
70.1016,-53.0899,19.7635,1.1119,1.1113
70.1516,-53.1110,19.8088,1.1131,1.1113
70.2016,-53.1318,19.8542,1.1131,1.1113
70.2516,-53.1523,19.8998,1.1131,1.1113
70.3016,-53.1727,19.9455,1.1119,1.1116
70.3516,-53.1931,19.9912,1.1131,1.1149
70.4016,-53.2135,20.0368,1.1119,1.1174
70.4516,-53.2341,20.0824,1.1131,1.1174
70.5016,-53.2550,20.1278,1.1139,1.1174
70.5516,-53.2763,20.1730,1.1139,1.1174
70.6016,-53.2980,20.2181,1.1139,1.1174
70.6516,-53.3200,20.2630,1.1144,1.1174
70.7016,-53.3423,20.3077,1.1154,1.1174
70.7516,-53.3646,20.3525,1.1154,1.1150
70.8016,-53.3870,20.3972,1.1154,1.1150
70.8516,-53.4090,20.4421,1.1154,1.1150
70.9016,-53.4308,20.4871,1.1165,1.1149
70.9516,-53.4523,20.5322,1.1165,1.1149
71.0016,-53.4734,20.5775,1.1165,1.1149
71.0516,-53.4944,20.6229,1.1165,1.1144
71.1016,-53.5152,20.6684,1.1165,1.1144
71.1516,-53.5360,20.7139,1.1145,1.1126
71.2016,-53.5567,20.7594,1.1145,1.1110
71.2516,-53.5774,20.8049,1.1103,1.1110
71.3016,-53.5983,20.8503,1.1096,1.1123
71.3516,-53.6193,20.8957,1.1103,1.1123
71.4016,-53.6406,20.9410,1.1103,1.1123
71.4516,-53.6620,20.9861,1.1103,1.1144
71.5016,-53.6838,21.0311,1.1129,1.1132
71.5516,-53.7057,21.0761,1.1129,1.1144
71.6016,-53.7279,21.1209,1.1181,1.1161
71.6516,-53.7501,21.1657,1.1181,1.1175
71.7016,-53.7722,21.2105,1.1216,1.1178
71.7516,-53.7940,21.2555,1.1216,1.1190
71.8016,-53.8156,21.3006,1.1216,1.1192
71.8516,-53.8368,21.3459,1.1198,1.1190
71.9016,-53.8578,21.3913,1.1173,1.1190
71.9516,-53.8785,21.4368,1.1173,1.1190
72.0016,-53.8991,21.4823,1.1157,1.1148
72.0516,-53.9196,21.5280,1.1148,1.1145
72.1016,-53.9400,21.5736,1.1141,1.1134
72.1516,-53.9601,21.6194,1.1132,1.1134
72.2016,-53.9799,21.6653,1.1093,1.1123
72.2516,-53.9996,21.7113,1.1093,1.1120
72.3016,-54.0192,21.7573,1.1093,1.1120
72.3516,-54.0392,21.8031,1.1093,1.1113
72.4016,-54.0596,21.8488,1.1070,1.1113
72.4516,-54.0806,21.8941,1.1070,1.1122
72.5016,-54.1023,21.9392,1.1070,1.1122
72.5516,-54.1246,21.9839,1.1124,1.1128
72.6016,-54.1471,22.0286,1.1191,1.1128
72.6516,-54.1697,22.0732,1.1191,1.1135
72.7016,-54.1920,22.1179,1.1191,1.1143
72.7516,-54.2141,22.1628,1.1191,1.1150
72.8016,-54.2361,22.2077,1.1191,1.1152
72.8516,-54.2579,22.2527,1.1161,1.1152
72.9016,-54.2795,22.2978,1.1161,1.1152
72.9516,-54.3010,22.3429,1.1161,1.1152
73.0016,-54.3225,22.3881,1.1136,1.1152
73.0516,-54.3439,22.4332,1.1136,1.1152
73.1016,-54.3654,22.4784,1.1134,1.1132
73.1516,-54.3866,22.5237,1.1136,1.1114
73.2016,-54.4074,22.5691,1.1136,1.1114
73.2516,-54.4279,22.6148,1.1136,1.1114
73.3016,-54.4481,22.6605,1.1136,1.1114
73.3516,-54.4682,22.7063,1.1136,1.1129
73.4016,-54.4885,22.7520,1.1136,1.1152
73.4516,-54.5091,22.7975,1.1138,1.1152
73.5016,-54.5300,22.8430,1.1167,1.1161
73.5516,-54.5511,22.8883,1.1189,1.1161
73.6016,-54.5723,22.9336,1.1189,1.1161
73.6516,-54.5935,22.9789,1.1189,1.1161
73.7017,-54.6147,23.0242,1.1189,1.1161
73.7517,-54.6358,23.0695,1.1126,1.1161
73.8017,-54.6571,23.1147,1.1124,1.1161
73.8517,-54.6785,23.1599,1.1117,1.1161
73.9017,-54.7000,23.2050,1.1117,1.1092
73.9517,-54.7214,23.2502,1.1108,1.1087
74.0017,-54.7426,23.2955,1.1108,1.1087
74.0517,-54.7636,23.3409,1.1105,1.1087
74.1017,-54.7844,23.3864,1.1092,1.1082
74.1517,-54.8051,23.4319,1.1092,1.1082
74.2017,-54.8261,23.4773,1.1114,1.1082
74.2517,-54.8474,23.5225,1.1114,1.1087
74.3017,-54.8690,23.5676,1.1200,1.1097
74.3517,-54.8906,23.6127,1.1200,1.1137
74.4017,-54.9120,23.6579,1.1203,1.1155
74.4517,-54.9332,23.7032,1.1200,1.1174
74.5017,-54.9539,23.7487,1.1200,1.1174
74.5517,-54.9744,23.7943,1.1197,1.1175
74.6017,-54.9946,23.8400,1.1197,1.1195
74.6517,-55.0148,23.8858,1.1196,1.1195
74.7017,-55.0350,23.9315,1.1185,1.1195
74.7517,-55.0551,23.9773,1.1185,1.1175
74.8017,-55.0751,24.0231,1.1165,1.1161
74.8517,-55.0949,24.0690,1.1144,1.1156
74.9017,-55.1147,24.1149,1.1100,1.1156
74.9517,-55.1347,24.1608,1.1086,1.1161
75.0017,-55.1552,24.2064,1.1086,1.1176
75.0517,-55.1762,24.2518,1.1086,1.1176
75.1017,-55.1976,24.2969,1.1185,1.1176
75.1517,-55.2193,24.3420,1.1185,1.1176
75.2017,-55.2411,24.3870,1.1196,1.1176
75.2517,-55.2629,24.4320,1.1211,1.1176
75.3017,-55.2846,24.4770,1.1211,1.1174
75.3517,-55.3062,24.5221,1.1227,1.1174
75.4017,-55.3276,24.5673,1.1227,1.1174
75.4517,-55.3488,24.6126,1.1227,1.1174
75.5017,-55.3697,24.6580,1.1227,1.1174
75.5517,-55.3902,24.7036,1.1227,1.1174
75.6017,-55.4104,24.7494,1.1151,1.1174
75.6517,-55.4304,24.7952,1.1145,1.1174
75.7017,-55.4505,24.8410,1.1132,1.1162
75.7517,-55.4707,24.8867,1.1132,1.1148
75.8017,-55.4912,24.9323,1.1132,1.1129
75.8517,-55.5120,24.9778,1.1132,1.1129
75.9017,-55.5329,25.0232,1.1139,1.1129
75.9517,-55.5542,25.0685,1.1166,1.1129
76.0017,-55.5755,25.1137,1.1166,1.1139
76.0517,-55.5969,25.1589,1.1153,1.1139
76.1017,-55.6180,25.2042,1.1153,1.1139
76.1517,-55.6388,25.2497,1.1181,1.1139
76.2017,-55.6592,25.2953,1.1153,1.1139
76.2517,-55.6793,25.3411,1.1181,1.1153
76.3017,-55.6991,25.3870,1.1181,1.1153
76.3517,-55.7187,25.4330,1.1145,1.1153
76.4017,-55.7384,25.4790,1.1145,1.1160
76.4517,-55.7581,25.5249,1.1145,1.1192
76.5017,-55.7782,25.5707,1.1145,1.1192
76.5517,-55.7986,25.6164,1.1145,1.1192
76.6017,-55.8194,25.6619,1.1145,1.1192
76.6517,-55.8404,25.7072,1.1145,1.1182
76.7017,-55.8617,25.7525,1.1155,1.1182
76.7517,-55.8832,25.7976,1.1155,1.1202
76.8017,-55.9048,25.8427,1.1155,1.1202
76.8517,-55.9264,25.8878,1.1156,1.1202
76.9017,-55.9481,25.9328,1.1157,1.1202
76.9517,-55.9696,25.9780,1.1161,1.1118
77.0017,-55.9909,26.0232,1.1161,1.1118
77.0517,-56.0116,26.0687,1.1161,1.1104
77.1017,-56.0319,26.1145,1.1157,1.1104
77.1517,-56.0518,26.1603,1.1156,1.1163
77.2017,-56.0717,26.2062,1.1156,1.1200
77.2517,-56.0917,26.2520,1.1157,1.1204
77.3017,-56.1121,26.2976,1.1157,1.1204
77.3517,-56.1328,26.3432,1.1159,1.1204
77.4017,-56.1537,26.3886,1.1161,1.1204
77.4517,-56.1746,26.4340,1.1161,1.1200
77.5017,-56.1955,26.4794,1.1161,1.1200
77.5517,-56.2166,26.5248,1.1158,1.1200
77.6017,-56.2379,26.5700,1.1156,1.1152
77.6517,-56.2596,26.6151,1.1138,1.1152
77.7017,-56.2816,26.6600,1.1133,1.1138
77.7517,-56.3036,26.7048,1.1133,1.1127
77.8017,-56.3256,26.7498,1.1133,1.1116
77.8517,-56.3473,26.7948,1.1133,1.1091
77.9017,-56.3688,26.8400,1.1123,1.1091
77.9517,-56.3899,26.8853,1.1123,1.1091
78.0017,-56.4107,26.9308,1.1123,1.1116
78.0517,-56.4312,26.9763,1.1123,1.1127
78.1018,-56.4516,27.0220,1.1123,1.1127
78.1518,-56.4719,27.0677,1.1123,1.1138
78.2018,-56.4921,27.1134,1.1123,1.1138
78.2518,-56.5124,27.1591,1.1123,1.1138
78.3018,-56.5328,27.2048,1.1123,1.1138
78.3518,-56.5535,27.2503,1.1113,1.1143
78.4018,-56.5745,27.2957,1.1113,1.1143
78.4518,-56.5957,27.3409,1.1103,1.1143
78.5018,-56.6172,27.3861,1.1103,1.1143
78.5518,-56.6387,27.4312,1.1103,1.1110
78.6018,-56.6601,27.4764,1.1120,1.1110
78.6518,-56.6812,27.5218,1.1136,1.1110
78.7018,-56.7019,27.5673,1.1136,1.1110
78.7518,-56.7224,27.6129,1.1148,1.1146
78.8018,-56.7426,27.6586,1.1148,1.1146
78.8518,-56.7628,27.7044,1.1160,1.1146
78.9018,-56.7828,27.7502,1.1171,1.1146
78.9518,-56.8026,27.7961,1.1176,1.1184
79.0018,-56.8223,27.8421,1.1180,1.1219
79.0518,-56.8420,27.8880,1.1180,1.1219
79.1018,-56.8619,27.9339,1.1180,1.1219
79.1518,-56.8824,27.9795,1.1180,1.1219
79.2018,-56.9035,28.0248,1.1174,1.1219
79.2518,-56.9254,28.0698,1.1174,1.1219
79.3018,-56.9477,28.1145,1.1168,1.1212
79.3518,-56.9702,28.1592,1.1168,1.1135
79.4018,-56.9924,28.2040,1.1164,1.1135
79.4518,-57.0143,28.2489,1.1162,1.1135
79.5018,-57.0356,28.2942,1.1162,1.1113
79.5518,-57.0566,28.3395,1.1158,1.1121
79.6018,-57.0773,28.3851,1.1159,1.1145
79.6518,-57.0977,28.4307,1.1159,1.1121
79.7018,-57.1179,28.4765,1.1159,1.1121
79.7518,-57.1377,28.5224,1.1158,1.1121
79.8018,-57.1571,28.5684,1.1110,1.1124
79.8518,-57.1763,28.6146,1.1110,1.1124
79.9018,-57.1956,28.6607,1.1110,1.1142
79.9518,-57.2152,28.7068,1.1104,1.1156
80.0018,-57.2353,28.7525,1.1104,1.1142
80.0518,-57.2563,28.7979,1.1104,1.1142
80.1018,-57.2779,28.8430,1.1104,1.1124
80.1518,-57.3000,28.8879,1.1098,1.1124
80.2018,-57.3223,28.9326,1.1104,1.1124
80.2518,-57.3446,28.9774,1.1101,1.1124
80.3018,-57.3666,29.0222,1.1110,1.1148
80.3518,-57.3885,29.0672,1.1110,1.1148
80.4018,-57.4099,29.1124,1.1131,1.1169
80.4518,-57.4310,29.1577,1.1209,1.1183
80.5018,-57.4516,29.2033,1.1209,1.1183
80.5518,-57.4717,29.2491,1.1209,1.1183
80.6018,-57.4914,29.2950,1.1209,1.1183
80.6518,-57.5108,29.3411,1.1209,1.1183
80.7018,-57.5300,29.3873,1.1172,1.1183
80.7518,-57.5493,29.4334,1.1172,1.1181
80.8018,-57.5689,29.4794,1.1152,1.1181
80.8518,-57.5889,29.5252,1.1151,1.1181
80.9018,-57.6095,29.5708,1.1151,1.1181
80.9518,-57.6307,29.6161,1.1151,1.1181
81.0018,-57.6524,29.6611,1.1129,1.1142
81.0518,-57.6745,29.7060,1.1117,1.1137
81.1018,-57.6966,29.7508,1.1104,1.1137
81.1518,-57.7186,29.7957,1.1104,1.1137
81.2018,-57.7402,29.8408,1.1104,1.1162
81.2518,-57.7615,29.8861,1.1141,1.1162
81.3018,-57.7824,29.9315,1.1141,1.1162
81.3518,-57.8031,29.9770,1.1187,1.1193
81.4018,-57.8238,30.0225,1.1187,1.1193
81.4518,-57.8443,30.0681,1.1187,1.1193
81.5018,-57.8647,30.1138,1.1187,1.1132
81.5518,-57.8851,30.1594,1.1178,1.1132
81.6018,-57.9053,30.2051,1.1141,1.1132
81.6518,-57.9256,30.2509,1.1141,1.1132
81.7018,-57.9459,30.2965,1.1137,1.1129
81.7518,-57.9664,30.3422,1.1085,1.1123
81.8018,-57.9870,30.3877,1.1085,1.1123
81.8518,-58.0078,30.4332,1.1085,1.1123
81.9018,-58.0288,30.4785,1.1085,1.1119
81.9518,-58.0499,30.5239,1.1091,1.1119
82.0018,-58.0710,30.5692,1.1091,1.1119
82.0518,-58.0919,30.6147,1.1113,1.1119
82.1018,-58.1126,30.6602,1.1131,1.1119
82.1518,-58.1331,30.7058,1.1153,1.1119
82.2018,-58.1535,30.7514,1.1153,1.1117
82.2518,-58.1739,30.7971,1.1153,1.1117
82.3018,-58.1942,30.8428,1.1153,1.1117
82.3518,-58.2145,30.8885,1.1153,1.1117
82.4018,-58.2348,30.9342,1.1131,1.1116
82.4518,-58.2552,30.9798,1.1126,1.1116
82.5018,-58.2757,31.0254,1.1117,1.1116
82.5518,-58.2966,31.0708,1.1109,1.1116
82.6018,-58.3178,31.1161,1.1094,1.1116
82.6518,-58.3394,31.1612,1.1094,1.1116
82.7018,-58.3614,31.2061,1.1117,1.1116
82.7518,-58.3835,31.2510,1.1117,1.1125
82.8018,-58.4057,31.2958,1.1136,1.1129
82.8518,-58.4279,31.3406,1.1145,1.1135
82.9019,-58.4502,31.3853,1.1145,1.1178
82.9519,-58.4725,31.4301,1.1164,1.1178
83.0019,-58.4949,31.4748,1.1164,1.1196
83.0519,-58.5174,31.5194,1.1201,1.1196
83.1019,-58.5398,31.5641,1.1210,1.1210
83.1519,-58.5620,31.6089,1.1210,1.1210
83.2019,-58.5841,31.6538,1.1210,1.1210
83.2519,-58.6061,31.6987,1.1211,1.1210
83.3019,-58.6281,31.7436,1.1210,1.1210
83.3519,-58.6503,31.7884,1.1201,1.1210
83.4019,-58.6727,31.8331,1.1201,1.1210
83.4519,-58.6951,31.8778,1.1201,1.1210
83.5019,-58.7177,31.9224,1.1194,1.1189
83.5519,-58.7404,31.9670,1.1187,1.1189
83.6019,-58.7632,32.0114,1.1185,1.1169
83.6519,-58.7861,32.0559,1.1185,1.1169
83.7019,-58.8090,32.1004,1.1185,1.1169
83.7519,-58.8317,32.1449,1.1187,1.1169
83.8019,-58.8541,32.1896,1.1185,1.1169
83.8519,-58.8762,32.2345,1.1185,1.1193
83.9019,-58.8981,32.2794,1.1185,1.1193
83.9519,-58.9200,32.3243,1.1185,1.1193
84.0019,-58.9420,32.3693,1.1185,1.1190
84.0519,-58.9643,32.4140,1.1145,1.1190
84.1019,-58.9869,32.4586,1.1145,1.1177
84.1519,-59.0100,32.5030,1.1145,1.1177
84.2019,-59.0336,32.5471,1.1145,1.1177
84.2519,-59.0577,32.5909,1.1145,1.1177
84.3019,-59.0823,32.6344,1.1145,1.1177
84.3519,-59.1072,32.6777,1.1145,1.1177
84.4019,-59.1324,32.7209,1.1165,1.1160
84.4519,-59.1578,32.7640,1.1165,1.1160
84.5019,-59.1832,32.8071,1.1154,1.1160
84.5519,-59.2086,32.8501,1.1154,1.1160
84.6019,-59.2340,32.8932,1.1154,1.1171
84.6519,-59.2593,32.9363,1.1154,1.1171
84.7019,-59.2846,32.9795,1.1169,1.1171
84.7519,-59.3100,33.0226,1.1169,1.1171
84.8019,-59.3355,33.0655,1.1169,1.1171
84.8519,-59.3613,33.1084,1.1169,1.1156
84.9019,-59.3874,33.1510,1.1168,1.1156
84.9519,-59.4139,33.1934,1.1153,1.1156
85.0019,-59.4408,33.2356,1.1125,1.1156
85.0519,-59.4680,33.2775,1.1125,1.1159
85.1019,-59.4957,33.3192,1.1125,1.1170
85.1519,-59.5236,33.3606,1.1140,1.1170
85.2019,-59.5518,33.4020,1.1140,1.1162
85.2519,-59.5800,33.4432,1.1168,1.1159
85.3019,-59.6082,33.4845,1.1168,1.1162
85.3519,-59.6363,33.5259,1.1168,1.1162
85.4019,-59.6641,33.5675,1.1163,1.1162
85.4519,-59.6917,33.6092,1.1163,1.1162
85.5019,-59.7191,33.6509,1.1163,1.1162
85.5519,-59.7466,33.6927,1.1163,1.1162
85.6019,-59.7740,33.7345,1.1163,1.1162
85.6519,-59.8014,33.7764,1.1163,1.1162
85.7019,-59.8288,33.8182,1.1163,1.1170
85.7519,-59.8562,33.8600,1.1163,1.1162
85.8019,-59.8838,33.9017,1.1163,1.1179
85.8519,-59.9117,33.9432,1.1142,1.1179
85.9019,-59.9401,33.9844,1.1137,1.1179
85.9519,-59.9689,34.0253,1.1137,1.1170
86.0019,-59.9980,34.0659,1.1182,1.1170
86.0519,-60.0273,34.1064,1.1181,1.1170
86.1019,-60.0566,34.1469,1.1181,1.1170
86.1519,-60.0859,34.1875,1.1181,1.1170
86.2019,-60.1150,34.2281,1.1181,1.1196
86.2519,-60.1440,34.2688,1.1181,1.1201
86.3019,-60.1731,34.3095,1.1181,1.1196
86.3519,-60.2022,34.3502,1.1181,1.1180
86.4019,-60.2312,34.3909,1.1188,1.1180
86.4519,-60.2600,34.4317,1.1181,1.1153
86.5019,-60.2885,34.4728,1.1157,1.1153
86.5519,-60.3167,34.5141,1.1157,1.1153
86.6019,-60.3447,34.5556,1.1136,1.1153
86.6519,-60.3726,34.5971,1.1125,1.1153
86.7019,-60.4005,34.6386,1.1136,1.1153
86.7519,-60.4284,34.6800,1.1163,1.1153
86.8019,-60.4563,34.7215,1.1163,1.1150
86.8519,-60.4841,34.7631,1.1163,1.1150
86.9019,-60.5116,34.8048,1.1166,1.1153
86.9519,-60.5391,34.8466,1.1187,1.1170
87.0019,-60.5665,34.8884,1.1197,1.1170
87.0519,-60.5939,34.9303,1.1207,1.1170
87.1019,-60.6214,34.9720,1.1207,1.1178
87.1519,-60.6491,35.0137,1.1219,1.1189
87.2019,-60.6769,35.0552,1.1219,1.1197
87.2520,-60.7047,35.0968,1.1207,1.1208
87.3020,-60.7325,35.1383,1.1198,1.1208
87.3520,-60.7603,35.1799,1.1198,1.1208
87.4020,-60.7881,35.2215,1.1198,1.1222
87.4520,-60.8159,35.2630,1.1198,1.1222
87.5020,-60.8439,35.3045,1.1198,1.1222
87.5520,-60.8719,35.3459,1.1198,1.1208
87.6020,-60.8998,35.3873,1.1198,1.1206
87.6520,-60.9277,35.4288,1.1182,1.1152
87.7020,-60.9554,35.4705,1.1182,1.1141
87.7520,-60.9829,35.5122,1.1160,1.1141
87.8020,-61.0102,35.5541,1.1153,1.1141
87.8520,-61.0373,35.5962,1.1153,1.1141
87.9020,-61.0643,35.6382,1.1136,1.1141
87.9520,-61.0913,35.6803,1.1133,1.1132
88.0020,-61.1184,35.7224,1.1136,1.1125
88.0520,-61.1454,35.7644,1.1136,1.1119
88.1020,-61.1725,35.8064,1.1136,1.1119
88.1520,-61.1997,35.8484,1.1136,1.1119
88.2020,-61.2269,35.8904,1.1136,1.1161
88.2520,-61.2541,35.9323,1.1136,1.1161
88.3020,-61.2814,35.9742,1.1136,1.1179
88.3520,-61.3088,36.0160,1.1149,1.1183
88.4020,-61.3364,36.0577,1.1186,1.1183
88.4520,-61.3640,36.0994,1.1186,1.1190
88.5020,-61.3918,36.1410,1.1191,1.1190
88.5520,-61.4197,36.1824,1.1191,1.1190
88.6020,-61.4478,36.2238,1.1191,1.1190
88.6520,-61.4759,36.2652,1.1191,1.1190
88.7020,-61.5042,36.3064,1.1191,1.1190
88.7520,-61.5326,36.3476,1.1191,1.1195
88.8020,-61.5610,36.3887,1.1191,1.1212
88.8520,-61.5894,36.4298,1.1209,1.1212
88.9020,-61.6179,36.4709,1.1209,1.1212
88.9520,-61.6465,36.5119,1.1209,1.1211
89.0020,-61.6752,36.5529,1.1196,1.1198
89.0520,-61.7041,36.5937,1.1196,1.1198
89.1020,-61.7332,36.6344,1.1196,1.1198
89.1520,-61.7624,36.6749,1.1184,1.1186
89.2020,-61.7919,36.7153,1.1184,1.1186
89.2520,-61.8217,36.7555,1.1199,1.1186
89.3020,-61.8516,36.7956,1.1214,1.1186
89.3520,-61.8816,36.8355,1.1214,1.1186
89.4020,-61.9117,36.8755,1.1214,1.1186
89.4520,-61.9419,36.9154,1.1214,1.1186
89.5020,-61.9721,36.9552,1.1214,1.1171
89.5520,-62.0023,36.9950,1.1145,1.1171
89.6020,-62.0326,37.0348,1.1145,1.1171
89.6520,-62.0628,37.0747,1.1145,1.1166
89.7020,-62.0929,37.1146,1.1145,1.1166
89.7520,-62.1229,37.1546,1.1145,1.1166
89.8020,-62.1528,37.1947,1.1145,1.1166
89.8520,-62.1826,37.2348,1.1138,1.1166
89.9020,-62.2125,37.2749,1.1122,1.1158
89.9520,-62.2425,37.3149,1.1122,1.1158
90.0020,-62.2728,37.3547,1.1106,1.1158
90.0520,-62.3033,37.3943,1.1094,1.1158
90.1020,-62.3342,37.4336,1.1094,1.1146
90.1520,-62.3655,37.4726,1.1094,1.1146
90.2020,-62.3970,37.5114,1.1122,1.1139
90.2520,-62.4287,37.5501,1.1127,1.1132
90.3020,-62.4605,37.5887,1.1128,1.1132
90.3520,-62.4923,37.6273,1.1128,1.1121
90.4020,-62.5241,37.6658,1.1128,1.1121
90.4520,-62.5560,37.7044,1.1128,1.1132
90.5020,-62.5880,37.7428,1.1138,1.1146
90.5520,-62.6202,37.7811,1.1149,1.1148
90.6020,-62.6525,37.8192,1.1149,1.1148
90.6520,-62.6849,37.8573,1.1151,1.1151
90.7020,-62.7173,37.8954,1.1151,1.1151
90.7520,-62.7496,37.9335,1.1151,1.1151
90.8020,-62.7819,37.9717,1.1151,1.1151
90.8520,-62.8142,38.0099,1.1151,1.1151
90.9020,-62.8465,38.0481,1.1151,1.1158
90.9520,-62.8789,38.0861,1.1151,1.1173
91.0020,-62.9116,38.1240,1.1154,1.1181
91.0520,-62.9445,38.1616,1.1157,1.1181
91.1020,-62.9776,38.1991,1.1163,1.1181
91.1520,-63.0109,38.2364,1.1163,1.1181
91.2020,-63.0442,38.2737,1.1163,1.1177
91.2520,-63.0775,38.3110,1.1163,1.1177
91.3020,-63.1106,38.3485,1.1163,1.1177
91.3521,-63.1437,38.3860,1.1163,1.1177
91.4021,-63.1767,38.4235,1.1160,1.1177
91.4521,-63.2097,38.4611,1.1156,1.1156
91.5021,-63.2427,38.4987,1.1156,1.1148
91.5521,-63.2756,38.5362,1.1156,1.1148
91.6021,-63.3085,38.5739,1.1179,1.1148
91.6521,-63.3413,38.6116,1.1179,1.1148
91.7021,-63.3740,38.6495,1.1179,1.1148
91.7521,-63.4067,38.6874,1.1156,1.1148
91.8021,-63.4392,38.7253,1.1133,1.1156
91.8521,-63.4719,38.7632,1.1133,1.1156
91.9021,-63.5046,38.8010,1.1133,1.1156
91.9521,-63.5376,38.8385,1.1133,1.1156
92.0021,-63.5709,38.8759,1.1103,1.1156
92.0521,-63.6044,38.9129,1.1103,1.1146
92.1021,-63.6382,38.9498,1.1103,1.1146
92.1521,-63.6723,38.9864,1.1103,1.1146
92.2021,-63.7065,39.0229,1.1103,1.1146
92.2521,-63.7409,39.0592,1.1103,1.1146
92.3021,-63.7755,39.0953,1.1103,1.1146
92.3521,-63.8103,39.1311,1.1123,1.1142
92.4021,-63.8454,39.1668,1.1123,1.1142
92.4521,-63.8806,39.2022,1.1123,1.1121
92.5021,-63.9159,39.2377,1.1128,1.1117
92.5521,-63.9510,39.2733,1.1128,1.1117
92.6021,-63.9858,39.3092,1.1142,1.1117
92.6521,-64.0202,39.3454,1.1155,1.1129
92.7021,-64.0544,39.3820,1.1163,1.1140
92.7521,-64.0883,39.4187,1.1172,1.1142
92.8021,-64.1222,39.4554,1.1172,1.1151
92.8521,-64.1561,39.4922,1.1201,1.1213
92.9021,-64.1901,39.5289,1.1201,1.1228
92.9521,-64.2241,39.5656,1.1201,1.1228
93.0021,-64.2580,39.6023,1.1221,1.1228
93.0521,-64.2918,39.6391,1.1221,1.1204
93.1021,-64.3255,39.6761,1.1242,1.1204
93.1521,-64.3591,39.7131,1.1242,1.1187
93.2021,-64.3927,39.7501,1.1184,1.1187
93.2521,-64.4264,39.7871,1.1148,1.1163
93.3021,-64.4602,39.8239,1.1135,1.1163
93.3521,-64.4940,39.8607,1.1132,1.1161
93.4021,-64.5280,39.8974,1.1131,1.1157
93.4521,-64.5622,39.9339,1.1109,1.1152
93.5021,-64.5966,39.9702,1.1109,1.1135
93.5521,-64.6313,40.0062,1.1108,1.1135
93.6021,-64.6663,40.0419,1.1108,1.1126
93.6521,-64.7014,40.0775,1.1108,1.1117
93.7021,-64.7366,40.1130,1.1108,1.1117
93.7521,-64.7719,40.1484,1.1115,1.1117
93.8021,-64.8072,40.1839,1.1116,1.1117
93.8521,-64.8424,40.2193,1.1121,1.1117
93.9021,-64.8777,40.2547,1.1121,1.1117
93.9521,-64.9131,40.2901,1.1121,1.1105
94.0021,-64.9484,40.3255,1.1121,1.1105
94.0521,-64.9837,40.3609,1.1114,1.1105
94.1021,-65.0191,40.3962,1.1114,1.1105
94.1521,-65.0544,40.4316,1.1114,1.1105
94.2021,-65.0897,40.4670,1.1114,1.1109
94.2521,-65.1250,40.5024,1.1121,1.1113
94.3021,-65.1603,40.5379,1.1121,1.1117
94.3521,-65.1956,40.5733,1.1121,1.1120
94.4021,-65.2310,40.6086,1.1110,1.1120
94.4521,-65.2664,40.6439,1.1099,1.1120
94.5021,-65.3019,40.6791,1.1098,1.1106
94.5521,-65.3375,40.7142,1.1096,1.1105
94.6021,-65.3731,40.7493,1.1096,1.1105
94.6521,-65.4088,40.7844,1.1096,1.1106
94.7021,-65.4445,40.8194,1.1104,1.1106
94.7521,-65.4801,40.8544,1.1116,1.1106
94.8021,-65.5158,40.8895,1.1116,1.1106
94.8521,-65.5513,40.9247,1.1124,1.1106
94.9021,-65.5866,40.9602,1.1124,1.1106
94.9521,-65.6216,40.9958,1.1131,1.1113
95.0021,-65.6563,41.0318,1.1138,1.1122
95.0521,-65.6907,41.0681,1.1152,1.1138
95.1021,-65.7247,41.1048,1.1188,1.1138
95.1521,-65.7583,41.1418,1.1200,1.1204
95.2021,-65.7916,41.1791,1.1200,1.1223
95.2521,-65.8248,41.2165,1.1212,1.1223
95.3021,-65.8578,41.2540,1.1225,1.1246
95.3521,-65.8908,41.2916,1.1225,1.1251
95.4021,-65.9239,41.3291,1.1247,1.1257
95.4521,-65.9572,41.3664,1.1247,1.1257
95.5021,-65.9907,41.4035,1.1247,1.1257
95.5521,-66.0245,41.4404,1.1236,1.1251
95.6022,-66.0585,41.4770,1.1236,1.1200
95.6522,-66.0929,41.5133,1.1236,1.1196
95.7022,-66.1274,41.5495,1.1203,1.1196
95.7522,-66.1620,41.5856,1.1202,1.1183
95.8022,-66.1967,41.6216,1.1202,1.1175
95.8522,-66.2314,41.6576,1.1202,1.1141
95.9022,-66.2661,41.6936,1.1172,1.1141
95.9522,-66.3007,41.7297,1.1115,1.1138
96.0022,-66.3356,41.7655,1.1107,1.1123
96.0522,-66.3706,41.8012,1.1100,1.1109
96.1022,-66.4059,41.8367,1.1100,1.1091
96.1522,-66.4412,41.8720,1.1100,1.1091
96.2022,-66.4766,41.9073,1.1100,1.1091
96.2522,-66.5119,41.9427,1.1107,1.1091
96.3022,-66.5472,41.9782,1.1107,1.1091
96.3522,-66.5824,42.0137,1.1111,1.1091
96.4022,-66.6175,42.0493,1.1111,1.1095
96.4522,-66.6526,42.0849,1.1111,1.1095
96.5022,-66.6877,42.1205,1.1091,1.1099
96.5522,-66.7230,42.1560,1.1091,1.1099
96.6022,-66.7583,42.1914,1.1091,1.1099
96.6522,-66.7937,42.2267,1.1097,1.1099
96.7022,-66.8292,42.2619,1.1097,1.1099
96.7522,-66.8647,42.2971,1.1097,1.1099
96.8022,-66.9002,42.3323,1.1097,1.1099
96.8522,-66.9357,42.3675,1.1117,1.1116
96.9022,-66.9713,42.4026,1.1117,1.1116
96.9522,-67.0069,42.4377,1.1117,1.1116
97.0022,-67.0425,42.4728,1.1117,1.1116
97.0522,-67.0781,42.5080,1.1117,1.1116
97.1022,-67.1136,42.5431,1.1120,1.1116
97.1522,-67.1491,42.5783,1.1122,1.1116
97.2022,-67.1846,42.6136,1.1123,1.1116
97.2522,-67.2199,42.6489,1.1124,1.1116
97.3022,-67.2553,42.6843,1.1125,1.1116
97.3522,-67.2906,42.7197,1.1126,1.1117
97.4022,-67.3259,42.7551,1.1127,1.1117
97.4522,-67.3612,42.7905,1.1127,1.1118
97.5022,-67.3966,42.8259,1.1132,1.1118
97.5522,-67.4319,42.8613,1.1133,1.1118
97.6022,-67.4671,42.8967,1.1134,1.1118
97.6522,-67.5023,42.9323,1.1134,1.1118
97.7022,-67.5374,42.9679,1.1134,1.1116
97.7522,-67.5724,43.0036,1.1134,1.1116
97.8022,-67.6072,43.0395,1.1134,1.1116
97.8522,-67.6418,43.0756,1.1134,1.1117
97.9022,-67.6760,43.1121,1.1143,1.1118
97.9522,-67.7100,43.1488,1.1152,1.1167
98.0022,-67.7438,43.1856,1.1160,1.1204
98.0522,-67.7776,43.2224,1.1160,1.1204
98.1022,-67.8116,43.2591,1.1188,1.1226
98.1522,-67.8458,43.2956,1.1239,1.1226
98.2022,-67.8800,43.3321,1.1239,1.1226
98.2522,-67.9141,43.3686,1.1239,1.1226
98.3022,-67.9480,43.4054,1.1239,1.1226
98.3522,-67.9816,43.4424,1.1239,1.1226
98.4022,-68.0148,43.4798,1.1234,1.1226
98.4522,-68.0478,43.5174,1.1229,1.1232
98.5022,-68.0807,43.5550,1.1229,1.1232
98.5522,-68.1139,43.5924,1.1196,1.1232
98.6022,-68.1475,43.6294,1.1196,1.1232
98.6522,-68.1817,43.6659,1.1187,1.1173
98.7022,-68.2164,43.7019,1.1138,1.1130
98.7522,-68.2514,43.7376,1.1126,1.1112
98.8022,-68.2867,43.7731,1.1126,1.1112
98.8522,-68.3220,43.8085,1.1126,1.1112
98.9022,-68.3573,43.8439,1.1126,1.1112
98.9522,-68.3926,43.8793,1.1126,1.1120
99.0022,-68.4280,43.9146,1.1126,1.1120
99.0522,-68.4635,43.9498,1.1116,1.1120
99.1022,-68.4991,43.9848,1.1116,1.1120
99.1522,-68.5349,44.0198,1.1116,1.1109
99.2022,-68.5707,44.0547,1.1128,1.1109
99.2522,-68.6063,44.0898,1.1128,1.1109
99.3022,-68.6417,44.1252,1.1128,1.1109
99.3522,-68.6768,44.1607,1.1128,1.1115
99.4022,-68.7119,44.1964,1.1128,1.1122
99.4522,-68.7469,44.2320,1.1128,1.1122
99.5022,-68.7821,44.2676,1.1128,1.1122
99.5522,-68.8175,44.3029,1.1128,1.1122
99.6022,-68.8530,44.3381,1.1121,1.1112
99.6522,-68.8887,44.3731,1.1121,1.1112
99.7022,-68.9243,44.4082,1.1121,1.1112
99.7522,-68.9598,44.4434,1.1102,1.1112
99.8022,-68.9952,44.4788,1.1121,1.1115
99.8522,-69.0304,44.5142,1.1121,1.1115
99.9023,-69.0656,44.5498,1.1121,1.1115
99.9523,-69.1007,44.5854,1.1121,1.1114
100.0023,-69.1358,44.6210,1.1121,1.1114
100.0523,-69.1710,44.6565,1.1105,1.1107
100.1023,-69.2063,44.6919,1.1105,1.1105
100.1523,-69.2416,44.7273,1.1089,1.1101
100.2023,-69.2770,44.7627,1.1089,1.1100
100.2523,-69.3124,44.7980,1.1089,1.1100
100.3023,-69.3478,44.8332,1.1089,1.1100
100.3523,-69.3833,44.8685,1.1089,1.1100
100.4023,-69.4188,44.9036,1.1095,1.1095
100.4523,-69.4544,44.9388,1.1095,1.1088
100.5023,-69.4900,44.9739,1.1102,1.1088
100.5523,-69.5256,45.0090,1.1102,1.1086
100.6023,-69.5610,45.0443,1.1102,1.1086
100.6523,-69.5962,45.0798,1.1106,1.1086
100.7023,-69.6312,45.1156,1.1106,1.1086
100.7523,-69.6656,45.1518,1.1106,1.1086
100.8023,-69.6996,45.1885,1.1111,1.1088
100.8523,-69.7331,45.2257,1.1125,1.1151
100.9023,-69.7663,45.2630,1.1154,1.1214
100.9523,-69.7996,45.3003,1.1154,1.1223
101.0023,-69.8332,45.3373,1.1187,1.1231
101.0523,-69.8671,45.3741,1.1189,1.1238
101.1023,-69.9012,45.4106,1.1195,1.1242
101.1523,-69.9356,45.4469,1.1219,1.1255
101.2023,-69.9702,45.4830,1.1227,1.1255
101.2523,-70.0050,45.5190,1.1269,1.1256
101.3023,-70.0398,45.5548,1.1294,1.1257
101.3523,-70.0746,45.5908,1.1298,1.1266
101.4023,-70.1090,45.6270,1.1294,1.1281
101.4523,-70.1432,45.6635,1.1294,1.1288
101.5023,-70.1772,45.7002,1.1286,1.1288
101.5523,-70.2111,45.7370,1.1265,1.1288
101.6023,-70.2450,45.7737,1.1235,1.1250
101.6523,-70.2790,45.8103,1.1235,1.1248
101.7023,-70.3132,45.8468,1.1217,1.1246
101.7523,-70.3476,45.8831,1.1198,1.1245
101.8023,-70.3822,45.9192,1.1184,1.1221
101.8523,-70.4169,45.9552,1.1184,1.1192
101.9023,-70.4516,45.9912,1.1181,1.1192
101.9523,-70.4862,46.0273,1.1164,1.1165
102.0023,-70.5208,46.0634,1.1164,1.1151
102.0523,-70.5553,46.0996,1.1164,1.1151
102.1023,-70.5899,46.1357,1.1136,1.1137
102.1523,-70.6245,46.1718,1.1128,1.1137
102.2023,-70.6593,46.2077,1.1090,1.1113
102.2523,-70.6944,46.2434,1.1128,1.1113
102.3023,-70.7295,46.2789,1.1090,1.1113
102.3523,-70.7646,46.3145,1.1123,1.1113
102.4023,-70.7997,46.3502,1.1123,1.1165
102.4523,-70.8347,46.3859,1.1123,1.1165
102.5023,-70.8698,46.4215,1.1123,1.1165
102.5523,-70.9051,46.4569,1.1123,1.1165
102.6023,-70.9407,46.4920,1.1123,1.1165
102.6523,-70.9765,46.5269,1.1160,1.1228
102.7023,-71.0122,46.5618,1.1160,1.1228
102.7523,-71.0479,46.5969,1.1139,1.1228
102.8023,-71.0836,46.6319,1.1137,1.1228
102.8523,-71.1195,46.6667,1.1139,1.1228
102.9023,-71.1557,46.7012,1.1137,1.1228
102.9523,-71.1921,46.7355,1.1137,1.1148
103.0023,-71.2285,46.7698,1.1137,1.1148
103.0523,-71.2646,46.8043,1.1137,1.1091
103.1023,-71.3005,46.8392,1.1137,1.1091
103.1523,-71.3361,46.8743,1.1137,1.1087
103.2023,-71.3714,46.9097,1.1137,1.1087
103.2523,-71.4064,46.9454,1.1137,1.1091
103.3023,-71.4411,46.9814,1.1135,1.1131
103.3523,-71.4757,47.0175,1.1135,1.1131
103.4023,-71.5101,47.0538,1.1137,1.1131
103.4523,-71.5444,47.0901,1.1137,1.1131
103.5023,-71.5787,47.1265,1.1135,1.1131
103.5523,-71.6130,47.1629,1.1100,1.1126
103.6023,-71.6475,47.1991,1.1066,1.1126
103.6523,-71.6823,47.2350,1.1066,1.1126
103.7023,-71.7173,47.2707,1.1066,1.1126
103.7523,-71.7524,47.3063,1.1066,1.1126
103.8023,-71.7876,47.3419,1.1066,1.1099
103.8523,-71.8226,47.3775,1.1066,1.1099
103.9023,-71.8577,47.4132,1.1066,1.1086
103.9523,-71.8928,47.4488,1.1066,1.1083
104.0023,-71.9282,47.4841,1.1063,1.1083
104.0523,-71.9638,47.5192,1.1063,1.1083
104.1023,-71.9997,47.5540,1.1066,1.1083
104.1523,-72.0359,47.5885,1.1066,1.1054
104.2023,-72.0723,47.6228,1.1108,1.1054
104.2523,-72.1087,47.6571,1.1108,1.1054
104.3024,-72.1450,47.6915,1.1108,1.1050
104.3524,-72.1810,47.7262,1.1108,1.1050
104.4024,-72.2166,47.7613,1.1108,1.1050
104.4524,-72.2518,47.7968,1.1088,1.1050
104.5024,-72.2866,47.8326,1.1039,1.1050
104.5524,-72.3213,47.8687,1.1039,1.1050
104.6024,-72.3560,47.9047,1.1039,1.1050
104.6524,-72.3908,47.9406,1.1068,1.1045
104.7024,-72.4258,47.9763,1.1070,1.1045
104.7524,-72.4607,48.0121,1.1070,1.1045
104.8024,-72.4955,48.0480,1.1071,1.1045
104.8524,-72.5300,48.0842,1.1073,1.1090
104.9024,-72.5643,48.1206,1.1075,1.1145
104.9524,-72.5985,48.1571,1.1075,1.1145
105.0024,-72.6329,48.1933,1.1075,1.1145
105.0524,-72.6679,48.2291,1.1075,1.1145
105.1024,-72.7033,48.2643,1.1075,1.1145
105.1524,-72.7393,48.2991,1.1076,1.1145
105.2024,-72.7756,48.3335,1.1129,1.1145
105.2524,-72.8119,48.3678,1.1129,1.1145
105.3024,-72.8482,48.4022,1.1129,1.1145
105.3524,-72.8841,48.4370,1.1129,1.1095
105.4024,-72.9199,48.4720,1.1129,1.1095
105.4524,-72.9554,48.5072,1.1128,1.1085
105.5024,-72.9908,48.5424,1.1128,1.1020
105.5524,-73.0262,48.5778,1.1115,1.1020
105.6024,-73.0614,48.6133,1.1047,1.1020
105.6524,-73.0965,48.6489,1.1047,1.1079
105.7024,-73.1314,48.6847,1.1047,1.1055
105.7524,-73.1665,48.7203,1.1036,1.1079
105.8024,-73.2017,48.7558,1.1036,1.1079
105.8524,-73.2373,48.7909,1.1036,1.1083
105.9024,-73.2732,48.8258,1.1036,1.1102
105.9524,-73.3092,48.8604,1.1036,1.1121
106.0024,-73.3453,48.8950,1.1079,1.1132
106.0524,-73.3816,48.9294,1.1080,1.1135
106.1024,-73.4180,48.9637,1.1124,1.1135
106.1524,-73.4544,48.9979,1.1125,1.1135
106.2024,-73.4909,49.0321,1.1143,1.1137
106.2524,-73.5273,49.0664,1.1159,1.1149
106.3024,-73.5636,49.1008,1.1175,1.1170
106.3524,-73.5997,49.1354,1.1175,1.1186
106.4024,-73.6359,49.1699,1.1175,1.1186
106.4524,-73.6721,49.2044,1.1175,1.1207
106.5024,-73.7085,49.2387,1.1176,1.1207
106.5524,-73.7452,49.2726,1.1219,1.1235
106.6024,-73.7821,49.3064,1.1219,1.1250
106.6524,-73.8189,49.3403,1.1358,1.1250
106.7024,-73.8554,49.3744,1.1360,1.1283
106.7524,-73.8915,49.4090,1.1360,1.1301
106.8024,-73.9273,49.4439,1.1360,1.1331
106.8524,-73.9629,49.4790,1.1359,1.1362
106.9024,-73.9984,49.5143,1.1346,1.1374
106.9524,-74.0338,49.5495,1.1346,1.1374
107.0024,-74.0694,49.5847,1.1329,1.1362
107.0524,-74.1050,49.6198,1.1323,1.1283
107.1024,-74.1406,49.6549,1.1323,1.1283
107.1524,-74.1762,49.6899,1.1321,1.1283
107.2024,-74.2118,49.7251,1.1321,1.1283
107.2524,-74.2471,49.7605,1.1321,1.1283
107.3024,-74.2823,49.7960,1.1312,1.1270
107.3524,-74.3172,49.8318,1.1304,1.1270
107.4024,-74.3518,49.8679,1.1304,1.1270
107.4524,-74.3863,49.9042,1.1269,1.1269
107.5024,-74.4206,49.9405,1.1269,1.1269
107.5524,-74.4551,49.9767,1.1212,1.1269
107.6024,-74.4897,50.0128,1.1212,1.1255
107.6524,-74.5244,50.0488,1.1211,1.1241
107.7024,-74.5591,50.0847,1.1210,1.1241
107.7524,-74.5938,50.1207,1.1208,1.1228
107.8024,-74.6284,50.1569,1.1200,1.1199
107.8524,-74.6628,50.1931,1.1182,1.1191
107.9024,-74.6972,50.2294,1.1182,1.1186
107.9524,-74.7316,50.2657,1.1144,1.1177
108.0024,-74.7662,50.3019,1.1124,1.1165
108.0524,-74.8009,50.3378,1.1124,1.1162
108.1024,-74.8359,50.3735,1.1121,1.1147
108.1524,-74.8711,50.4090,1.1121,1.1123
108.2024,-74.9065,50.4444,1.1113,1.1114
108.2524,-74.9419,50.4797,1.1113,1.1096
108.3024,-74.9772,50.5151,1.1113,1.1096
108.3524,-75.0124,50.5506,1.1113,1.1092
108.4024,-75.0475,50.5862,1.1113,1.1092
108.4524,-75.0825,50.6219,1.1113,1.1092
108.5024,-75.1175,50.6576,1.1113,1.1092
108.5524,-75.1523,50.6935,1.1121,1.1092
108.6024,-75.1869,50.7296,1.1140,1.1092
108.6524,-75.2211,50.7661,1.1143,1.1096
108.7024,-75.2549,50.8029,1.1143,1.1096
108.7524,-75.2883,50.8401,1.1140,1.1129
108.8024,-75.3214,50.8776,1.1140,1.1129
108.8524,-75.3544,50.9152,1.1143,1.1129
108.9025,-75.3871,50.9530,1.1146,1.1129
108.9525,-75.4197,50.9909,1.1146,1.1129
109.0025,-75.4521,51.0290,1.1146,1.1129
109.0525,-75.4841,51.0674,1.1152,1.1125
109.1025,-75.5158,51.1062,1.1146,1.1121
109.1525,-75.5470,51.1452,1.1146,1.1119
109.2025,-75.5778,51.1845,1.1132,1.1119
109.2525,-75.6085,51.2241,1.1132,1.1117
109.3025,-75.6390,51.2637,1.1102,1.1117
109.3525,-75.6697,51.3032,1.1102,1.1117
109.4025,-75.7005,51.3425,1.1082,1.1113
109.4525,-75.7314,51.3818,1.1076,1.1113
109.5025,-75.7623,51.4211,1.1063,1.1112
109.5525,-75.7929,51.4607,1.1061,1.1047
109.6025,-75.8228,51.5008,1.1061,1.0993
109.6525,-75.8515,51.5417,1.1063,1.0993
109.7025,-75.8786,51.5837,1.1063,1.0993
109.7524,-75.9039,51.6268,1.1078,1.0994
109.8024,-75.9275,51.6709,1.1078,1.0995
109.8524,-75.9493,51.7159,1.1078,1.0996
109.9024,-75.9695,51.7616,1.1078,1.0996
109.9524,-75.9882,51.8080,1.1078,1.0997
110.0024,-76.0055,51.8549,1.1078,1.0998
110.0524,-76.0212,51.9024,1.1078,1.0999
110.1024,-76.0353,51.9503,1.1086,1.1000
110.1524,-76.0477,51.9988,1.1100,1.1000
110.2024,-76.0583,52.0476,1.1103,1.1001
110.2524,-76.0668,52.0969,1.1116,1.1002
110.3024,-76.0734,52.1464,1.1119,1.1003
110.3524,-76.0779,52.1962,1.1120,1.1003
110.4024,-76.0804,52.2462,1.1120,1.1004
110.4524,-76.0808,52.2961,1.1146,1.1005
110.5023,-76.0789,52.3461,1.1191,1.1006
110.5523,-76.0746,52.3959,1.1191,1.1007
110.6023,-76.0679,52.4454,1.1215,1.1007
110.6523,-76.0587,52.4946,1.1218,1.1008
110.7023,-76.0471,52.5432,1.1221,1.1009
110.7523,-76.0333,52.5912,1.1221,1.1010
110.8023,-76.0171,52.6385,1.1254,1.1011
110.8522,-75.9985,52.6849,1.1257,1.1011
110.9022,-75.9773,52.7301,1.1282,1.1012
110.9522,-75.9532,52.7740,1.1358,1.1013
111.0022,-75.9263,52.8161,1.1383,1.1014
111.0521,-75.8964,52.8561,1.1404,1.1015
111.1021,-75.8637,52.8939,1.1404,1.1015
111.1521,-75.8284,52.9293,1.1404,1.1016
111.2021,-75.7906,52.9620,1.1402,1.1017
111.2521,-75.7508,52.9923,1.1401,1.1018
111.3021,-75.7091,53.0199,1.1401,1.1019
111.3521,-75.6658,53.0448,1.1401,1.1019
111.4021,-75.6211,53.0672,1.1401,1.1020
111.4521,-75.5751,53.0869,1.1387,1.1021
111.5021,-75.5281,53.1040,1.1385,1.1022
111.5521,-75.4803,53.1185,1.1383,1.1023
111.6021,-75.4319,53.1308,1.1345,1.1023
111.6521,-75.3829,53.1411,1.1265,1.1024
111.7021,-75.3337,53.1499,1.1252,1.1025
111.7521,-75.2843,53.1575,1.1248,1.1026
111.8020,-75.2347,53.1637,1.1234,1.1026
111.8520,-75.1849,53.1686,1.1223,1.1027
111.9020,-75.1351,53.1725,1.1221,1.1027
111.9520,-75.0852,53.1756,1.1200,1.1197
112.0020,-75.0353,53.1786,1.1181,1.1197
112.0520,-74.9854,53.1818,1.1181,1.1197
112.1020,-74.9355,53.1854,1.1155,1.1197
112.1520,-74.8857,53.1893,1.1144,1.1197
112.2021,-74.8358,53.1936,1.1144,1.1197
112.2521,-74.7860,53.1981,1.1144,1.1088
112.3021,-74.7363,53.2028,1.1144,1.1088
112.3521,-74.6865,53.2076,1.1149,1.1088
112.4021,-74.6367,53.2126,1.1149,1.1088
112.4521,-74.5870,53.2177,1.1143,1.1110
112.5021,-74.5373,53.2233,1.1139,1.1141
112.5521,-74.4877,53.2294,1.1139,1.1181
112.6021,-74.4382,53.2363,1.1139,1.1181
112.6521,-74.3887,53.2436,1.1139,1.1181
112.7021,-74.3393,53.2511,1.1183,1.1156
112.7521,-74.2898,53.2584,1.1183,1.1140
112.8021,-74.2402,53.2650,1.1183,1.1140
112.8521,-74.1906,53.2711,1.1149,1.1140
112.9021,-74.1409,53.2766,1.1145,1.1169
112.9521,-74.0912,53.2817,1.1130,1.1169
113.0021,-74.0414,53.2867,1.1114,1.1170
113.0521,-73.9917,53.2918,1.1113,1.1169
113.1021,-73.9420,53.2973,1.1113,1.1164
113.1521,-73.8923,53.3033,1.1113,1.1159
113.2021,-73.8427,53.3097,1.1114,1.1120
113.2521,-73.7932,53.3162,1.1140,1.1115
113.3021,-73.7436,53.3224,1.1140,1.1115
113.3521,-73.6939,53.3282,1.1140,1.1115
113.4021,-73.6442,53.3334,1.1140,1.1123
113.4521,-73.5944,53.3382,1.1081,1.1138
113.5021,-73.5446,53.3431,1.1061,1.1138
113.5521,-73.4949,53.3485,1.1061,1.1138
113.6021,-73.4453,53.3546,1.1061,1.1138
113.6521,-73.3958,53.3614,1.1111,1.1123
113.7021,-73.3463,53.3685,1.1147,1.1111
113.7521,-73.2968,53.3755,1.1195,1.1111
113.8021,-73.2472,53.3820,1.1195,1.1111
113.8521,-73.1975,53.3879,1.1195,1.1148
113.9021,-73.1479,53.3936,1.1111,1.1152
113.9521,-73.0982,53.3995,1.1091,1.1152
114.0021,-73.0486,53.4061,1.1091,1.1152
114.0521,-72.9992,53.4135,1.1091,1.1148
114.1021,-72.9498,53.4215,1.1215,1.1145
114.1521,-72.9005,53.4294,1.1223,1.1145
114.2021,-72.8510,53.4369,1.1223,1.1145
114.2521,-72.8015,53.4439,1.1223,1.1171
114.3021,-72.7520,53.4506,1.1215,1.1228
114.3521,-72.7024,53.4574,1.1206,1.1239
114.4021,-72.6530,53.4647,1.1206,1.1239
114.4521,-72.6036,53.4725,1.1206,1.1239
114.5021,-72.5542,53.4805,1.1219,1.1171
114.5521,-72.5048,53.4883,1.1230,1.1171
114.6021,-72.4554,53.4956,1.1230,1.1171
114.6521,-72.4059,53.5025,1.1230,1.1171
114.7021,-72.3563,53.5092,1.1205,1.1186
114.7521,-72.3067,53.5159,1.1193,1.1243
114.8021,-72.2572,53.5229,1.1193,1.1243
114.8521,-72.2078,53.5303,1.1193,1.1243
114.9021,-72.1584,53.5378,1.1202,1.1186
114.9521,-72.1089,53.5452,1.1208,1.1105
115.0021,-72.0594,53.5522,1.1208,1.1105
115.0521,-72.0098,53.5586,1.1208,1.1105
115.1021,-71.9602,53.5647,1.1207,1.1173
115.1521,-71.9105,53.5707,1.1158,1.1217
115.2021,-71.8609,53.5769,1.1148,1.1217
115.2521,-71.8114,53.5835,1.1148,1.1217
115.3021,-71.7618,53.5904,1.1148,1.1173
115.3521,-71.7123,53.5974,1.1158,1.1134
115.4021,-71.6628,53.6041,1.1158,1.1118
115.4521,-71.6132,53.6102,1.1158,1.1109
115.5021,-71.5635,53.6158,1.1158,1.1109
115.5521,-71.5137,53.6210,1.1154,1.1109
115.6021,-71.4640,53.6258,1.1114,1.1114
115.6521,-71.4142,53.6305,1.1106,1.1123
115.7021,-71.3644,53.6354,1.1106,1.1130
115.7521,-71.3147,53.6406,1.1106,1.1131
115.8021,-71.2650,53.6459,1.1114,1.1131
115.8521,-71.2153,53.6514,1.1153,1.1131
115.9021,-71.1656,53.6567,1.1153,1.1129
115.9521,-71.1158,53.6618,1.1153,1.1126
116.0021,-71.0660,53.6666,1.1153,1.1126
116.0521,-71.0163,53.6712,1.1153,1.1126
116.1021,-70.9665,53.6757,1.1129,1.1128
116.1521,-70.9167,53.6801,1.1150,1.1128
116.2021,-70.8668,53.6845,1.1150,1.1128
116.2521,-70.8170,53.6888,1.1150,1.1128
116.3021,-70.7672,53.6929,1.1150,1.1126
116.3521,-70.7173,53.6967,1.1150,1.1125
116.4021,-70.6675,53.7001,1.1150,1.1121
116.4521,-70.6176,53.7033,1.1121,1.1121
116.5021,-70.5676,53.7062,1.1106,1.1121
116.5521,-70.5177,53.7092,1.1106,1.1126
116.6021,-70.4678,53.7123,1.1102,1.1146
116.6521,-70.4179,53.7157,1.1102,1.1164
116.7021,-70.3681,53.7194,1.1102,1.1164
116.7521,-70.3182,53.7235,1.1121,1.1171
116.8021,-70.2684,53.7279,1.1150,1.1171
116.8521,-70.2186,53.7324,1.1186,1.1171
116.9021,-70.1689,53.7371,1.1186,1.1185
116.9521,-70.1191,53.7419,1.1186,1.1190
117.0021,-70.0693,53.7466,1.1196,1.1190
117.0521,-70.0195,53.7511,1.1196,1.1190
117.1021,-69.9697,53.7556,1.1196,1.1190
117.1521,-69.9199,53.7597,1.1186,1.1178
117.2021,-69.8700,53.7633,1.1166,1.1135
117.2521,-69.8201,53.7661,1.1115,1.1057
117.3021,-69.7701,53.7682,1.1089,1.1048
117.3521,-69.7201,53.7696,1.1085,1.1042
117.4021,-69.6701,53.7703,1.1076,1.1042
117.4521,-69.6201,53.7707,1.1071,1.1048
117.5021,-69.5701,53.7707,1.1056,1.1051
117.5522,-69.5201,53.7704,1.1051,1.1064
117.6022,-69.4701,53.7700,1.1049,1.1083
117.6522,-69.4201,53.7696,1.1042,1.1083
117.7022,-69.3701,53.7696,1.1042,1.1100
117.7522,-69.3202,53.7704,1.1042,1.1154
117.8022,-69.2702,53.7720,1.1046,1.1170
117.8522,-69.2203,53.7747,1.1069,1.1210
117.9022,-69.1704,53.7781,1.1090,1.1227
117.9522,-69.1205,53.7814,1.1325,1.1243
118.0022,-69.0706,53.7842,1.1342,1.1262
118.0522,-69.0206,53.7863,1.1345,1.1262
118.1022,-68.9706,53.7880,1.1348,1.1302
118.1522,-68.9206,53.7894,1.1348,1.1320
118.2022,-68.8707,53.7909,1.1348,1.1337
118.2522,-68.8207,53.7923,1.1388,1.1338
118.3022,-68.7707,53.7935,1.1388,1.1345
118.3522,-68.7207,53.7946,1.1388,1.1352
118.4022,-68.6707,53.7954,1.1388,1.1358
118.4522,-68.6207,53.7962,1.1348,1.1381
118.5022,-68.5707,53.7971,1.1339,1.1381
118.5522,-68.5207,53.7981,1.1339,1.1381
118.6022,-68.4708,53.7995,1.1324,1.1371
118.6522,-68.4208,53.8010,1.1310,1.1352
118.7022,-68.3708,53.8026,1.1278,1.1333
118.7522,-68.3208,53.8043,1.1267,1.1319
118.8022,-68.2709,53.8062,1.1260,1.1307
118.8522,-68.2209,53.8084,1.1242,1.1264
118.9022,-68.1710,53.8109,1.1242,1.1240
118.9522,-68.1211,53.8138,1.1233,1.1230
119.0022,-68.0711,53.8169,1.1157,1.1099
119.0522,-68.0212,53.8200,1.1156,1.1073
119.1022,-67.9713,53.8226,1.1144,1.1048
119.1522,-67.9213,53.8243,1.1115,1.1048
119.2022,-67.8713,53.8251,1.1098,1.1048
119.2522,-67.8213,53.8253,1.1098,1.1048
119.3022,-67.7713,53.8250,1.1071,1.1050
119.3522,-67.7213,53.8246,1.1068,1.1051
119.4022,-67.6713,53.8242,1.1057,1.1055
119.4522,-67.6213,53.8240,1.1049,1.1060
119.5022,-67.5713,53.8239,1.1045,1.1068
119.5522,-67.5213,53.8240,1.1045,1.1072
119.6022,-67.4713,53.8243,1.1049,1.1072
119.6522,-67.4213,53.8246,1.1048,1.1072
119.7022,-67.3713,53.8248,1.1048,1.1071
119.7522,-67.3213,53.8250,1.1048,1.1071
119.8022,-67.2713,53.8251,1.1047,1.1060
119.8522,-67.2213,53.8252,1.1047,1.1047
119.9022,-67.1713,53.8252,1.1047,1.1047
119.9522,-67.1213,53.8251,1.1051,1.1035
120.0022,-67.0713,53.8248,1.1053,1.1035
120.0522,-67.0213,53.8245,1.1058,1.1030
120.1022,-66.9713,53.8240,1.1058,1.1029
120.1522,-66.9213,53.8232,1.1066,1.1029
120.2022,-66.8714,53.8221,1.1093,1.1030
120.2522,-66.8214,53.8203,1.1152,1.1030
120.3022,-66.7714,53.8177,1.1161,1.1033
120.3522,-66.7215,53.8146,1.1201,1.1204
120.4022,-66.6717,53.8112,1.1234,1.1257
120.4522,-66.6218,53.8081,1.1248,1.1268
120.5022,-66.5718,53.8053,1.1261,1.1292
120.5522,-66.5219,53.8031,1.1272,1.1296
120.6022,-66.4719,53.8012,1.1281,1.1296
120.6522,-66.4219,53.7998,1.1290,1.1298
120.7022,-66.3719,53.7987,1.1292,1.1303
120.7522,-66.3220,53.7979,1.1301,1.1326
120.8022,-66.2720,53.7974,1.1301,1.1326
120.8522,-66.2220,53.7971,1.1308,1.1326
120.9022,-66.1720,53.7969,1.1317,1.1324
120.9522,-66.1220,53.7967,1.1317,1.1306
121.0022,-66.0719,53.7966,1.1317,1.1306
121.0522,-66.0219,53.7965,1.1317,1.1306
121.1022,-65.9719,53.7964,1.1320,1.1306
121.1522,-65.9219,53.7963,1.1320,1.1319
121.2022,-65.8719,53.7963,1.1323,1.1321
121.2522,-65.8219,53.7963,1.1326,1.1322
121.3022,-65.7719,53.7964,1.1326,1.1322
121.3522,-65.7219,53.7965,1.1326,1.1322
121.4022,-65.6719,53.7966,1.1326,1.1322
121.4522,-65.6219,53.7968,1.1326,1.1322
121.5022,-65.5719,53.7971,1.1325,1.1322
121.5522,-65.5219,53.7973,1.1324,1.1325
121.6022,-65.4719,53.7976,1.1322,1.1325
121.6522,-65.4219,53.7977,1.1322,1.1326
121.7022,-65.3719,53.7978,1.1324,1.1326
121.7522,-65.3219,53.7977,1.1324,1.1326
121.8022,-65.2719,53.7975,1.1324,1.1326
121.8522,-65.2219,53.7972,1.1327,1.1326
121.9022,-65.1719,53.7969,1.1327,1.1326
121.9522,-65.1219,53.7966,1.1327,1.1329
122.0022,-65.0719,53.7964,1.1327,1.1329
122.0522,-65.0219,53.7963,1.1327,1.1329
122.1022,-64.9719,53.7962,1.1331,1.1329
122.1522,-64.9219,53.7962,1.1331,1.1329
122.2022,-64.8719,53.7961,1.1331,1.1329
122.2522,-64.8219,53.7961,1.1331,1.1327
122.3022,-64.7719,53.7960,1.1331,1.1327
122.3522,-64.7219,53.7958,1.1331,1.1327
122.4023,-64.6719,53.7957,1.1328,1.1329
122.4523,-64.6219,53.7956,1.1326,1.1329
122.5023,-64.5719,53.7957,1.1323,1.1329
122.5523,-64.5219,53.7959,1.1323,1.1329
122.6023,-64.4719,53.7963,1.1323,1.1325
122.6523,-64.4219,53.7967,1.1322,1.1325
122.7023,-64.3719,53.7971,1.1321,1.1320
122.7523,-64.3219,53.7974,1.1321,1.1320
122.8023,-64.2719,53.7976,1.1321,1.1315
122.8523,-64.2219,53.7977,1.1320,1.1315
122.9023,-64.1719,53.7977,1.1321,1.1315
122.9523,-64.1219,53.7976,1.1319,1.1315
123.0023,-64.0719,53.7975,1.1319,1.1315
123.0523,-64.0219,53.7974,1.1318,1.1315
123.1023,-63.9719,53.7974,1.1318,1.1315
123.1523,-63.9219,53.7974,1.1318,1.1315
123.2023,-63.8719,53.7974,1.1318,1.1316
123.2523,-63.8219,53.7975,1.1318,1.1316
123.3023,-63.7719,53.7975,1.1318,1.1316
123.3523,-63.7219,53.7976,1.1318,1.1318
123.4023,-63.6719,53.7976,1.1318,1.1321
123.4523,-63.6219,53.7977,1.1318,1.1321
123.5023,-63.5719,53.7978,1.1318,1.1321
123.5523,-63.5219,53.7978,1.1318,1.1326
123.6023,-63.4719,53.7979,1.1323,1.1331
123.6523,-63.4219,53.7979,1.1329,1.1331
123.7023,-63.3719,53.7978,1.1329,1.1331
123.7523,-63.3219,53.7977,1.1329,1.1335
123.8023,-63.2719,53.7975,1.1329,1.1339
123.8523,-63.2219,53.7973,1.1329,1.1339
123.9023,-63.1719,53.7971,1.1329,1.1339
123.9523,-63.1219,53.7969,1.1336,1.1339
124.0023,-63.0719,53.7968,1.1336,1.1339
124.0523,-63.0219,53.7967,1.1336,1.1339
124.1023,-62.9719,53.7966,1.1336,1.1339
124.1523,-62.9219,53.7965,1.1336,1.1339
124.2023,-62.8719,53.7964,1.1336,1.1339
124.2523,-62.8219,53.7964,1.1336,1.1330
124.3023,-62.7719,53.7964,1.1340,1.1330
124.3523,-62.7219,53.7965,1.1341,1.1330
124.4023,-62.6719,53.7965,1.1341,1.1330
124.4523,-62.6219,53.7966,1.1341,1.1426
124.5023,-62.5719,53.7967,1.1341,1.1426
124.5523,-62.5219,53.7968,1.1341,1.1426
124.6023,-62.4719,53.7969,1.1341,1.1340
124.6523,-62.4219,53.7970,1.1340,1.1338
124.7023,-62.3719,53.7971,1.1339,1.1338
124.7523,-62.3219,53.7972,1.1339,1.1338
124.8023,-62.2719,53.7974,1.1339,1.1338
124.8523,-62.2219,53.7975,1.1339,1.1338
124.9023,-62.1719,53.7976,1.1339,1.1338
124.9523,-62.1219,53.7975,1.1339,1.1335
125.0023,-62.0719,53.7972,1.1340,1.1335
125.0523,-62.0219,53.7966,1.1340,1.1333
125.1023,-61.9719,53.7958,1.1343,1.1329
125.1523,-61.9219,53.7948,1.1343,1.1329
125.2023,-61.8719,53.7937,1.1346,1.1317
125.2523,-61.8219,53.7925,1.1346,1.1317
125.3023,-61.7719,53.7914,1.1343,1.1305
125.3523,-61.7219,53.7902,1.1343,1.1292
125.4023,-61.6720,53.7887,1.1344,1.1271
125.4523,-61.6220,53.7867,1.1340,1.1264
125.5023,-61.5721,53.7840,1.1340,1.1256
125.5523,-61.5222,53.7807,1.1210,1.1241
125.6023,-61.4723,53.7771,1.1071,1.1227
125.6523,-61.4224,53.7738,1.1058,1.1208
125.7023,-61.3725,53.7713,1.1058,1.1189
125.7523,-61.3225,53.7696,1.1058,1.1189
125.8023,-61.2725,53.7686,1.1058,1.1160
125.8523,-61.2225,53.7681,1.1062,1.1134
125.9023,-61.1725,53.7680,1.1067,1.1103
125.9523,-61.1225,53.7679,1.1073,1.1074
126.0023,-61.0725,53.7677,1.1086,1.1049
126.0523,-61.0225,53.7673,1.1086,1.1039
126.1023,-60.9725,53.7665,1.1095,1.1039
126.1523,-60.9225,53.7651,1.1125,1.1049
126.2023,-60.8726,53.7630,1.1154,1.1076
126.2523,-60.8227,53.7600,1.1154,1.1122
126.3023,-60.7728,53.7564,1.1154,1.1133
126.3523,-60.7230,53.7523,1.1150,1.1143
126.4023,-60.6732,53.7479,1.1150,1.1151
126.4523,-60.6234,53.7435,1.1150,1.1151
126.5023,-60.5736,53.7389,1.1145,1.1151
126.5523,-60.5238,53.7340,1.1154,1.1151
126.6023,-60.4741,53.7289,1.1154,1.1151
126.6523,-60.4243,53.7236,1.1155,1.1151
126.7023,-60.3746,53.7181,1.1155,1.1151
126.7523,-60.3249,53.7127,1.1155,1.1151
126.8023,-60.2752,53.7076,1.1114,1.1141
126.8523,-60.2254,53.7029,1.1084,1.1107
126.9023,-60.1756,53.6985,1.1071,1.1107
126.9523,-60.1258,53.6943,1.1071,1.1090
127.0024,-60.0760,53.6902,1.1069,1.1083
127.0524,-60.0261,53.6860,1.1066,1.1060
127.1024,-59.9763,53.6817,1.1064,1.1060
127.1524,-59.9265,53.6774,1.1062,1.1060
127.2024,-59.8767,53.6729,1.1062,1.1060
127.2524,-59.8269,53.6682,1.1062,1.1060
127.3024,-59.7771,53.6635,1.1062,1.1065
127.3524,-59.7274,53.6585,1.1069,1.1065
127.4024,-59.6777,53.6533,1.1069,1.1084
127.4524,-59.6279,53.6480,1.1077,1.1105
127.5024,-59.5782,53.6427,1.1077,1.1111
127.5524,-59.5285,53.6374,1.1077,1.1111
127.6024,-59.4788,53.6323,1.1097,1.1118
127.6524,-59.4290,53.6274,1.1113,1.1118
127.7024,-59.3792,53.6226,1.1113,1.1118
127.7524,-59.3294,53.6181,1.1132,1.1118
127.8024,-59.2796,53.6136,1.1132,1.1115
127.8524,-59.2298,53.6089,1.1153,1.1115
127.9024,-59.1801,53.6039,1.1153,1.1115
127.9524,-59.1304,53.5984,1.1153,1.1126
128.0024,-59.0807,53.5927,1.1144,1.1144
128.0524,-59.0311,53.5868,1.1132,1.1161
128.1024,-58.9814,53.5812,1.1132,1.1161
128.1524,-58.9317,53.5759,1.1132,1.1161
128.2024,-58.8819,53.5711,1.1132,1.1161
128.2524,-58.8321,53.5667,1.1145,1.1143
128.3024,-58.7823,53.5624,1.1155,1.1143
128.3524,-58.7325,53.5580,1.1158,1.1118
128.4024,-58.6827,53.5532,1.1180,1.1118
128.4524,-58.6330,53.5481,1.1180,1.1118
128.5024,-58.5833,53.5427,1.1180,1.1118
128.5524,-58.5336,53.5372,1.1148,1.1145
128.6024,-58.4839,53.5315,1.1148,1.1145
128.6524,-58.4342,53.5260,1.1148,1.1145
128.7024,-58.3845,53.5205,1.1148,1.1145
128.7524,-58.3348,53.5152,1.1148,1.1176
128.8024,-58.2850,53.5101,1.1148,1.1178
128.8524,-58.2353,53.5053,1.1148,1.1182
128.9024,-58.1855,53.5007,1.1148,1.1184
128.9524,-58.1357,53.4964,1.1165,1.1190
129.0024,-58.0858,53.4920,1.1187,1.1190
129.0524,-58.0360,53.4876,1.1204,1.1190
129.1024,-57.9862,53.4830,1.1227,1.1211
129.1524,-57.9365,53.4781,1.1232,1.1233
129.2024,-57.8867,53.4733,1.1238,1.1237
129.2524,-57.8369,53.4686,1.1238,1.1237
129.3024,-57.7871,53.4641,1.1239,1.1246
129.3524,-57.7373,53.4598,1.1240,1.1237
129.4024,-57.6875,53.4555,1.1240,1.1237
129.4524,-57.6377,53.4512,1.1240,1.1233
129.5024,-57.5879,53.4468,1.1240,1.1233
129.5524,-57.5381,53.4423,1.1240,1.1233
129.6024,-57.4883,53.4377,1.1240,1.1225
129.6524,-57.4385,53.4328,1.1230,1.1207
129.7024,-57.3888,53.4276,1.1230,1.1207
129.7524,-57.3391,53.4222,1.1202,1.1207
129.8024,-57.2894,53.4168,1.1164,1.1206
129.8524,-57.2397,53.4113,1.1164,1.1206
129.9024,-57.1900,53.4060,1.1164,1.1176
129.9524,-57.1402,53.4009,1.1164,1.1176
130.0024,-57.0905,53.3959,1.1186,1.1176
130.0524,-57.0407,53.3909,1.1186,1.1175
130.1024,-56.9910,53.3857,1.1189,1.1173
130.1524,-56.9413,53.3803,1.1189,1.1173
130.2024,-56.8916,53.3744,1.1189,1.1171
130.2524,-56.8420,53.3682,1.1189,1.1171
130.3024,-56.7924,53.3617,1.1189,1.1171
130.3524,-56.7429,53.3551,1.1114,1.1171
130.4024,-56.6933,53.3489,1.1108,1.1156
130.4524,-56.6436,53.3431,1.1108,1.1156
130.5024,-56.5939,53.3376,1.1108,1.1137
130.5524,-56.5442,53.3323,1.1123,1.1135
130.6024,-56.4945,53.3268,1.1123,1.1114
130.6524,-56.4448,53.3209,1.1123,1.1114
130.7024,-56.3953,53.3143,1.1123,1.1114
130.7524,-56.3458,53.3073,1.1123,1.1116
130.8024,-56.2963,53.2998,1.1133,1.1125
130.8524,-56.2469,53.2922,1.1133,1.1135
130.9024,-56.1975,53.2846,1.1141,1.1135
130.9524,-56.1481,53.2770,1.1142,1.1135
131.0024,-56.0987,53.2693,1.1142,1.1123
131.0524,-56.0493,53.2614,1.1143,1.1123
131.1024,-56.0000,53.2533,1.1143,1.1123
131.1524,-55.9507,53.2449,1.1143,1.1123
131.2024,-55.9014,53.2364,1.1143,1.1123
131.2524,-55.8521,53.2277,1.1146,1.1142
131.3024,-55.8029,53.2190,1.1152,1.1151
131.3525,-55.7537,53.2103,1.1156,1.1151
131.4025,-55.7044,53.2015,1.1160,1.1156
131.4525,-55.6552,53.1927,1.1169,1.1156
131.5025,-55.6061,53.1836,1.1188,1.1162
131.5525,-55.5569,53.1743,1.1188,1.1177
131.6025,-55.5079,53.1647,1.1188,1.1177
131.6525,-55.4588,53.1549,1.1188,1.1225
131.7025,-55.4098,53.1450,1.1188,1.1228
131.7525,-55.3608,53.1352,1.1218,1.1228
131.8025,-55.3117,53.1255,1.1218,1.1228
131.8525,-55.2627,53.1159,1.1241,1.1228
131.9025,-55.2136,53.1063,1.1242,1.1228
131.9525,-55.1645,53.0967,1.1247,1.1237
132.0025,-55.1155,53.0871,1.1283,1.1248
132.0525,-55.0664,53.0773,1.1283,1.1259
132.1025,-55.0174,53.0672,1.1283,1.1259
132.1525,-54.9685,53.0570,1.1274,1.1248
132.2025,-54.9196,53.0467,1.1232,1.1242
132.2525,-54.8706,53.0364,1.1232,1.1215
132.3025,-54.8217,53.0263,1.1200,1.1211
132.3525,-54.7727,53.0164,1.1200,1.1211
132.4025,-54.7236,53.0065,1.1200,1.1206
132.4525,-54.6746,52.9967,1.1200,1.1190
132.5025,-54.6256,52.9869,1.1177,1.1190
132.5525,-54.5765,52.9772,1.1177,1.1190
132.6025,-54.5275,52.9675,1.1177,1.1190
132.6525,-54.4784,52.9580,1.1166,1.1190
132.7025,-54.4293,52.9486,1.1154,1.1190
132.7525,-54.3801,52.9394,1.1154,1.1169
132.8025,-54.3310,52.9303,1.1154,1.1164
132.8525,-54.2818,52.9212,1.1154,1.1164
132.9025,-54.2326,52.9122,1.1152,1.1164
132.9525,-54.1834,52.9032,1.1154,1.1161
133.0025,-54.1342,52.8943,1.1154,1.1161
133.0525,-54.0850,52.8854,1.1152,1.1161
133.1025,-54.0358,52.8767,1.1152,1.1159
133.1525,-53.9865,52.8682,1.1152,1.1159
133.2025,-53.9372,52.8600,1.1152,1.1142
133.2525,-53.8879,52.8517,1.1156,1.1134
133.3025,-53.8386,52.8433,1.1156,1.1123
133.3525,-53.7894,52.8345,1.1150,1.1123
133.4025,-53.7402,52.8255,1.1150,1.1123
133.4525,-53.6911,52.8161,1.1150,1.1129
133.5025,-53.6420,52.8065,1.1150,1.1129
133.5525,-53.5930,52.7967,1.1159,1.1129
133.6025,-53.5440,52.7867,1.1159,1.1129
133.6525,-53.4951,52.7763,1.1169,1.1123
133.7025,-53.4463,52.7655,1.1159,1.1123
133.7525,-53.3975,52.7544,1.1159,1.1123
133.8025,-53.3488,52.7432,1.1159,1.1123
133.8525,-53.3000,52.7321,1.1174,1.1189
133.9025,-53.2512,52.7213,1.1150,1.1189
133.9525,-53.2023,52.7109,1.1174,1.1189
134.0025,-53.1533,52.7008,1.1178,1.1189
134.0525,-53.1043,52.6909,1.1178,1.1167
134.1025,-53.0553,52.6809,1.1178,1.1143
134.1525,-53.0064,52.6707,1.1178,1.1141
134.2025,-52.9575,52.6603,1.1149,1.1141
134.2525,-52.9086,52.6499,1.1149,1.1140
134.3025,-52.8596,52.6396,1.1113,1.1139
134.3525,-52.8106,52.6296,1.1113,1.1139
134.4025,-52.7616,52.6199,1.1113,1.1137
134.4525,-52.7125,52.6104,1.1113,1.1137
134.5025,-52.6633,52.6012,1.1113,1.1137
134.5525,-52.6142,52.5922,1.1113,1.1133
134.6025,-52.5650,52.5832,1.1106,1.1124
134.6525,-52.5158,52.5742,1.1106,1.1118
134.7025,-52.4666,52.5651,1.1106,1.1113
134.7525,-52.4175,52.5560,1.1106,1.1113
134.8025,-52.3683,52.5468,1.1108,1.1113
134.8525,-52.3191,52.5377,1.1111,1.1113
134.9025,-52.2700,52.5285,1.1112,1.1113
134.9525,-52.2208,52.5193,1.1112,1.1111
135.0025,-52.1717,52.5101,1.1118,1.1107
135.0525,-52.1226,52.5008,1.1118,1.1104
135.1025,-52.0734,52.4915,1.1118,1.1104
135.1525,-52.0243,52.4822,1.1119,1.1104
135.2025,-51.9752,52.4729,1.1120,1.1104
135.2525,-51.9261,52.4635,1.1120,1.1104
135.3025,-51.8770,52.4542,1.1131,1.1104
135.3525,-51.8279,52.4447,1.1131,1.1110
135.4025,-51.7788,52.4351,1.1131,1.1110
135.4525,-51.7298,52.4252,1.1131,1.1114
135.5025,-51.6808,52.4149,1.1091,1.1114
135.5526,-51.6320,52.4043,1.1091,1.1114
135.6026,-51.5832,52.3932,1.1091,1.1123
135.6526,-51.5345,52.3819,1.1091,1.1143
135.7026,-51.4858,52.3706,1.1091,1.1143
135.7526,-51.4371,52.3594,1.1091,1.1143
135.8026,-51.3883,52.3484,1.1091,1.1123
135.8526,-51.3395,52.3375,1.1091,1.1132
135.9026,-51.2907,52.3267,1.1091,1.1123
135.9526,-51.2418,52.3160,1.1091,1.1118
136.0026,-51.1930,52.3053,1.1088,1.1118
136.0526,-51.1441,52.2948,1.1088,1.1118
136.1026,-51.0952,52.2846,1.1088,1.1113
136.1526,-51.0462,52.2745,1.1088,1.1110
136.2026,-50.9971,52.2648,1.1102,1.1110
136.2526,-50.9480,52.2553,1.1102,1.1110
136.3026,-50.8989,52.2460,1.1102,1.1110
136.3526,-50.8498,52.2368,1.1117,1.1107
136.4026,-50.8006,52.2276,1.1117,1.1107
136.4526,-50.7515,52.2183,1.1120,1.1107
136.5026,-50.7024,52.2089,1.1120,1.1110
136.5526,-50.6533,52.1995,1.1120,1.1114
136.6026,-50.6042,52.1901,1.1122,1.1114
136.6526,-50.5551,52.1807,1.1122,1.1110
136.7026,-50.5060,52.1713,1.1122,1.1110
136.7526,-50.4568,52.1619,1.1122,1.1114
136.8026,-50.4077,52.1526,1.1138,1.1130
136.8526,-50.3586,52.1433,1.1140,1.1130
136.9026,-50.3094,52.1341,1.1140,1.1130
136.9526,-50.2603,52.1248,1.1144,1.1100
137.0026,-50.2112,52.1154,1.1146,1.1100
137.0526,-50.1621,52.1058,1.1152,1.1100
137.1026,-50.1131,52.0961,1.1161,1.1165
137.1526,-50.0641,52.0863,1.1161,1.1165
137.2026,-50.0150,52.0765,1.1161,1.1165
137.2526,-49.9660,52.0668,1.1161,1.1165
137.3026,-49.9169,52.0571,1.1161,1.1185
137.3526,-49.8678,52.0475,1.1187,1.1185
137.4026,-49.8188,52.0378,1.1188,1.1185
137.4526,-49.7698,52.0280,1.1188,1.1185
137.5026,-49.7208,52.0180,1.1188,1.1185
137.5526,-49.6719,52.0076,1.1174,1.1162
137.6026,-49.6230,51.9968,1.1174,1.1162
137.6526,-49.5743,51.9858,1.1174,1.1162
137.7026,-49.5256,51.9745,1.1174,1.1162
137.7526,-49.4769,51.9631,1.1174,1.1162
137.8026,-49.4282,51.9516,1.1172,1.1162
137.8526,-49.3795,51.9403,1.1143,1.1143
137.9026,-49.3307,51.9294,1.1113,1.1143
137.9526,-49.2818,51.9189,1.1113,1.1143
138.0026,-49.2328,51.9089,1.1114,1.1143
138.0526,-49.1837,51.8995,1.1114,1.1143
138.1026,-49.1345,51.8905,1.1114,1.1132
138.1526,-49.0853,51.8817,1.1134,1.1132
138.2026,-49.0360,51.8732,1.1134,1.1132
138.2526,-48.9868,51.8646,1.1134,1.1130
138.3026,-48.9375,51.8561,1.1134,1.1130
138.3526,-48.8882,51.8477,1.1134,1.1130
138.4026,-48.8389,51.8392,1.1134,1.1130
138.4526,-48.7897,51.8307,1.1136,1.1130
138.5026,-48.7404,51.8219,1.1136,1.1130
138.5526,-48.6912,51.8130,1.1136,1.1135
138.6026,-48.6421,51.8039,1.1137,1.1135
138.6526,-48.5929,51.7947,1.1137,1.1135
138.7026,-48.5438,51.7855,1.1146,1.1140
138.7526,-48.4947,51.7762,1.1146,1.1140
138.8026,-48.4455,51.7670,1.1147,1.1147
138.8526,-48.3964,51.7578,1.1147,1.1156
138.9026,-48.3472,51.7486,1.1163,1.1156
138.9526,-48.2981,51.7392,1.1170,1.1156
139.0026,-48.2490,51.7296,1.1173,1.1157
139.0526,-48.2000,51.7197,1.1176,1.1208
139.1026,-48.1511,51.7095,1.1255,1.1261
139.1526,-48.1022,51.6991,1.1261,1.1274
139.2026,-48.0532,51.6888,1.1261,1.1274
139.2526,-48.0043,51.6785,1.1261,1.1274
139.3026,-47.9553,51.6685,1.1279,1.1274
139.3526,-47.9063,51.6585,1.1279,1.1274
139.4026,-47.8573,51.6486,1.1263,1.1271
139.4526,-47.8083,51.6386,1.1263,1.1261
139.5026,-47.7593,51.6286,1.1263,1.1261
139.5526,-47.7103,51.6186,1.1261,1.1261
139.6026,-47.6614,51.6086,1.1261,1.1223
139.6526,-47.6123,51.5987,1.1224,1.1223
139.7026,-47.5633,51.5890,1.1224,1.1223
139.7527,-47.5142,51.5792,1.1188,1.1211
139.8027,-47.4652,51.5695,1.1188,1.1211
139.8527,-47.4162,51.5595,1.1188,1.1190
139.9027,-47.3672,51.5494,1.1148,1.1181
139.9527,-47.3183,51.5391,1.1148,1.1181
140.0027,-47.2694,51.5288,1.1148,1.1174
140.0527,-47.2204,51.5187,1.1148,1.1174
140.1027,-47.1714,51.5088,1.1148,1.1174
140.1527,-47.1223,51.4992,1.1148,1.1149
140.2027,-47.0732,51.4899,1.1135,1.1149
140.2527,-47.0240,51.4808,1.1126,1.1149
140.3027,-46.9748,51.4719,1.1126,1.1131
140.3527,-46.9256,51.4632,1.1124,1.1122
140.4027,-46.8764,51.4545,1.1126,1.1122
140.4527,-46.8271,51.4459,1.1124,1.1116
140.5027,-46.7779,51.4373,1.1124,1.1116
140.5527,-46.7286,51.4287,1.1124,1.1116
140.6027,-46.6794,51.4200,1.1124,1.1116
140.6527,-46.6301,51.4113,1.1124,1.1116
140.7027,-46.5809,51.4025,1.1126,1.1110
140.7527,-46.5317,51.3936,1.1126,1.1108
140.8027,-46.4825,51.3845,1.1126,1.1108
140.8527,-46.4334,51.3751,1.1130,1.1110
140.9027,-46.3844,51.3654,1.1130,1.1128
140.9527,-46.3354,51.3553,1.1144,1.1128
141.0027,-46.2865,51.3449,1.1145,1.1171
141.0527,-46.2376,51.3344,1.1168,1.1186
141.1027,-46.1887,51.3239,1.1176,1.1186
141.1527,-46.1398,51.3135,1.1176,1.1186
141.2027,-46.0909,51.3032,1.1176,1.1186
141.2527,-46.0420,51.2928,1.1176,1.1186
141.3027,-45.9930,51.2825,1.1176,1.1212
141.3527,-45.9441,51.2721,1.1176,1.1212
141.4027,-45.8952,51.2619,1.1176,1.1212
141.4527,-45.8462,51.2518,1.1176,1.1198
141.5027,-45.7972,51.2418,1.1170,1.1198
141.5527,-45.7482,51.2318,1.1170,1.1169
141.6027,-45.6992,51.2219,1.1170,1.1164
141.6527,-45.6502,51.2119,1.1170,1.1164
141.7027,-45.6012,51.2020,1.1170,1.1164
141.7527,-45.5522,51.1921,1.1170,1.1160
141.8027,-45.5032,51.1823,1.1166,1.1159
141.8527,-45.4542,51.1724,1.1163,1.1159
141.9027,-45.4051,51.1626,1.1158,1.1159
141.9527,-45.3561,51.1529,1.1122,1.1147
142.0027,-45.3070,51.1432,1.1098,1.1135
142.0527,-45.2579,51.1337,1.1098,1.1102
142.1027,-45.2088,51.1243,1.1097,1.1102
142.1527,-45.1597,51.1149,1.1098,1.1102
142.2027,-45.1106,51.1054,1.1098,1.1102
142.2527,-45.0615,51.0958,1.1105,1.1102
142.3027,-45.0125,51.0863,1.1113,1.1102
142.3527,-44.9634,51.0768,1.1113,1.1102
142.4027,-44.9143,51.0673,1.1113,1.1102
142.4527,-44.8652,51.0578,1.1119,1.1102
142.5027,-44.8161,51.0482,1.1119,1.1102
142.5527,-44.7670,51.0386,1.1126,1.1105
142.6027,-44.7180,51.0290,1.1126,1.1112
142.6527,-44.6689,51.0193,1.1128,1.1127
142.7027,-44.6199,51.0095,1.1149,1.1127
142.7527,-44.5709,50.9996,1.1170,1.1127
142.8027,-44.5219,50.9896,1.1170,1.1161
142.8527,-44.4729,50.9796,1.1170,1.1161
142.9027,-44.4239,50.9697,1.1141,1.1161
142.9527,-44.3748,50.9600,1.1141,1.1161
143.0027,-44.3258,50.9504,1.1141,1.1179
143.0527,-44.2767,50.9410,1.1150,1.1197
143.1027,-44.2275,50.9317,1.1182,1.1197
143.1527,-44.1784,50.9223,1.1182,1.1197
143.2027,-44.1294,50.9124,1.1182,1.1179
143.2527,-44.0805,50.9021,1.1166,1.1179
143.3027,-44.0316,50.8914,1.1166,1.1179
143.3527,-43.9828,50.8806,1.1166,1.1198
143.4027,-43.9340,50.8699,1.1166,1.1198
143.4527,-43.8851,50.8594,1.1166,1.1198
143.5027,-43.8361,50.8492,1.1166,1.1198
143.5527,-43.7871,50.8393,1.1166,1.1172
143.6027,-43.7381,50.8293,1.1166,1.1172
143.6527,-43.6891,50.8194,1.1166,1.1172
143.7027,-43.6401,50.8096,1.1166,1.1172
143.7527,-43.5911,50.7998,1.1149,1.1172
143.8027,-43.5420,50.7903,1.1147,1.1159
143.8527,-43.4928,50.7810,1.1147,1.1159
143.9028,-43.4437,50.7720,1.1144,1.1159
143.9528,-43.3945,50.7630,1.1137,1.1154
144.0028,-43.3452,50.7543,1.1137,1.1150
144.0528,-43.2960,50.7458,1.1137,1.1150
144.1028,-43.2467,50.7374,1.1132,1.1150
144.1528,-43.1974,50.7292,1.1132,1.1150
144.2028,-43.1480,50.7210,1.1132,1.1150
144.2528,-43.0987,50.7129,1.1125,1.1106
144.3028,-43.0493,50.7048,1.1125,1.1098
144.3528,-43.0000,50.6965,1.1118,1.1098
144.4028,-42.9507,50.6881,1.1118,1.1098
144.4528,-42.9015,50.6795,1.1125,1.1098
144.5028,-42.8523,50.6707,1.1132,1.1098
144.5528,-42.8031,50.6616,1.1132,1.1098
144.6028,-42.7540,50.6520,1.1145,1.1102
144.6528,-42.7050,50.6421,1.1145,1.1102
144.7028,-42.6561,50.6318,1.1145,1.1102
144.7528,-42.6072,50.6212,1.1145,1.1098
144.8028,-42.5584,50.6105,1.1145,1.1098
144.8528,-42.5096,50.5996,1.1159,1.1098
144.9028,-42.4608,50.5887,1.1164,1.1149
144.9528,-42.4119,50.5780,1.1168,1.1161
145.0028,-42.3631,50.5675,1.1172,1.1173
145.0528,-42.3141,50.5571,1.1168,1.1173
145.1028,-42.2652,50.5468,1.1168,1.1173
145.1528,-42.2163,50.5366,1.1172,1.1189
145.2028,-42.1673,50.5264,1.1172,1.1189
145.2528,-42.1183,50.5163,1.1168,1.1189
145.3028,-42.0694,50.5063,1.1164,1.1173
145.3528,-42.0204,50.4963,1.1164,1.1170
145.4028,-41.9714,50.4863,1.1163,1.1170
145.4528,-41.9224,50.4764,1.1155,1.1170
145.5028,-41.8733,50.4667,1.1155,1.1170
145.5528,-41.8242,50.4571,1.1155,1.1170
145.6028,-41.7751,50.4478,1.1156,1.1165
145.6528,-41.7260,50.4386,1.1156,1.1163
145.7028,-41.6768,50.4295,1.1156,1.1163
145.7528,-41.6276,50.4204,1.1156,1.1162
145.8028,-41.5784,50.4115,1.1155,1.1162
145.8528,-41.5292,50.4027,1.1155,1.1159
145.9028,-41.4800,50.3940,1.1156,1.1159
145.9528,-41.4307,50.3856,1.1156,1.1159
146.0028,-41.3814,50.3771,1.1162,1.1159
146.0528,-41.3321,50.3687,1.1176,1.1159
146.1028,-41.2829,50.3601,1.1177,1.1159
146.1528,-41.2336,50.3514,1.1177,1.1159
146.2028,-41.1844,50.3426,1.1177,1.1161
146.2528,-41.1352,50.3336,1.1152,1.1161
146.3028,-41.0860,50.3245,1.1152,1.1161
146.3528,-41.0369,50.3154,1.1152,1.1161
146.4028,-40.9877,50.3063,1.1166,1.1156
146.4528,-40.9386,50.2970,1.1169,1.1156
146.5028,-40.8895,50.2876,1.1169,1.1149
146.5528,-40.8404,50.2778,1.1169,1.1149
146.6028,-40.7915,50.2678,1.1162,1.1156
146.6528,-40.7425,50.2575,1.1162,1.1163
146.7028,-40.6936,50.2470,1.1162,1.1201
146.7528,-40.6447,50.2366,1.1178,1.1201
146.8028,-40.5958,50.2262,1.1178,1.1201
146.8528,-40.5469,50.2158,1.1178,1.1159
146.9028,-40.4980,50.2055,1.1162,1.1159
146.9528,-40.4491,50.1951,1.1162,1.1159
147.0028,-40.4002,50.1846,1.1162,1.1159
147.0528,-40.3513,50.1740,1.1162,1.1159
147.1028,-40.3025,50.1634,1.1162,1.1159
147.1528,-40.2536,50.1526,1.1149,1.1159
147.2028,-40.2048,50.1419,1.1146,1.1159
147.2528,-40.1559,50.1314,1.1146,1.1159
147.3028,-40.1070,50.1211,1.1127,1.1158
147.3528,-40.0580,50.1113,1.1127,1.1158
147.4028,-40.0088,50.1020,1.1127,1.1158
147.4528,-39.9596,50.0932,1.1127,1.1151
147.5028,-39.9103,50.0846,1.1127,1.1151
147.5528,-39.8611,50.0762,1.1127,1.1151
147.6028,-39.8118,50.0677,1.1119,1.1151
147.6528,-39.7625,50.0592,1.1119,1.1151
147.7028,-39.7133,50.0506,1.1119,1.1151
147.7528,-39.6640,50.0421,1.1119,1.1151
147.8028,-39.6147,50.0338,1.1127,1.1150
147.8528,-39.5654,50.0256,1.1144,1.1150
147.9028,-39.5160,50.0173,1.1159,1.1150
147.9528,-39.4668,50.0088,1.1159,1.1145
148.0028,-39.4176,50.0000,1.1159,1.1140
148.0528,-39.3684,49.9907,1.1159,1.1140
148.1028,-39.3193,49.9811,1.1127,1.1140
148.1529,-39.2703,49.9715,1.1127,1.1140
148.2029,-39.2212,49.9620,1.1127,1.1135
148.2529,-39.1721,49.9526,1.1127,1.1135
148.3029,-39.1229,49.9434,1.1127,1.1121
148.3529,-39.0738,49.9341,1.1135,1.1121
148.4029,-39.0247,49.9248,1.1142,1.1121
148.4529,-38.9756,49.9154,1.1144,1.1121
148.5029,-38.9265,49.9059,1.1144,1.1121
148.5529,-38.8774,49.8963,1.1147,1.1121
148.6029,-38.8284,49.8866,1.1147,1.1121
148.6529,-38.7793,49.8768,1.1147,1.1115
148.7029,-38.7303,49.8667,1.1144,1.1115
148.7529,-38.6814,49.8565,1.1144,1.1115
148.8029,-38.6325,49.8460,1.1144,1.1115
148.8529,-38.5837,49.8354,1.1147,1.1159
148.9029,-38.5348,49.8248,1.1200,1.1168
148.9529,-38.4859,49.8141,1.1202,1.1168
149.0029,-38.4371,49.8035,1.1212,1.1168
149.0529,-38.3882,49.7929,1.1212,1.1172
149.1029,-38.3393,49.7824,1.1200,1.1196
149.1529,-38.2904,49.7722,1.1189,1.1196
149.2029,-38.2413,49.7624,1.1189,1.1196
149.2529,-38.1922,49.7530,1.1189,1.1196
149.3029,-38.1430,49.7440,1.1189,1.1188
149.3529,-38.0938,49.7352,1.1189,1.1181
149.4029,-38.0446,49.7266,1.1189,1.1178
149.4529,-37.9953,49.7180,1.1189,1.1178
149.5029,-37.9461,49.7094,1.1140,1.1176
149.5529,-37.8968,49.7008,1.1140,1.1173
149.6029,-37.8475,49.6922,1.1135,1.1171
149.6529,-37.7983,49.6836,1.1120,1.1171
149.7029,-37.7490,49.6751,1.1120,1.1086
149.7529,-37.6998,49.6665,1.1120,1.1086
149.8029,-37.6505,49.6578,1.1120,1.1086
149.8529,-37.6013,49.6490,1.1120,1.1102
149.9029,-37.5521,49.6402,1.1116,1.1102
149.9529,-37.5029,49.6312,1.1116,1.1103
150.0029,-37.4537,49.6221,1.1116,1.1103
150.0529,-37.4046,49.6129,1.1116,1.1103
150.1029,-37.3555,49.6036,1.1126,1.1128
150.1529,-37.3063,49.5942,1.1134,1.1128
150.2029,-37.2572,49.5848,1.1137,1.1128
150.2529,-37.2081,49.5754,1.1137,1.1128
150.3029,-37.1591,49.5658,1.1137,1.1128
150.3529,-37.1100,49.5563,1.1137,1.1128
150.4029,-37.0609,49.5467,1.1138,1.1128
150.4529,-37.0118,49.5371,1.1139,1.1128
150.5029,-36.9627,49.5276,1.1142,1.1128
150.5529,-36.9137,49.5180,1.1153,1.1128
150.6029,-36.8646,49.5084,1.1153,1.1128
150.6529,-36.8155,49.4988,1.1153,1.1158
150.7029,-36.7664,49.4893,1.1168,1.1189
150.7529,-36.7173,49.4800,1.1168,1.1189
150.8029,-36.6682,49.4708,1.1168,1.1189
150.8529,-36.6190,49.4616,1.1168,1.1171
150.9029,-36.5699,49.4524,1.1168,1.1171
150.9529,-36.5207,49.4431,1.1168,1.1171
151.0029,-36.4716,49.4336,1.1179,1.1180
151.0529,-36.4225,49.4242,1.1179,1.1180
151.1029,-36.3734,49.4147,1.1196,1.1180
151.1529,-36.3243,49.4053,1.1196,1.1180
151.2029,-36.2752,49.3959,1.1196,1.1177
151.2529,-36.2261,49.3868,1.1196,1.1171
151.3029,-36.1769,49.3779,1.1170,1.1171
151.3529,-36.1276,49.3692,1.1170,1.1150
151.4029,-36.0783,49.3608,1.1151,1.1133
151.4529,-36.0290,49.3525,1.1142,1.1133
151.5029,-35.9797,49.3444,1.1134,1.1130
151.5529,-35.9303,49.3362,1.1134,1.1129
151.6029,-35.8810,49.3280,1.1134,1.1129
151.6529,-35.8317,49.3197,1.1123,1.1129
151.7029,-35.7824,49.3115,1.1112,1.1129
151.7529,-35.7331,49.3033,1.1112,1.1129
151.8029,-35.6837,49.2954,1.1112,1.1129
151.8529,-35.6343,49.2877,1.1112,1.1129
151.9029,-35.5849,49.2802,1.1142,1.1129
151.9529,-35.5354,49.2727,1.1142,1.1129
152.0029,-35.4860,49.2652,1.1142,1.1133
152.0529,-35.4366,49.2575,1.1122,1.1133
152.1029,-35.3872,49.2498,1.1122,1.1133
152.1529,-35.3378,49.2420,1.1122,1.1133
152.2029,-35.2884,49.2343,1.1126,1.1133
152.2530,-35.2390,49.2265,1.1149,1.1133
152.3030,-35.1896,49.2186,1.1149,1.1125
152.3530,-35.1403,49.2104,1.1149,1.1122
152.4030,-35.0910,49.2021,1.1149,1.1122
152.4530,-35.0417,49.1936,1.1147,1.1122
152.5030,-34.9924,49.1852,1.1147,1.1142
152.5530,-34.9431,49.1769,1.1147,1.1151
152.6030,-34.8938,49.1687,1.1149,1.1151
152.6530,-34.8445,49.1604,1.1180,1.1142
152.7030,-34.7952,49.1519,1.1180,1.1161
152.7530,-34.7460,49.1431,1.1189,1.1180
152.8030,-34.6968,49.1339,1.1196,1.1218
152.8530,-34.6477,49.1249,1.1196,1.1244
152.9030,-34.5984,49.1162,1.1196,1.1256
152.9530,-34.5491,49.1079,1.1199,1.1256
153.0030,-34.4997,49.0999,1.1224,1.1256
153.0530,-34.4504,49.0920,1.1224,1.1239
153.1030,-34.4010,49.0840,1.1224,1.1197
153.1530,-34.3517,49.0758,1.1193,1.1197
153.2030,-34.3024,49.0675,1.1193,1.1197
153.2530,-34.2530,49.0595,1.1193,1.1204
153.3030,-34.2036,49.0518,1.1193,1.1204
153.3530,-34.1542,49.0443,1.1248,1.1204
153.4030,-34.1048,49.0367,1.1248,1.1186
153.4530,-34.0554,49.0287,1.1248,1.1150
153.5030,-34.0061,49.0203,1.1205,1.1150
153.5530,-33.9569,49.0118,1.1127,1.1150
153.6030,-33.9075,49.0035,1.1127,1.1150
153.6530,-33.8581,48.9958,1.1127,1.1150
153.7030,-33.8087,48.9886,1.1152,1.1139
153.7530,-33.7591,48.9818,1.1157,1.1139
153.8030,-33.7096,48.9751,1.1168,1.1131
153.8530,-33.6600,48.9683,1.1168,1.1120
153.9030,-33.6106,48.9611,1.1168,1.1120
153.9530,-33.5611,48.9539,1.1090,1.1120
154.0030,-33.5116,48.9469,1.1078,1.1120
154.0530,-33.4620,48.9404,1.1067,1.1123
154.1030,-33.4123,48.9348,1.1067,1.1123
154.1530,-33.3626,48.9297,1.1067,1.1123
154.2030,-33.3128,48.9250,1.1101,1.1116
154.2530,-33.2630,48.9200,1.1117,1.1095
154.3030,-33.2133,48.9146,1.1117,1.1083
154.3530,-33.1637,48.9085,1.1117,1.1083
154.4030,-33.1141,48.9019,1.1103,1.1095
154.4530,-33.0646,48.8950,1.1095,1.1122
154.5030,-33.0151,48.8882,1.1095,1.1149
154.5530,-32.9655,48.8817,1.1095,1.1159
154.6030,-32.9159,48.8755,1.1106,1.1159
154.6530,-32.8662,48.8696,1.1146,1.1159
154.7030,-32.8166,48.8637,1.1148,1.1100
154.7530,-32.7670,48.8576,1.1150,1.1100
154.8030,-32.7174,48.8511,1.1150,1.1100
154.8530,-32.6678,48.8443,1.1150,1.1105
154.9030,-32.6183,48.8375,1.1146,1.1175
154.9530,-32.5687,48.8309,1.1146,1.1217
155.0030,-32.5191,48.8249,1.1146,1.1217
155.0530,-32.4694,48.8195,1.1146,1.1217
155.1030,-32.4197,48.8145,1.1157,1.1181
155.1530,-32.3699,48.8095,1.1175,1.1150
155.2030,-32.3202,48.8040,1.1189,1.1112
155.2530,-32.2706,48.7980,1.1189,1.1112
155.3030,-32.2210,48.7913,1.1189,1.1112
155.3530,-32.1715,48.7842,1.1180,1.1203
155.4030,-32.1220,48.7770,1.1148,1.1203
155.4530,-32.0725,48.7702,1.1148,1.1210
155.5030,-32.0229,48.7639,1.1148,1.1210
155.5530,-31.9732,48.7581,1.1194,1.1210
155.6030,-31.9235,48.7528,1.1194,1.1203
155.6530,-31.8738,48.7476,1.1194,1.1188
155.7030,-31.8241,48.7423,1.1194,1.1173
155.7530,-31.7744,48.7367,1.1194,1.1173
155.8030,-31.7247,48.7307,1.1194,1.1173
155.8530,-31.6752,48.7242,1.1194,1.1232
155.9030,-31.6256,48.7177,1.1194,1.1248
155.9530,-31.5760,48.7113,1.1194,1.1248
156.0030,-31.5264,48.7054,1.1184,1.1248
156.0530,-31.4766,48.7000,1.1184,1.1248
156.1030,-31.4269,48.6952,1.1184,1.1218
156.1530,-31.3771,48.6907,1.1196,1.1177
156.2030,-31.3273,48.6862,1.1184,1.1169
156.2530,-31.2775,48.6817,1.1196,1.1162
156.3030,-31.2277,48.6770,1.1208,1.1162
156.3530,-31.1779,48.6720,1.1208,1.1162
156.4030,-31.1282,48.6668,1.1208,1.1177
156.4530,-31.0785,48.6614,1.1208,1.1177
156.5030,-31.0288,48.6560,1.1152,1.1177
156.5530,-30.9791,48.6509,1.1140,1.1170
156.6030,-30.9293,48.6460,1.1127,1.1170
156.6530,-30.8795,48.6414,1.1127,1.1155
156.7030,-30.8297,48.6370,1.1127,1.1155
156.7530,-30.7799,48.6328,1.1134,1.1155
156.8030,-30.7301,48.6286,1.1143,1.1155
156.8530,-30.6802,48.6245,1.1165,1.1155
156.9030,-30.6304,48.6204,1.1165,1.1146
156.9530,-30.5806,48.6163,1.1165,1.1146
157.0030,-30.5307,48.6123,1.1165,1.1123
157.0530,-30.4809,48.6081,1.1141,1.1123
157.1030,-30.4311,48.6039,1.1134,1.1123
157.1530,-30.3812,48.5996,1.1134,1.1120
157.2031,-30.3314,48.5951,1.1134,1.1119
157.2531,-30.2817,48.5904,1.1134,1.1116
157.3031,-30.2319,48.5856,1.1116,1.1116
157.3531,-30.1821,48.5809,1.1111,1.1116
157.4031,-30.1323,48.5761,1.1110,1.1116
157.4531,-30.0825,48.5716,1.1110,1.1116
157.5031,-30.0327,48.5674,1.1110,1.1116
157.5531,-29.9829,48.5634,1.1110,1.1116
157.6031,-29.9330,48.5598,1.1099,1.1116
157.6531,-29.8831,48.5566,1.1099,1.1116
157.7031,-29.8332,48.5536,1.1099,1.1093
157.7531,-29.7833,48.5507,1.1107,1.1093
157.8031,-29.7334,48.5476,1.1111,1.1093
157.8531,-29.6835,48.5441,1.1114,1.1093
157.9031,-29.6337,48.5401,1.1126,1.1106
157.9531,-29.5839,48.5356,1.1138,1.1117
158.0031,-29.5341,48.5308,1.1138,1.1149
158.0531,-29.4843,48.5259,1.1147,1.1169
158.1031,-29.4346,48.5210,1.1147,1.1169
158.1531,-29.3848,48.5164,1.1147,1.1170
158.2031,-29.3350,48.5120,1.1138,1.1170
158.2531,-29.2851,48.5079,1.1138,1.1170
158.3031,-29.2353,48.5041,1.1138,1.1172
158.3531,-29.1854,48.5008,1.1138,1.1172
158.4031,-29.1355,48.4981,1.1123,1.1172
158.4531,-29.0855,48.4961,1.1123,1.1168
158.5031,-29.0355,48.4948,1.1123,1.1148
158.5531,-28.9855,48.4940,1.1123,1.1129
158.6031,-28.9355,48.4933,1.1138,1.1121
158.6531,-28.8855,48.4923,1.1154,1.1121
158.7031,-28.8356,48.4905,1.1178,1.1121
158.7531,-28.7856,48.4881,1.1178,1.1121
158.8031,-28.7357,48.4850,1.1178,1.1121
158.8531,-28.6859,48.4815,1.1178,1.1128
158.9031,-28.6360,48.4777,1.1175,1.1130
158.9531,-28.5861,48.4738,1.1172,1.1141
159.0031,-28.5363,48.4698,1.1172,1.1165
159.0531,-28.4865,48.4658,1.1163,1.1165
159.1031,-28.4366,48.4616,1.1154,1.1165
159.1531,-28.3868,48.4575,1.1154,1.1163
159.2031,-28.3370,48.4534,1.1143,1.1163
159.2531,-28.2871,48.4496,1.1121,1.1163
159.3031,-28.2372,48.4463,1.1120,1.1161
159.3531,-28.1873,48.4436,1.1033,1.1141
159.4031,-28.1373,48.4415,1.1033,1.1107
159.4531,-28.0874,48.4401,1.1033,1.1107
159.5031,-28.0374,48.4390,1.1057,1.1107
159.5531,-27.9874,48.4381,1.1127,1.1104
159.6031,-27.9374,48.4371,1.1139,1.1102
159.6531,-27.8874,48.4359,1.1146,1.1102
159.7031,-27.8374,48.4340,1.1210,1.1102
159.7531,-27.7875,48.4314,1.1212,1.1103
159.8031,-27.7376,48.4279,1.1215,1.1114
159.8531,-27.6878,48.4238,1.1224,1.1310
159.9031,-27.6380,48.4195,1.1255,1.1327
159.9531,-27.5882,48.4153,1.1259,1.1327
160.0031,-27.5383,48.4114,1.1273,1.1327
160.0531,-27.4884,48.4077,1.1273,1.1327
160.1031,-27.4386,48.4042,1.1273,1.1327
160.1531,-27.3887,48.4010,1.1273,1.1310
160.2031,-27.3387,48.3982,1.1273,1.1293
160.2531,-27.2888,48.3956,1.1274,1.1293
160.3031,-27.2389,48.3932,1.1273,1.1243
160.3531,-27.1889,48.3905,1.1273,1.1219
160.4031,-27.1390,48.3875,1.1259,1.1198
160.4531,-27.0891,48.3841,1.1226,1.1164
160.5031,-27.0393,48.3808,1.1141,1.1137
160.5531,-26.9893,48.3782,1.1031,1.1097
160.6031,-26.9394,48.3765,1.1031,1.1085
160.6531,-26.8894,48.3759,1.1031,1.1085
160.7031,-26.8394,48.3760,1.1031,1.1085
160.7531,-26.7894,48.3767,1.1042,1.1078
160.8031,-26.7394,48.3776,1.1074,1.1066
160.8531,-26.6894,48.3782,1.1083,1.1056
160.9031,-26.6394,48.3783,1.1091,1.1056
160.9531,-26.5894,48.3775,1.1111,1.1056
161.0031,-26.5394,48.3757,1.1147,1.1056
161.0531,-26.4895,48.3728,1.1166,1.1060
161.1031,-26.4396,48.3691,1.1210,1.1085
161.1531,-26.3898,48.3652,1.1228,1.1247
161.2031,-26.3399,48.3614,1.1253,1.1268
161.2531,-26.2900,48.3580,1.1270,1.1268
161.3031,-26.2401,48.3548,1.1270,1.1268
161.3531,-26.1902,48.3518,1.1270,1.1268
161.4031,-26.1403,48.3488,1.1295,1.1268
161.4531,-26.0904,48.3457,1.1295,1.1268
161.5031,-26.0405,48.3424,1.1262,1.1268
161.5531,-25.9907,48.3387,1.1295,1.1268
161.6031,-25.9408,48.3345,1.1295,1.1260
161.6531,-25.8911,48.3298,1.1262,1.1259
161.7031,-25.8413,48.3249,1.1213,1.1248
161.7531,-25.7915,48.3203,1.1144,1.1233
161.8031,-25.7416,48.3167,1.1101,1.1231
161.8531,-25.6917,48.3143,1.1098,1.1220
161.9031,-25.6417,48.3133,1.1096,1.1220
161.9531,-25.5917,48.3133,1.1096,1.1158
162.0031,-25.5417,48.3139,1.1094,1.1132
162.0531,-25.4917,48.3147,1.1091,1.1061
162.1031,-25.4417,48.3156,1.1091,1.1032
162.1531,-25.3917,48.3164,1.1085,1.1016
162.2031,-25.3417,48.3171,1.1083,1.1016
162.2531,-25.2917,48.3176,1.1083,1.1016
162.3031,-25.2417,48.3180,1.1083,1.1015
162.3531,-25.1917,48.3180,1.1083,1.1012
162.4031,-25.1417,48.3177,1.1083,1.1002
162.4531,-25.0917,48.3168,1.1083,1.1002
162.5031,-25.0418,48.3153,1.1085,1.1002
162.5531,-24.9918,48.3130,1.1085,1.1005
162.6031,-24.9419,48.3104,1.1142,1.1096
162.6531,-24.8920,48.3077,1.1151,1.1177
162.7031,-24.8420,48.3050,1.1190,1.1194
162.7531,-24.7921,48.3025,1.1213,1.1209
162.8031,-24.7422,48.2998,1.1248,1.1209
162.8531,-24.6922,48.2971,1.1261,1.1224
162.9031,-24.6423,48.2942,1.1274,1.1224
162.9531,-24.5924,48.2912,1.1274,1.1251
163.0031,-24.5425,48.2882,1.1274,1.1271
163.0531,-24.4926,48.2851,1.1274,1.1271
163.1031,-24.4427,48.2818,1.1274,1.1271
163.1531,-24.3928,48.2782,1.1274,1.1271
163.2031,-24.3430,48.2746,1.1201,1.1251
163.2531,-24.2931,48.2710,1.1113,1.1212
163.3031,-24.2432,48.2678,1.1113,1.1179
163.3531,-24.1933,48.2649,1.1102,1.1178
163.4031,-24.1433,48.2624,1.1100,1.1178
163.4531,-24.0934,48.2603,1.1100,1.1167
163.5031,-24.0434,48.2586,1.1100,1.1160
163.5531,-23.9934,48.2577,1.1100,1.1138
163.6031,-23.9434,48.2573,1.1102,1.1138
163.6531,-23.8934,48.2575,1.1113,1.1131
163.7031,-23.8434,48.2581,1.1113,1.1115
163.7531,-23.7934,48.2590,1.1115,1.1102
163.8032,-23.7434,48.2600,1.1120,1.1102
163.8532,-23.6934,48.2608,1.1133,1.1080
163.9032,-23.6434,48.2611,1.1133,1.1076
163.9532,-23.5934,48.2606,1.1141,1.1076
164.0031,-23.5435,48.2590,1.1144,1.1076
164.0531,-23.4935,48.2565,1.1144,1.1120
164.1031,-23.4436,48.2532,1.1167,1.1158
164.1532,-23.3938,48.2498,1.1207,1.1186
164.2032,-23.3439,48.2466,1.1208,1.1186
164.2532,-23.2939,48.2440,1.1249,1.1237
164.3032,-23.2440,48.2420,1.1262,1.1249
164.3532,-23.1940,48.2405,1.1284,1.1264
164.4032,-23.1440,48.2390,1.1284,1.1264
164.4532,-23.0940,48.2374,1.1284,1.1279
164.5032,-23.0441,48.2352,1.1284,1.1284
164.5532,-22.9941,48.2325,1.1284,1.1305
164.6032,-22.9442,48.2294,1.1262,1.1305
164.6532,-22.8943,48.2263,1.1168,1.1305
164.7032,-22.8444,48.2233,1.1168,1.1278
164.7532,-22.7945,48.2206,1.1129,1.1233
164.8032,-22.7446,48.2179,1.1129,1.1198
164.8532,-22.6947,48.2150,1.1100,1.1176
164.9032,-22.6448,48.2117,1.1066,1.1153
164.9532,-22.5949,48.2083,1.1050,1.1146
165.0032,-22.5450,48.2052,1.1044,1.1134
165.0532,-22.4950,48.2027,1.1044,1.1133
165.1032,-22.4451,48.2011,1.1044,1.1113
165.1532,-22.3951,48.2004,1.1055,1.1107
165.2032,-22.3451,48.2003,1.1081,1.1072
165.2532,-22.2951,48.2006,1.1096,1.1023
165.3032,-22.2451,48.2005,1.1104,1.1006
165.3532,-22.1951,48.1997,1.1123,1.1006
165.4032,-22.1451,48.1979,1.1125,1.1006
165.4532,-22.0952,48.1951,1.1134,1.1036
165.5032,-22.0453,48.1916,1.1153,1.1053
165.5532,-21.9954,48.1880,1.1153,1.1137
165.6032,-21.9455,48.1847,1.1175,1.1145
165.6532,-21.8956,48.1821,1.1193,1.1145
165.7032,-21.8457,48.1799,1.1200,1.1153
165.7532,-21.7957,48.1781,1.1200,1.1153
165.8032,-21.7457,48.1764,1.1200,1.1175
165.8532,-21.6957,48.1747,1.1193,1.1189
165.9032,-21.6458,48.1729,1.1181,1.1206
165.9532,-21.5958,48.1711,1.1181,1.1206
166.0032,-21.5459,48.1691,1.1164,1.1206
166.0532,-21.4959,48.1667,1.1164,1.1196
166.1032,-21.4460,48.1639,1.1139,1.1189
166.1532,-21.3961,48.1606,1.1114,1.1162
166.2032,-21.3462,48.1570,1.1112,1.1134
166.2532,-21.2963,48.1534,1.1112,1.1130
166.3032,-21.2464,48.1502,1.1054,1.1127
166.3532,-21.1965,48.1478,1.1054,1.1126
166.4032,-21.1465,48.1463,1.1054,1.1126
166.4532,-21.0965,48.1456,1.1054,1.1126
166.5032,-21.0465,48.1455,1.1089,1.1126
166.5532,-20.9965,48.1457,1.1120,1.1124
166.6032,-20.9465,48.1458,1.1120,1.1110
166.6532,-20.8965,48.1457,1.1120,1.1102
166.7032,-20.8465,48.1452,1.1140,1.1102
166.7532,-20.7966,48.1440,1.1162,1.1102
166.8032,-20.7466,48.1422,1.1172,1.1111
166.8532,-20.6966,48.1398,1.1173,1.1121
166.9032,-20.6467,48.1370,1.1181,1.1131
166.9532,-20.5968,48.1338,1.1188,1.1131
167.0032,-20.5469,48.1303,1.1218,1.1131
167.0532,-20.4971,48.1263,1.1218,1.1158
167.1032,-20.4473,48.1220,1.1218,1.1184
167.1532,-20.3975,48.1176,1.1200,1.1200
167.2032,-20.3476,48.1135,1.1187,1.1225
167.2532,-20.2978,48.1097,1.1179,1.1225
167.3032,-20.2479,48.1065,1.1177,1.1225
167.3532,-20.1980,48.1037,1.1177,1.1200
167.4032,-20.1480,48.1012,1.1177,1.1197
167.4532,-20.0981,48.0988,1.1167,1.1152
167.5032,-20.0481,48.0965,1.1157,1.1150
167.5532,-19.9982,48.0941,1.1142,1.1138
167.6032,-19.9482,48.0917,1.1071,1.1115
167.6532,-19.8983,48.0896,1.1004,1.1089
167.7032,-19.8483,48.0879,1.0998,1.1086
167.7532,-19.7983,48.0869,1.0998,1.1086
167.8032,-19.7483,48.0867,1.0998,1.1086
167.8532,-19.6983,48.0872,1.1036,1.1085
167.9032,-19.6483,48.0880,1.1082,1.1083
167.9532,-19.5983,48.0887,1.1095,1.1080
168.0032,-19.5483,48.0890,1.1190,1.1080
168.0532,-19.4983,48.0883,1.1212,1.1080
168.1032,-19.4484,48.0865,1.1225,1.1086
168.1532,-19.3985,48.0833,1.1229,1.1087
168.2032,-19.3487,48.0789,1.1230,1.1087
168.2532,-19.2990,48.0736,1.1230,1.1255
168.3032,-19.2493,48.0680,1.1230,1.1255
168.3532,-19.1996,48.0627,1.1229,1.1255
168.4032,-19.1498,48.0579,1.1225,1.1255
168.4532,-19.1000,48.0538,1.1225,1.1255
168.5032,-19.0501,48.0502,1.1220,1.1238
168.5532,-19.0002,48.0470,1.1220,1.1222
168.6032,-18.9503,48.0440,1.1220,1.1222
168.6532,-18.9004,48.0409,1.1199,1.1202
168.7032,-18.8505,48.0377,1.1123,1.1198
168.7532,-18.8006,48.0347,1.1052,1.1129
168.8032,-18.7506,48.0320,1.1051,1.1119
168.8532,-18.7007,48.0300,1.1035,1.1112
168.9032,-18.6507,48.0288,1.1035,1.1090
168.9532,-18.6007,48.0283,1.1035,1.1074
169.0032,-18.5507,48.0284,1.1035,1.1074
169.0532,-18.5007,48.0287,1.1038,1.1074
169.1032,-18.4507,48.0291,1.1051,1.1062
169.1532,-18.4007,48.0295,1.1071,1.1061
169.2032,-18.3507,48.0297,1.1089,1.1061
169.2532,-18.3007,48.0294,1.1095,1.1061
169.3032,-18.2507,48.0284,1.1152,1.1061
169.3532,-18.2007,48.0265,1.1186,1.1073
169.4032,-18.1508,48.0234,1.1221,1.1074
169.4532,-18.1010,48.0191,1.1221,1.1093
169.5032,-18.0513,48.0140,1.1221,1.1197
169.5532,-18.0016,48.0084,1.1221,1.1197
169.6032,-17.9519,48.0028,1.1221,1.1259
169.6532,-17.9022,47.9974,1.1221,1.1263
169.7032,-17.8525,47.9922,1.1221,1.1263
169.7532,-17.8027,47.9872,1.1244,1.1263
169.8032,-17.7530,47.9823,1.1244,1.1263
169.8532,-17.7032,47.9775,1.1244,1.1259
169.9032,-17.6534,47.9733,1.1107,1.1245
169.9532,-17.6035,47.9700,1.1090,1.1245
170.0032,-17.5535,47.9679,1.1070,1.1197
170.0532,-17.5035,47.9669,1.1057,1.1116
170.1032,-17.4535,47.9669,1.1057,1.1100
170.1532,-17.4035,47.9676,1.1057,1.1086
170.2032,-17.3536,47.9687,1.1057,1.1062
170.2532,-17.3036,47.9700,1.1057,1.1055
170.3032,-17.2536,47.9714,1.1057,1.1035
170.3532,-17.2036,47.9727,1.1072,1.1035
170.4032,-17.1536,47.9736,1.1109,1.1035
170.4532,-17.1036,47.9738,1.1115,1.1035
170.5032,-17.0536,47.9731,1.1132,1.1044
170.5532,-17.0037,47.9711,1.1172,1.1061
170.6032,-16.9538,47.9679,1.1175,1.1062
170.6532,-16.9039,47.9638,1.1231,1.1185
170.7032,-16.8542,47.9590,1.1231,1.1189
170.7532,-16.8044,47.9538,1.1231,1.1189
170.8032,-16.7547,47.9485,1.1179,1.1214
170.8532,-16.7050,47.9431,1.1179,1.1214
170.9032,-16.6553,47.9377,1.1179,1.1195
170.9532,-16.6056,47.9324,1.1177,1.1198
171.0032,-16.5558,47.9272,1.1177,1.1198
171.0532,-16.5061,47.9223,1.1143,1.1195
171.1032,-16.4563,47.9181,1.1137,1.1195
171.1532,-16.4064,47.9145,1.1131,1.1193
171.2032,-16.3565,47.9118,1.1094,1.1190
171.2532,-16.3065,47.9099,1.1094,1.1170
171.3032,-16.2565,47.9085,1.1094,1.1169
171.3532,-16.2065,47.9078,1.1094,1.1169
171.4032,-16.1565,47.9076,1.1086,1.1169
171.4532,-16.1065,47.9079,1.1086,1.1169
171.5032,-16.0565,47.9086,1.1084,1.1169
171.5532,-16.0065,47.9096,1.1080,1.1169
171.6032,-15.9566,47.9108,1.1080,1.1169
171.6532,-15.9066,47.9121,1.1080,1.1169
171.7032,-15.8566,47.9133,1.1080,1.1086
171.7532,-15.8066,47.9140,1.1080,1.0997
171.8032,-15.7566,47.9141,1.1080,1.0997
171.8532,-15.7066,47.9133,1.1080,1.0997
171.9032,-15.6566,47.9118,1.1090,1.1058
171.9532,-15.6067,47.9099,1.1090,1.1113
172.0032,-15.5567,47.9078,1.1090,1.1175
172.0532,-15.5067,47.9057,1.1137,1.1187
172.1032,-15.4568,47.9037,1.1150,1.1207
172.1532,-15.4068,47.9017,1.1171,1.1234
172.2032,-15.3569,47.8995,1.1208,1.1245
172.2532,-15.3069,47.8970,1.1230,1.1245
172.3032,-15.2570,47.8941,1.1258,1.1252
172.3532,-15.2071,47.8910,1.1278,1.1269
172.4032,-15.1572,47.8878,1.1336,1.1284
172.4532,-15.1073,47.8845,1.1336,1.1284
172.5032,-15.0574,47.8811,1.1336,1.1284
172.5532,-15.0075,47.8776,1.1336,1.1284
172.6032,-14.9577,47.8742,1.1331,1.1264
172.6532,-14.9078,47.8710,1.1313,1.1250
172.7032,-14.8578,47.8681,1.1210,1.1235
172.7532,-14.8079,47.8656,1.1198,1.1204
172.8032,-14.7579,47.8635,1.1161,1.1189
172.8532,-14.7080,47.8620,1.1144,1.1155
172.9032,-14.6580,47.8607,1.1121,1.1145
172.9532,-14.6080,47.8594,1.1114,1.1104
173.0032,-14.5580,47.8579,1.1114,1.1086
173.0532,-14.5081,47.8560,1.1111,1.1086
173.1032,-14.4581,47.8535,1.1114,1.1086
173.1532,-14.4082,47.8504,1.1117,1.1088
173.2032,-14.3584,47.8467,1.1117,1.1097
173.2533,-14.3085,47.8425,1.1117,1.1100
173.3033,-14.2588,47.8377,1.1126,1.1100
173.3533,-14.2091,47.8322,1.1130,1.1100
173.4033,-14.1594,47.8261,1.1130,1.1100
173.4533,-14.1099,47.8192,1.1130,1.1097
173.5033,-14.0605,47.8116,1.1130,1.1097
173.5533,-14.0112,47.8032,1.1130,1.1097
173.6033,-13.9620,47.7941,1.1130,1.1107
173.6533,-13.9130,47.7846,1.1130,1.1161
173.7033,-13.8639,47.7748,1.1130,1.1161
173.7533,-13.8149,47.7649,1.1130,1.1161
173.8033,-13.7659,47.7549,1.1135,1.1153
173.8533,-13.7170,47.7445,1.1135,1.1072
173.9033,-13.6683,47.7333,1.1135,1.1072
173.9533,-13.6198,47.7211,1.1133,1.1027
174.0032,-13.5717,47.7075,1.1133,1.1027
174.0532,-13.5240,47.6925,1.1133,1.1067
174.1032,-13.4767,47.6764,1.1134,1.1072
174.1532,-13.4297,47.6591,1.1135,1.1108
174.2032,-13.3832,47.6408,1.1135,1.1108
174.2532,-13.3370,47.6217,1.1160,1.1108
174.3032,-13.2912,47.6017,1.1165,1.1108
174.3532,-13.2458,47.5808,1.1165,1.1123
174.4032,-13.2008,47.5589,1.1199,1.1123
174.4532,-13.1563,47.5361,1.1214,1.1138
174.5032,-13.1123,47.5123,1.1214,1.1141
174.5532,-13.0690,47.4874,1.1214,1.1141
174.6032,-13.0264,47.4612,1.1214,1.1141
174.6532,-12.9845,47.4339,1.1214,1.1145
174.7032,-12.9433,47.4056,1.1215,1.1173
174.7532,-12.9029,47.3762,1.1214,1.1173
174.8032,-12.8631,47.3460,1.1211,1.1173
174.8532,-12.8240,47.3147,1.1211,1.1145
174.9032,-12.7858,47.2825,1.1213,1.1145
174.9532,-12.7486,47.2491,1.1213,1.1145
175.0032,-12.7125,47.2145,1.1213,1.1145
175.0532,-12.6775,47.1788,1.1214,1.1145
175.1032,-12.6436,47.1421,1.1214,1.1153
175.1532,-12.6106,47.1045,1.1215,1.1153
175.2032,-12.5786,47.0661,1.1214,1.1146
175.2532,-12.5476,47.0269,1.1214,1.1146
175.3032,-12.5176,46.9869,1.1215,1.1146
175.3532,-12.4887,46.9461,1.1219,1.1146
175.4032,-12.4611,46.9044,1.1224,1.1146
175.4532,-12.4348,46.8619,1.1224,1.1161
175.5032,-12.4099,46.8185,1.1227,1.1161
175.5532,-12.3865,46.7743,1.1227,1.1194
175.6031,-12.3645,46.7294,1.1227,1.1194
175.6531,-12.3435,46.6841,1.1215,1.1226
175.7031,-12.3233,46.6383,1.1215,1.1226
175.7531,-12.3036,46.5924,1.1215,1.1226
175.8031,-12.2844,46.5462,1.1240,1.1226
175.8531,-12.2661,46.4997,1.1243,1.1168
175.9031,-12.2489,46.4527,1.1247,1.1131
175.9531,-12.2332,46.4053,1.1243,1.1110
176.0031,-12.2191,46.3573,1.1240,1.1110
176.0531,-12.2067,46.3089,1.1202,1.1110
176.1031,-12.1959,46.2600,1.1186,1.1110
176.1531,-12.1867,46.2109,1.1182,1.1094
176.2031,-12.1790,46.1615,1.1182,1.1110
176.2531,-12.1729,46.1119,1.1171,1.1110
176.3031,-12.1684,46.0621,1.1171,1.1110
176.3531,-12.1656,46.0122,1.1171,1.1110
176.4031,-12.1645,45.9622,1.1171,1.1110
176.4531,-12.1651,45.9122,1.1171,1.1104
176.5031,-12.1673,45.8623,1.1171,1.1104
176.5531,-12.1711,45.8124,1.1165,1.1104
176.6031,-12.1764,45.7627,1.1165,1.1104
176.6531,-12.1829,45.7131,1.1171,1.1118
176.7031,-12.1906,45.6637,1.1171,1.1128
176.7531,-12.1995,45.6145,1.1171,1.1139
176.8031,-12.2094,45.5655,1.1199,1.1139
176.8531,-12.2203,45.5167,1.1199,1.1139
176.9031,-12.2323,45.4682,1.1198,1.1154
176.9531,-12.2453,45.4199,1.1198,1.1154
177.0031,-12.2592,45.3719,1.1198,1.1154
177.0531,-12.2739,45.3241,1.1198,1.1154
177.1031,-12.2892,45.2765,1.1151,1.1179
177.1531,-12.3048,45.2290,1.1151,1.1179
177.2031,-12.3207,45.1816,1.1196,1.1179
177.2531,-12.3369,45.1343,1.1196,1.1179
177.3031,-12.3535,45.0871,1.1196,1.1179
177.3531,-12.3707,45.0402,1.1196,1.1168
177.4031,-12.3887,44.9935,1.1196,1.1168
177.4531,-12.4074,44.9471,1.1193,1.1168
177.5031,-12.4269,44.9011,1.1186,1.1131
177.5531,-12.4470,44.8553,1.1114,1.1131
177.6031,-12.4675,44.8097,1.1091,1.1130
177.6531,-12.4883,44.7642,1.1086,1.1091
177.7031,-12.5095,44.7189,1.1084,1.1091
177.7531,-12.5309,44.6738,1.1084,1.1091
177.8031,-12.5526,44.6287,1.1084,1.1091
177.8531,-12.5745,44.5838,1.1086,1.1081
177.9031,-12.5966,44.5389,1.1085,1.1081
177.9531,-12.6188,44.4941,1.1086,1.1081
178.0031,-12.6412,44.4494,1.1086,1.1081
178.0531,-12.6638,44.4048,1.1108,1.1096
178.1031,-12.6866,44.3603,1.1129,1.1096
178.1531,-12.7095,44.3158,1.1162,1.1100
178.2031,-12.7323,44.2714,1.1162,1.1103
178.2531,-12.7553,44.2270,1.1180,1.1147
178.3031,-12.7784,44.1826,1.1198,1.1147
178.3531,-12.8019,44.1385,1.1198,1.1147
178.4031,-12.8259,44.0946,1.1201,1.1133
178.4531,-12.8504,44.0510,1.1201,1.1162
178.5031,-12.8755,44.0078,1.1201,1.1162
178.5531,-12.9010,43.9648,1.1201,1.1216
178.6031,-12.9268,43.9219,1.1201,1.1216
178.6531,-12.9525,43.8790,1.1205,1.1227
178.7031,-12.9780,43.8361,1.1205,1.1227
178.7531,-13.0035,43.7930,1.1210,1.1227
178.8031,-13.0289,43.7500,1.1205,1.1227
178.8531,-13.0544,43.7070,1.1205,1.1227
178.9031,-13.0800,43.6640,1.1205,1.1227
178.9531,-13.1057,43.6211,1.1205,1.1227
179.0031,-13.1315,43.5783,1.1185,1.1227
179.0531,-13.1574,43.5355,1.1175,1.1180
179.1031,-13.1834,43.4928,1.1175,1.1174
179.1531,-13.2096,43.4502,1.1165,1.1132
179.2031,-13.2362,43.4078,1.1155,1.1089
179.2531,-13.2633,43.3658,1.1155,1.1089
179.3031,-13.2910,43.3242,1.1155,1.1089
179.3531,-13.3194,43.2830,1.1155,1.1089
179.4031,-13.3481,43.2422,1.1155,1.1093
179.4531,-13.3771,43.2014,1.1155,1.1097
179.5031,-13.4061,43.1606,1.1086,1.1100
179.5531,-13.4349,43.1198,1.1086,1.1137
179.6031,-13.4637,43.0789,1.1086,1.1137
179.6531,-13.4924,43.0380,1.1155,1.1137
179.7031,-13.5213,42.9972,1.1182,1.1137
179.7531,-13.5505,42.9566,1.1182,1.1137
179.8031,-13.5798,42.9161,1.1182,1.1139
179.8531,-13.6094,42.8757,1.1182,1.1139
179.9031,-13.6390,42.8354,1.1167,1.1142
179.9531,-13.6686,42.7952,1.1161,1.1148
180.0031,-13.6982,42.7549,1.1162,1.1163
180.0531,-13.7278,42.7146,1.1167,1.1163
180.1031,-13.7573,42.6742,1.1167,1.1148
180.1531,-13.7868,42.6338,1.1168,1.1148
180.2031,-13.8163,42.5934,1.1168,1.1163
180.2531,-13.8458,42.5531,1.1168,1.1169
180.3031,-13.8755,42.5128,1.1168,1.1169
180.3531,-13.9051,42.4726,1.1172,1.1169
180.4031,-13.9349,42.4324,1.1172,1.1189
180.4531,-13.9647,42.3923,1.1174,1.1189
180.5031,-13.9946,42.3522,1.1177,1.1189
180.5531,-14.0247,42.3122,1.1177,1.1189
180.6031,-14.0549,42.2724,1.1177,1.1189
180.6531,-14.0852,42.2326,1.1173,1.1189
180.7031,-14.1157,42.1930,1.1173,1.1183
180.7531,-14.1462,42.1534,1.1173,1.1183
180.8031,-14.1768,42.1138,1.1173,1.1183
180.8531,-14.2074,42.0743,1.1177,1.1175
180.9031,-14.2380,42.0348,1.1177,1.1175
180.9531,-14.2687,41.9953,1.1177,1.1168
181.0031,-14.2995,41.9559,1.1177,1.1168
181.0531,-14.3303,41.9165,1.1183,1.1168
181.1031,-14.3612,41.8772,1.1176,1.1168
181.1531,-14.3921,41.8378,1.1165,1.1168
181.2031,-14.4229,41.7985,1.1131,1.1168
181.2531,-14.4537,41.7591,1.1131,1.1175
181.3031,-14.4842,41.7195,1.1131,1.1198
181.3531,-14.5144,41.6797,1.1215,1.1198
181.4031,-14.5445,41.6397,1.1215,1.1198
181.4531,-14.5744,41.5996,1.1231,1.1198
181.5031,-14.6046,41.5597,1.1247,1.1198
181.5531,-14.6351,41.5202,1.1246,1.1190
181.6031,-14.6664,41.4811,1.1246,1.1190
181.6531,-14.6982,41.4426,1.1246,1.1190
181.7031,-14.7305,41.4044,1.1214,1.1190
181.7531,-14.7629,41.3663,1.1147,1.1190
181.8032,-14.7951,41.3281,1.1147,1.1190
181.8532,-14.8271,41.2896,1.1147,1.1190
181.9032,-14.8589,41.2510,1.1200,1.1190
181.9532,-14.8907,41.2125,1.1200,1.1175
182.0032,-14.9228,41.1741,1.1200,1.1165
182.0532,-14.9552,41.1361,1.1175,1.1151
182.1032,-14.9880,41.0983,1.1162,1.1151
182.1532,-15.0211,41.0608,1.1147,1.1151
182.2032,-15.0542,41.0234,1.1123,1.1159
182.2532,-15.0873,40.9859,1.1123,1.1159
182.3032,-15.1202,40.9482,1.1123,1.1165
182.3532,-15.1529,40.9104,1.1123,1.1165
182.4032,-15.1855,40.8725,1.1177,1.1171
182.4532,-15.2181,40.8346,1.1179,1.1171
182.5032,-15.2509,40.7969,1.1185,1.1171
182.5532,-15.2839,40.7593,1.1185,1.1171
182.6032,-15.3171,40.7219,1.1179,1.1172
182.6532,-15.3503,40.6845,1.1179,1.1172
182.7032,-15.3836,40.6473,1.1179,1.1172
182.7532,-15.4170,40.6100,1.1179,1.1172
182.8032,-15.4502,40.5726,1.1179,1.1186
182.8532,-15.4834,40.5353,1.1174,1.1186
182.9032,-15.5166,40.4978,1.1174,1.1172
182.9532,-15.5497,40.4604,1.1174,1.1172
183.0032,-15.5830,40.4230,1.1174,1.1172
183.0532,-15.6164,40.3859,1.1174,1.1098
183.1032,-15.6503,40.3491,1.1169,1.1098
183.1532,-15.6847,40.3128,1.1117,1.1098
183.2032,-15.7197,40.2771,1.1097,1.1098
183.2532,-15.7550,40.2417,1.1097,1.1107
183.3032,-15.7905,40.2065,1.1097,1.1107
183.3532,-15.8259,40.1712,1.1097,1.1107
183.4032,-15.8612,40.1358,1.1137,1.1107
183.4532,-15.8964,40.1003,1.1137,1.1107
183.5032,-15.9314,40.0646,1.1137,1.1107
183.5532,-15.9663,40.0287,1.1137,1.1177
183.6032,-16.0010,39.9927,1.1132,1.1177
183.6532,-16.0357,39.9567,1.1132,1.1107
183.7032,-16.0704,39.9207,1.1132,1.1107
183.7532,-16.1053,39.8849,1.1110,1.1098
183.8032,-16.1403,39.8492,1.1110,1.1098
183.8532,-16.1755,39.8137,1.1110,1.1089
183.9032,-16.2109,39.7784,1.1125,1.1084
183.9532,-16.2467,39.7435,1.1139,1.1084
184.0032,-16.2829,39.7090,1.1154,1.1084
184.0532,-16.3197,39.6751,1.1162,1.1084
184.1032,-16.3569,39.6417,1.1168,1.1180
184.1532,-16.3944,39.6087,1.1181,1.1200
184.2032,-16.4320,39.5757,1.1192,1.1200
184.2532,-16.4697,39.5428,1.1192,1.1200
184.3032,-16.5073,39.5099,1.1195,1.1200
184.3532,-16.5449,39.4769,1.1195,1.1201
184.4032,-16.5826,39.4441,1.1198,1.1200
184.4532,-16.6203,39.4113,1.1203,1.1200
184.5032,-16.6581,39.3786,1.1203,1.1200
184.5532,-16.6960,39.3459,1.1203,1.1200
184.6032,-16.7339,39.3133,1.1202,1.1194
184.6532,-16.7718,39.2806,1.1202,1.1192
184.7032,-16.8096,39.2479,1.1202,1.1192
184.7532,-16.8473,39.2151,1.1202,1.1185
184.8032,-16.8851,39.1823,1.1204,1.1185
184.8532,-16.9230,39.1497,1.1204,1.1178
184.9032,-16.9612,39.1175,1.1206,1.1178
184.9532,-16.9997,39.0856,1.1206,1.1178
185.0032,-17.0386,39.0542,1.1206,1.1178
185.0532,-17.0780,39.0234,1.1206,1.1178
185.1032,-17.1178,38.9931,1.1206,1.1178
185.1532,-17.1578,38.9631,1.1206,1.1207
185.2032,-17.1979,38.9333,1.1207,1.1207
185.2532,-17.2380,38.9034,1.1207,1.1207
185.3032,-17.2779,38.8732,1.1207,1.1225
185.3532,-17.3176,38.8429,1.1207,1.1225
185.4032,-17.3574,38.8125,1.1207,1.1225
185.4532,-17.3973,38.7824,1.1207,1.1225
185.5032,-17.4375,38.7527,1.1207,1.1181
185.5532,-17.4779,38.7232,1.1198,1.1181
185.6032,-17.5184,38.6939,1.1189,1.1181
185.6532,-17.5589,38.6646,1.1189,1.1189
185.7032,-17.5994,38.6353,1.1189,1.1189
185.7532,-17.6397,38.6058,1.1189,1.1189
185.8032,-17.6801,38.5762,1.1189,1.1189
185.8532,-17.7203,38.5466,1.1189,1.1189
185.9032,-17.7607,38.5170,1.1189,1.1175
185.9532,-17.8010,38.4875,1.1189,1.1175
186.0032,-17.8415,38.4581,1.1189,1.1175
186.0532,-17.8821,38.4289,1.1189,1.1168
186.1032,-17.9229,38.4000,1.1189,1.1152
186.1532,-17.9639,38.3715,1.1193,1.1152
186.2032,-18.0052,38.3432,1.1197,1.1168
186.2532,-18.0467,38.3154,1.1197,1.1184
186.3032,-18.0885,38.2879,1.1198,1.1184
186.3532,-18.1305,38.2607,1.1198,1.1184
186.4032,-18.1726,38.2338,1.1197,1.1184
186.4532,-18.2149,38.2070,1.1197,1.1203
186.5032,-18.2573,38.1806,1.1197,1.1203
186.5532,-18.2998,38.1544,1.1197,1.1203
186.6032,-18.3426,38.1285,1.1205,1.1203
186.6533,-18.3856,38.1029,1.1205,1.1203
186.7033,-18.4288,38.0777,1.1209,1.1206
186.7533,-18.4721,38.0528,1.1209,1.1210
186.8033,-18.5156,38.0280,1.1197,1.1210
186.8533,-18.5590,38.0033,1.1169,1.1210
186.9033,-18.6024,37.9784,1.1167,1.1203
186.9533,-18.6457,37.9533,1.1157,1.1148
187.0033,-18.6888,37.9281,1.1157,1.1148
187.0533,-18.7320,37.9028,1.1157,1.1148
187.1033,-18.7752,37.8776,1.1157,1.1135
187.1533,-18.8185,37.8526,1.1157,1.1135
187.2033,-18.8619,37.8278,1.1157,1.1136
187.2533,-18.9053,37.8031,1.1145,1.1136
187.3033,-18.9489,37.7785,1.1145,1.1135
187.3533,-18.9926,37.7542,1.1145,1.1136
187.4033,-19.0364,37.7301,1.1150,1.1136
187.4533,-19.0803,37.7063,1.1156,1.1133
187.5033,-19.1245,37.6829,1.1156,1.1133
187.5533,-19.1689,37.6598,1.1150,1.1133
187.6033,-19.2133,37.6369,1.1127,1.1133
187.6533,-19.2578,37.6140,1.1127,1.1127
187.7033,-19.3021,37.5909,1.1077,1.1118
187.7533,-19.3462,37.5673,1.1077,1.1118
187.8033,-19.3901,37.5433,1.1053,1.1118
187.8533,-19.4337,37.5190,1.1053,1.1012
187.9033,-19.4774,37.4946,1.1049,1.1012
187.9533,-19.5212,37.4705,1.1044,1.1012
188.0033,-19.5652,37.4468,1.1043,1.1012
188.0533,-19.6095,37.4235,1.1042,1.1012
188.1033,-19.6540,37.4008,1.1042,1.1012
188.1533,-19.6988,37.3786,1.1042,1.1021
188.2033,-19.7439,37.3568,1.1044,1.1042
188.2533,-19.7891,37.3355,1.1056,1.1049
188.3033,-19.8344,37.3144,1.1092,1.1112
188.3533,-19.8797,37.2933,1.1118,1.1127
188.4033,-19.9251,37.2723,1.1118,1.1127
188.4533,-19.9705,37.2514,1.1126,1.1146
188.5033,-20.0160,37.2306,1.1140,1.1146
188.5533,-20.0616,37.2101,1.1140,1.1146
188.6033,-20.1073,37.1897,1.1146,1.1152
188.6533,-20.1529,37.1692,1.1149,1.1152
188.7033,-20.1985,37.1488,1.1156,1.1155
188.7533,-20.2441,37.1282,1.1157,1.1159
188.8033,-20.2896,37.1075,1.1157,1.1159
188.8533,-20.3351,37.0867,1.1157,1.1148
188.9033,-20.3805,37.0659,1.1157,1.1151
188.9533,-20.4261,37.0452,1.1157,1.1138
189.0033,-20.4717,37.0247,1.1153,1.1138
189.0533,-20.5174,37.0045,1.1149,1.1136
189.1033,-20.5632,36.9845,1.1152,1.1147
189.1533,-20.6092,36.9648,1.1146,1.1144
189.2033,-20.6553,36.9454,1.1146,1.1144
189.2533,-20.7014,36.9262,1.1144,1.1144
189.3033,-20.7477,36.9073,1.1130,1.1144
189.3533,-20.7941,36.8886,1.1130,1.1144
189.4033,-20.8406,36.8701,1.1130,1.1151
189.4533,-20.8870,36.8516,1.1130,1.1151
189.5033,-20.9334,36.8329,1.1130,1.1151
189.5533,-20.9796,36.8139,1.1130,1.1151
189.6033,-21.0258,36.7946,1.1130,1.1151
189.6533,-21.0718,36.7751,1.1130,1.1147
189.7033,-21.1178,36.7555,1.1130,1.1144
189.7533,-21.1638,36.7359,1.1141,1.1138
189.8033,-21.2099,36.7166,1.1162,1.1133
189.8533,-21.2561,36.6975,1.1162,1.1133
189.9033,-21.3026,36.6790,1.1162,1.1133
189.9533,-21.3492,36.6609,1.1162,1.1128
190.0033,-21.3959,36.6431,1.1162,1.1128
190.0533,-21.4428,36.6258,1.1162,1.1126
190.1033,-21.4899,36.6090,1.1166,1.1126
190.1533,-21.5372,36.5927,1.1166,1.1126
190.2033,-21.5847,36.5770,1.1148,1.1132
190.2533,-21.6323,36.5619,1.1148,1.1132
190.3033,-21.6801,36.5472,1.1136,1.1132
190.3533,-21.7280,36.5328,1.1136,1.1132
190.4033,-21.7759,36.5186,1.1136,1.1146
190.4533,-21.8239,36.5044,1.1136,1.1146
190.5033,-21.8718,36.4903,1.1136,1.1146
190.5533,-21.9198,36.4761,1.1136,1.1146
190.6033,-21.9677,36.4619,1.1136,1.1146
190.6533,-22.0156,36.4475,1.1124,1.1146
190.7033,-22.0634,36.4329,1.1099,1.1146
190.7533,-22.1111,36.4177,1.1099,1.1146
190.8033,-22.1585,36.4018,1.1099,1.1163
190.8533,-22.2057,36.3853,1.1119,1.1112
190.9033,-22.2527,36.3683,1.1142,1.1163
190.9533,-22.2997,36.3512,1.1142,1.1163
191.0033,-22.3468,36.3345,1.1181,1.1112
191.0533,-22.3942,36.3186,1.1181,1.1093
191.1033,-22.4420,36.3040,1.1181,1.1093
191.1533,-22.4902,36.2906,1.1181,1.1093
191.2033,-22.5386,36.2781,1.1183,1.1142
191.2533,-22.5872,36.2663,1.1183,1.1188
191.3033,-22.6358,36.2547,1.1183,1.1194
191.3533,-22.6845,36.2432,1.1185,1.1194
191.4033,-22.7332,36.2318,1.1185,1.1194
191.4533,-22.7819,36.2206,1.1193,1.1182
191.5033,-22.8307,36.2098,1.1193,1.1177
191.5533,-22.8797,36.1994,1.1193,1.1170
191.6033,-22.9287,36.1895,1.1187,1.1158
191.6533,-22.9777,36.1799,1.1146,1.1158
191.7033,-23.0268,36.1704,1.1146,1.1158
191.7533,-23.0759,36.1609,1.1146,1.1165
191.8033,-23.1250,36.1512,1.1146,1.1165
191.8533,-23.1740,36.1413,1.1146,1.1165
191.9033,-23.2230,36.1315,1.1130,1.1158
191.9533,-23.2720,36.1217,1.1130,1.1152
192.0033,-23.3211,36.1121,1.1130,1.1124
192.0533,-23.3703,36.1029,1.1139,1.1124
192.1034,-23.4195,36.0939,1.1139,1.1124
192.1534,-23.4687,36.0853,1.1139,1.1125
192.2034,-23.5180,36.0767,1.1139,1.1158
192.2534,-23.5672,36.0679,1.1139,1.1166
192.3034,-23.6164,36.0588,1.1139,1.1166
192.3534,-23.6654,36.0493,1.1178,1.1166
192.4034,-23.7145,36.0396,1.1178,1.1166
192.4534,-23.7635,36.0299,1.1178,1.1166
192.5034,-23.8127,36.0206,1.1189,1.1166
192.5534,-23.8619,36.0118,1.1255,1.1180
192.6034,-23.9112,36.0035,1.1255,1.1191
192.6534,-23.9605,35.9955,1.1255,1.1282
192.7034,-24.0099,35.9873,1.1240,1.1282
192.7534,-24.0592,35.9789,1.1235,1.1282
192.8034,-24.1084,35.9702,1.1231,1.1214
192.8534,-24.1577,35.9616,1.1231,1.1154
192.9034,-24.2070,35.9533,1.1200,1.1154
192.9534,-24.2564,35.9458,1.1200,1.1154
193.0034,-24.3059,35.9388,1.1200,1.1154
193.0534,-24.3555,35.9322,1.1163,1.1176
193.1034,-24.4050,35.9256,1.1153,1.1176
193.1534,-24.4546,35.9189,1.1153,1.1176
193.2034,-24.5041,35.9121,1.1153,1.1137
193.2534,-24.5537,35.9053,1.1163,1.1129
193.3034,-24.6032,35.8989,1.1163,1.1129
193.3534,-24.6529,35.8926,1.1163,1.1129
193.4034,-24.7025,35.8866,1.1143,1.1139
193.4534,-24.7521,35.8804,1.1138,1.1164
193.5034,-24.8017,35.8739,1.1138,1.1168
193.5534,-24.8512,35.8671,1.1138,1.1168
193.6034,-24.9007,35.8601,1.1138,1.1168
193.6534,-24.9502,35.8529,1.1147,1.1143
193.7034,-24.9997,35.8458,1.1177,1.1137
193.7534,-25.0492,35.8391,1.1177,1.1137
193.8034,-25.0989,35.8328,1.1177,1.1137
193.8534,-25.1485,35.8270,1.1177,1.1139
193.9034,-25.1982,35.8214,1.1128,1.1142
193.9534,-25.2479,35.8156,1.1123,1.1147
194.0034,-25.2975,35.8095,1.1123,1.1147
194.0534,-25.3471,35.8029,1.1123,1.1147
194.1034,-25.3966,35.7960,1.1150,1.1134
194.1534,-25.4461,35.7891,1.1163,1.1128
194.2034,-25.4957,35.7825,1.1163,1.1128
194.2534,-25.5453,35.7765,1.1163,1.1128
194.3034,-25.5950,35.7712,1.1151,1.1129
194.3534,-25.6448,35.7664,1.1123,1.1140
194.4034,-25.6946,35.7617,1.1119,1.1149
194.4534,-25.7444,35.7570,1.1119,1.1161
194.5034,-25.7941,35.7518,1.1119,1.1167
194.5534,-25.8438,35.7462,1.1123,1.1167
194.6034,-25.8934,35.7403,1.1162,1.1167
194.6534,-25.9431,35.7342,1.1184,1.1167
194.7034,-25.9927,35.7283,1.1185,1.1167
194.7534,-26.0424,35.7226,1.1185,1.1182
194.8034,-26.0921,35.7174,1.1185,1.1182
194.8534,-26.1419,35.7123,1.1140,1.1182
194.9034,-26.1916,35.7075,1.1140,1.1167
194.9534,-26.2414,35.7026,1.1140,1.1167
195.0034,-26.2912,35.6979,1.1163,1.1167
195.0534,-26.3410,35.6935,1.1163,1.1151
195.1034,-26.3908,35.6894,1.1185,1.1151
195.1534,-26.4407,35.6858,1.1210,1.1151
195.2034,-26.4906,35.6826,1.1210,1.1186
195.2534,-26.5405,35.6795,1.1235,1.1196
195.3034,-26.5904,35.6763,1.1235,1.1221
195.3534,-26.6403,35.6729,1.1252,1.1250
195.4034,-26.6901,35.6693,1.1287,1.1272
195.4534,-26.7400,35.6656,1.1287,1.1297
195.5034,-26.7899,35.6619,1.1287,1.1307
195.5534,-26.8397,35.6583,1.1287,1.1307
195.6034,-26.8896,35.6546,1.1270,1.1307
195.6534,-26.9395,35.6510,1.1270,1.1285
195.7034,-26.9893,35.6472,1.1270,1.1263
195.7534,-27.0392,35.6436,1.1270,1.1239
195.8034,-27.0891,35.6402,1.1264,1.1228
195.8534,-27.1390,35.6377,1.1264,1.1193
195.9034,-27.1890,35.6362,1.1243,1.1193
195.9534,-27.2390,35.6360,1.1243,1.1193
196.0034,-27.2890,35.6370,1.1243,1.1194
196.0534,-27.3389,35.6388,1.1253,1.1207
196.1034,-27.3889,35.6412,1.1256,1.1220
196.1534,-27.4388,35.6437,1.1258,1.1241
196.2034,-27.4888,35.6461,1.1309,1.1254
196.2534,-27.5387,35.6484,1.1309,1.1254
196.3034,-27.5887,35.6507,1.1309,1.1272
196.3534,-27.6386,35.6531,1.1304,1.1284
196.4034,-27.6885,35.6557,1.1303,1.1346
196.4534,-27.7385,35.6584,1.1302,1.1346
196.5034,-27.7884,35.6613,1.1280,1.1346
196.5534,-27.8383,35.6645,1.1258,1.1284
196.6034,-27.8882,35.6679,1.1188,1.1254
196.6534,-27.9380,35.6717,1.1188,1.1219
196.7034,-27.9878,35.6760,1.1188,1.1187
196.7534,-28.0376,35.6807,1.1185,1.1156
196.8034,-28.0874,35.6857,1.1158,1.1142
196.8534,-28.1371,35.6906,1.1105,1.1133
196.9034,-28.1869,35.6952,1.1105,1.1133
196.9534,-28.2367,35.6995,1.1105,1.1130
197.0034,-28.2866,35.7037,1.1147,1.1123
197.0534,-28.3364,35.7081,1.1147,1.1123
197.1034,-28.3861,35.7132,1.1185,1.1123
197.1534,-28.4358,35.7189,1.1185,1.1113
197.2034,-28.4854,35.7254,1.1185,1.1113
197.2534,-28.5349,35.7323,1.1185,1.1113
197.3034,-28.5843,35.7396,1.1168,1.1118
197.3534,-28.6338,35.7468,1.1062,1.1133
197.4034,-28.6834,35.7536,1.1062,1.1137
197.4534,-28.7330,35.7597,1.1062,1.1137
197.5034,-28.7827,35.7654,1.1063,1.1137
197.5534,-28.8324,35.7709,1.1103,1.1122
197.6034,-28.8820,35.7768,1.1152,1.1097
197.6534,-28.9316,35.7834,1.1152,1.1097
197.7034,-28.9810,35.7907,1.1152,1.1097
197.7534,-29.0304,35.7985,1.1125,1.1110
197.8035,-29.0798,35.8064,1.1097,1.1130
197.8535,-29.1292,35.8139,1.1097,1.1143
197.9035,-29.1787,35.8209,1.1097,1.1143
197.9535,-29.2283,35.8275,1.1125,1.1143
198.0035,-29.2779,35.8339,1.1146,1.1122
198.0535,-29.3275,35.8405,1.1146,1.1103
198.1035,-29.3770,35.8475,1.1146,1.1103
198.1535,-29.4265,35.8546,1.1146,1.1103
198.2035,-29.4759,35.8619,1.1116,1.1138
198.2535,-29.5254,35.8688,1.1116,1.1149
198.3035,-29.5750,35.8754,1.1116,1.1149
198.3535,-29.6246,35.8818,1.1146,1.1149
198.4035,-29.6742,35.8883,1.1177,1.1112
198.4535,-29.7237,35.8953,1.1177,1.1112
198.5035,-29.7731,35.9032,1.1177,1.1112
198.5535,-29.8224,35.9116,1.1177,1.1112
198.6035,-29.8716,35.9202,1.1177,1.1121
198.6535,-29.9209,35.9283,1.1177,1.1181
198.7035,-29.9704,35.9358,1.1185,1.1181
198.7535,-30.0199,35.9427,1.1203,1.1181
198.8035,-30.0694,35.9495,1.1212,1.1123
198.8535,-30.1189,35.9567,1.1212,1.1123
198.9035,-30.1683,35.9645,1.1212,1.1123
198.9535,-30.2176,35.9728,1.1197,1.1181
199.0035,-30.2669,35.9810,1.1197,1.1248
199.0535,-30.3164,35.9885,1.1197,1.1248
199.1035,-30.3659,35.9952,1.1197,1.1248
199.1535,-30.4156,36.0009,1.1226,1.1247
199.2035,-30.4653,36.0061,1.1241,1.1246
199.2535,-30.5151,36.0113,1.1277,1.1239
199.3035,-30.5648,36.0168,1.1277,1.1239
199.3535,-30.6144,36.0229,1.1277,1.1239
199.4035,-30.6640,36.0294,1.1259,1.1238
199.4535,-30.7135,36.0364,1.1241,1.1238
199.5035,-30.7630,36.0435,1.1171,1.1238
199.5535,-30.8125,36.0505,1.1171,1.1238
199.6035,-30.8621,36.0569,1.1171,1.1213
199.6535,-30.9117,36.0627,1.1171,1.1161
199.7035,-30.9615,36.0678,1.1160,1.1158
199.7535,-31.0112,36.0724,1.1160,1.1150
199.8035,-31.0610,36.0770,1.1160,1.1147
199.8535,-31.1108,36.0816,1.1160,1.1147
199.9035,-31.1606,36.0864,1.1160,1.1147
199.9535,-31.2104,36.0914,1.1142,1.1146
200.0035,-31.2601,36.0964,1.1137,1.1146
200.0535,-31.3098,36.1014,1.1137,1.1146
200.1035,-31.3596,36.1063,1.1131,1.1145
200.1535,-31.4094,36.1110,1.1131,1.1145
200.2035,-31.4592,36.1155,1.1131,1.1145
200.2535,-31.5090,36.1199,1.1132,1.1134
200.3035,-31.5588,36.1241,1.1132,1.1123
200.3535,-31.6086,36.1283,1.1132,1.1123
200.4035,-31.6585,36.1327,1.1134,1.1123
200.4535,-31.7082,36.1372,1.1134,1.1123
200.5035,-31.7580,36.1419,1.1134,1.1123
200.5535,-31.8078,36.1466,1.1134,1.1123
200.6035,-31.8576,36.1512,1.1134,1.1123
200.6535,-31.9074,36.1557,1.1134,1.1123
200.7035,-31.9572,36.1602,1.1134,1.1134
200.7535,-32.0070,36.1646,1.1134,1.1139
200.8035,-32.0568,36.1691,1.1135,1.1139
200.8535,-32.1066,36.1737,1.1135,1.1119
200.9035,-32.1564,36.1783,1.1135,1.1128
200.9535,-32.2062,36.1830,1.1135,1.1128
201.0035,-32.2559,36.1878,1.1135,1.1128
201.0535,-32.3057,36.1926,1.1135,1.1139
201.1035,-32.3555,36.1975,1.1130,1.1144
201.1535,-32.4052,36.2025,1.1128,1.1144
201.2035,-32.4550,36.2074,1.1125,1.1144
201.2535,-32.5047,36.2124,1.1125,1.1139
201.3035,-32.5545,36.2174,1.1125,1.1137
201.3535,-32.6042,36.2225,1.1130,1.1128
201.4035,-32.6539,36.2279,1.1146,1.1118
201.4535,-32.7036,36.2335,1.1156,1.1116
201.5035,-32.7533,36.2394,1.1157,1.1116
201.5535,-32.8029,36.2457,1.1159,1.1116
201.6035,-32.8524,36.2523,1.1159,1.1116
201.6535,-32.9020,36.2591,1.1159,1.1126
201.7035,-32.9515,36.2660,1.1156,1.1126
201.7535,-33.0010,36.2727,1.1156,1.1172
201.8035,-33.0506,36.2791,1.1156,1.1173
201.8535,-33.1003,36.2851,1.1159,1.1173
201.9035,-33.1499,36.2910,1.1171,1.1173
201.9535,-33.1996,36.2969,1.1171,1.1139
202.0035,-33.2492,36.3032,1.1171,1.1137
202.0535,-33.2987,36.3100,1.1171,1.1137
202.1035,-33.3482,36.3174,1.1171,1.1137
202.1535,-33.3975,36.3255,1.1171,1.1142
202.2035,-33.4467,36.3342,1.1171,1.1142
202.2535,-33.4959,36.3435,1.1171,1.1173
202.3035,-33.5449,36.3533,1.1171,1.1173
202.3535,-33.5938,36.3635,1.1171,1.1171
202.4035,-33.6428,36.3738,1.1154,1.1198
202.4535,-33.6917,36.3839,1.1154,1.1198
202.5035,-33.7408,36.3937,1.1154,1.1171
202.5535,-33.7898,36.4033,1.1134,1.1171
202.6035,-33.8390,36.4126,1.1134,1.1171
202.6535,-33.8881,36.4218,1.1134,1.1171
202.7035,-33.9373,36.4310,1.1134,1.1171
202.7535,-33.9864,36.4401,1.1134,1.1171
202.8035,-34.0356,36.4492,1.1141,1.1177
202.8535,-34.0848,36.4582,1.1141,1.1177
202.9035,-34.1340,36.4672,1.1141,1.1167
202.9535,-34.1832,36.4761,1.1141,1.1167
203.0036,-34.2324,36.4849,1.1141,1.1150
203.0536,-34.2816,36.4936,1.1141,1.1145
203.1036,-34.3309,36.5023,1.1125,1.1144
203.1536,-34.3801,36.5109,1.1125,1.1143
203.2036,-34.4293,36.5197,1.1125,1.1143
203.2536,-34.4786,36.5285,1.1125,1.1145
203.3036,-34.5277,36.5376,1.1126,1.1143
203.3536,-34.5769,36.5468,1.1127,1.1129
203.4036,-34.6260,36.5561,1.1127,1.1129
203.4536,-34.6751,36.5654,1.1127,1.1129
203.5036,-34.7243,36.5747,1.1126,1.1110
203.5536,-34.7734,36.5841,1.1126,1.1110
203.6036,-34.8225,36.5935,1.1126,1.1080
203.6536,-34.8716,36.6031,1.1127,1.1080
203.7036,-34.9206,36.6129,1.1127,1.1106
203.7536,-34.9696,36.6229,1.1127,1.1110
203.8036,-35.0185,36.6333,1.1127,1.1121
203.8536,-35.0673,36.6440,1.1127,1.1137
203.9036,-35.1161,36.6549,1.1165,1.1199
203.9536,-35.1649,36.6659,1.1176,1.1199
204.0036,-35.2137,36.6769,1.1176,1.1199
204.0536,-35.2625,36.6876,1.1179,1.1203
204.1036,-35.3114,36.6982,1.1179,1.1203
204.1536,-35.3603,36.7085,1.1188,1.1203
204.2036,-35.4093,36.7187,1.1233,1.1257
204.2536,-35.4582,36.7290,1.1233,1.1257
204.3036,-35.5071,36.7392,1.1233,1.1257
204.3536,-35.5561,36.7494,1.1217,1.1257
204.4036,-35.6051,36.7595,1.1217,1.1250
204.4536,-35.6541,36.7694,1.1217,1.1241
204.5036,-35.7031,36.7791,1.1217,1.1241
204.5536,-35.7522,36.7887,1.1188,1.1241
204.6036,-35.8013,36.7982,1.1188,1.1220
204.6536,-35.8504,36.8077,1.1188,1.1220
204.7036,-35.8994,36.8175,1.1188,1.1215
204.7536,-35.9484,36.8275,1.1185,1.1215
204.8036,-35.9973,36.8378,1.1185,1.1210
204.8536,-36.0463,36.8481,1.1181,1.1195
204.9036,-36.0952,36.8584,1.1168,1.1180
204.9536,-36.1442,36.8684,1.1158,1.1180
205.0036,-36.1932,36.8782,1.1158,1.1158
205.0536,-36.2423,36.8877,1.1155,1.1135
205.1036,-36.2914,36.8972,1.1155,1.1135
205.1536,-36.3405,36.9066,1.1145,1.1121
205.2036,-36.3896,36.9160,1.1143,1.1119
205.2536,-36.4387,36.9253,1.1143,1.1119
205.3036,-36.4878,36.9348,1.1143,1.1117
205.3536,-36.5369,36.9445,1.1145,1.1117
205.4036,-36.5859,36.9544,1.1145,1.1114
205.4536,-36.6348,36.9646,1.1145,1.1114
205.5036,-36.6837,36.9751,1.1145,1.1114
205.5536,-36.7326,36.9858,1.1145,1.1114
205.6036,-36.7814,36.9966,1.1145,1.1114
205.6536,-36.8302,37.0074,1.1148,1.1123
205.7036,-36.8791,37.0180,1.1157,1.1123
205.7536,-36.9280,37.0283,1.1157,1.1123
205.8036,-36.9770,37.0384,1.1157,1.1124
205.8536,-37.0259,37.0485,1.1147,1.1126
205.9036,-37.0749,37.0588,1.1147,1.1126
205.9536,-37.1238,37.0690,1.1137,1.1187
206.0036,-37.1727,37.0793,1.1137,1.1187
206.0536,-37.2217,37.0895,1.1112,1.1187
206.1036,-37.2707,37.0995,1.1112,1.1163
206.1536,-37.3197,37.1094,1.1112,1.1163
206.2036,-37.3687,37.1191,1.1137,1.1146
206.2536,-37.4178,37.1289,1.1137,1.1146
206.3036,-37.4668,37.1388,1.1137,1.1146
206.3536,-37.5158,37.1488,1.1097,1.1144
206.4036,-37.5648,37.1588,1.1097,1.1139
206.4536,-37.6138,37.1688,1.1097,1.1128
206.5036,-37.6628,37.1787,1.1122,1.1128
206.5536,-37.7118,37.1886,1.1122,1.1128
206.6036,-37.7608,37.1984,1.1122,1.1128
206.6536,-37.8098,37.2083,1.1099,1.1122
206.7036,-37.8589,37.2181,1.1099,1.1122
206.7536,-37.9079,37.2279,1.1099,1.1122
206.8036,-37.9570,37.2375,1.1101,1.1132
206.8536,-38.0061,37.2471,1.1144,1.1133
206.9036,-38.0552,37.2565,1.1144,1.1133
206.9536,-38.1043,37.2657,1.1145,1.1135
207.0036,-38.1534,37.2749,1.1146,1.1135
207.0536,-38.2026,37.2841,1.1147,1.1140
207.1037,-38.2517,37.2933,1.1151,1.1147
207.1537,-38.3009,37.3026,1.1151,1.1151
207.2037,-38.3500,37.3119,1.1155,1.1151
207.2537,-38.3991,37.3213,1.1167,1.1151
207.3037,-38.4482,37.3308,1.1179,1.1151
207.3537,-38.4973,37.3404,1.1181,1.1151
207.4037,-38.5463,37.3504,1.1181,1.1156
207.4537,-38.5952,37.3608,1.1181,1.1156
207.5037,-38.6440,37.3717,1.1167,1.1151
207.5537,-38.6927,37.3831,1.1167,1.1155
207.6037,-38.7413,37.3948,1.1167,1.1155
207.6537,-38.7898,37.4067,1.1179,1.1155
207.7037,-38.8384,37.4186,1.1179,1.1155
207.7537,-38.8870,37.4304,1.1179,1.1155
207.8037,-38.9356,37.4419,1.1163,1.1146
207.8537,-38.9843,37.4532,1.1132,1.1129
207.9037,-39.0331,37.4643,1.1108,1.1129
207.9537,-39.0819,37.4751,1.1088,1.1129
208.0037,-39.1308,37.4856,1.1085,1.1138
208.0537,-39.1797,37.4960,1.1085,1.1138
208.1037,-39.2287,37.5060,1.1085,1.1138
208.1537,-39.2777,37.5158,1.1093,1.1129
208.2037,-39.3268,37.5254,1.1093,1.1117
208.2537,-39.3759,37.5349,1.1097,1.1117
208.3037,-39.4250,37.5444,1.1097,1.1117
208.3537,-39.4741,37.5538,1.1093,1.1105
208.4037,-39.5232,37.5632,1.1086,1.1105
208.4537,-39.5723,37.5725,1.1082,1.1105
208.5037,-39.6215,37.5816,1.1082,1.1105
208.5537,-39.6707,37.5907,1.1082,1.1105
208.6037,-39.7199,37.5996,1.1086,1.1105
208.6537,-39.7691,37.6084,1.1086,1.1105
208.7037,-39.8183,37.6171,1.1086,1.1100
208.7537,-39.8676,37.6258,1.1093,1.1096
208.8037,-39.9169,37.6343,1.1101,1.1096
208.8537,-39.9661,37.6428,1.1112,1.1096
208.9037,-40.0154,37.6513,1.1117,1.1096
208.9537,-40.0647,37.6598,1.1123,1.1106
209.0037,-40.1139,37.6684,1.1139,1.1118
209.0537,-40.1632,37.6771,1.1151,1.1121
209.1037,-40.2124,37.6858,1.1157,1.1140
209.1537,-40.2616,37.6946,1.1159,1.1140
209.2037,-40.3108,37.7037,1.1159,1.1140
209.2537,-40.3599,37.7131,1.1159,1.1140
209.3037,-40.4090,37.7228,1.1160,1.1140
209.3537,-40.4579,37.7328,1.1160,1.1146
209.4037,-40.5069,37.7429,1.1186,1.1146
209.4537,-40.5559,37.7530,1.1189,1.1222
209.5037,-40.6049,37.7628,1.1189,1.1286
209.5537,-40.6540,37.7721,1.1189,1.1286
209.6037,-40.7033,37.7807,1.1189,1.1286
209.6537,-40.7527,37.7887,1.1197,1.1285
209.7037,-40.8021,37.7960,1.1225,1.1253
209.7537,-40.8516,37.8029,1.1230,1.1218
209.8037,-40.9012,37.8097,1.1230,1.1218
209.8537,-40.9507,37.8167,1.1258,1.1218
209.9037,-41.0002,37.8239,1.1258,1.1233
209.9537,-41.0496,37.8314,1.1230,1.1248
210.0037,-41.0991,37.8386,1.1209,1.1253
210.0537,-41.1486,37.8453,1.1209,1.1253
210.1037,-41.1983,37.8514,1.1209,1.1253
210.1537,-41.2479,37.8569,1.1221,1.1248
210.2037,-41.2977,37.8624,1.1221,1.1169
210.2537,-41.3473,37.8682,1.1223,1.1162
210.3037,-41.3969,37.8748,1.1223,1.1162
210.3537,-41.4464,37.8820,1.1223,1.1162
210.4037,-41.4958,37.8895,1.1202,1.1172
210.4537,-41.5452,37.8969,1.1169,1.1172
210.5037,-41.5948,37.9037,1.1123,1.1172
210.5537,-41.6444,37.9095,1.1123,1.1163
210.6037,-41.6942,37.9145,1.1123,1.1162
210.6537,-41.7440,37.9189,1.1123,1.1162
210.7037,-41.7938,37.9228,1.1123,1.1162
210.7537,-41.8437,37.9266,1.1123,1.1145
210.8037,-41.8936,37.9304,1.1120,1.1145
210.8537,-41.9434,37.9343,1.1117,1.1145
210.9037,-41.9933,37.9380,1.1091,1.1145
210.9537,-42.0431,37.9415,1.1090,1.1138
211.0037,-42.0931,37.9444,1.1090,1.1133
211.0537,-42.1430,37.9465,1.1090,1.1132
211.1037,-42.1930,37.9477,1.1090,1.1131
211.1537,-42.2430,37.9481,1.1103,1.1117
211.2037,-42.2930,37.9478,1.1103,1.1108
211.2537,-42.3430,37.9471,1.1103,1.1108
211.3037,-42.3930,37.9462,1.1100,1.1085
211.3537,-42.4430,37.9454,1.1096,1.1085
211.4037,-42.4930,37.9447,1.1094,1.1085
211.4537,-42.5430,37.9443,1.1094,1.1028
211.5037,-42.5930,37.9442,1.1096,1.1028
211.5537,-42.6430,37.9443,1.1096,1.1059
211.6037,-42.6930,37.9446,1.1096,1.1059
211.6537,-42.7430,37.9449,1.1096,1.0972
211.7037,-42.7930,37.9452,1.1094,1.1039
211.7537,-42.8430,37.9456,1.1094,1.1039
211.8037,-42.8930,37.9459,1.1086,1.1039
211.8537,-42.9430,37.9460,1.1083,1.1061
211.9037,-42.9930,37.9457,1.1083,1.1100
211.9537,-43.0430,37.9448,1.1083,1.1125
212.0037,-43.0930,37.9433,1.1082,1.1125
212.0537,-43.1429,37.9410,1.1088,1.1100
212.1037,-43.1928,37.9381,1.1088,1.1100
212.1537,-43.2427,37.9346,1.1088,1.1125
212.2037,-43.2925,37.9305,1.1086,1.1123
212.2537,-43.3423,37.9257,1.1086,1.1123
212.3037,-43.3920,37.9202,1.1082,1.1123
212.3537,-43.4416,37.9137,1.1086,1.1123
212.4037,-43.4910,37.9063,1.1086,1.1123
212.4537,-43.5403,37.8978,1.1086,1.1123
212.5037,-43.5894,37.8885,1.1094,1.1123
212.5537,-43.6384,37.8786,1.1159,1.1125
212.6037,-43.6874,37.8684,1.1159,1.1127
212.6537,-43.7363,37.8580,1.1177,1.1165
212.7037,-43.7852,37.8476,1.1177,1.1177
212.7537,-43.8341,37.8371,1.1177,1.1177
212.8037,-43.8829,37.8264,1.1129,1.1177
212.8537,-43.9317,37.8155,1.1129,1.1177
212.9038,-43.9804,37.8042,1.1129,1.1177
212.9538,-44.0290,37.7924,1.1129,1.1199
213.0038,-44.0775,37.7800,1.1161,1.1199
213.0538,-44.1258,37.7672,1.1161,1.1199
213.1038,-44.1740,37.7540,1.1161,1.1161
213.1538,-44.2222,37.7406,1.1145,1.1133
213.2038,-44.2703,37.7270,1.1145,1.1121
213.2538,-44.3184,37.7133,1.1145,1.1121
213.3038,-44.3664,37.6994,1.1136,1.1121
213.3538,-44.4144,37.6853,1.1136,1.1133
213.4038,-44.4623,37.6708,1.1123,1.1162
213.4538,-44.5100,37.6560,1.1123,1.1162
213.5038,-44.5576,37.6408,1.1123,1.1162
213.5538,-44.6051,37.6250,1.1108,1.1143
213.6038,-44.6524,37.6088,1.1094,1.1143
213.6538,-44.6995,37.5920,1.1094,1.1139
213.7038,-44.7464,37.5748,1.1094,1.1139
213.7538,-44.7931,37.5569,1.1094,1.1143
213.8038,-44.8396,37.5385,1.1090,1.1146
213.8538,-44.8857,37.5192,1.1063,1.1149
213.9038,-44.9315,37.4991,1.1090,1.1156
213.9538,-44.9769,37.4782,1.1117,1.1156
214.0038,-45.0220,37.4566,1.1117,1.1156
214.0538,-45.0669,37.4345,1.1154,1.1165
214.1038,-45.1117,37.4123,1.1192,1.1165
214.1538,-45.1564,37.3899,1.1202,1.1174
214.2038,-45.2012,37.3676,1.1202,1.1196
214.2538,-45.2459,37.3454,1.1212,1.1222
214.3038,-45.2907,37.3232,1.1224,1.1222
214.3538,-45.3355,37.3010,1.1236,1.1226
214.4038,-45.3803,37.2787,1.1236,1.1226
214.4538,-45.4250,37.2563,1.1236,1.1226
214.5038,-45.4696,37.2337,1.1236,1.1226
214.5538,-45.5141,37.2109,1.1236,1.1222
214.6038,-45.5585,37.1879,1.1236,1.1222
214.6538,-45.6027,37.1644,1.1236,1.1222
214.7038,-45.6466,37.1405,1.1195,1.1226
214.7538,-45.6901,37.1160,1.1195,1.1226
214.8038,-45.7333,37.0908,1.1195,1.1226
214.8538,-45.7762,37.0650,1.1195,1.1216
214.9038,-45.8187,37.0387,1.1195,1.1199
214.9538,-45.8609,37.0119,1.1195,1.1199
215.0038,-45.9029,36.9848,1.1195,1.1199
215.0538,-45.9447,36.9573,1.1195,1.1193
215.1038,-45.9862,36.9294,1.1218,1.1193
215.1538,-46.0275,36.9013,1.1218,1.1194
215.2038,-46.0687,36.8729,1.1218,1.1193
215.2538,-46.1098,36.8445,1.1218,1.1188
215.3038,-46.1509,36.8159,1.1196,1.1176
215.3538,-46.1918,36.7873,1.1174,1.1164
215.4038,-46.2326,36.7584,1.1145,1.1164
215.4538,-46.2732,36.7291,1.1117,1.1164
215.5038,-46.3134,36.6994,1.1112,1.1164
215.5538,-46.3531,36.6691,1.1112,1.1171
215.6038,-46.3925,36.6382,1.1112,1.1171
215.6538,-46.4315,36.6070,1.1174,1.1171
215.7038,-46.4704,36.5755,1.1174,1.1149
215.7538,-46.5091,36.5439,1.1174,1.1149
215.8038,-46.5477,36.5121,1.1174,1.1149
215.8538,-46.5862,36.4802,1.1179,1.1149
215.9038,-46.6246,36.4481,1.1142,1.1149
215.9538,-46.6629,36.4160,1.1184,1.1149
216.0038,-46.7012,36.3838,1.1184,1.1149
216.0538,-46.7395,36.3517,1.1184,1.1140
216.1038,-46.7780,36.3198,1.1184,1.1140
216.1538,-46.8165,36.2879,1.1184,1.1140
216.2038,-46.8548,36.2558,1.1112,1.1142
216.2538,-46.8927,36.2231,1.1041,1.1144
216.3038,-46.9297,36.1895,1.1040,1.1157
216.3538,-46.9657,36.1549,1.1040,1.1161
216.4038,-47.0006,36.1190,1.1040,1.1161
216.4538,-47.0345,36.0823,1.1129,1.1161
216.5038,-47.0677,36.0449,1.1143,1.1159
216.5538,-47.1007,36.0073,1.1210,1.1156
216.6038,-47.1337,35.9697,1.1210,1.1156
216.6538,-47.1667,35.9322,1.1214,1.1156
216.7038,-47.1996,35.8946,1.1210,1.1210
216.7538,-47.2324,35.8568,1.1210,1.1210
216.8038,-47.2648,35.8187,1.1201,1.1210
216.8538,-47.2969,35.7804,1.1201,1.1172
216.9038,-47.3287,35.7418,1.1193,1.1172
216.9538,-47.3603,35.7030,1.1193,1.1143
217.0038,-47.3918,35.6642,1.1174,1.1143
217.0538,-47.4232,35.6253,1.1174,1.1143
217.1038,-47.4544,35.5862,1.1153,1.1155
217.1538,-47.4855,35.5471,1.1153,1.1180
217.2038,-47.5162,35.5076,1.1153,1.1181
217.2538,-47.5465,35.4679,1.1160,1.1181
217.3038,-47.5764,35.4278,1.1160,1.1181
217.3538,-47.6058,35.3873,1.1160,1.1181
217.4038,-47.6347,35.3465,1.1160,1.1181
217.4538,-47.6632,35.3054,1.1160,1.1178
217.5038,-47.6913,35.2641,1.1160,1.1178
217.5538,-47.7192,35.2226,1.1150,1.1178
217.6038,-47.7468,35.1809,1.1149,1.1174
217.6538,-47.7739,35.1389,1.1149,1.1174
217.7038,-47.8005,35.0965,1.1149,1.1174
217.7538,-47.8265,35.0538,1.1149,1.1174
217.8038,-47.8520,35.0108,1.1149,1.1174
217.8538,-47.8769,34.9675,1.1134,1.1174
217.9038,-47.9014,34.9239,1.1134,1.1174
217.9538,-47.9255,34.8801,1.1134,1.1177
218.0038,-47.9492,34.8360,1.1134,1.1183
218.0538,-47.9725,34.7918,1.1135,1.1183
218.1038,-47.9954,34.7473,1.1135,1.1183
218.1538,-48.0178,34.7027,1.1178,1.1183
218.2038,-48.0399,34.6578,1.1178,1.1183
218.2538,-48.0615,34.6127,1.1156,1.1197
218.3038,-48.0825,34.5673,1.1178,1.1197
218.3538,-48.1031,34.5217,1.1178,1.1171
218.4038,-48.1231,34.4759,1.1156,1.1145
218.4538,-48.1428,34.4300,1.1178,1.1145
218.5038,-48.1622,34.3839,1.1178,1.1145
218.5538,-48.1814,34.3377,1.1151,1.1145
218.6038,-48.2005,34.2915,1.1151,1.1145
218.6538,-48.2193,34.2452,1.1123,1.1145
218.7038,-48.2377,34.1987,1.1123,1.1148
218.7538,-48.2557,34.1520,1.1123,1.1148
218.8038,-48.2732,34.1052,1.1140,1.1157
218.8538,-48.2903,34.0582,1.1142,1.1168
218.9038,-48.3070,34.0111,1.1157,1.1168
218.9538,-48.3233,33.9638,1.1142,1.1168
219.0038,-48.3393,33.9164,1.1145,1.1173
219.0538,-48.3550,33.8690,1.1151,1.1178
219.1038,-48.3702,33.8213,1.1145,1.1194
219.1538,-48.3851,33.7736,1.1135,1.1194
219.2038,-48.3994,33.7257,1.1135,1.1194
219.2538,-48.4130,33.6776,1.1135,1.1178
219.3038,-48.4261,33.6293,1.1135,1.1173
219.3538,-48.4384,33.5809,1.1145,1.1173
219.4038,-48.4502,33.5323,1.1145,1.1153
219.4538,-48.4614,33.4835,1.1157,1.1153
219.5038,-48.4723,33.4347,1.1157,1.1138
219.5538,-48.4827,33.3858,1.1145,1.1138
219.6038,-48.4929,33.3369,1.1145,1.1138
219.6538,-48.5026,33.2878,1.1145,1.1168
219.7038,-48.5118,33.2387,1.1145,1.1168
219.7538,-48.5207,33.1895,1.1159,1.1168
219.8039,-48.5294,33.1402,1.1174,1.1178
219.8539,-48.5381,33.0910,1.1176,1.1178
219.9039,-48.5469,33.0418,1.1217,1.1178
219.9539,-48.5558,32.9926,1.1225,1.1224
220.0039,-48.5648,32.9434,1.1225,1.1224
220.0539,-48.5736,32.8942,1.1225,1.1231
220.1039,-48.5820,32.8449,1.1177,1.1231
220.1539,-48.5898,32.7955,1.1177,1.1224
220.2039,-48.5969,32.7460,1.1177,1.1194
220.2539,-48.6033,32.6964,1.1177,1.1194
220.3039,-48.6090,32.6467,1.1177,1.1194
220.3539,-48.6142,32.5970,1.1152,1.1183
220.4039,-48.6189,32.5472,1.1119,1.1120
220.4539,-48.6229,32.4974,1.1085,1.1120
220.5039,-48.6262,32.4475,1.1056,1.1120
220.5539,-48.6287,32.3976,1.1056,1.1120
220.6039,-48.6303,32.3476,1.1056,1.1109
220.6539,-48.6310,32.2976,1.1056,1.1090
220.7039,-48.6310,32.2476,1.1056,1.1075
220.7539,-48.6306,32.1976,1.1064,1.1049
220.8039,-48.6299,32.1476,1.1070,1.1034
220.8539,-48.6293,32.0976,1.1075,1.1029
220.9039,-48.6288,32.0476,1.1084,1.1028
220.9539,-48.6286,31.9976,1.1084,1.1022
221.0039,-48.6287,31.9476,1.1084,1.1022
221.0539,-48.6292,31.8976,1.1083,1.1022
221.1039,-48.6301,31.8476,1.1078,1.1025
221.1539,-48.6314,31.7976,1.1078,1.1048
221.2039,-48.6327,31.7476,1.1076,1.1081
221.2539,-48.6335,31.6976,1.1076,1.1116
221.3039,-48.6334,31.6477,1.1076,1.1194
221.3539,-48.6319,31.5977,1.1083,1.1194
221.4039,-48.6290,31.5478,1.1091,1.1194
221.4539,-48.6248,31.4979,1.1092,1.1200
221.5039,-48.6197,31.4482,1.1191,1.1200
221.5539,-48.6141,31.3985,1.1209,1.1200
221.6039,-48.6082,31.3489,1.1209,1.1224
221.6539,-48.6020,31.2992,1.1209,1.1227
221.7039,-48.5954,31.2497,1.1183,1.1239
221.7539,-48.5882,31.2002,1.1173,1.1239
221.8039,-48.5804,31.1508,1.1173,1.1227
221.8539,-48.5720,31.1015,1.1173,1.1227
221.9039,-48.5632,31.0523,1.1179,1.1219
221.9539,-48.5542,31.0031,1.1179,1.1219
222.0039,-48.5451,30.9540,1.1179,1.1119
222.0539,-48.5361,30.9048,1.1153,1.1119
222.1039,-48.5272,30.8556,1.1142,1.1115
222.1539,-48.5183,30.8064,1.1142,1.1119
222.2039,-48.5094,30.7572,1.1142,1.1119
222.2539,-48.5003,30.7080,1.1142,1.1119
222.3039,-48.4909,30.6589,1.1146,1.1119
222.3539,-48.4812,30.6098,1.1146,1.1121
222.4039,-48.4711,30.5609,1.1146,1.1151
222.4539,-48.4608,30.5119,1.1146,1.1151
222.5039,-48.4501,30.4631,1.1146,1.1157
222.5539,-48.4390,30.4143,1.1137,1.1164
222.6039,-48.4275,30.3657,1.1137,1.1164
222.6539,-48.4156,30.3171,1.1137,1.1184
222.7039,-48.4033,30.2686,1.1137,1.1186
222.7539,-48.3907,30.2203,1.1137,1.1186
222.8039,-48.3779,30.1719,1.1137,1.1188
222.8539,-48.3646,30.1237,1.1126,1.1193
222.9039,-48.3508,30.0757,1.1126,1.1193
222.9539,-48.3365,30.0278,1.1126,1.1193
223.0039,-48.3215,29.9801,1.1126,1.1193
223.0539,-48.3059,29.9326,1.1126,1.1188
223.1039,-48.2896,29.8853,1.1126,1.1188
223.1539,-48.2727,29.8382,1.1126,1.1182
223.2039,-48.2552,29.7914,1.1126,1.1152
223.2539,-48.2370,29.7448,1.1144,1.1145
223.3039,-48.2183,29.6985,1.1144,1.1145
223.3539,-48.1990,29.6523,1.1194,1.1145
223.4039,-48.1793,29.6064,1.1232,1.1145
223.4539,-48.1595,29.5605,1.1232,1.1164
223.5039,-48.1396,29.5146,1.1232,1.1170
223.5539,-48.1198,29.4687,1.1232,1.1170
223.6039,-48.1002,29.4227,1.1223,1.1184
223.6539,-48.0806,29.3767,1.1202,1.1204
223.7039,-48.0610,29.3307,1.1202,1.1204
223.7539,-48.0411,29.2848,1.1202,1.1208
223.8039,-48.0210,29.2390,1.1202,1.1208
223.8539,-48.0005,29.1934,1.1182,1.1208
223.9039,-47.9798,29.1479,1.1182,1.1192
223.9539,-47.9589,29.1025,1.1165,1.1180
224.0039,-47.9377,29.0572,1.1148,1.1180
224.0539,-47.9162,29.0120,1.1125,1.1178
224.1039,-47.8944,28.9671,1.1117,1.1176
224.1539,-47.8722,28.9223,1.1109,1.1176
224.2039,-47.8495,28.8777,1.1109,1.1176
224.2539,-47.8265,28.8333,1.1117,1.1176
224.3039,-47.8031,28.7891,1.1125,1.1150
224.3539,-47.7795,28.7450,1.1142,1.1150
224.4039,-47.7557,28.7011,1.1142,1.1143
224.4539,-47.7319,28.6571,1.1174,1.1143
224.5039,-47.7082,28.6130,1.1174,1.1143
224.5539,-47.6847,28.5689,1.1139,1.1163
224.6039,-47.6612,28.5248,1.1139,1.1176
224.6539,-47.6377,28.4806,1.1139,1.1176
224.7039,-47.6141,28.4366,1.1137,1.1176
224.7539,-47.5903,28.3926,1.1137,1.1155
224.8039,-47.5664,28.3487,1.1137,1.1153
224.8539,-47.5426,28.3047,1.1137,1.1146
224.9039,-47.5189,28.2607,1.1137,1.1132
224.9539,-47.4955,28.2165,1.1133,1.1132
225.0039,-47.4723,28.1722,1.1130,1.1128
225.0539,-47.4490,28.1279,1.1130,1.1128
225.1039,-47.4256,28.0837,1.1130,1.1128
225.1539,-47.4020,28.0397,1.1130,1.1128
225.2039,-47.3781,27.9958,1.1130,1.1142
225.2539,-47.3539,27.9520,1.1130,1.1142
225.3039,-47.3296,27.9083,1.1130,1.1134
225.3539,-47.3052,27.8647,1.1138,1.1134
225.4039,-47.2809,27.8209,1.1138,1.1134
225.4539,-47.2568,27.7771,1.1130,1.1134
225.5039,-47.2329,27.7332,1.1138,1.1140
225.5539,-47.2091,27.6892,1.1138,1.1140
225.6039,-47.1854,27.6453,1.1138,1.1140
225.6539,-47.1614,27.6014,1.1138,1.1140
225.7040,-47.1372,27.5576,1.1138,1.1149
225.7540,-47.1126,27.5141,1.1138,1.1166
225.8040,-47.0877,27.4708,1.1138,1.1166
225.8540,-47.0624,27.4276,1.1130,1.1166
225.9040,-47.0370,27.3845,1.1143,1.1166
225.9540,-47.0113,27.3416,1.1143,1.1160
226.0040,-46.9856,27.2988,1.1143,1.1160
226.0540,-46.9598,27.2559,1.1143,1.1160
226.1040,-46.9342,27.2130,1.1143,1.1160
226.1540,-46.9089,27.1698,1.1144,1.1128
226.2040,-46.8841,27.1264,1.1144,1.1122
226.2540,-46.8596,27.0828,1.1144,1.1122
226.3040,-46.8354,27.0391,1.1144,1.1122
226.3540,-46.8116,26.9951,1.1143,1.1118
226.4040,-46.7882,26.9509,1.1137,1.1117
226.4540,-46.7649,26.9067,1.1137,1.1115
226.5040,-46.7419,26.8623,1.1137,1.1115
226.5540,-46.7190,26.8178,1.1137,1.1117
226.6040,-46.6963,26.7733,1.1137,1.1117
226.6540,-46.6736,26.7287,1.1144,1.1118
226.7040,-46.6511,26.6841,1.1144,1.1149
226.7540,-46.6287,26.6394,1.1144,1.1175
226.8040,-46.6065,26.5946,1.1130,1.1175
226.8540,-46.5844,26.5497,1.1130,1.1175
226.9040,-46.5622,26.5049,1.1126,1.1175
226.9540,-46.5397,26.4603,1.1101,1.1175
227.0040,-46.5165,26.4160,1.1080,1.1151
227.0540,-46.4926,26.3721,1.1058,1.1151
227.1040,-46.4681,26.3284,1.1058,1.1111
227.1540,-46.4434,26.2850,1.1058,1.1111
227.2040,-46.4186,26.2416,1.1080,1.1094
227.2540,-46.3938,26.1982,1.1122,1.1094
227.3040,-46.3691,26.1547,1.1122,1.1094
227.3540,-46.3445,26.1111,1.1146,1.1109
227.4040,-46.3203,26.0674,1.1146,1.1126
227.4540,-46.2963,26.0235,1.1146,1.1132
227.5040,-46.2725,25.9796,1.1156,1.1139
227.5540,-46.2486,25.9356,1.1156,1.1153
227.6040,-46.2246,25.8918,1.1162,1.1153
227.6540,-46.2005,25.8479,1.1156,1.1153
227.7040,-46.1765,25.8041,1.1156,1.1153
227.7540,-46.1526,25.7602,1.1146,1.1153
227.8040,-46.1289,25.7162,1.1146,1.1153
227.8540,-46.1054,25.6720,1.1140,1.1139
227.9040,-46.0820,25.6278,1.1124,1.1139
227.9540,-46.0586,25.5836,1.1124,1.1139
228.0040,-46.0350,25.5395,1.1124,1.1143
228.0540,-46.0113,25.4956,1.1113,1.1139
228.1040,-45.9874,25.4516,1.1113,1.1139
228.1540,-45.9635,25.4077,1.1124,1.1132
228.2040,-45.9396,25.3638,1.1124,1.1132
228.2540,-45.9158,25.3198,1.1124,1.1132
228.3040,-45.8920,25.2758,1.1124,1.1133
228.3540,-45.8681,25.2319,1.1133,1.1133
228.4040,-45.8442,25.1880,1.1133,1.1142
228.4540,-45.8202,25.1441,1.1118,1.1142
228.5040,-45.7961,25.1003,1.1118,1.1133
228.5540,-45.7718,25.0566,1.1118,1.1133
228.6040,-45.7476,25.0129,1.1118,1.1132
228.6540,-45.7233,24.9692,1.1118,1.1132
228.7040,-45.6991,24.9254,1.1133,1.1132
228.7540,-45.6749,24.8816,1.1133,1.1132
228.8040,-45.6508,24.8379,1.1133,1.1151
228.8540,-45.6265,24.7941,1.1126,1.1151
228.9040,-45.6020,24.7505,1.1126,1.1151
228.9540,-45.5774,24.7070,1.1126,1.1151
229.0040,-45.5526,24.6636,1.1126,1.1132
229.0540,-45.5280,24.6201,1.1126,1.1132
229.1040,-45.5035,24.5765,1.1126,1.1151
229.1540,-45.4793,24.5327,1.1197,1.1198
229.2040,-45.4552,24.4889,1.1202,1.1198
229.2540,-45.4311,24.4451,1.1202,1.1213
229.3040,-45.4067,24.4014,1.1197,1.1213
229.3540,-45.3822,24.3579,1.1195,1.1213
229.4040,-45.3576,24.3144,1.1195,1.1163
229.4540,-45.3329,24.2708,1.1161,1.1135
229.5040,-45.3083,24.2273,1.1161,1.1135
229.5540,-45.2837,24.1838,1.1161,1.1135
229.6040,-45.2590,24.1404,1.1161,1.1149
229.6540,-45.2339,24.0971,1.1197,1.1163
229.7040,-45.2086,24.0540,1.1197,1.1163
229.7540,-45.1829,24.0111,1.1197,1.1149
229.8040,-45.1571,23.9682,1.1107,1.1110
229.8540,-45.1312,23.9254,1.1107,1.1088
229.9040,-45.1054,23.8826,1.1107,1.1085
229.9540,-45.0798,23.8397,1.1107,1.1085
230.0040,-45.0543,23.7967,1.1116,1.1088
230.0540,-45.0291,23.7535,1.1125,1.1091
230.1041,-45.0041,23.7102,1.1130,1.1138
230.1541,-44.9792,23.6668,1.1130,1.1138
230.2041,-44.9544,23.6234,1.1130,1.1138
230.2541,-44.9295,23.5801,1.1130,1.1112
230.3041,-44.9045,23.5367,1.1125,1.1112
230.3541,-44.8795,23.4934,1.1125,1.1112
230.4041,-44.8545,23.4501,1.1125,1.1143
230.4541,-44.8296,23.4068,1.1130,1.1143
230.5041,-44.8048,23.3634,1.1155,1.1143
230.5541,-44.7800,23.3200,1.1155,1.1143
230.6041,-44.7551,23.2766,1.1155,1.1143
230.6541,-44.7300,23.2333,1.1119,1.1138
230.7041,-44.7046,23.1903,1.1119,1.1112
230.7541,-44.6788,23.1474,1.1119,1.1112
230.8041,-44.6528,23.1047,1.1119,1.1112
230.8541,-44.6266,23.0621,1.1122,1.1112
230.9041,-44.6005,23.0195,1.1122,1.1114
230.9541,-44.5745,22.9768,1.1122,1.1114
231.0041,-44.5487,22.9340,1.1122,1.1114
231.0541,-44.5231,22.8910,1.1122,1.1114
231.1041,-44.4978,22.8479,1.1122,1.1126
231.1541,-44.4726,22.8047,1.1130,1.1126
231.2041,-44.4475,22.7615,1.1130,1.1126
231.2541,-44.4223,22.7182,1.1130,1.1143
231.3041,-44.3972,22.6750,1.1130,1.1143
231.3541,-44.3719,22.6319,1.1128,1.1143
231.4041,-44.3464,22.5889,1.1128,1.1138
231.4541,-44.3209,22.5458,1.1128,1.1138
231.5041,-44.2954,22.5029,1.1133,1.1138
231.5541,-44.2698,22.4599,1.1133,1.1166
231.6041,-44.2442,22.4170,1.1138,1.1166
231.6541,-44.2184,22.3741,1.1138,1.1166
231.7041,-44.1925,22.3314,1.1138,1.1166
231.7541,-44.1666,22.2886,1.1151,1.1166
231.8041,-44.1407,22.2458,1.1174,1.1166
231.8541,-44.1151,22.2029,1.1174,1.1138
231.9041,-44.0896,22.1598,1.1174,1.1138
231.9541,-44.0644,22.1167,1.1174,1.1138
232.0041,-44.0395,22.0733,1.1174,1.1138
232.0541,-44.0148,22.0298,1.1174,1.1138
232.1041,-43.9903,21.9862,1.1174,1.1138
232.1541,-43.9657,21.9427,1.1090,1.1091
232.2041,-43.9406,21.8995,1.1090,1.1091
232.2541,-43.9151,21.8565,1.1086,1.1091
232.3041,-43.8891,21.8137,1.1090,1.1093
232.3541,-43.8630,21.7711,1.1098,1.1097
232.4041,-43.8370,21.7284,1.1098,1.1122
232.4541,-43.8112,21.6856,1.1098,1.1137
232.5041,-43.7856,21.6426,1.1098,1.1146
232.5541,-43.7601,21.5996,1.1105,1.1146
232.6041,-43.7347,21.5565,1.1130,1.1149
232.6541,-43.7095,21.5134,1.1174,1.1152
232.7041,-43.6844,21.4701,1.1187,1.1152
232.7541,-43.6595,21.4267,1.1187,1.1152
232.8041,-43.6348,21.3833,1.1187,1.1152
232.8541,-43.6101,21.3398,1.1187,1.1170
232.9041,-43.5853,21.2964,1.1171,1.1170
232.9541,-43.5602,21.2531,1.1171,1.1152
233.0041,-43.5349,21.2100,1.1162,1.1152
233.0541,-43.5095,21.1669,1.1171,1.1137
233.1041,-43.4841,21.1238,1.1166,1.1137
233.1541,-43.4589,21.0807,1.1166,1.1146
233.2041,-43.4338,21.0374,1.1166,1.1161
233.2541,-43.4090,20.9940,1.1168,1.1146
233.3041,-43.3845,20.9504,1.1166,1.1146
233.3541,-43.3601,20.9068,1.1168,1.1137
233.4041,-43.3361,20.8629,1.1168,1.1137
233.4541,-43.3122,20.8190,1.1157,1.1137
233.5041,-43.2885,20.7750,1.1146,1.1146
233.5541,-43.2649,20.7309,1.1157,1.1146
233.6041,-43.2411,20.6869,1.1157,1.1149
233.6541,-43.2172,20.6430,1.1168,1.1149
233.7041,-43.1930,20.5992,1.1168,1.1149
233.7541,-43.1686,20.5556,1.1168,1.1149
233.8041,-43.1440,20.5121,1.1139,1.1139
233.8541,-43.1194,20.4685,1.1132,1.1135
233.9041,-43.0948,20.4250,1.1132,1.1122
233.9541,-43.0705,20.3813,1.1132,1.1119
234.0041,-43.0464,20.3375,1.1131,1.1119
234.0541,-43.0225,20.2935,1.1131,1.1122
234.1041,-42.9988,20.2495,1.1129,1.1159
234.1541,-42.9750,20.2056,1.1129,1.1165
234.2041,-42.9509,20.1618,1.1129,1.1165
234.2541,-42.9264,20.1182,1.1129,1.1165
234.3041,-42.9016,20.0747,1.1129,1.1165
234.3542,-42.8768,20.0314,1.1141,1.1125
234.4042,-42.8520,19.9879,1.1141,1.1125
234.4542,-42.8274,19.9444,1.1152,1.1125
234.5042,-42.8028,19.9009,1.1152,1.1154
234.5542,-42.7781,19.8574,1.1153,1.1154
234.6042,-42.7531,19.8141,1.1153,1.1165
234.6542,-42.7280,19.7708,1.1153,1.1179
234.7042,-42.7030,19.7275,1.1164,1.1179
234.7542,-42.6782,19.6841,1.1181,1.1179
234.8042,-42.6537,19.6405,1.1186,1.1179
234.8542,-42.6295,19.5968,1.1186,1.1179
234.9042,-42.6053,19.5530,1.1186,1.1179
234.9542,-42.5811,19.5093,1.1186,1.1179
235.0042,-42.5566,19.4657,1.1173,1.1162
235.0542,-42.5319,19.4222,1.1173,1.1162
235.1042,-42.5070,19.3788,1.1173,1.1162
235.1542,-42.4819,19.3356,1.1173,1.1162
235.2042,-42.4567,19.2924,1.1173,1.1175
235.2542,-42.4315,19.2492,1.1171,1.1175
235.3042,-42.4064,19.2060,1.1194,1.1175
235.3542,-42.3814,19.1627,1.1194,1.1175
235.4042,-42.3564,19.1194,1.1159,1.1175
235.4542,-42.3311,19.0763,1.1151,1.1175
235.5042,-42.3054,19.0334,1.1151,1.1179
235.5542,-42.2793,18.9907,1.1151,1.1187
235.6042,-42.2531,18.9481,1.1151,1.1183
235.6542,-42.2267,18.9056,1.1169,1.1187
235.7042,-42.2004,18.8631,1.1169,1.1183
235.7542,-42.1741,18.8206,1.1169,1.1183
235.8042,-42.1477,18.7781,1.1169,1.1183
235.8542,-42.1211,18.7358,1.1169,1.1165
235.9042,-42.0941,18.6937,1.1127,1.1165
235.9542,-42.0668,18.6518,1.1127,1.1138
236.0042,-42.0392,18.6101,1.1127,1.1138
236.0542,-42.0114,18.5686,1.1127,1.1124
236.1042,-41.9834,18.5272,1.1121,1.1120
236.1542,-41.9552,18.4859,1.1113,1.1120
236.2042,-41.9268,18.4447,1.1104,1.1110
236.2542,-41.8983,18.4036,1.1104,1.1110
236.3042,-41.8696,18.3627,1.1104,1.1110
236.3542,-41.8407,18.3218,1.1113,1.1110
236.4042,-41.8117,18.2811,1.1114,1.1126
236.4542,-41.7826,18.2405,1.1114,1.1126
236.5042,-41.7534,18.1999,1.1154,1.1138
236.5542,-41.7240,18.1594,1.1154,1.1138
236.6042,-41.6945,18.1191,1.1154,1.1174
236.6542,-41.6644,18.0791,1.1154,1.1174
236.7042,-41.6338,18.0396,1.1130,1.1174
236.7542,-41.6024,18.0007,1.1130,1.1168
236.8042,-41.5704,17.9623,1.1130,1.1168
236.8542,-41.5378,17.9243,1.1135,1.1168
236.9042,-41.5048,17.8868,1.1135,1.1152
236.9542,-41.4715,17.8495,1.1135,1.1152
237.0042,-41.4381,17.8123,1.1135,1.1152
237.0542,-41.4046,17.7752,1.1135,1.1131
237.1042,-41.3712,17.7380,1.1135,1.1115
237.1542,-41.3379,17.7007,1.1124,1.1115
237.2042,-41.3046,17.6634,1.1124,1.1140
237.2542,-41.2711,17.6262,1.1124,1.1140
237.3042,-41.2373,17.5894,1.1130,1.1155
237.3542,-41.2029,17.5531,1.1135,1.1189
237.4042,-41.1681,17.5173,1.1135,1.1189
237.4542,-41.1328,17.4818,1.1206,1.1189
237.5042,-41.0973,17.4466,1.1206,1.1179
237.5542,-41.0619,17.4112,1.1206,1.1168
237.6042,-41.0267,17.3758,1.1204,1.1168
237.6542,-40.9914,17.3403,1.1169,1.1179
237.7042,-40.9560,17.3050,1.1136,1.1179
237.7542,-40.9203,17.2700,1.1135,1.1179
237.8042,-40.8841,17.2355,1.1135,1.1190
237.8542,-40.8475,17.2015,1.1134,1.1190
237.9042,-40.8106,17.1677,1.1134,1.1190
237.9542,-40.7736,17.1341,1.1131,1.1151
238.0042,-40.7366,17.1005,1.1131,1.1121
238.0542,-40.6997,17.0667,1.1131,1.1121
238.1042,-40.6628,17.0330,1.1131,1.1121
238.1542,-40.6258,16.9994,1.1134,1.1148
238.2042,-40.5885,16.9661,1.1134,1.1151
238.2542,-40.5507,16.9333,1.1134,1.1155
238.3042,-40.5124,16.9012,1.1131,1.1175
238.3542,-40.4735,16.8698,1.1127,1.1178
238.4042,-40.4341,16.8390,1.1127,1.1178
238.4542,-40.3941,16.8090,1.1127,1.1175
238.5042,-40.3536,16.7796,1.1127,1.1154
238.5542,-40.3129,16.7507,1.1132,1.1154
238.6042,-40.2718,16.7221,1.1132,1.1133
238.6542,-40.2307,16.6937,1.1133,1.1133
238.7042,-40.1895,16.6654,1.1133,1.1145
238.7542,-40.1481,16.6373,1.1133,1.1145
238.8042,-40.1066,16.6094,1.1133,1.1145
238.8542,-40.0650,16.5817,1.1133,1.1147
238.9042,-40.0232,16.5542,1.1133,1.1145
238.9542,-39.9813,16.5269,1.1140,1.1143
239.0042,-39.9393,16.4998,1.1140,1.1143
239.0542,-39.8971,16.4729,1.1140,1.1143
239.1042,-39.8548,16.4463,1.1140,1.1143
239.1542,-39.8123,16.4200,1.1140,1.1160
239.2042,-39.7695,16.3942,1.1138,1.1160
239.2542,-39.7263,16.3689,1.1140,1.1161
239.3042,-39.6829,16.3442,1.1162,1.1185
239.3542,-39.6391,16.3200,1.1164,1.1185
239.4042,-39.5951,16.2963,1.1164,1.1218
239.4542,-39.5508,16.2730,1.1164,1.1226
239.5042,-39.5063,16.2503,1.1164,1.1226
239.5542,-39.4614,16.2283,1.1164,1.1226
239.6042,-39.4161,16.2071,1.1164,1.1219
239.6542,-39.3705,16.1867,1.1164,1.1219
239.7042,-39.3245,16.1669,1.1164,1.1219
239.7542,-39.2784,16.1477,1.1189,1.1219
239.8042,-39.2321,16.1287,1.1189,1.1176
239.8543,-39.1858,16.1098,1.1189,1.1155
239.9043,-39.1395,16.0909,1.1189,1.1155
239.9543,-39.0932,16.0720,1.1182,1.1134
240.0043,-39.0469,16.0532,1.1148,1.1133
240.0543,-39.0006,16.0343,1.1140,1.1133
240.1043,-38.9543,16.0155,1.1120,1.1118
240.1543,-38.9080,15.9966,1.1120,1.1104
240.2043,-38.8617,15.9777,1.1116,1.1104
240.2543,-38.8154,15.9589,1.1078,1.1104
240.3043,-38.7689,15.9405,1.1043,1.1104
240.3543,-38.7221,15.9228,1.1038,1.1104
240.4043,-38.6750,15.9060,1.1038,1.1104
240.4543,-38.6276,15.8901,1.1038,1.1104
240.5043,-38.5799,15.8751,1.1043,1.1117
240.5543,-38.5320,15.8609,1.1043,1.1117
240.6043,-38.4839,15.8474,1.1049,1.1117
240.6543,-38.4356,15.8344,1.1060,1.1109
240.7043,-38.3871,15.8221,1.1070,1.1109
240.7543,-38.3385,15.8103,1.1084,1.1103
240.8043,-38.2898,15.7991,1.1098,1.1103
240.8543,-38.2410,15.7883,1.1128,1.1103
240.9043,-38.1920,15.7780,1.1132,1.1103
240.9543,-38.1431,15.7679,1.1132,1.1103
241.0043,-38.0940,15.7582,1.1134,1.1125
241.0543,-38.0449,15.7488,1.1134,1.1153
241.1043,-37.9957,15.7398,1.1134,1.1158
241.1543,-37.9465,15.7312,1.1134,1.1158
241.2043,-37.8971,15.7230,1.1136,1.1160
241.2543,-37.8478,15.7151,1.1145,1.1160
241.3043,-37.7983,15.7075,1.1188,1.1171
241.3543,-37.7489,15.7002,1.1212,1.1175
241.4043,-37.6994,15.6931,1.1212,1.1192
241.4543,-37.6499,15.6862,1.1212,1.1241
241.5043,-37.6003,15.6794,1.1212,1.1279
241.5543,-37.5507,15.6731,1.1218,1.1279
241.6043,-37.5011,15.6673,1.1218,1.1279
241.6543,-37.4513,15.6621,1.1218,1.1241
241.7043,-37.4015,15.6575,1.1218,1.1201
241.7543,-37.3517,15.6532,1.1218,1.1198
241.8043,-37.3019,15.6489,1.1218,1.1192
241.8543,-37.2521,15.6445,1.1218,1.1186
241.9043,-37.2023,15.6398,1.1216,1.1186
241.9543,-37.1525,15.6352,1.1214,1.1186
242.0043,-37.1027,15.6310,1.1035,1.1179
242.0543,-37.0528,15.6280,1.1018,1.1179
242.1043,-37.0028,15.6268,1.1018,1.1179
242.1543,-36.9528,15.6277,1.1018,1.1179
242.2043,-36.9029,15.6307,1.1026,1.1171
242.2543,-36.8531,15.6351,1.1035,1.1158
242.3043,-36.8034,15.6403,1.1162,1.1135
242.3543,-36.7537,15.6456,1.1169,1.1135
242.4043,-36.7039,15.6506,1.1169,1.1135
242.4543,-36.6542,15.6554,1.1169,1.1158
242.5043,-36.6044,15.6602,1.1169,1.1165
242.5543,-36.5546,15.6652,1.1167,1.1180
242.6043,-36.5050,15.6708,1.1165,1.1180
242.6543,-36.4553,15.6771,1.1165,1.1180
242.7043,-36.4058,15.6839,1.1165,1.1152
242.7543,-36.3563,15.6910,1.1169,1.1115
242.8043,-36.3068,15.6980,1.1169,1.1115
242.8543,-36.2573,15.7047,1.1169,1.1115
242.9043,-36.2077,15.7112,1.1169,1.1164
242.9543,-36.1581,15.7175,1.1167,1.1164
243.0043,-36.1085,15.7241,1.1162,1.1164
243.0543,-36.0590,15.7311,1.1156,1.1161
243.1043,-36.0096,15.7387,1.1156,1.1154
243.1543,-35.9602,15.7468,1.1156,1.1149
243.2043,-35.9110,15.7553,1.1169,1.1149
243.2543,-35.8617,15.7640,1.1169,1.1150
243.3043,-35.8125,15.7729,1.1169,1.1150
243.3543,-35.7633,15.7819,1.1156,1.1150
243.4043,-35.7142,15.7910,1.1134,1.1154
243.4543,-35.6651,15.8004,1.1134,1.1154
243.5043,-35.6160,15.8102,1.1134,1.1154
243.5543,-35.5671,15.8204,1.1134,1.1153
243.6043,-35.5182,15.8311,1.1134,1.1153
243.6543,-35.4695,15.8423,1.1134,1.1153
243.7043,-35.4209,15.8540,1.1134,1.1153
243.7543,-35.3724,15.8663,1.1112,1.1154
243.8043,-35.3241,15.8792,1.1112,1.1154
243.8543,-35.2760,15.8928,1.1100,1.1154
243.9043,-35.2281,15.9071,1.1100,1.1153
243.9543,-35.1804,15.9221,1.1100,1.1147
244.0043,-35.1329,15.9375,1.1100,1.1140
244.0543,-35.0854,15.9534,1.1100,1.1105
244.1043,-35.0381,15.9694,1.1100,1.1105
244.1543,-34.9907,15.9854,1.1092,1.1086
244.2043,-34.9433,16.0014,1.1092,1.1105
244.2543,-34.8959,16.0174,1.1092,1.1105
244.3043,-34.8485,16.0332,1.1100,1.1110
244.3543,-34.8011,16.0490,1.1108,1.1110
244.4043,-34.7536,16.0646,1.1130,1.1124
244.4543,-34.7061,16.0802,1.1174,1.1150
244.5043,-34.6585,16.0958,1.1174,1.1150
244.5543,-34.6111,16.1115,1.1174,1.1175
244.6043,-34.5637,16.1274,1.1167,1.1178
244.6543,-34.5164,16.1437,1.1155,1.1181
244.7043,-34.4694,16.1607,1.1155,1.1186
244.7543,-34.4226,16.1783,1.1155,1.1186
244.8043,-34.3760,16.1966,1.1155,1.1186
244.8543,-34.3298,16.2155,1.1155,1.1186
244.9043,-34.2838,16.2351,1.1167,1.1187
244.9543,-34.2380,16.2552,1.1167,1.1187
245.0043,-34.1923,16.2755,1.1167,1.1182
245.0543,-34.1468,16.2962,1.1167,1.1182
245.1043,-34.1013,16.3170,1.1167,1.1174
245.1543,-34.0560,16.3381,1.1154,1.1174
245.2043,-34.0107,16.3594,1.1154,1.1174
245.2543,-33.9657,16.3810,1.1154,1.1183
245.3043,-33.9206,16.4027,1.1198,1.1183
245.3543,-33.8755,16.4244,1.1230,1.1195
245.4043,-33.8304,16.4460,1.1230,1.1199
245.4543,-33.7853,16.4675,1.1230,1.1236
245.5043,-33.7402,16.4891,1.1230,1.1236
245.5543,-33.6953,16.5112,1.1220,1.1236
245.6043,-33.6508,16.5338,1.1207,1.1236
245.6543,-33.6066,16.5573,1.1207,1.1236
245.7043,-33.5629,16.5815,1.1207,1.1236
245.7543,-33.5196,16.6066,1.1207,1.1236
245.8043,-33.4767,16.6323,1.1210,1.1236
245.8543,-33.4342,16.6585,1.1210,1.1236
245.9043,-33.3919,16.6852,1.1210,1.1236
245.9543,-33.3499,16.7124,1.1204,1.1236
246.0043,-33.3084,16.7402,1.1153,1.1236
246.0543,-33.2673,16.7687,1.1153,1.1236
246.1043,-33.2266,16.7977,1.1153,1.1176
246.1543,-33.1862,16.8272,1.1153,1.1162
246.2043,-33.1459,16.8568,1.1158,1.1157
246.2543,-33.1056,16.8865,1.1192,1.1157
246.3043,-33.0655,16.9163,1.1192,1.1162
246.3543,-33.0255,16.9463,1.1192,1.1169
246.4043,-32.9858,16.9767,1.1135,1.1169
246.4543,-32.9465,17.0077,1.1118,1.1169
246.5043,-32.9077,17.0391,1.1118,1.1169
246.5543,-32.8692,17.0710,1.1118,1.1162
246.6043,-32.8311,17.1034,1.1152,1.1162
246.6543,-32.7932,17.1361,1.1152,1.1158
246.7043,-32.7557,17.1691,1.1152,1.1150
246.7543,-32.7184,17.2024,1.1152,1.1150
246.8043,-32.6814,17.2360,1.1152,1.1143
246.8543,-32.6447,17.2700,1.1136,1.1143
246.9043,-32.6084,17.3044,1.1122,1.1150
246.9543,-32.5724,17.3391,1.1116,1.1143
247.0043,-32.5368,17.3742,1.1116,1.1157
247.0543,-32.5016,17.4097,1.1122,1.1157
247.1043,-32.4669,17.4457,1.1127,1.1198
247.1543,-32.4328,17.4823,1.1131,1.1198
247.2043,-32.3992,17.5193,1.1136,1.1198
247.2544,-32.3660,17.5567,1.1137,1.1171
247.3044,-32.3330,17.5943,1.1137,1.1171
247.3544,-32.3001,17.6320,1.1137,1.1171
247.4044,-32.2673,17.6697,1.1147,1.1178
247.4544,-32.2346,17.7075,1.1169,1.1216
247.5044,-32.2019,17.7453,1.1169,1.1225
247.5544,-32.1695,17.7834,1.1190,1.1225
247.6044,-32.1373,17.8216,1.1190,1.1225
247.6544,-32.1054,17.8602,1.1203,1.1225
247.7044,-32.0739,17.8989,1.1203,1.1206
247.7544,-32.0425,17.9379,1.1203,1.1178
247.8044,-32.0113,17.9770,1.1203,1.1178
247.8544,-31.9803,18.0162,1.1191,1.1178
247.9044,-31.9493,18.0554,1.1190,1.1178
247.9544,-31.9186,18.0949,1.1190,1.1175
248.0044,-31.8881,18.1345,1.1190,1.1175
248.0544,-31.8579,18.1744,1.1190,1.1172
248.1044,-31.8283,18.2146,1.1151,1.1154
248.1544,-31.7990,18.2552,1.1151,1.1154
248.2044,-31.7701,18.2960,1.1151,1.1154
248.2544,-31.7411,18.3367,1.1174,1.1154
248.3044,-31.7121,18.3774,1.1174,1.1154
248.3544,-31.6828,18.4180,1.1174,1.1154
248.4044,-31.6534,18.4584,1.1153,1.1165
248.4544,-31.6240,18.4988,1.1153,1.1165
248.5044,-31.5946,18.5393,1.1153,1.1165
248.5544,-31.5654,18.5799,1.1177,1.1165
248.6044,-31.5363,18.6205,1.1177,1.1165
248.6544,-31.5073,18.6613,1.1182,1.1165
248.7044,-31.4783,18.7020,1.1182,1.1165
248.7544,-31.4492,18.7427,1.1182,1.1179
248.8044,-31.4202,18.7834,1.1182,1.1189
248.8544,-31.3911,18.8241,1.1182,1.1189
248.9044,-31.3620,18.8647,1.1182,1.1189
248.9544,-31.3330,18.9054,1.1182,1.1182
249.0044,-31.3039,18.9461,1.1182,1.1182
249.0544,-31.2748,18.9868,1.1185,1.1182
249.1044,-31.2456,19.0274,1.1185,1.1182
249.1544,-31.2162,19.0678,1.1185,1.1182
249.2044,-31.1867,19.1082,1.1185,1.1182
249.2544,-31.1570,19.1484,1.1185,1.1199
249.3044,-31.1275,19.1888,1.1185,1.1235
249.3544,-31.0982,19.2293,1.1182,1.1235
249.4044,-31.0693,19.2701,1.1183,1.1235
249.4544,-31.0407,19.3111,1.1183,1.1224
249.5044,-31.0124,19.3523,1.1168,1.1224
249.5544,-30.9841,19.3936,1.1168,1.1224
249.6044,-30.9557,19.4347,1.1168,1.1186
249.6544,-30.9271,19.4757,1.1168,1.1137
249.7044,-30.8980,19.5164,1.1168,1.1137
249.7544,-30.8685,19.5568,1.1174,1.1137
249.8044,-30.8387,19.5969,1.1174,1.1186
249.8544,-30.8088,19.6370,1.1174,1.1186
249.9044,-30.7789,19.6770,1.1168,1.1186
249.9544,-30.7490,19.7172,1.1168,1.1172
250.0044,-30.7192,19.7573,1.1168,1.1158
250.0544,-30.6894,19.7974,1.1170,1.1158
250.1044,-30.6593,19.8374,1.1170,1.1138
250.1544,-30.6288,19.8770,1.1170,1.1138
250.2044,-30.5977,19.9162,1.1170,1.1138
250.2544,-30.5660,19.9548,1.1172,1.1138
250.3044,-30.5338,19.9930,1.1172,1.1159
250.3544,-30.5012,20.0310,1.1172,1.1179
250.4044,-30.4685,20.0688,1.1168,1.1179
250.4544,-30.4358,20.1066,1.1168,1.1179
250.5044,-30.4032,20.1446,1.1168,1.1160
250.5544,-30.3707,20.1825,1.1170,1.1158
250.6044,-30.3381,20.2204,1.1180,1.1158
250.6544,-30.3051,20.2580,1.1184,1.1158
250.7044,-30.2718,20.2953,1.1184,1.1164
250.7544,-30.2380,20.3321,1.1196,1.1177
250.8044,-30.2038,20.3686,1.1196,1.1179
250.8544,-30.1693,20.4048,1.1196,1.1196
250.9044,-30.1346,20.4409,1.1196,1.1196
250.9544,-30.0999,20.4768,1.1206,1.1196
251.0044,-30.0649,20.5126,1.1225,1.1196
251.0544,-30.0297,20.5481,1.1262,1.1196
251.1044,-29.9942,20.5833,1.1325,1.1259
251.1544,-29.9584,20.6181,1.1325,1.1284
251.2044,-29.9223,20.6527,1.1325,1.1275
251.2544,-29.8860,20.6872,1.1251,1.1259
251.3044,-29.8497,20.7216,1.1250,1.1259
251.3544,-29.8134,20.7559,1.1239,1.1235
251.4044,-29.7769,20.7901,1.1239,1.1208
251.4544,-29.7403,20.8242,1.1239,1.1203
251.5044,-29.7035,20.8580,1.1239,1.1196
251.5544,-29.6664,20.8916,1.1239,1.1203
251.6044,-29.6290,20.9247,1.1232,1.1203
251.6544,-29.5914,20.9576,1.1218,1.1203
251.7044,-29.5536,20.9904,1.1194,1.1203
251.7544,-29.5157,21.0230,1.1194,1.1203
251.8045,-29.4779,21.0557,1.1194,1.1203
251.8545,-29.4400,21.0884,1.1197,1.1203
251.9045,-29.4020,21.1208,1.1218,1.1203
251.9545,-29.3637,21.1530,1.1220,1.1203
252.0045,-29.3252,21.1849,1.1220,1.1202
252.0545,-29.2864,21.2164,1.1220,1.1202
252.1045,-29.2474,21.2477,1.1220,1.1202
252.1545,-29.2083,21.2789,1.1208,1.1202
252.2045,-29.1692,21.3101,1.1197,1.1202
252.2545,-29.1301,21.3413,1.1194,1.1202
252.3045,-29.0911,21.3726,1.1192,1.1195
252.3545,-29.0521,21.4039,1.1192,1.1167
252.4045,-29.0131,21.4351,1.1182,1.1167
252.4545,-28.9738,21.4660,1.1182,1.1167
252.5045,-28.9344,21.4968,1.1182,1.1167
252.5545,-28.8947,21.5272,1.1172,1.1167
252.6045,-28.8550,21.5576,1.1160,1.1167
252.6545,-28.8152,21.5878,1.1160,1.1139
252.7045,-28.7753,21.6181,1.1160,1.1139
252.7545,-28.7355,21.6483,1.1160,1.1139
252.8045,-28.6957,21.6786,1.1160,1.1139
252.8545,-28.6559,21.7089,1.1176,1.1139
252.9045,-28.6162,21.7391,1.1176,1.1165
252.9545,-28.5764,21.7694,1.1173,1.1173
253.0045,-28.5366,21.7997,1.1176,1.1173
253.0545,-28.4967,21.8299,1.1176,1.1180
253.1045,-28.4569,21.8601,1.1176,1.1180
253.1545,-28.4170,21.8903,1.1176,1.1152
253.2045,-28.3772,21.9205,1.1176,1.1152
253.2545,-28.3374,21.9508,1.1173,1.1180
253.3045,-28.2976,21.9811,1.1173,1.1180
253.3545,-28.2579,22.0115,1.1161,1.1180
253.4045,-28.2182,22.0419,1.1161,1.1180
253.4545,-28.1785,22.0723,1.1149,1.1180
253.5045,-28.1389,22.1028,1.1149,1.1172
253.5545,-28.0992,22.1332,1.1149,1.1166
253.6045,-28.0594,22.1635,1.1149,1.1159
253.6545,-28.0195,22.1936,1.1149,1.1159
253.7045,-27.9794,22.2235,1.1153,1.1129
253.7545,-27.9392,22.2532,1.1157,1.1129
253.8045,-27.8990,22.2829,1.1157,1.1131
253.8545,-27.8587,22.3125,1.1171,1.1159
253.9045,-27.8184,22.3421,1.1171,1.1172
253.9545,-27.7781,22.3717,1.1173,1.1172
254.0045,-27.7378,22.4013,1.1173,1.1172
254.0545,-27.6974,22.4308,1.1180,1.1172
254.1045,-27.6570,22.4603,1.1180,1.1172
254.1545,-27.6166,22.4897,1.1180,1.1173
254.2045,-27.5761,22.5190,1.1189,1.1187
254.2545,-27.5355,22.5483,1.1198,1.1187
254.3045,-27.4948,22.5773,1.1198,1.1187
254.3545,-27.4540,22.6062,1.1198,1.1187
254.4045,-27.4130,22.6348,1.1189,1.1187
254.4545,-27.3719,22.6632,1.1189,1.1187
254.5045,-27.3305,22.6913,1.1177,1.1114
254.5545,-27.2890,22.7191,1.1177,1.1187
254.6045,-27.2472,22.7466,1.1183,1.1164
254.6545,-27.2053,22.7739,1.1189,1.1159
254.7045,-27.1632,22.8010,1.1189,1.1164
254.7545,-27.1212,22.8280,1.1189,1.1200
254.8045,-27.0791,22.8550,1.1199,1.1180
254.8545,-27.0370,22.8820,1.1202,1.1180
254.9045,-26.9949,22.9089,1.1199,1.1180
254.9545,-26.9526,22.9357,1.1189,1.1180
255.0045,-26.9104,22.9624,1.1199,1.1180
255.0545,-26.8681,22.9890,1.1189,1.1156
255.1045,-26.8258,23.0157,1.1182,1.1203
255.1545,-26.7835,23.0424,1.1168,1.1203
255.2045,-26.7412,23.0690,1.1175,1.1180
255.2545,-26.6987,23.0955,1.1168,1.1156
255.3045,-26.6561,23.1216,1.1168,1.1156
255.3545,-26.6131,23.1471,1.1168,1.1139
255.4045,-26.5698,23.1720,1.1175,1.1122
255.4545,-26.5261,23.1964,1.1168,1.1122
255.5045,-26.4822,23.2204,1.1168,1.1122
255.5545,-26.4382,23.2441,1.1172,1.1122
255.6045,-26.3941,23.2676,1.1172,1.1175
255.6545,-26.3498,23.2909,1.1172,1.1175
255.7045,-26.3056,23.3141,1.1189,1.1192
255.7545,-26.2612,23.3372,1.1189,1.1213
255.8045,-26.2168,23.3602,1.1210,1.1192
255.8545,-26.1722,23.3829,1.1210,1.1213
255.9045,-26.1276,23.4054,1.1230,1.1213
255.9545,-26.0827,23.4275,1.1249,1.1213
256.0046,-26.0378,23.4494,1.1249,1.1235
256.0546,-25.9926,23.4709,1.1210,1.1235
256.1046,-25.9473,23.4921,1.1210,1.1235
256.1546,-25.9019,23.5129,1.1210,1.1235
256.2046,-25.8563,23.5334,1.1210,1.1235
256.2546,-25.8106,23.5538,1.1210,1.1235
256.3046,-25.7648,23.5739,1.1205,1.1235
256.3546,-25.7190,23.5939,1.1205,1.1235
256.4046,-25.6731,23.6137,1.1205,1.1178
256.4546,-25.6270,23.6331,1.1205,1.1178
256.5046,-25.5809,23.6523,1.1207,1.1209
256.5546,-25.5346,23.6714,1.1207,1.1209
256.6046,-25.4884,23.6905,1.1178,1.1209
256.6546,-25.4423,23.7097,1.1178,1.1209
256.7046,-25.3962,23.7291,1.1178,1.1209
256.7546,-25.3501,23.7486,1.1178,1.1161
256.8046,-25.3040,23.7679,1.1178,1.1156
256.8546,-25.2578,23.7870,1.1178,1.1151
256.9046,-25.2115,23.8058,1.1173,1.1151
256.9546,-25.1650,23.8242,1.1173,1.1146
257.0046,-25.1184,23.8423,1.1168,1.1134
257.0546,-25.0717,23.8602,1.1168,1.1134
257.1046,-25.0249,23.8779,1.1130,1.1146
257.1546,-24.9781,23.8954,1.1127,1.1134
257.2046,-24.9312,23.9128,1.1127,1.1133
257.2546,-24.8843,23.9300,1.1127,1.1133
257.3046,-24.8372,23.9470,1.1127,1.1133
257.3546,-24.7901,23.9636,1.1130,1.1133
257.4046,-24.7428,23.9800,1.1130,1.1139
257.4546,-24.6955,23.9961,1.1130,1.1139
257.5046,-24.6481,24.0119,1.1130,1.1139
257.5546,-24.6005,24.0275,1.1130,1.1132
257.6046,-24.5529,24.0427,1.1154,1.1132
257.6546,-24.5052,24.0576,1.1179,1.1132
257.7046,-24.4573,24.0719,1.1179,1.1139
257.7546,-24.4092,24.0858,1.1179,1.1139
257.8046,-24.3611,24.0992,1.1164,1.1139
257.8546,-24.3128,24.1123,1.1164,1.1139
257.9046,-24.2645,24.1254,1.1144,1.1139
257.9546,-24.2163,24.1384,1.1138,1.1129
258.0046,-24.1680,24.1515,1.1138,1.1129
258.0546,-24.1198,24.1646,1.1138,1.1129
258.1046,-24.0715,24.1778,1.1138,1.1129
258.1546,-24.0233,24.1908,1.1138,1.1149
258.2046,-23.9750,24.2037,1.1138,1.1149
258.2546,-23.9266,24.2164,1.1138,1.1154
258.3046,-23.8782,24.2290,1.1138,1.1154
258.3546,-23.8298,24.2414,1.1138,1.1154
258.4046,-23.7813,24.2538,1.1138,1.1146
258.4546,-23.7329,24.2662,1.1178,1.1160
258.5046,-23.6844,24.2786,1.1178,1.1158
258.5546,-23.6360,24.2910,1.1178,1.1160
258.6046,-23.5875,24.3032,1.1179,1.1160
258.6546,-23.5390,24.3153,1.1182,1.1160
258.7046,-23.4904,24.3271,1.1179,1.1158
258.7546,-23.4417,24.3385,1.1179,1.1158
258.8046,-23.3930,24.3497,1.1179,1.1145
258.8546,-23.3442,24.3605,1.1158,1.1145
258.9046,-23.2953,24.3711,1.1146,1.1133
258.9546,-23.2464,24.3816,1.1110,1.1139
259.0046,-23.1975,24.3921,1.1110,1.1139
259.0546,-23.1486,24.4024,1.1100,1.1120
259.1046,-23.0997,24.4126,1.1100,1.1117
259.1546,-23.0506,24.4225,1.1100,1.1114
259.2046,-23.0016,24.4321,1.1104,1.1109
259.2546,-22.9525,24.4415,1.1104,1.1110
259.3046,-22.9033,24.4505,1.1104,1.1114
259.3546,-22.8541,24.4593,1.1104,1.1114
259.4046,-22.8048,24.4680,1.1104,1.1110
259.4546,-22.7556,24.4766,1.1104,1.1110
259.5046,-22.7063,24.4851,1.1114,1.1103
259.5546,-22.6570,24.4933,1.1117,1.1103
259.6046,-22.6076,24.5014,1.1117,1.1103
259.6546,-22.5582,24.5091,1.1117,1.1103
259.7046,-22.5088,24.5166,1.1117,1.1103
259.7546,-22.4593,24.5239,1.1117,1.1107
259.8046,-22.4098,24.5311,1.1094,1.1107
259.8546,-22.3604,24.5385,1.1094,1.1107
259.9046,-22.3110,24.5460,1.1094,1.1106
259.9546,-22.2615,24.5536,1.1114,1.1092
260.0046,-22.2121,24.5610,1.1114,1.1067
260.0546,-22.1626,24.5682,1.1115,1.1067
260.1046,-22.1131,24.5749,1.1115,1.1067
260.1546,-22.0635,24.5813,1.1115,1.1114
260.2046,-22.0139,24.5876,1.1107,1.1138
260.2546,-21.9643,24.5941,1.1107,1.1145
260.3047,-21.9148,24.6009,1.1107,1.1145
260.3547,-21.8653,24.6082,1.1115,1.1145
260.4047,-21.8158,24.6156,1.1142,1.1151
260.4547,-21.7663,24.6228,1.1216,1.1151
260.5047,-21.7168,24.6294,1.1216,1.1158
260.5547,-21.6672,24.6354,1.1216,1.1166
260.6047,-21.6174,24.6407,1.1193,1.1166
260.6547,-21.5677,24.6454,1.1169,1.1166
260.7047,-21.5179,24.6499,1.1141,1.1166
260.7547,-21.4681,24.6546,1.1141,1.1167
260.8047,-21.4184,24.6600,1.1141,1.1167
260.8547,-21.3687,24.6662,1.1173,1.1167
260.9047,-21.3192,24.6729,1.1173,1.1166
260.9547,-21.2697,24.6798,1.1173,1.1125
261.0047,-21.2201,24.6864,1.1173,1.1112
261.0547,-21.1705,24.6925,1.1173,1.1112
261.1047,-21.1208,24.6981,1.1160,1.1112
261.1547,-21.0711,24.7033,1.1160,1.1122
261.2047,-21.0213,24.7085,1.1160,1.1125
261.2547,-20.9716,24.7136,1.1151,1.1151
261.3047,-20.9219,24.7187,1.1151,1.1151
261.3547,-20.8721,24.7238,1.1151,1.1176
261.4047,-20.8224,24.7288,1.1162,1.1176
261.4547,-20.7726,24.7336,1.1197,1.1176
261.5047,-20.7228,24.7381,1.1198,1.1176
261.5547,-20.6730,24.7422,1.1198,1.1217
261.6047,-20.6231,24.7462,1.1198,1.1234
261.6547,-20.5733,24.7502,1.1198,1.1234
261.7047,-20.5235,24.7544,1.1198,1.1235
261.7547,-20.4737,24.7589,1.1210,1.1235
261.8047,-20.4239,24.7635,1.1210,1.1235
261.8547,-20.3741,24.7683,1.1210,1.1219
261.9047,-20.3243,24.7730,1.1214,1.1186
261.9547,-20.2745,24.7771,1.1214,1.1132
262.0047,-20.2246,24.7806,1.1214,1.1127
262.0547,-20.1747,24.7835,1.1210,1.1127
262.1047,-20.1248,24.7859,1.1186,1.1127
262.1547,-20.0748,24.7880,1.1112,1.1132
262.2047,-20.0248,24.7901,1.1105,1.1132
262.2547,-19.9749,24.7924,1.1105,1.1141
262.3047,-19.9249,24.7948,1.1105,1.1194
262.3547,-19.8750,24.7975,1.1106,1.1217
262.4047,-19.8251,24.8001,1.1175,1.1255
262.4547,-19.7751,24.8026,1.1210,1.1271
262.5047,-19.7252,24.8051,1.1213,1.1271
262.5547,-19.6753,24.8077,1.1213,1.1271
262.6047,-19.6254,24.8108,1.1214,1.1271
262.6547,-19.5755,24.8144,1.1233,1.1271
262.7047,-19.5257,24.8185,1.1263,1.1271
262.7547,-19.4759,24.8228,1.1266,1.1194
262.8047,-19.4260,24.8269,1.1266,1.1117
262.8547,-19.3762,24.8306,1.1266,1.1111
262.9047,-19.3263,24.8340,1.1240,1.1105
262.9547,-19.2764,24.8372,1.1217,1.1092
263.0047,-19.2265,24.8402,1.1191,1.1092
263.0547,-19.1765,24.8429,1.1177,1.1071
263.1047,-19.1266,24.8450,1.1147,1.1071
263.1547,-19.0766,24.8466,1.1106,1.1071
263.2047,-19.0266,24.8478,1.1069,1.1104
263.2547,-18.9766,24.8490,1.1069,1.1117
263.3047,-18.9267,24.8507,1.1069,1.1144
263.3547,-18.8767,24.8531,1.1069,1.1150
263.4047,-18.8268,24.8559,1.1092,1.1164
263.4547,-18.7769,24.8592,1.1110,1.1200
263.5047,-18.7270,24.8625,1.1127,1.1213
263.5547,-18.6771,24.8658,1.1127,1.1213
263.6047,-18.6272,24.8689,1.1144,1.1213
263.6547,-18.5773,24.8720,1.1159,1.1200
263.7047,-18.5274,24.8752,1.1183,1.1194
263.7547,-18.4775,24.8784,1.1207,1.1149
263.8047,-18.4276,24.8815,1.1230,1.1138
263.8547,-18.3777,24.8845,1.1230,1.1138
263.9047,-18.3278,24.8875,1.1230,1.1138
263.9547,-18.2779,24.8904,1.1173,1.1126
264.0047,-18.2279,24.8932,1.1169,1.1122
264.0547,-18.1780,24.8959,1.1151,1.1092
264.1047,-18.1281,24.8981,1.1124,1.1092
264.1547,-18.0781,24.8998,1.1124,1.1092
264.2047,-18.0281,24.9010,1.1111,1.1092
264.2547,-17.9781,24.9017,1.1111,1.1103
264.3047,-17.9281,24.9020,1.1107,1.1103
264.3547,-17.8781,24.9022,1.1101,1.1118
264.4047,-17.8281,24.9025,1.1101,1.1141
264.4547,-17.7781,24.9033,1.1101,1.1157
264.5047,-17.7281,24.9048,1.1101,1.1168
264.5547,-17.6782,24.9069,1.1107,1.1173
264.6047,-17.6282,24.9096,1.1124,1.1180
264.6547,-17.5783,24.9125,1.1130,1.1186
264.7047,-17.5284,24.9158,1.1167,1.1187
264.7547,-17.4785,24.9193,1.1167,1.1190
264.8047,-17.4287,24.9230,1.1172,1.1193
264.8547,-17.3788,24.9270,1.1196,1.1193
264.9047,-17.3290,24.9311,1.1199,1.1193
264.9547,-17.2792,24.9352,1.1205,1.1186
265.0047,-17.2293,24.9391,1.1205,1.1181
265.0547,-17.1795,24.9428,1.1205,1.1165
265.1048,-17.1296,24.9460,1.1205,1.1162
265.1548,-17.0796,24.9487,1.1197,1.1154
265.2048,-17.0297,24.9508,1.1196,1.1146
265.2548,-16.9797,24.9522,1.1180,1.1138
265.3048,-16.9297,24.9530,1.1169,1.1025
265.3548,-16.8797,24.9534,1.1153,1.1025
265.4048,-16.8297,24.9536,1.1148,1.1025
265.4548,-16.7797,24.9540,1.1130,1.1069
265.5048,-16.7297,24.9545,1.1120,1.1099
265.5548,-16.6797,24.9552,1.1115,1.1138
265.6048,-16.6297,24.9561,1.1104,1.1138
265.6548,-16.5797,24.9571,1.1096,1.1138
265.7048,-16.5297,24.9584,1.1096,1.1145
265.7548,-16.4798,24.9600,1.1096,1.1152
265.8048,-16.4298,24.9622,1.1112,1.1163
265.8548,-16.3799,24.9651,1.1118,1.1208
265.9048,-16.3301,24.9689,1.1121,1.1208
265.9548,-16.2803,24.9736,1.1122,1.1211
266.0048,-16.2306,24.9790,1.1138,1.1211
266.0548,-16.1809,24.9845,1.1217,1.1205
266.1048,-16.1311,24.9897,1.1217,1.1205
266.1548,-16.0813,24.9942,1.1217,1.1215
266.2048,-16.0315,24.9983,1.1176,1.1224
266.2548,-15.9816,25.0020,1.1173,1.1224
266.3048,-15.9318,25.0058,1.1173,1.1224
266.3548,-15.8819,25.0097,1.1147,1.1201
266.4048,-15.8321,25.0133,1.1100,1.1053
266.4548,-15.7822,25.0163,1.1084,1.1041
266.5048,-15.7322,25.0185,1.1075,1.1032
266.5548,-15.6822,25.0199,1.1071,1.1032
266.6048,-15.6322,25.0206,1.1067,1.1032
266.6548,-15.5822,25.0208,1.1065,1.1032
266.7048,-15.5322,25.0207,1.1061,1.1041
266.7548,-15.4822,25.0204,1.1061,1.1041
266.8048,-15.4322,25.0199,1.1061,1.1041
266.8548,-15.3822,25.0193,1.1061,1.1032
266.9048,-15.3322,25.0185,1.1066,1.1032
266.9548,-15.2822,25.0174,1.1067,1.1032
267.0048,-15.2323,25.0162,1.1067,1.1033
267.0548,-15.1823,25.0150,1.1067,1.1078
267.1048,-15.1323,25.0143,1.1067,1.1139
267.1548,-15.0823,25.0142,1.1081,1.1163
267.2048,-15.0323,25.0149,1.1089,1.1187
267.2548,-14.9823,25.0167,1.1100,1.1229
267.3048,-14.9324,25.0196,1.1100,1.1229
267.3548,-14.8826,25.0236,1.1131,1.1229
267.4048,-14.8328,25.0286,1.1150,1.1229
267.4548,-14.7831,25.0342,1.1165,1.1208
267.5048,-14.7335,25.0400,1.1179,1.1187
267.5548,-14.6838,25.0459,1.1203,1.1187
267.6048,-14.6341,25.0517,1.1203,1.1187
267.6548,-14.5845,25.0576,1.1203,1.1175
267.7048,-14.5348,25.0634,1.1203,1.1175
267.7548,-14.4851,25.0688,1.1198,1.1073
267.8048,-14.4353,25.0734,1.1179,1.1064
267.8548,-14.3854,25.0768,1.1163,1.1062
267.9048,-14.3355,25.0791,1.1148,1.1057
267.9548,-14.2855,25.0803,1.1116,1.1057
268.0048,-14.2355,25.0808,1.1070,1.1057
268.0548,-14.1855,25.0807,1.1069,1.1062
268.1048,-14.1355,25.0802,1.1053,1.1062
268.1548,-14.0855,25.0796,1.1053,1.1062
268.2048,-14.0355,25.0788,1.1053,1.1062
268.2548,-13.9855,25.0781,1.1054,1.1062
268.3048,-13.9355,25.0775,1.1054,1.1060
268.3548,-13.8855,25.0771,1.1054,1.1060
268.4048,-13.8355,25.0768,1.1054,1.1058
268.4548,-13.7855,25.0766,1.1054,1.1058
268.5048,-13.7355,25.0763,1.1054,1.1058
268.5548,-13.6855,25.0761,1.1054,1.1058
268.6048,-13.6355,25.0758,1.1056,1.1058
268.6548,-13.5855,25.0756,1.1056,1.1058
268.7048,-13.5355,25.0755,1.1054,1.1058
268.7548,-13.4855,25.0755,1.1054,1.1058
268.8048,-13.4355,25.0756,1.1054,1.1058
268.8548,-13.3855,25.0758,1.1054,1.1058
268.9048,-13.3355,25.0759,1.1054,1.1058
268.9548,-13.2855,25.0760,1.1044,1.1058
269.0048,-13.2355,25.0760,1.1042,1.1058
269.0548,-13.1855,25.0760,1.1042,1.1058
269.1048,-13.1355,25.0761,1.1048,1.1058
269.1548,-13.0855,25.0762,1.1048,1.1058
269.2048,-13.0355,25.0764,1.1048,1.1058
269.2548,-12.9855,25.0766,1.1050,1.1058
269.3048,-12.9355,25.0767,1.1050,1.1053
269.3548,-12.8855,25.0769,1.1057,1.1053
269.4048,-12.8355,25.0769,1.1057,1.1053
269.4548,-12.7855,25.0770,1.1059,1.1053
269.5048,-12.7355,25.0769,1.1059,1.1053
269.5548,-12.6855,25.0768,1.1059,1.1053
269.6048,-12.6355,25.0767,1.1050,1.1053
269.6548,-12.5855,25.0766,1.1050,1.1053
269.7048,-12.5355,25.0766,1.1044,1.1053
269.7548,-12.4855,25.0767,1.1044,1.1052
269.8048,-12.4355,25.0769,1.1044,1.1052
269.8548,-12.3855,25.0771,1.1050,1.1053
269.9048,-12.3355,25.0771,1.1047,1.1050
269.9548,-12.2855,25.0770,1.1047,1.1052
270.0048,-12.2355,25.0768,1.1047,1.1053
270.0548,-12.1855,25.0766,1.1041,1.1053
270.1048,-12.1355,25.0764,1.1041,1.1055
270.1548,-12.0855,25.0763,1.1041,1.1055
270.2048,-12.0355,25.0765,1.1044,1.1055
270.2548,-11.9855,25.0767,1.1047,1.1055
270.3048,-11.9355,25.0770,1.1055,1.1055
270.3549,-11.8855,25.0772,1.1055,1.1067
270.4049,-11.8355,25.0774,1.1059,1.1067
270.4549,-11.7855,25.0776,1.1060,1.1067
270.5049,-11.7355,25.0777,1.1061,1.1067
270.5549,-11.6855,25.0779,1.1068,1.1067
270.6049,-11.6355,25.0780,1.1082,1.1067
270.6549,-11.5855,25.0779,1.1084,1.1067
270.7049,-11.5355,25.0773,1.1130,1.1067
270.7549,-11.4855,25.0757,1.1141,1.1067
270.8049,-11.4356,25.0732,1.1176,1.1085
270.8549,-11.3857,25.0697,1.1210,1.1149
270.9049,-11.3359,25.0657,1.1246,1.1227
270.9549,-11.2860,25.0616,1.1255,1.1286
271.0049,-11.2362,25.0580,1.1270,1.1295
271.0549,-11.1862,25.0550,1.1301,1.1307
271.1049,-11.1363,25.0529,1.1303,1.1307
271.1549,-11.0863,25.0515,1.1311,1.1307
271.2049,-11.0363,25.0506,1.1323,1.1308
271.2549,-10.9863,25.0500,1.1326,1.1320
271.3049,-10.9363,25.0496,1.1326,1.1357
271.3549,-10.8863,25.0493,1.1326,1.1357
271.4049,-10.8363,25.0491,1.1326,1.1357
271.4549,-10.7863,25.0491,1.1326,1.1332
271.5049,-10.7363,25.0491,1.1326,1.1327
271.5549,-10.6863,25.0493,1.1326,1.1321
271.6049,-10.6363,25.0495,1.1327,1.1320
271.6549,-10.5863,25.0497,1.1329,1.1320
271.7049,-10.5363,25.0499,1.1332,1.1320
271.7549,-10.4863,25.0499,1.1340,1.1320
271.8049,-10.4363,25.0496,1.1340,1.1320
271.8549,-10.3863,25.0489,1.1340,1.1320
271.9049,-10.3363,25.0478,1.1340,1.1320
271.9549,-10.2863,25.0462,1.1340,1.1320
272.0049,-10.2364,25.0443,1.1340,1.1320
272.0549,-10.1864,25.0419,1.1340,1.1320
272.1049,-10.1365,25.0389,1.1340,1.1297
272.1549,-10.0867,25.0353,1.1337,1.1247
272.2049,-10.0368,25.0311,1.1337,1.1244
272.2549,-9.9870,25.0266,1.1222,1.1244
272.3049,-9.9372,25.0223,1.1111,1.1233
272.3549,-9.8873,25.0187,1.1091,1.1209
272.4049,-9.8374,25.0163,1.1078,1.1209
272.4549,-9.7874,25.0151,1.1068,1.1209
272.5049,-9.7374,25.0149,1.1068,1.1104
272.5549,-9.6874,25.0154,1.1068,1.1082
272.6049,-9.6374,25.0163,1.1068,1.1039
272.6549,-9.5874,25.0171,1.1065,1.1030
272.7049,-9.5374,25.0177,1.1065,1.1030
272.7549,-9.4874,25.0181,1.1062,1.1030
272.8049,-9.4374,25.0183,1.1060,1.1035
272.8549,-9.3874,25.0184,1.1059,1.1035
272.9049,-9.3374,25.0185,1.1054,1.1035
272.9549,-9.2874,25.0186,1.1054,1.1036
273.0049,-9.2374,25.0187,1.1048,1.1036
273.0549,-9.1874,25.0188,1.1048,1.1038
273.1049,-9.1374,25.0190,1.1048,1.1036
273.1549,-9.0874,25.0192,1.1046,1.1036
273.2049,-9.0374,25.0193,1.1046,1.1038
273.2549,-8.9874,25.0195,1.1046,1.1038
273.3049,-8.9374,25.0196,1.1043,1.1041
273.3549,-8.8874,25.0198,1.1043,1.1047
273.4049,-8.8374,25.0200,1.1043,1.1047
273.4549,-8.7874,25.0202,1.1048,1.1044
273.5049,-8.7374,25.0204,1.1048,1.1044
273.5549,-8.6874,25.0205,1.1048,1.1044
273.6049,-8.6374,25.0205,1.1047,1.1044
273.6549,-8.5874,25.0205,1.1046,1.1047
273.7049,-8.5374,25.0205,1.1044,1.1047
273.7549,-8.4874,25.0204,1.1044,1.1047
273.8049,-8.4374,25.0204,1.1044,1.1047
273.8549,-8.3874,25.0205,1.1044,1.1047
273.9049,-8.3374,25.0205,1.1044,1.1044
273.9549,-8.2874,25.0205,1.1044,1.1040
274.0049,-8.2374,25.0205,1.1044,1.1037
274.0549,-8.1874,25.0204,1.1035,1.1035
274.1049,-8.1374,25.0203,1.1035,1.1034
274.1549,-8.0874,25.0201,1.1035,1.1034
274.2049,-8.0374,25.0200,1.1035,1.1034
274.2549,-7.9874,25.0199,1.1046,1.1034
274.3049,-7.9374,25.0199,1.1046,1.1034
274.3549,-7.8874,25.0198,1.1046,1.1030
274.4049,-7.8374,25.0198,1.1047,1.1024
274.4549,-7.7874,25.0196,1.1047,1.1024
274.5049,-7.7374,25.0193,1.1059,1.1028
274.5549,-7.6874,25.0188,1.1059,1.1030
274.6049,-7.6374,25.0182,1.1068,1.1033
274.6549,-7.5874,25.0176,1.1078,1.1052
274.7049,-7.5374,25.0170,1.1078,1.1086
274.7549,-7.4874,25.0169,1.1079,1.1171
274.8049,-7.4374,25.0175,1.1080,1.1189
274.8549,-7.3874,25.0191,1.1082,1.1216
274.9049,-7.3375,25.0218,1.1100,1.1244
274.9549,-7.2877,25.0256,1.1280,1.1244
275.0049,-7.2379,25.0300,1.1315,1.1253
275.0549,-7.1880,25.0345,1.1319,1.1260
275.1049,-7.1382,25.0384,1.1320,1.1285
275.1549,-7.0883,25.0416,1.1330,1.1285
275.2049,-7.0384,25.0440,1.1340,1.1296
275.2549,-6.9884,25.0456,1.1340,1.1330
275.3049,-6.9384,25.0467,1.1341,1.1330
275.3549,-6.8884,25.0475,1.1350,1.1330
275.4049,-6.8384,25.0480,1.1350,1.1332
275.4550,-6.7884,25.0483,1.1350,1.1336
275.5050,-6.7384,25.0486,1.1347,1.1337
275.5550,-6.6884,25.0487,1.1342,1.1337
275.6050,-6.6384,25.0488,1.1341,1.1337
275.6550,-6.5884,25.0489,1.1332,1.1337
275.7050,-6.5384,25.0490,1.1331,1.1332
275.7550,-6.4884,25.0492,1.1322,1.1332
275.8050,-6.4384,25.0493,1.1322,1.1332
275.8550,-6.3884,25.0494,1.1322,1.1332
275.9050,-6.3384,25.0494,1.1322,1.1332
275.9550,-6.2884,25.0493,1.1322,1.1332
276.0050,-6.2384,25.0491,1.1322,1.1332
276.0550,-6.1884,25.0488,1.1322,1.1332
276.1050,-6.1384,25.0485,1.1322,1.1332
276.1550,-6.0884,25.0483,1.1318,1.1332
276.2050,-6.0384,25.0483,1.1318,1.1331
276.2550,-5.9884,25.0485,1.1318,1.1330
276.3050,-5.9384,25.0489,1.1318,1.1328
276.3550,-5.8884,25.0497,1.1318,1.1317
276.4050,-5.8384,25.0508,1.1311,1.1303
276.4550,-5.7884,25.0524,1.1301,1.1303
276.5050,-5.7385,25.0545,1.1287,1.1296
276.5550,-5.6885,25.0571,1.1287,1.1291
276.6050,-5.6386,25.0602,1.1287,1.1280
276.6550,-5.5888,25.0637,1.1243,1.1270
276.7050,-5.5389,25.0674,1.1227,1.1237
276.7550,-5.4890,25.0711,1.1179,1.1088
276.8050,-5.4391,25.0743,1.1139,1.1055
276.8550,-5.3892,25.0768,1.1132,1.1053
276.9050,-5.3392,25.0783,1.1125,1.1053
276.9550,-5.2892,25.0790,1.1095,1.1053
277.0050,-5.2392,25.0790,1.1079,1.1053
277.0550,-5.1892,25.0787,1.1065,1.1055
277.1050,-5.1392,25.0781,1.1051,1.1055
277.1550,-5.0892,25.0776,1.1040,1.1055
277.2050,-5.0392,25.0771,1.1040,1.1055
277.2550,-4.9892,25.0768,1.1040,1.1051
277.3050,-4.9392,25.0767,1.1046,1.1049
277.3550,-4.8892,25.0766,1.1046,1.1049
277.4050,-4.8392,25.0766,1.1046,1.1049
277.4550,-4.7892,25.0766,1.1044,1.1048
277.5050,-4.7392,25.0766,1.1044,1.1048
277.5550,-4.6892,25.0767,1.1044,1.1046
277.6050,-4.6392,25.0768,1.1046,1.1046
277.6550,-4.5892,25.0769,1.1048,1.1046
277.7050,-4.5392,25.0769,1.1048,1.1046
277.7550,-4.4892,25.0769,1.1051,1.1046
277.8050,-4.4392,25.0768,1.1051,1.1046
277.8550,-4.3892,25.0765,1.1051,1.1048
277.9050,-4.3392,25.0763,1.1049,1.1046
277.9550,-4.2892,25.0761,1.1049,1.1045
278.0050,-4.2392,25.0759,1.1049,1.1045
278.0550,-4.1892,25.0757,1.1048,1.1042
278.1050,-4.1392,25.0756,1.1048,1.1042
278.1550,-4.0892,25.0755,1.1048,1.1042
278.2050,-4.0392,25.0754,1.1048,1.1042
278.2550,-3.9892,25.0753,1.1045,1.1048
278.3050,-3.9392,25.0753,1.1042,1.1049
278.3550,-3.8892,25.0754,1.1042,1.1049
278.4050,-3.8392,25.0757,1.1042,1.1049
278.4550,-3.7892,25.0761,1.1040,1.1050
278.5050,-3.7392,25.0769,1.1040,1.1071
278.5550,-3.6892,25.0781,1.1042,1.1143
278.6050,-3.6393,25.0801,1.1108,1.1143
278.6550,-3.5893,25.0827,1.1190,1.1173
278.7050,-3.5394,25.0858,1.1223,1.1203
278.7550,-3.4895,25.0892,1.1253,1.1243
278.8050,-3.4396,25.0924,1.1256,1.1251
278.8550,-3.3897,25.0954,1.1256,1.1253
278.9050,-3.3398,25.0980,1.1260,1.1271
278.9550,-3.2898,25.1000,1.1294,1.1292
279.0050,-3.2398,25.1015,1.1297,1.1303
279.0550,-3.1899,25.1026,1.1301,1.1326
279.1050,-3.1399,25.1035,1.1317,1.1340
279.1550,-3.0899,25.1043,1.1337,1.1345
279.2050,-3.0399,25.1053,1.1343,1.1345
279.2550,-2.9899,25.1064,1.1343,1.1345
279.3050,-2.9399,25.1079,1.1343,1.1345
279.3550,-2.8899,25.1096,1.1306,1.1345
279.4050,-2.8400,25.1118,1.1306,1.1340
279.4550,-2.7901,25.1147,1.1298,1.1340
279.5050,-2.7402,25.1183,1.1271,1.1340
279.5550,-2.6904,25.1223,1.1264,1.1336
279.6050,-2.6405,25.1264,1.1257,1.1092
279.6550,-2.5906,25.1298,1.1247,1.1092
279.7050,-2.5407,25.1323,1.1168,1.1090
279.7550,-2.4907,25.1342,1.1168,1.1076
279.8050,-2.4407,25.1355,1.1163,1.1076
279.8550,-2.3908,25.1363,1.1117,1.1076
279.9050,-2.3408,25.1368,1.1100,1.1076
279.9550,-2.2908,25.1368,1.1092,1.1068
280.0051,-2.2408,25.1364,1.1031,1.1068
280.0551,-2.1908,25.1357,1.1031,1.1064
280.1051,-2.1408,25.1349,1.1031,1.1064
280.1551,-2.0908,25.1342,1.1031,1.1061
280.2051,-2.0408,25.1335,1.1038,1.1057
280.2551,-1.9908,25.1329,1.1039,1.1057
280.3051,-1.9408,25.1324,1.1046,1.1057
280.3551,-1.8908,25.1321,1.1046,1.1057
280.4051,-1.8408,25.1317,1.1046,1.1056
280.4551,-1.7908,25.1315,1.1046,1.1056
280.5051,-1.7408,25.1313,1.1046,1.1056
280.5551,-1.6908,25.1312,1.1046,1.1056
280.6051,-1.6408,25.1313,1.1046,1.1056
280.6551,-1.5908,25.1316,1.1046,1.1056
280.7051,-1.5408,25.1323,1.1046,1.1060
280.7551,-1.4908,25.1333,1.1046,1.1064
280.8051,-1.4408,25.1347,1.1046,1.1066
280.8551,-1.3908,25.1363,1.1080,1.1083
280.9051,-1.3409,25.1380,1.1088,1.1100
280.9551,-1.2909,25.1398,1.1131,1.1113
281.0051,-1.2409,25.1415,1.1139,1.1136
281.0551,-1.1909,25.1433,1.1155,1.1136
281.1051,-1.1410,25.1451,1.1171,1.1159
281.1551,-1.0910,25.1468,1.1171,1.1159
281.2051,-1.0410,25.1487,1.1171,1.1193
281.2551,-0.9911,25.1508,1.1174,1.1193
281.3051,-0.9411,25.1531,1.1206,1.1229
281.3551,-0.8912,25.1555,1.1281,1.1240
281.4051,-0.8412,25.1577,1.1296,1.1253
281.4551,-0.7913,25.1594,1.1300,1.1278
281.5051,-0.7413,25.1609,1.1300,1.1294
281.5551,-0.6913,25.1622,1.1314,1.1315
281.6051,-0.6413,25.1637,1.1314,1.1340
281.6551,-0.5914,25.1654,1.1314,1.1340
281.7051,-0.5414,25.1673,1.1300,1.1340
281.7551,-0.4914,25.1695,1.1293,1.1324
281.8051,-0.4415,25.1721,1.1290,1.1315
281.8551,-0.3916,25.1749,1.1260,1.1303
281.9051,-0.3417,25.1781,1.1226,1.1268
281.9551,-0.2918,25.1813,1.1216,1.1155
282.0051,-0.2419,25.1844,1.1190,1.1129
282.0551,-0.1919,25.1870,1.1182,1.1129
282.1051,-0.1420,25.1892,1.1153,1.1129
282.1551,-0.0920,25.1910,1.1127,1.1106
282.2051,-0.0420,25.1924,1.1126,1.1086
282.2551,0.0080,25.1935,1.1117,1.1083
282.3051,0.0579,25.1941,1.1098,1.1050
282.3551,0.1079,25.1939,1.1098,1.1050
282.4051,0.1579,25.1930,1.1098,1.1043
282.4551,0.2079,25.1917,1.1030,1.1038
282.5051,0.2579,25.1901,1.1023,1.1038
282.5551,0.3079,25.1887,1.1023,1.1038
282.6051,0.3579,25.1878,1.1030,1.1038
282.6551,0.4079,25.1872,1.1030,1.1038
282.7051,0.4579,25.1871,1.1030,1.1038
282.7551,0.5079,25.1872,1.1119,1.1038
282.8051,0.5579,25.1873,1.1119,1.1036
282.8551,0.6079,25.1874,1.1119,1.1036
282.9051,0.6579,25.1873,1.1032,1.1036
282.9551,0.7079,25.1871,1.1032,1.1036
283.0051,0.7579,25.1867,1.1032,1.1037
283.0551,0.8079,25.1863,1.1032,1.1041
283.1051,0.8579,25.1859,1.1032,1.1045
283.1551,0.9079,25.1857,1.1032,1.1047
283.2051,0.9579,25.1859,1.1032,1.1047
283.2551,1.0079,25.1865,1.1032,1.1047
283.3051,1.0579,25.1877,1.1032,1.1047
283.3551,1.1078,25.1895,1.1032,1.1047
283.4051,1.1578,25.1919,1.1091,1.1055
283.4551,1.2077,25.1946,1.1105,1.1072
283.5051,1.2576,25.1974,1.1139,1.1104
283.5551,1.3075,25.2002,1.1148,1.1128
283.6051,1.3575,25.2029,1.1187,1.1132
283.6551,1.4074,25.2055,1.1233,1.1136
283.7051,1.4573,25.2081,1.1239,1.1182
283.7551,1.5073,25.2106,1.1239,1.1215
283.8051,1.5572,25.2130,1.1261,1.1280
283.8551,1.6072,25.2155,1.1292,1.1282
283.9051,1.6571,25.2180,1.1316,1.1288
283.9551,1.7070,25.2205,1.1318,1.1291
284.0051,1.7570,25.2231,1.1318,1.1300
284.0551,1.8069,25.2257,1.1318,1.1310
284.1051,1.8568,25.2283,1.1295,1.1310
284.1551,1.9068,25.2309,1.1272,1.1300
284.2051,1.9567,25.2334,1.1226,1.1281
284.2551,2.0067,25.2358,1.1196,1.1243
284.3052,2.0566,25.2383,1.1184,1.1215
284.3552,2.1065,25.2406,1.1183,1.1212
284.4052,2.1565,25.2427,1.1179,1.1134
284.4552,2.2065,25.2445,1.1167,1.1113
284.5052,2.2565,25.2458,1.1167,1.1109
284.5552,2.3065,25.2465,1.1118,1.1103
284.6052,2.3565,25.2467,1.1118,1.1089
284.6552,2.4065,25.2465,1.1097,1.1077
284.7052,2.4565,25.2461,1.1097,1.1077
284.7552,2.5065,25.2459,1.1118,1.1077
284.8052,2.5565,25.2461,1.1118,1.1077
284.8552,2.6065,25.2466,1.1118,1.1077
284.9052,2.6564,25.2474,1.1118,1.1077
284.9552,2.7064,25.2483,1.1118,1.1077
285.0052,2.7564,25.2491,1.1120,1.1101
285.0552,2.8064,25.2497,1.1120,1.1101
285.1052,2.8564,25.2501,1.1120,1.1101
285.1552,2.9064,25.2502,1.1120,1.1109
285.2052,2.9564,25.2502,1.1120,1.1112
285.2552,3.0064,25.2499,1.1113,1.1119
285.3052,3.0564,25.2497,1.1112,1.1119
285.3552,3.1064,25.2496,1.1102,1.1119
285.4052,3.1564,25.2497,1.1100,1.1119
285.4552,3.2064,25.2502,1.1092,1.1119
285.5052,3.2564,25.2510,1.1089,1.1119
285.5552,3.3064,25.2521,1.1089,1.1119
285.6052,3.3564,25.2533,1.1076,1.0980
285.6552,3.4064,25.2544,1.1074,1.0980
285.7052,3.4564,25.2552,1.1074,1.0980
285.7552,3.5064,25.2557,1.1074,1.1080
285.8052,3.5564,25.2561,1.1077,1.1099
285.8552,3.6064,25.2566,1.1083,1.1133
285.9052,3.6564,25.2572,1.1096,1.1150
285.9552,3.7064,25.2582,1.1103,1.1160
286.0052,3.7564,25.2596,1.1137,1.1177
286.0552,3.8063,25.2613,1.1229,1.1204
286.1052,3.8563,25.2633,1.1229,1.1209
286.1552,3.9062,25.2655,1.1229,1.1223
286.2052,3.9562,25.2677,1.1266,1.1251
286.2552,4.0061,25.2701,1.1321,1.1257
286.3052,4.0561,25.2727,1.1321,1.1274
286.3552,4.1060,25.2755,1.1321,1.1279
286.4052,4.1559,25.2784,1.1293,1.1279
286.4552,4.2058,25.2816,1.1254,1.1274
286.5052,4.2557,25.2848,1.1249,1.1269
286.5552,4.3056,25.2881,1.1236,1.1227
286.6052,4.3555,25.2913,1.1229,1.1205
286.6552,4.4054,25.2942,1.1224,1.1205
286.7052,4.4554,25.2969,1.1169,1.1205
286.7552,4.5053,25.2994,1.1149,1.1205
286.8052,4.5552,25.3018,1.1113,1.1189
286.8552,4.6052,25.3044,1.1085,1.1148
286.9052,4.6551,25.3071,1.1068,1.1122
286.9552,4.7050,25.3097,1.1068,1.1066
287.0052,4.7550,25.3119,1.1068,1.1045
287.0552,4.8050,25.3134,1.1068,1.1024
287.1052,4.8550,25.3141,1.1067,1.1024
287.1552,4.9050,25.3142,1.1066,1.1024
287.2052,4.9550,25.3137,1.1062,1.1024
287.2552,5.0049,25.3130,1.1057,1.1112
287.3052,5.0549,25.3122,1.1050,1.1112
287.3552,5.1049,25.3119,1.1050,1.1112
287.4052,5.1549,25.3119,1.1050,1.1024
287.4552,5.2049,25.3123,1.1056,1.1023
287.5052,5.2549,25.3126,1.1056,1.1023
287.5552,5.3049,25.3128,1.1056,1.1021
287.6052,5.3549,25.3128,1.1057,1.1021
287.6552,5.4049,25.3127,1.1060,1.1018
287.7052,5.4549,25.3124,1.1063,1.1018
287.7552,5.5049,25.3120,1.1063,1.1018
287.8052,5.5549,25.3113,1.1065,1.1018
287.8552,5.6049,25.3105,1.1065,1.1018
287.9052,5.6549,25.3094,1.1065,1.1018
287.9552,5.7049,25.3084,1.1065,1.1021
288.0052,5.7549,25.3076,1.1065,1.1042
288.0552,5.8049,25.3071,1.1065,1.1136
288.1052,5.8549,25.3072,1.1065,1.1153
288.1552,5.9049,25.3081,1.1065,1.1184
288.2052,5.9549,25.3097,1.1096,1.1196
288.2552,6.0048,25.3122,1.1105,1.1203
288.3052,6.0547,25.3155,1.1156,1.1205
288.3552,6.1046,25.3195,1.1191,1.1231
288.4052,6.1544,25.3238,1.1276,1.1252
288.4552,6.2042,25.3280,1.1333,1.1260
288.5052,6.2541,25.3318,1.1338,1.1275
288.5552,6.3040,25.3347,1.1338,1.1304
288.6052,6.3539,25.3370,1.1338,1.1320
288.6552,6.4039,25.3389,1.1338,1.1327
288.7052,6.4539,25.3404,1.1338,1.1327
288.7552,6.5038,25.3417,1.1338,1.1327
288.8052,6.5538,25.3429,1.1327,1.1319
288.8553,6.6038,25.3439,1.1319,1.1308
288.9053,6.6538,25.3449,1.1319,1.1296
288.9553,6.7038,25.3458,1.1282,1.1291
289.0053,6.7538,25.3470,1.1257,1.1284
289.0553,6.8038,25.3484,1.1253,1.1268
289.1053,6.8537,25.3502,1.1212,1.1255
289.1553,6.9037,25.3522,1.1210,1.1217
289.2053,6.9536,25.3546,1.1146,1.1164
289.2553,7.0036,25.3573,1.1086,1.1160
289.3053,7.0535,25.3604,1.1064,1.1098
289.3553,7.1034,25.3634,1.1057,1.1040
289.4053,7.1533,25.3659,1.1046,1.1026
289.4553,7.2033,25.3678,1.1037,1.1026
289.5053,7.2533,25.3689,1.1037,1.1029
289.5553,7.3033,25.3695,1.1037,1.1033
289.6053,7.3533,25.3696,1.1037,1.1033
289.6553,7.4033,25.3696,1.1037,1.1036
289.7053,7.4533,25.3695,1.1037,1.1036
289.7553,7.5033,25.3693,1.1037,1.1040
289.8053,7.5533,25.3692,1.1037,1.1040
289.8553,7.6033,25.3691,1.1037,1.1040
289.9053,7.6533,25.3690,1.1038,1.1038
289.9553,7.7033,25.3689,1.1038,1.1038
290.0053,7.7533,25.3687,1.1040,1.1038
290.0553,7.8033,25.3685,1.1043,1.1038
290.1053,7.8533,25.3682,1.1046,1.1038
290.1553,7.9033,25.3680,1.1049,1.1036
290.2053,7.9533,25.3677,1.1049,1.1036
290.2553,8.0033,25.3673,1.1049,1.1036
290.3053,8.0533,25.3670,1.1050,1.1030
290.3553,8.1033,25.3665,1.1057,1.1023
290.4053,8.1533,25.3658,1.1064,1.1023
290.4553,8.2033,25.3650,1.1064,1.1023
290.5053,8.2533,25.3641,1.1071,1.1023
290.5553,8.3033,25.3632,1.1071,1.1035
290.6053,8.3533,25.3626,1.1071,1.1139
290.6553,8.4033,25.3626,1.1071,1.1168
290.7053,8.4533,25.3633,1.1071,1.1169
290.7553,8.5032,25.3650,1.1086,1.1171
290.8053,8.5532,25.3675,1.1100,1.1229
290.8553,8.6031,25.3708,1.1105,1.1229
290.9053,8.6529,25.3750,1.1114,1.1238
290.9553,8.7027,25.3798,1.1293,1.1248
291.0053,8.7524,25.3845,1.1316,1.1284
291.0553,8.8023,25.3887,1.1331,1.1297
291.1053,8.8521,25.3920,1.1331,1.1309
291.1553,8.9021,25.3943,1.1333,1.1316
291.2053,8.9521,25.3958,1.1333,1.1332
291.2553,9.0021,25.3968,1.1334,1.1342
291.3053,9.0521,25.3973,1.1334,1.1343
291.3553,9.1021,25.3977,1.1338,1.1343
291.4053,9.1521,25.3979,1.1338,1.1343
291.4553,9.2021,25.3981,1.1338,1.1332
291.5053,9.2521,25.3984,1.1317,1.1315
291.5553,9.3021,25.3989,1.1305,1.1314
291.6053,9.3521,25.3998,1.1301,1.1310
291.6553,9.4020,25.4012,1.1295,1.1309
291.7053,9.4520,25.4031,1.1293,1.1291
291.7553,9.5019,25.4057,1.1275,1.1269
291.8053,9.5518,25.4088,1.1267,1.1265
291.8553,9.6017,25.4123,1.1201,1.1213
291.9053,9.6516,25.4160,1.1136,1.1196
291.9553,9.7015,25.4195,1.1100,1.1057
292.0053,9.7514,25.4223,1.1100,1.1051
292.0553,9.8013,25.4244,1.1096,1.1051
292.1053,9.8513,25.4255,1.1089,1.1051
292.1553,9.9013,25.4260,1.1067,1.1051
292.2053,9.9513,25.4261,1.1050,1.1056
292.2553,10.0013,25.4260,1.1050,1.1056
292.3053,10.0513,25.4259,1.1048,1.1057
292.3553,10.1013,25.4257,1.1048,1.1057
292.4053,10.1513,25.4256,1.1048,1.1057
292.4553,10.2013,25.4255,1.1049,1.1057
292.5053,10.2513,25.4254,1.1050,1.1057
292.5553,10.3013,25.4253,1.1050,1.1056
292.6053,10.3513,25.4252,1.1050,1.1056
292.6553,10.4013,25.4251,1.1050,1.1053
292.7053,10.4513,25.4251,1.1050,1.1053
292.7553,10.5013,25.4250,1.1053,1.1053
292.8053,10.5513,25.4250,1.1053,1.1050
292.8553,10.6013,25.4250,1.1057,1.1047
292.9053,10.6513,25.4249,1.1060,1.1047
292.9553,10.7013,25.4249,1.1060,1.1047
293.0053,10.7513,25.4248,1.1060,1.1043
293.0553,10.8014,25.4248,1.1060,1.1042
293.1053,10.8514,25.4248,1.1053,1.1042
293.1553,10.9014,25.4248,1.1053,1.1043
293.2053,10.9514,25.4247,1.1053,1.1045
293.2553,11.0014,25.4244,1.1053,1.1053
293.3053,11.0514,25.4241,1.1053,1.1058
293.3553,11.1014,25.4238,1.1053,1.1065
293.4053,11.1514,25.4237,1.1048,1.1088
293.4553,11.2014,25.4244,1.1048,1.1143
293.5053,11.2513,25.4260,1.1048,1.1143
293.5553,11.3012,25.4289,1.1096,1.1188
293.6053,11.3511,25.4328,1.1210,1.1188
293.6553,11.4009,25.4370,1.1268,1.1265
293.7054,11.4508,25.4409,1.1292,1.1273
293.7554,11.5006,25.4443,1.1292,1.1276
293.8054,11.5506,25.4469,1.1314,1.1297
293.8554,11.6005,25.4488,1.1314,1.1297
293.9054,11.6505,25.4501,1.1322,1.1303
293.9554,11.7005,25.4510,1.1330,1.1307
294.0054,11.7505,25.4516,1.1332,1.1319
294.0554,11.8005,25.4520,1.1344,1.1337
294.1054,11.8505,25.4524,1.1345,1.1344
294.1554,11.9005,25.4528,1.1345,1.1346
294.2054,11.9505,25.4533,1.1345,1.1346
294.2554,12.0005,25.4539,1.1335,1.1346
294.3054,12.0505,25.4548,1.1331,1.1344
294.3554,12.1005,25.4562,1.1329,1.1344
294.4054,12.1504,25.4583,1.1300,1.1343
294.4554,12.2004,25.4613,1.1283,1.1337
294.5054,12.2502,25.4653,1.1273,1.1337
294.5554,12.3000,25.4699,1.1250,1.1289
294.6054,12.3498,25.4744,1.1221,1.1106
294.6554,12.3996,25.4782,1.1221,1.1094
294.7054,12.4496,25.4809,1.1204,1.1089
294.7554,12.4995,25.4825,1.1188,1.1062
294.8054,12.5495,25.4834,1.1131,1.1045
294.8554,12.5995,25.4837,1.1089,1.1045
294.9054,12.6495,25.4837,1.1047,1.1045
294.9554,12.6995,25.4835,1.1032,1.1058
295.0054,12.7495,25.4830,1.1032,1.1059
295.0554,12.7995,25.4823,1.1032,1.1063
295.1054,12.8495,25.4815,1.1030,1.1075
295.1554,12.8995,25.4807,1.1030,1.1075
295.2054,12.9495,25.4803,1.1030,1.1075
295.2554,12.9995,25.4804,1.1030,1.1075
295.3054,13.0495,25.4813,1.1030,1.1075
295.3554,13.0995,25.4828,1.1036,1.1076
295.4054,13.1494,25.4849,1.1100,1.1122
295.4554,13.1994,25.4873,1.1163,1.1128
295.5054,13.2493,25.4896,1.1164,1.1128
295.5554,13.2993,25.4917,1.1164,1.1185
295.6054,13.3493,25.4936,1.1174,1.1217
295.6554,13.3992,25.4956,1.1195,1.1217
295.7054,13.4492,25.4981,1.1198,1.1245
295.7554,13.4991,25.5011,1.1198,1.1245
295.8054,13.5490,25.5046,1.1221,1.1245
295.8554,13.5988,25.5086,1.1270,1.1245
295.9054,13.6486,25.5130,1.1270,1.1245
295.9554,13.6984,25.5179,1.1270,1.1245
296.0054,13.7481,25.5230,1.1263,1.1245
296.0554,13.7979,25.5279,1.1227,1.1138
296.1054,13.8477,25.5323,1.1223,1.1130
296.1554,13.8975,25.5357,1.1189,1.1128
296.2054,13.9475,25.5383,1.1189,1.1128
296.2554,13.9974,25.5403,1.1156,1.1111
296.3054,14.0474,25.5419,1.1154,1.1111
296.3554,14.0974,25.5432,1.1142,1.1111
296.4054,14.1474,25.5442,1.1142,1.1128
296.4554,14.1974,25.5450,1.1134,1.1128
296.5054,14.2474,25.5457,1.1134,1.1128
296.5554,14.2974,25.5462,1.1134,1.1129
296.6054,14.3474,25.5466,1.1138,1.1129
296.6554,14.3974,25.5469,1.1142,1.1129
296.7054,14.4474,25.5471,1.1142,1.1129
296.7554,14.4974,25.5471,1.1142,1.1128
296.8054,14.5474,25.5469,1.1142,1.1121
296.8554,14.5974,25.5463,1.1142,1.1116
296.9054,14.6474,25.5453,1.1142,1.1109
296.9554,14.6974,25.5437,1.1102,1.1109
297.0054,14.7473,25.5419,1.1102,1.1097
297.0554,14.7973,25.5402,1.1092,1.1070
297.1054,14.8473,25.5389,1.1050,1.1060
297.1554,14.8973,25.5380,1.1050,1.1060
297.2054,14.9473,25.5374,1.1050,1.1060
297.2554,14.9973,25.5371,1.1044,1.1060
297.3054,15.0473,25.5368,1.1038,1.1060
297.3554,15.0973,25.5368,1.1038,1.1059
297.4054,15.1473,25.5370,1.1025,1.1059
297.4554,15.1973,25.5377,1.1025,1.1059
297.5054,15.2472,25.5390,1.1025,1.1059
297.5554,15.2972,25.5408,1.1038,1.1059
297.6054,15.3472,25.5427,1.1066,1.1059
297.6554,15.3972,25.5442,1.1138,1.1059
297.7054,15.4472,25.5448,1.1140,1.1071
297.7554,15.4972,25.5441,1.1140,1.1072
297.8054,15.5471,25.5421,1.1140,1.1088
297.8554,15.5970,25.5390,1.1140,1.1095
297.9054,15.6469,25.5351,1.1140,1.1095
297.9554,15.6967,25.5306,1.1143,1.1095
298.0054,15.7464,25.5255,1.1156,1.1095
298.0554,15.7961,25.5198,1.1158,1.1095
298.1054,15.8457,25.5135,1.1158,1.1095
298.1554,15.8951,25.5062,1.1158,1.1095
298.2054,15.9445,25.4979,1.1158,1.1147
298.2554,15.9936,25.4889,1.1158,1.1274
298.3054,16.0427,25.4794,1.1156,1.1274
298.3554,16.0919,25.4702,1.1156,1.1274
298.4054,16.1411,25.4616,1.1156,1.1274
298.4554,16.1905,25.4536,1.1191,1.1274
298.5054,16.2399,25.4460,1.1223,1.1215
298.5554,16.2893,25.4382,1.1223,1.1203
298.6054,16.3386,25.4299,1.1223,1.1169
298.6554,16.3878,25.4208,1.1163,1.1156
298.7054,16.4368,25.4109,1.1159,1.1156
298.7554,16.4856,25.4003,1.1156,1.1156
298.8054,16.5344,25.3891,1.1156,1.1156
298.8554,16.5830,25.3774,1.1156,1.1156
298.9054,16.6315,25.3654,1.1150,1.1139
298.9554,16.6800,25.3530,1.1150,1.1139
299.0055,16.7284,25.3405,1.1150,1.1139
299.0555,16.7767,25.3276,1.1159,1.1135
299.1055,16.8250,25.3145,1.1142,1.1135
299.1555,16.8732,25.3013,1.1142,1.1145
299.2055,16.9213,25.2878,1.1164,1.1145
299.2555,16.9694,25.2741,1.1150,1.1141
299.3055,17.0174,25.2601,1.1150,1.1141
299.3555,17.0653,25.2457,1.1150,1.1141
299.4055,17.1131,25.2310,1.1162,1.1141
299.4555,17.1607,25.2158,1.1162,1.1141
299.5055,17.2082,25.2000,1.1162,1.1135
299.5555,17.2554,25.1836,1.1153,1.1135
299.6055,17.3024,25.1666,1.1153,1.1135
299.6555,17.3492,25.1489,1.1142,1.1118
299.7055,17.3956,25.1304,1.1142,1.1118
299.7555,17.4418,25.1113,1.1146,1.1118
299.8055,17.4878,25.0917,1.1146,1.1118
299.8555,17.5336,25.0715,1.1146,1.1118
299.9055,17.5792,25.0511,1.1153,1.1137
299.9555,17.6247,25.0304,1.1172,1.1137
300.0055,17.6702,25.0095,1.1172,1.1137
300.0555,17.7155,24.9885,1.1172,1.1137
300.1055,17.7609,24.9674,1.1172,1.1137
300.1555,17.8061,24.9462,1.1153,1.1143
300.2055,17.8514,24.9250,1.1153,1.1165
300.2555,17.8967,24.9038,1.1153,1.1165
300.3055,17.9419,24.8823,1.1153,1.1165
300.3555,17.9868,24.8603,1.1178,1.1159
300.4055,18.0313,24.8375,1.1178,1.1137
300.4555,18.0752,24.8137,1.1178,1.1135
300.5055,18.1187,24.7890,1.1136,1.1135
300.5555,18.1618,24.7636,1.1127,1.1127
300.6055,18.2046,24.7378,1.1126,1.1127
300.6555,18.2472,24.7116,1.1126,1.1127
300.7055,18.2896,24.6851,1.1126,1.1127
300.7555,18.3319,24.6585,1.1126,1.1127
300.8055,18.3741,24.6317,1.1126,1.1127
300.8555,18.4163,24.6048,1.1126,1.1127
300.9055,18.4583,24.5777,1.1127,1.1095
300.9555,18.5001,24.5503,1.1136,1.1095
301.0055,18.5417,24.5224,1.1144,1.1062
301.0555,18.5828,24.4940,1.1154,1.1095
301.1055,18.6235,24.4649,1.1157,1.1111
301.1555,18.6636,24.4351,1.1180,1.1111
301.2055,18.7033,24.4047,1.1180,1.1118
301.2555,18.7423,24.3735,1.1180,1.1125
301.3055,18.7808,24.3415,1.1180,1.1125
301.3555,18.8185,24.3087,1.1180,1.1125
301.4055,18.8557,24.2752,1.1149,1.1125
301.4555,18.8923,24.2412,1.1149,1.1125
301.5055,18.9284,24.2066,1.1146,1.1139
301.5555,18.9641,24.1716,1.1146,1.1158
301.6055,18.9995,24.1362,1.1144,1.1166
301.6555,19.0345,24.1005,1.1122,1.1166
301.7055,19.0693,24.0646,1.1100,1.1158
301.7555,19.1041,24.0287,1.1097,1.1155
301.8055,19.1389,23.9929,1.1097,1.1153
301.8555,19.1740,23.9572,1.1097,1.1151
301.9055,19.2091,23.9217,1.1099,1.1149
301.9555,19.2444,23.8862,1.1100,1.1126
302.0055,19.2796,23.8507,1.1101,1.1121
302.0555,19.3149,23.8153,1.1101,1.1115
302.1055,19.3501,23.7797,1.1113,1.1114
302.1555,19.3850,23.7440,1.1125,1.1112
302.2055,19.4197,23.7080,1.1125,1.1112
302.2555,19.4540,23.6716,1.1133,1.1112
302.3055,19.4877,23.6346,1.1133,1.1112
302.3555,19.5207,23.5971,1.1133,1.1113
302.4055,19.5529,23.5589,1.1133,1.1113
302.4555,19.5844,23.5200,1.1141,1.1112
302.5055,19.6152,23.4806,1.1141,1.1113
302.5555,19.6454,23.4408,1.1141,1.1115
302.6055,19.6751,23.4006,1.1141,1.1122
302.6555,19.7044,23.3600,1.1141,1.1122
302.7055,19.7332,23.3192,1.1141,1.1130
302.7555,19.7617,23.2781,1.1141,1.1133
302.8055,19.7898,23.2367,1.1129,1.1133
302.8555,19.8175,23.1951,1.1129,1.1130
302.9055,19.8449,23.1532,1.1129,1.1133
302.9555,19.8720,23.1112,1.1129,1.1133
303.0055,19.8989,23.0691,1.1141,1.1130
303.0555,19.9255,23.0268,1.1174,1.1133
303.1055,19.9518,22.9842,1.1199,1.1144
303.1555,19.9775,22.9414,1.1214,1.1159
303.2055,20.0028,22.8982,1.1214,1.1173
303.2555,20.0276,22.8548,1.1214,1.1187
303.3055,20.0520,22.8112,1.1217,1.1187
303.3555,20.0760,22.7673,1.1217,1.1187
303.4055,20.0995,22.7231,1.1217,1.1198
303.4555,20.1225,22.6787,1.1217,1.1209
303.5055,20.1450,22.6341,1.1217,1.1209
303.5555,20.1670,22.5892,1.1217,1.1209
303.6055,20.1886,22.5441,1.1214,1.1209
303.6555,20.2099,22.4989,1.1178,1.1187
303.7055,20.2310,22.4535,1.1168,1.1167
303.7555,20.2519,22.4081,1.1147,1.1134
303.8055,20.2725,22.3625,1.1147,1.1134
303.8556,20.2926,22.3168,1.1150,1.1134
303.9056,20.3121,22.2707,1.1150,1.1133
303.9556,20.3312,22.2245,1.1150,1.1133
304.0056,20.3497,22.1781,1.1150,1.1133
304.0556,20.3678,22.1315,1.1150,1.1134
304.1056,20.3856,22.0847,1.1150,1.1134
304.1556,20.4030,22.0379,1.1150,1.1139
304.2056,20.4201,21.9909,1.1150,1.1134
304.2556,20.4369,21.9438,1.1150,1.1134
304.3056,20.4534,21.8966,1.1150,1.1139
304.3556,20.4697,21.8493,1.1150,1.1146
304.4056,20.4859,21.8020,1.1150,1.1146
304.4556,20.5022,21.7547,1.1143,1.1166
304.5056,20.5186,21.7075,1.1143,1.1166
304.5556,20.5353,21.6603,1.1141,1.1145
304.6056,20.5521,21.6133,1.1141,1.1145
304.6556,20.5691,21.5662,1.1141,1.1145
304.7056,20.5861,21.5192,1.1142,1.1132
304.7556,20.6029,21.4721,1.1143,1.1115
304.8056,20.6193,21.4249,1.1152,1.1115
304.8556,20.6351,21.3774,1.1169,1.1115
304.9056,20.6501,21.3297,1.1169,1.1115
304.9556,20.6643,21.2818,1.1169,1.1119
305.0056,20.6777,21.2336,1.1161,1.1119
305.0556,20.6907,21.1853,1.1161,1.1139
305.1056,20.7032,21.1369,1.1152,1.1139
305.1556,20.7154,21.0885,1.1142,1.1160
305.2056,20.7275,21.0399,1.1142,1.1167
305.2556,20.7396,20.9914,1.1142,1.1167
305.3056,20.7518,20.9429,1.1142,1.1168
305.3556,20.7641,20.8945,1.1142,1.1168
305.4056,20.7766,20.8461,1.1130,1.1168
305.4556,20.7894,20.7977,1.1130,1.1168
305.5056,20.8025,20.7495,1.1130,1.1169
305.5556,20.8158,20.7013,1.1139,1.1177
305.6056,20.8295,20.6532,1.1142,1.1181
305.6556,20.8435,20.6052,1.1151,1.1181
305.7056,20.8576,20.5572,1.1161,1.1181
305.7556,20.8719,20.5093,1.1161,1.1175
305.8056,20.8860,20.4613,1.1226,1.1175
305.8556,20.8999,20.4133,1.1226,1.1175
305.9056,20.9135,20.3652,1.1226,1.1175
305.9556,20.9268,20.3170,1.1197,1.1182
306.0056,20.9399,20.2687,1.1193,1.1182
306.0556,20.9531,20.2205,1.1183,1.1182
306.1056,20.9664,20.1723,1.1183,1.1175
306.1556,20.9798,20.1241,1.1183,1.1172
306.2056,20.9931,20.0759,1.1183,1.1169
306.2556,21.0064,20.0277,1.1161,1.1169
306.3056,21.0196,19.9795,1.1158,1.1169
306.3556,21.0328,19.9313,1.1156,1.1160
306.4056,21.0461,19.8831,1.1152,1.1160
306.4556,21.0596,19.8349,1.1152,1.1151
306.5056,21.0731,19.7868,1.1152,1.1131
306.5556,21.0866,19.7386,1.1152,1.1131
306.6056,21.1000,19.6905,1.1154,1.1131
306.6556,21.1133,19.6422,1.1154,1.1141
306.7056,21.1264,19.5940,1.1152,1.1141
306.7556,21.1395,19.5457,1.1152,1.1156
306.8056,21.1527,19.4975,1.1140,1.1161
306.8556,21.1662,19.4494,1.1140,1.1164
306.9056,21.1800,19.4013,1.1152,1.1164
306.9556,21.1939,19.3533,1.1152,1.1164
307.0056,21.2081,19.3053,1.1153,1.1161
307.0556,21.2224,19.2574,1.1153,1.1164
307.1056,21.2369,19.2096,1.1154,1.1164
307.1556,21.2517,19.1618,1.1171,1.1169
307.2056,21.2667,19.1141,1.1173,1.1169
307.2556,21.2818,19.0664,1.1173,1.1169
307.3056,21.2970,19.0188,1.1173,1.1169
307.3556,21.3121,18.9711,1.1173,1.1167
307.4056,21.3270,18.9234,1.1154,1.1155
307.4556,21.3418,18.8757,1.1154,1.1153
307.5056,21.3565,18.8279,1.1173,1.1152
307.5556,21.3709,18.7800,1.1155,1.1147
307.6056,21.3853,18.7321,1.1155,1.1147
307.6556,21.3995,18.6842,1.1155,1.1152
307.7056,21.4137,18.6362,1.1150,1.1157
307.7556,21.4279,18.5883,1.1150,1.1157
307.8056,21.4423,18.5404,1.1147,1.1157
307.8556,21.4567,18.4925,1.1136,1.1123
307.9056,21.4711,18.4446,1.1136,1.1123
307.9556,21.4855,18.3968,1.1135,1.1123
308.0057,21.5000,18.3489,1.1125,1.1143
308.0557,21.5146,18.3011,1.1135,1.1143
308.1057,21.5294,18.2533,1.1135,1.1149
308.1557,21.5443,18.2056,1.1135,1.1149
308.2057,21.5594,18.1579,1.1143,1.1149
308.2557,21.5746,18.1103,1.1143,1.1149
308.3057,21.5899,18.0627,1.1155,1.1153
308.3557,21.6053,18.0151,1.1152,1.1149
308.4057,21.6207,17.9675,1.1152,1.1156
308.4557,21.6362,17.9200,1.1162,1.1164
308.5057,21.6518,17.8725,1.1162,1.1164
308.5557,21.6675,17.8250,1.1152,1.1164
308.6057,21.6831,17.7775,1.1165,1.1164
308.6557,21.6987,17.7300,1.1165,1.1164
308.7057,21.7141,17.6824,1.1174,1.1148
308.7557,21.7292,17.6348,1.1174,1.1132
308.8057,21.7440,17.5870,1.1174,1.1132
308.8557,21.7585,17.5392,1.1165,1.1132
308.9057,21.7727,17.4912,1.1165,1.1129
308.9557,21.7865,17.4432,1.1165,1.1147
309.0057,21.8002,17.3951,1.1165,1.1159
309.0557,21.8137,17.3469,1.1169,1.1159
309.1057,21.8272,17.2988,1.1169,1.1168
309.1557,21.8405,17.2506,1.1169,1.1168
309.2057,21.8538,17.2024,1.1169,1.1170
309.2557,21.8671,17.1542,1.1159,1.1170
309.3057,21.8806,17.1060,1.1159,1.1170
309.3557,21.8942,17.0579,1.1149,1.1170
309.4057,21.9081,17.0099,1.1149,1.1159
309.4557,21.9223,16.9619,1.1149,1.1159
309.5057,21.9368,16.9141,1.1149,1.1159
309.5557,21.9514,16.8663,1.1149,1.1159
309.6057,21.9663,16.8185,1.1144,1.1151
309.6557,21.9813,16.7708,1.1149,1.1148
309.7057,21.9965,16.7232,1.1144,1.1163
309.7557,22.0122,16.6757,1.1144,1.1148
309.8057,22.0281,16.6283,1.1144,1.1133
309.8557,22.0441,16.5810,1.1149,1.1133
309.9057,22.0599,16.5335,1.1166,1.1118
309.9557,22.0753,16.4859,1.1166,1.1101
310.0057,22.0899,16.4381,1.1166,1.1101
310.0557,22.1038,16.3901,1.1166,1.1101
310.1057,22.1172,16.3419,1.1166,1.1181
310.1557,22.1303,16.2937,1.1138,1.1181
310.2057,22.1434,16.2454,1.1151,1.1181
310.2557,22.1566,16.1972,1.1162,1.1159
310.3057,22.1698,16.1490,1.1157,1.1159
310.3557,22.1830,16.1007,1.1157,1.1145
310.4057,22.1961,16.0525,1.1162,1.1145
310.4557,22.2091,16.0042,1.1162,1.1145
310.5057,22.2220,15.9559,1.1157,1.1159
310.5557,22.2348,15.9076,1.1157,1.1159
310.6057,22.2478,15.8593,1.1157,1.1172
310.6557,22.2612,15.8111,1.1157,1.1172
310.7057,22.2750,15.7630,1.1157,1.1172
310.7557,22.2890,15.7150,1.1162,1.1172
310.8057,22.3030,15.6670,1.1162,1.1172
310.8557,22.3170,15.6190,1.1163,1.1172
310.9057,22.3309,15.5710,1.1163,1.1172
310.9557,22.3448,15.5230,1.1163,1.1172
311.0057,22.3588,15.4750,1.1163,1.1172
311.0557,22.3731,15.4270,1.1163,1.1172
311.1057,22.3877,15.3792,1.1163,1.1172
311.1557,22.4027,15.3316,1.1163,1.1172
311.2057,22.4180,15.2839,1.1146,1.1148
311.2557,22.4332,15.2363,1.1146,1.1106
311.3057,22.4480,15.1885,1.1144,1.1106
311.3557,22.4624,15.1407,1.1144,1.1106
311.4057,22.4764,15.0927,1.1143,1.1098
311.4557,22.4901,15.0446,1.1143,1.1098
311.5057,22.5036,14.9964,1.1142,1.1108
311.5557,22.5170,14.9483,1.1120,1.1108
311.6057,22.5304,14.9001,1.1120,1.1108
311.6557,22.5439,14.8519,1.1120,1.1108
311.7057,22.5575,14.8038,1.1120,1.1108
311.7557,22.5712,14.7557,1.1120,1.1126
311.8057,22.5849,14.7077,1.1120,1.1126
311.8557,22.5989,14.6596,1.1120,1.1143
311.9057,22.6131,14.6117,1.1120,1.1143
311.9557,22.6276,14.5638,1.1120,1.1143
312.0057,22.6423,14.5161,1.1132,1.1147
312.0557,22.6573,14.4683,1.1132,1.1147
312.1058,22.6724,14.4207,1.1141,1.1147
312.1558,22.6875,14.3730,1.1162,1.1147
312.2058,22.7023,14.3253,1.1162,1.1147
312.2558,22.7168,14.2774,1.1162,1.1151
312.3058,22.7308,14.2294,1.1162,1.1159
312.3558,22.7444,14.1813,1.1179,1.1217
312.4058,22.7579,14.1332,1.1179,1.1217
312.4558,22.7714,14.0850,1.1189,1.1217
312.5058,22.7851,14.0369,1.1192,1.1190
312.5558,22.7989,13.9889,1.1192,1.1179
312.6058,22.8128,13.9408,1.1206,1.1179
312.6558,22.8266,13.8928,1.1206,1.1179
312.7058,22.8404,13.8447,1.1206,1.1179
312.7558,22.8540,13.7966,1.1203,1.1190
312.8058,22.8676,13.7485,1.1195,1.1190
312.8558,22.8812,13.7004,1.1195,1.1190
312.9058,22.8948,13.6522,1.1195,1.1190
312.9558,22.9083,13.6041,1.1195,1.1190
313.0058,22.9218,13.5560,1.1195,1.1190
313.0558,22.9351,13.5078,1.1201,1.1188
313.1058,22.9482,13.4595,1.1201,1.1188
313.1558,22.9611,13.4112,1.1201,1.1188
313.2058,22.9738,13.3628,1.1201,1.1188
313.2558,22.9865,13.3145,1.1141,1.1192
313.3058,22.9994,13.2661,1.1141,1.1192
313.3558,23.0125,13.2179,1.1141,1.1192
313.4058,23.0259,13.1697,1.1141,1.1190
313.4558,23.0397,13.1217,1.1153,1.1169
313.5058,23.0535,13.0736,1.1166,1.1169
313.5558,23.0675,13.0256,1.1197,1.1169
313.6058,23.0815,12.9776,1.1197,1.1169
313.6558,23.0957,12.9297,1.1185,1.1186
313.7058,23.1101,12.8818,1.1185,1.1188
313.7558,23.1247,12.8340,1.1185,1.1188
313.8058,23.1396,12.7862,1.1185,1.1160
313.8558,23.1544,12.7385,1.1185,1.1151
313.9058,23.1689,12.6906,1.1185,1.1143
313.9558,23.1831,12.6427,1.1184,1.1143
314.0058,23.1970,12.5946,1.1185,1.1143
314.0558,23.2108,12.5466,1.1184,1.1151
314.1058,23.2246,12.4985,1.1163,1.1163
314.1558,23.2385,12.4505,1.1163,1.1163
314.2058,23.2526,12.4025,1.1163,1.1163
314.2558,23.2669,12.3546,1.1163,1.1163
314.3058,23.2813,12.3067,1.1163,1.1163
314.3558,23.2957,12.2589,1.1163,1.1165
314.4058,23.3100,12.2109,1.1157,1.1173
314.4558,23.3243,12.1630,1.1157,1.1173
314.5058,23.3386,12.1151,1.1157,1.1180
314.5558,23.3530,12.0672,1.1149,1.1173
314.6058,23.3675,12.0194,1.1157,1.1183
314.6558,23.3821,11.9715,1.1169,1.1197
314.7058,23.3967,11.9237,1.1169,1.1197
314.7558,23.4112,11.8759,1.1140,1.1197
314.8058,23.4257,11.8280,1.1140,1.1197
314.8558,23.4403,11.7802,1.1137,1.1197
314.9058,23.4549,11.7324,1.1134,1.1191
314.9558,23.4698,11.6847,1.1122,1.1169
315.0058,23.4850,11.6370,1.1134,1.1156
315.0558,23.5002,11.5894,1.1134,1.1156
315.1058,23.5154,11.5418,1.1134,1.1091
315.1558,23.5305,11.4941,1.1134,1.1091
315.2058,23.5452,11.4463,1.1134,1.1091
315.2558,23.5597,11.3984,1.1144,1.1091
315.3058,23.5740,11.3505,1.1140,1.1091
315.3558,23.5881,11.3026,1.1140,1.1115
315.4058,23.6021,11.2545,1.1140,1.1117
315.4558,23.6157,11.2064,1.1140,1.1129
315.5058,23.6290,11.1582,1.1140,1.1129
315.5558,23.6420,11.1100,1.1137,1.1134
315.6058,23.6550,11.0617,1.1140,1.1134
315.6558,23.6681,11.0134,1.1140,1.1134
315.7058,23.6814,10.9652,1.1140,1.1134
315.7558,23.6949,10.9171,1.1121,1.1134
315.8058,23.7086,10.8690,1.1121,1.1134
315.8558,23.7224,10.8209,1.1121,1.1134
315.9058,23.7361,10.7728,1.1121,1.1134
315.9558,23.7499,10.7248,1.1121,1.1134
316.0058,23.7635,10.6767,1.1121,1.1134
316.0558,23.7769,10.6285,1.1121,1.1134
316.1059,23.7900,10.5802,1.1121,1.1134
316.1559,23.8025,10.5318,1.1166,1.1134
316.2059,23.8143,10.4832,1.1178,1.1133
316.2559,23.8252,10.4344,1.1179,1.1132
316.3059,23.8352,10.3854,1.1179,1.1130
316.3559,23.8442,10.3363,1.1178,1.1128
316.4059,23.8525,10.2870,1.1179,1.1128
316.4559,23.8600,10.2375,1.1166,1.1128
316.5059,23.8667,10.1880,1.1154,1.1128
316.5559,23.8726,10.1383,1.1154,1.1099
316.6059,23.8775,10.0886,1.1179,1.1099
316.6559,23.8810,10.0387,1.1179,1.1099
316.7059,23.8828,9.9887,1.1191,1.1071
316.7559,23.8827,9.9387,1.1191,1.1071
316.8059,23.8806,9.8888,1.1211,1.1071
316.8559,23.8766,9.8389,1.1219,1.1071
316.9059,23.8710,9.7892,1.1211,1.1099
316.9559,23.8639,9.7397,1.1219,1.1128
317.0059,23.8555,9.6904,1.1220,1.1128
317.0559,23.8456,9.6414,1.1225,1.1128
317.1059,23.8338,9.5929,1.1239,1.1162
317.1559,23.8200,9.5448,1.1247,1.1162
317.2059,23.8043,9.4973,1.1247,1.1162
317.2559,23.7870,9.4504,1.1247,1.1162
317.3059,23.7686,9.4039,1.1247,1.1177
317.3559,23.7495,9.3577,1.1237,1.1177
317.4059,23.7297,9.3118,1.1237,1.1177
317.4559,23.7091,9.2662,1.1230,1.1177
317.5059,23.6877,9.2211,1.1228,1.1177
317.5559,23.6653,9.1764,1.1228,1.1177
317.6059,23.6418,9.1322,1.1228,1.1189
317.6559,23.6173,9.0886,1.1228,1.1189
317.7059,23.5919,9.0456,1.1228,1.1189
317.7559,23.5655,9.0031,1.1223,1.1180
317.8059,23.5384,8.9611,1.1223,1.1180
317.8559,23.5105,8.9196,1.1216,1.1180
317.9059,23.4819,8.8785,1.1193,1.1180
317.9559,23.4527,8.8380,1.1193,1.1173
318.0059,23.4227,8.7980,1.1185,1.1173
318.0559,23.3920,8.7585,1.1185,1.1173
318.1059,23.3605,8.7197,1.1185,1.1173
318.1559,23.3284,8.6814,1.1166,1.1150
318.2059,23.2957,8.6435,1.1141,1.1150
318.2559,23.2625,8.6061,1.1139,1.1116
318.3059,23.2289,8.5691,1.1139,1.1116
318.3559,23.1948,8.5325,1.1139,1.1116
318.4059,23.1601,8.4965,1.1176,1.1116
318.4559,23.1247,8.4613,1.1184,1.1116
318.5059,23.0884,8.4269,1.1184,1.1116
318.5559,23.0513,8.3933,1.1184,1.1121
318.6059,23.0138,8.3603,1.1176,1.1151
318.6559,22.9759,8.3277,1.1176,1.1185
318.7059,22.9379,8.2951,1.1176,1.1185
318.7559,22.8999,8.2626,1.1184,1.1185
318.8059,22.8620,8.2301,1.1184,1.1185
318.8559,22.8238,8.1977,1.1185,1.1185
318.9059,22.7855,8.1656,1.1190,1.1185
318.9559,22.7469,8.1339,1.1195,1.1183
319.0059,22.7080,8.1025,1.1195,1.1183
319.0559,22.6688,8.0714,1.1195,1.1183
319.1059,22.6294,8.0405,1.1190,1.1183
319.1559,22.5899,8.0099,1.1170,1.1183
319.2059,22.5503,7.9793,1.1170,1.1170
319.2559,22.5106,7.9490,1.1170,1.1164
319.3059,22.4706,7.9190,1.1171,1.1164
319.3559,22.4302,7.8895,1.1171,1.1156
319.4059,22.3895,7.8605,1.1171,1.1156
319.4559,22.3486,7.8318,1.1171,1.1164
319.5059,22.3075,7.8033,1.1171,1.1164
319.5559,22.2664,7.7747,1.1140,1.1149
319.6059,22.2255,7.7460,1.1134,1.1149
319.6559,22.1847,7.7171,1.1133,1.1149
319.7059,22.1440,7.6881,1.1133,1.1140
319.7559,22.1033,7.6590,1.1134,1.1112
319.8059,22.0624,7.6302,1.1140,1.1112
319.8559,22.0214,7.6016,1.1143,1.1140
319.9059,21.9803,7.5731,1.1143,1.1155
319.9559,21.9391,7.5448,1.1144,1.1162
320.0059,21.8979,7.5165,1.1148,1.1170
320.0559,21.8567,7.4882,1.1155,1.1162
320.1059,21.8155,7.4598,1.1155,1.1162
320.1559,21.7744,7.4314,1.1155,1.1162
320.2059,21.7333,7.4029,1.1162,1.1162
320.2559,21.6922,7.3744,1.1177,1.1162
320.3059,21.6510,7.3460,1.1177,1.1162
320.3559,21.6098,7.3177,1.1180,1.1170
320.4059,21.5685,7.2896,1.1180,1.1200
320.4559,21.5271,7.2615,1.1180,1.1200
320.5059,21.4858,7.2334,1.1184,1.1200
320.5559,21.4445,7.2052,1.1184,1.1200
320.6059,21.4032,7.1770,1.1186,1.1178
320.6559,21.3618,7.1489,1.1186,1.1153
320.7059,21.3202,7.1211,1.1186,1.1153
320.7559,21.2784,7.0937,1.1186,1.1153
320.8059,21.2364,7.0666,1.1186,1.1154
320.8559,21.1942,7.0398,1.1173,1.1154
320.9059,21.1519,7.0132,1.1173,1.1154
320.9559,21.1095,6.9866,1.1172,1.1154
321.0059,21.0671,6.9602,1.1155,1.1154
321.0559,21.0246,6.9337,1.1155,1.1153
321.1059,20.9821,6.9074,1.1155,1.1153
321.1559,20.9395,6.8812,1.1155,1.1108
321.2059,20.8968,6.8552,1.1155,1.1108
321.2560,20.8539,6.8295,1.1155,1.1108
321.3060,20.8110,6.8039,1.1133,1.1138
321.3560,20.7680,6.7783,1.1133,1.1169
321.4060,20.7252,6.7525,1.1133,1.1169
321.4560,20.6825,6.7265,1.1133,1.1138
321.5060,20.6399,6.7003,1.1133,1.1138
321.5560,20.5974,6.6740,1.1135,1.1138
321.6060,20.5548,6.6478,1.1133,1.1138
321.6560,20.5121,6.6218,1.1133,1.1138
321.7060,20.4693,6.5960,1.1133,1.1138
321.7560,20.4265,6.5701,1.1133,1.1138
321.8060,20.3838,6.5441,1.1130,1.1138
321.8560,20.3412,6.5179,1.1126,1.1138
321.9060,20.2987,6.4915,1.1126,1.1131
321.9560,20.2562,6.4651,1.1133,1.1085
322.0060,20.2136,6.4390,1.1133,1.1085
322.0560,20.1708,6.4131,1.1167,1.1131
322.1060,20.1278,6.3877,1.1176,1.1132
322.1560,20.0845,6.3626,1.1167,1.1178
322.2060,20.0411,6.3378,1.1167,1.1178
322.2560,19.9977,6.3129,1.1162,1.1178
322.3060,19.9544,6.2880,1.1157,1.1178
322.3560,19.9111,6.2629,1.1157,1.1158
322.4060,19.8679,6.2378,1.1157,1.1116
322.4560,19.8246,6.2128,1.1157,1.1116
322.5060,19.7812,6.1880,1.1157,1.1116
322.5560,19.7377,6.1633,1.1157,1.1116
322.6060,19.6941,6.1388,1.1157,1.1123
322.6560,19.6504,6.1145,1.1157,1.1145
322.7060,19.6067,6.0902,1.1156,1.1145
322.7560,19.5630,6.0660,1.1156,1.1168
322.8060,19.5192,6.0418,1.1156,1.1168
322.8560,19.4754,6.0177,1.1157,1.1168
322.9060,19.4315,5.9937,1.1177,1.1168
322.9560,19.3875,5.9699,1.1177,1.1178
323.0060,19.3434,5.9465,1.1177,1.1164
323.0560,19.2990,5.9234,1.1177,1.1164
323.1060,19.2546,5.9005,1.1177,1.1164
323.1560,19.2100,5.8778,1.1170,1.1164
323.2060,19.1655,5.8551,1.1170,1.1164
323.2560,19.1210,5.8323,1.1164,1.1182
323.3060,19.0766,5.8092,1.1159,1.1182
323.3560,19.0324,5.7859,1.1159,1.1182
323.4060,18.9882,5.7625,1.1159,1.1162
323.4560,18.9441,5.7390,1.1156,1.1157
323.5060,18.8999,5.7155,1.1156,1.1155
323.5560,18.8557,5.6921,1.1156,1.1152
323.6060,18.8115,5.6688,1.1156,1.1151
323.6560,18.7672,5.6455,1.1156,1.1151
323.7060,18.7229,5.6224,1.1152,1.1123
323.7560,18.6785,5.5995,1.1128,1.1099
323.8060,18.6340,5.5767,1.1128,1.1073
323.8560,18.5894,5.5540,1.1083,1.1071
323.9060,18.5448,5.5313,1.1067,1.1041
323.9560,18.5003,5.5086,1.1052,1.1041
324.0060,18.4558,5.4858,1.1052,1.1041
324.0560,18.4114,5.4628,1.1052,1.1041
324.1060,18.3671,5.4397,1.1052,1.1042
324.1560,18.3228,5.4165,1.1052,1.1043
324.2060,18.2784,5.3934,1.1037,1.1043
324.2560,18.2340,5.3704,1.1037,1.1056
324.3060,18.1895,5.3476,1.1052,1.1056
324.3560,18.1450,5.3248,1.1052,1.1069
324.4060,18.1005,5.3020,1.1082,1.1128
324.4560,18.0561,5.2791,1.1082,1.1135
324.5060,18.0117,5.2560,1.1095,1.1142
324.5560,17.9675,5.2327,1.1116,1.1143
324.6060,17.9233,5.2093,1.1143,1.1144
324.6560,17.8790,5.1860,1.1143,1.1145
324.7060,17.8348,5.1628,1.1149,1.1145
324.7560,17.7904,5.1397,1.1149,1.1145
324.8060,17.7460,5.1167,1.1157,1.1144
324.8560,17.7016,5.0938,1.1157,1.1145
324.9060,17.6571,5.0710,1.1168,1.1145
324.9560,17.6125,5.0484,1.1168,1.1145
325.0060,17.5678,5.0260,1.1179,1.1146
325.0560,17.5229,5.0040,1.1179,1.1146
325.1060,17.4779,4.9822,1.1168,1.1146
325.1560,17.4327,4.9608,1.1156,1.1145
325.2060,17.3873,4.9398,1.1156,1.1146
325.2561,17.3418,4.9190,1.1156,1.1145
325.3061,17.2963,4.8983,1.1156,1.1144
325.3561,17.2508,4.8775,1.1124,1.1113
325.4061,17.2054,4.8566,1.1092,1.1113
325.4561,17.1601,4.8355,1.1092,1.1113
325.5061,17.1148,4.8142,1.1092,1.1113
325.5561,17.0697,4.7928,1.1092,1.1080
325.6061,17.0246,4.7712,1.1084,1.1080
325.6561,16.9796,4.7494,1.1076,1.1077
325.7061,16.9347,4.7273,1.1076,1.1058
325.7561,16.8899,4.7051,1.1076,1.1058
325.8061,16.8452,4.6828,1.1076,1.1058
325.8561,16.8004,4.6605,1.1092,1.1061
325.9061,16.7555,4.6386,1.1119,1.1074
325.9561,16.7103,4.6171,1.1119,1.1094
326.0061,16.6648,4.5964,1.1135,1.1106
326.0561,16.6190,4.5764,1.1138,1.1106
326.1061,16.5730,4.5569,1.1142,1.1128
326.1561,16.5268,4.5377,1.1142,1.1128
326.2061,16.4805,4.5187,1.1142,1.1150
326.2561,16.4342,4.4997,1.1162,1.1184
326.3061,16.3879,4.4809,1.1177,1.1196
326.3561,16.3416,4.4621,1.1215,1.1196
326.4061,16.2951,4.4437,1.1215,1.1196
326.4561,16.2485,4.4256,1.1215,1.1196
326.5061,16.2018,4.4078,1.1187,1.1190
326.5561,16.1549,4.3903,1.1180,1.1185
326.6061,16.1081,4.3728,1.1180,1.1185
326.6561,16.0613,4.3552,1.1187,1.1185
326.7061,16.0145,4.3376,1.1158,1.1185
326.7561,15.9677,4.3200,1.1187,1.1134
326.8061,15.9207,4.3028,1.1187,1.1086
326.8561,15.8735,4.2863,1.1198,1.1086
326.9061,15.8261,4.2705,1.1198,1.1086
326.9561,15.7785,4.2553,1.1198,1.1156
327.0061,15.7307,4.2405,1.1170,1.1156
327.0561,15.6829,4.2258,1.1170,1.1156
327.1061,15.6351,4.2113,1.1158,1.1142
327.1561,15.5872,4.1969,1.1152,1.1142
327.2061,15.5392,4.1828,1.1158,1.1127
327.2561,15.4912,4.1689,1.1152,1.1127
327.3061,15.4431,4.1553,1.1138,1.1127
327.3561,15.3949,4.1417,1.1138,1.1127
327.4061,15.3468,4.1283,1.1115,1.1125
327.4561,15.2986,4.1148,1.1115,1.1125
327.5061,15.2505,4.1012,1.1111,1.1125
327.5561,15.2024,4.0875,1.1111,1.1120
327.6061,15.1543,4.0738,1.1111,1.1118
327.6561,15.1062,4.0601,1.1116,1.1118
327.7061,15.0581,4.0466,1.1120,1.1117
327.7561,15.0099,4.0333,1.1120,1.1117
327.8061,14.9616,4.0203,1.1120,1.1118
327.8561,14.9133,4.0075,1.1120,1.1128
327.9061,14.8650,3.9946,1.1116,1.1128
327.9561,14.8167,3.9815,1.1116,1.1151
328.0061,14.7686,3.9681,1.1116,1.1151
328.0561,14.7205,3.9543,1.1163,1.1151
328.1061,14.6725,3.9403,1.1178,1.1156
328.1561,14.6244,3.9265,1.1178,1.1182
328.2061,14.5763,3.9129,1.1178,1.1182
328.2561,14.5281,3.8996,1.1178,1.1182
328.3061,14.4799,3.8864,1.1106,1.1156
328.3561,14.4316,3.8734,1.1106,1.1152
328.4061,14.3834,3.8603,1.1106,1.1092
328.4561,14.3351,3.8472,1.1106,1.1092
328.5061,14.2868,3.8342,1.1106,1.1092
328.5561,14.2385,3.8213,1.1106,1.1092
328.6061,14.1902,3.8086,1.1106,1.1092
328.6561,14.1418,3.7959,1.1106,1.1092
328.7061,14.0934,3.7834,1.1098,1.1092
328.7561,14.0449,3.7709,1.1091,1.1092
328.8061,13.9965,3.7585,1.1091,1.1092
328.8561,13.9481,3.7460,1.1091,1.1092
328.9061,13.8997,3.7335,1.1107,1.1092
328.9561,13.8513,3.7210,1.1112,1.1106
329.0061,13.8028,3.7085,1.1112,1.1122
329.0561,13.7544,3.6961,1.1139,1.1132
329.1061,13.7059,3.6840,1.1139,1.1132
329.1561,13.6573,3.6721,1.1139,1.1168
329.2062,13.6088,3.6603,1.1114,1.1168
329.2562,13.5602,3.6483,1.1114,1.1204
329.3062,13.5118,3.6356,1.1114,1.1205
329.3562,13.4637,3.6223,1.1117,1.1205
329.4062,13.4157,3.6083,1.1166,1.1205
329.4562,13.3678,3.5939,1.1181,1.1205
329.5062,13.3200,3.5793,1.1181,1.1204
329.5562,13.2722,3.5646,1.1197,1.1173
329.6062,13.2243,3.5500,1.1181,1.1142
329.6562,13.1764,3.5357,1.1181,1.1106
329.7062,13.1283,3.5219,1.1164,1.1106
329.7562,13.0802,3.5086,1.1164,1.1106
329.8062,13.0319,3.4956,1.1164,1.1113
329.8562,12.9835,3.4828,1.1149,1.1131
329.9062,12.9351,3.4702,1.1149,1.1131
329.9562,12.8867,3.4578,1.1149,1.1131
330.0062,12.8382,3.4456,1.1149,1.1127
330.0562,12.7897,3.4337,1.1124,1.1123
330.1062,12.7411,3.4218,1.1110,1.1123
330.1562,12.6925,3.4100,1.1110,1.1123
330.2062,12.6440,3.3980,1.1110,1.1123
330.2562,12.5954,3.3859,1.1110,1.1123
330.3062,12.5469,3.3738,1.1113,1.1127
330.3562,12.4984,3.3617,1.1116,1.1133
330.4062,12.4499,3.3495,1.1120,1.1139
330.4562,12.4015,3.3372,1.1124,1.1139
330.5062,12.3530,3.3249,1.1125,1.1173
330.5562,12.3046,3.3124,1.1146,1.1173
330.6062,12.2562,3.2998,1.1168,1.1173
330.6562,12.2079,3.2870,1.1209,1.1179
330.7062,12.1596,3.2739,1.1209,1.1182
330.7562,12.1114,3.2606,1.1209,1.1210
330.8062,12.0632,3.2473,1.1209,1.1210
330.8562,12.0150,3.2341,1.1209,1.1210
330.9062,11.9667,3.2210,1.1209,1.1208
330.9562,11.9184,3.2080,1.1209,1.1197
331.0062,11.8701,3.1952,1.1168,1.1197
331.0562,11.8218,3.1822,1.1167,1.1182
331.1062,11.7736,3.1690,1.1166,1.1167
331.1562,11.7254,3.1556,1.1163,1.1167
331.2062,11.6773,3.1422,1.1163,1.1167
331.2562,11.6291,3.1287,1.1160,1.1152
331.3062,11.5809,3.1154,1.1159,1.1133
331.3562,11.5327,3.1023,1.1159,1.1133
331.4062,11.4844,3.0893,1.1159,1.1133
331.4562,11.4360,3.0766,1.1159,1.1133
331.5062,11.3876,3.0642,1.1159,1.1134
331.5562,11.3391,3.0519,1.1159,1.1152
331.6062,11.2906,3.0397,1.1157,1.1153
331.6562,11.2421,3.0274,1.1157,1.1164
331.7062,11.1937,3.0151,1.1157,1.1173
331.7562,11.1453,3.0026,1.1162,1.1175
331.8062,11.0969,2.9900,1.1165,1.1176
331.8562,11.0485,2.9775,1.1165,1.1176
331.9062,11.0001,2.9650,1.1165,1.1177
331.9562,10.9516,2.9526,1.1165,1.1177
332.0062,10.9032,2.9402,1.1165,1.1188
332.0562,10.8548,2.9276,1.1165,1.1213
332.1062,10.8064,2.9149,1.1165,1.1213
332.1562,10.7582,2.9018,1.1181,1.1223
332.2062,10.7100,2.8883,1.1185,1.1223
332.2562,10.6620,2.8745,1.1188,1.1223
332.3062,10.6140,2.8605,1.1188,1.1223
332.3562,10.5660,2.8465,1.1188,1.1213
332.4062,10.5180,2.8325,1.1185,1.1213
332.4562,10.4700,2.8184,1.1171,1.1194
332.5062,10.4220,2.8044,1.1160,1.1117
332.5562,10.3740,2.7904,1.1150,1.1117
332.6062,10.3259,2.7766,1.1150,1.1117
332.6562,10.2778,2.7632,1.1146,1.1117
332.7062,10.2295,2.7503,1.1146,1.1105
332.7562,10.1811,2.7377,1.1146,1.1105
332.8062,10.1326,2.7254,1.1130,1.1105
332.8562,10.0841,2.7132,1.1111,1.1108
332.9062,10.0356,2.7012,1.1111,1.1113
332.9562,9.9870,2.6893,1.1111,1.1113
333.0062,9.9384,2.6774,1.1111,1.1113
333.0562,9.8899,2.6656,1.1111,1.1113
333.1062,9.8413,2.6538,1.1111,1.1117
333.1563,9.7927,2.6421,1.1111,1.1118
333.2063,9.7441,2.6302,1.1121,1.1119
333.2563,9.6955,2.6183,1.1126,1.1130
333.3063,9.6470,2.6062,1.1126,1.1130
333.3563,9.5986,2.5938,1.1126,1.1142
333.4063,9.5502,2.5811,1.1130,1.1142
333.4563,9.5019,2.5681,1.1130,1.1142
333.5063,9.4538,2.5547,1.1142,1.1142
333.5563,9.4057,2.5411,1.1136,1.1142
333.6063,9.3576,2.5271,1.1130,1.1142
333.6563,9.3097,2.5129,1.1136,1.1142
333.7063,9.2619,2.4984,1.1136,1.1142
333.7563,9.2141,2.4837,1.1136,1.1145
333.8063,9.1663,2.4688,1.1136,1.1145
333.8563,9.1185,2.4540,1.1142,1.1145
333.9063,9.0707,2.4395,1.1144,1.1145
333.9563,9.0228,2.4252,1.1147,1.1123
334.0063,8.9747,2.4116,1.1147,1.1113
334.0563,8.9264,2.3985,1.1147,1.1113
334.1063,8.8780,2.3859,1.1147,1.1113
334.1563,8.8296,2.3737,1.1156,1.1145
334.2063,8.7810,2.3617,1.1156,1.1151
334.2563,8.7324,2.3498,1.1156,1.1151
334.3063,8.6839,2.3379,1.1156,1.1151
334.3563,8.6353,2.3260,1.1152,1.1151
334.4063,8.5868,2.3140,1.1147,1.1142
334.4563,8.5383,2.3019,1.1144,1.1142
334.5063,8.4898,2.2897,1.1144,1.1135
334.5563,8.4413,2.2775,1.1144,1.1135
334.6063,8.3928,2.2652,1.1131,1.1135
334.6563,8.3444,2.2529,1.1131,1.1141
334.7063,8.2959,2.2404,1.1082,1.1135
334.7563,8.2476,2.2277,1.1082,1.1135
334.8063,8.1993,2.2146,1.1082,1.1128
334.8563,8.1512,2.2011,1.1082,1.1121
334.9063,8.1032,2.1872,1.1082,1.1121
334.9563,8.0552,2.1731,1.1134,1.1121
335.0063,8.0072,2.1590,1.1139,1.1134
335.0563,7.9591,2.1452,1.1139,1.1139
335.1063,7.9110,2.1315,1.1150,1.1151
335.1563,7.8629,2.1180,1.1162,1.1162
335.2063,7.8148,2.1045,1.1162,1.1162
335.2563,7.7666,2.0910,1.1162,1.1151
335.3063,7.7185,2.0775,1.1162,1.1151
335.3563,7.6703,2.0640,1.1169,1.1151
335.4063,7.6222,2.0506,1.1169,1.1151
335.4563,7.5739,2.0374,1.1169,1.1151
335.5063,7.5257,2.0243,1.1169,1.1141
335.5563,7.4774,2.0114,1.1162,1.1141
335.6063,7.4291,1.9985,1.1162,1.1130
335.6563,7.3807,1.9857,1.1162,1.1130
335.7063,7.3323,1.9731,1.1150,1.1121
335.7563,7.2839,1.9607,1.1150,1.1116
335.8063,7.2354,1.9484,1.1150,1.1121
335.8563,7.1869,1.9364,1.1143,1.1121
335.9063,7.1383,1.9244,1.1129,1.1129
335.9563,7.0898,1.9125,1.1127,1.1129
336.0063,7.0412,1.9005,1.1127,1.1129
336.0563,6.9928,1.8883,1.1127,1.1129
336.1063,6.9443,1.8759,1.1114,1.1129
336.1563,6.8960,1.8632,1.1097,1.1129
336.2063,6.8477,1.8502,1.1097,1.1136
336.2563,6.7995,1.8370,1.1097,1.1136
336.3063,6.7513,1.8235,1.1097,1.1129
336.3563,6.7032,1.8099,1.1131,1.1129
336.4063,6.6551,1.7961,1.1134,1.1129
336.4563,6.6071,1.7822,1.1137,1.1123
336.5063,6.5590,1.7686,1.1137,1.1123
336.5563,6.5108,1.7551,1.1137,1.1123
336.6063,6.4626,1.7419,1.1136,1.1130
336.6563,6.4144,1.7287,1.1136,1.1130
336.7063,6.3662,1.7154,1.1136,1.1130
336.7563,6.3180,1.7020,1.1136,1.1130
336.8063,6.2699,1.6885,1.1136,1.1113
336.8563,6.2217,1.6751,1.1136,1.1113
336.9063,6.1735,1.6618,1.1136,1.1112
336.9563,6.1252,1.6487,1.1136,1.1112
337.0063,6.0769,1.6357,1.1136,1.1112
337.0563,6.0286,1.6229,1.1134,1.1121
337.1064,5.9803,1.6102,1.1132,1.1121
337.1564,5.9319,1.5975,1.1132,1.1128
337.2064,5.8835,1.5848,1.1132,1.1130
337.2564,5.8352,1.5722,1.1130,1.1130
337.3064,5.7868,1.5594,1.1130,1.1143
337.3564,5.7385,1.5466,1.1132,1.1151
337.4064,5.6902,1.5335,1.1132,1.1151
337.4564,5.6420,1.5205,1.1132,1.1151
337.5064,5.5937,1.5073,1.1136,1.1151
337.5564,5.5455,1.4942,1.1140,1.1184
337.6064,5.4972,1.4810,1.1140,1.1208
337.6564,5.4491,1.4676,1.1170,1.1209
337.7064,5.4010,1.4540,1.1180,1.1213
337.7564,5.3529,1.4401,1.1185,1.1217
337.8064,5.3049,1.4260,1.1195,1.1217
337.8564,5.2570,1.4118,1.1195,1.1217
337.9064,5.2091,1.3976,1.1195,1.1188
337.9564,5.1611,1.3836,1.1195,1.1188
338.0064,5.1129,1.3700,1.1195,1.1185
338.0564,5.0647,1.3568,1.1195,1.1181
338.1064,5.0164,1.3440,1.1195,1.1162
338.1564,4.9680,1.3314,1.1189,1.1162
338.2064,4.9195,1.3191,1.1140,1.1129
338.2564,4.8711,1.3068,1.1140,1.1124
338.3064,4.8226,1.2944,1.1140,1.1124
338.3564,4.7742,1.2818,1.1134,1.1124
338.4064,4.7259,1.2690,1.1134,1.1116
338.4564,4.6776,1.2560,1.1134,1.1116
338.5064,4.6293,1.2430,1.1098,1.1108
338.5564,4.5810,1.2301,1.1098,1.1104
338.6064,4.5326,1.2176,1.1098,1.1104
338.6564,4.4841,1.2054,1.1109,1.1108
338.7064,4.4355,1.1936,1.1109,1.1108
338.7564,4.3869,1.1820,1.1109,1.1108
338.8064,4.3382,1.1706,1.1109,1.1127
338.8564,4.2896,1.1590,1.1119,1.1127
338.9064,4.2410,1.1472,1.1119,1.1137
338.9564,4.1925,1.1350,1.1109,1.1137
339.0064,4.1441,1.1224,1.1119,1.1138
339.0564,4.0958,1.1093,1.1119,1.1138
339.1064,4.0477,1.0959,1.1119,1.1139
339.1564,3.9996,1.0821,1.1133,1.1139
339.2064,3.9516,1.0681,1.1145,1.1139
339.2564,3.9037,1.0538,1.1145,1.1139
339.3064,3.8559,1.0393,1.1145,1.1138
339.3564,3.8080,1.0247,1.1145,1.1133
339.4064,3.7602,1.0100,1.1165,1.1133
339.4564,3.7123,0.9956,1.1171,1.1133
339.5064,3.6643,0.9816,1.1171,1.1133
339.5564,3.6162,0.9681,1.1171,1.1133
339.6064,3.5680,0.9550,1.1171,1.1133
339.6564,3.5196,0.9424,1.1171,1.1133
339.7064,3.4711,0.9303,1.1158,1.1133
339.7564,3.4225,0.9184,1.1136,1.1143
339.8064,3.3739,0.9067,1.1136,1.1143
339.8564,3.3253,0.8949,1.1128,1.1149
339.9064,3.2767,0.8830,1.1136,1.1149
339.9564,3.2282,0.8709,1.1153,1.1150
340.0064,3.1797,0.8587,1.1153,1.1150
340.0564,3.1312,0.8464,1.1150,1.1150
340.1064,3.0828,0.8340,1.1150,1.1150
340.1564,3.0344,0.8214,1.1138,1.1150
340.2064,2.9861,0.8087,1.1138,1.1150
340.2564,2.9378,0.7958,1.1138,1.1150
340.3064,2.8895,0.7827,1.1147,1.1150
340.3564,2.8413,0.7695,1.1159,1.1152
340.4064,2.7931,0.7563,1.1169,1.1155
340.4564,2.7449,0.7429,1.1171,1.1155
340.5064,2.6968,0.7292,1.1171,1.1180
340.5564,2.6488,0.7151,1.1171,1.1180
340.6064,2.6009,0.7007,1.1169,1.1180
340.6564,2.5532,0.6859,1.1166,1.1164
340.7064,2.5054,0.6711,1.1157,1.1159
340.7564,2.4576,0.6565,1.1152,1.1159
340.8064,2.4097,0.6421,1.1152,1.1159
340.8564,2.3618,0.6279,1.1144,1.1159
340.9064,2.3137,0.6140,1.1144,1.1159
340.9564,2.2656,0.6004,1.1147,1.1142
341.0064,2.2174,0.5872,1.1144,1.1134
341.0565,2.1691,0.5743,1.1141,1.1099
341.1065,2.1207,0.5618,1.1141,1.1099
341.1565,2.0721,0.5498,1.1141,1.1099
341.2065,2.0235,0.5381,1.1125,1.1099
341.2565,1.9748,0.5267,1.1124,1.1110
341.3065,1.9261,0.5154,1.1121,1.1125
341.3565,1.8774,0.5042,1.1121,1.1125
341.4065,1.8287,0.4928,1.1119,1.1125
341.4565,1.7800,0.4813,1.1112,1.1125
341.5065,1.7314,0.4696,1.1114,1.1125
341.5565,1.6829,0.4576,1.1114,1.1125
341.6065,1.6344,0.4455,1.1110,1.1125
341.6565,1.5860,0.4330,1.1110,1.1135
341.7065,1.5376,0.4203,1.1110,1.1146
341.7565,1.4894,0.4071,1.1110,1.1151
341.8065,1.4412,0.3936,1.1110,1.1158
341.8565,1.3932,0.3798,1.1117,1.1158
341.9065,1.3452,0.3657,1.1125,1.1151
341.9565,1.2973,0.3513,1.1125,1.1151
342.0065,1.2495,0.3367,1.1125,1.1135
342.0565,1.2016,0.3222,1.1164,1.1135
342.1065,1.1537,0.3079,1.1173,1.1135
342.1565,1.1057,0.2939,1.1173,1.1139
342.2065,1.0576,0.2802,1.1173,1.1139
342.2565,1.0095,0.2668,1.1173,1.1139
342.3065,0.9613,0.2534,1.1164,1.1139
342.3565,0.9131,0.2400,1.1164,1.1141
342.4065,0.8649,0.2268,1.1164,1.1136
342.4565,0.8167,0.2136,1.1164,1.1136
342.5065,0.7683,0.2007,1.1164,1.1136
342.5565,0.7200,0.1881,1.1182,1.1136
342.6065,0.6715,0.1757,1.1182,1.1136
342.6565,0.6230,0.1635,1.1182,1.1146
342.7065,0.5745,0.1516,1.1165,1.1146
342.7565,0.5259,0.1399,1.1165,1.1146
342.8065,0.4772,0.1283,1.1165,1.1146
342.8565,0.4286,0.1165,1.1137,1.1164
342.9065,0.3801,0.1045,1.1137,1.1164
342.9565,0.3316,0.0923,1.1129,1.1164
343.0065,0.2832,0.0799,1.1129,1.1165
343.0565,0.2347,0.0675,1.1129,1.1165
343.1065,0.1862,0.0553,1.1129,1.1165
343.1565,0.1377,0.0433,1.1129,1.1165
343.2065,0.0892,0.0312,1.1129,1.1165
343.2565,0.0407,0.0190,1.1129,1.1169
