s,x,y,heading,curvature,w_left,w_right
0.000000,-0.003237,0.005102,2.459924,0.036433,1.285698,1.293602
0.050000,-0.042089,0.036574,2.461481,0.025844,1.285926,1.293375
0.100000,-0.080981,0.067998,2.462382,0.010187,1.289749,1.292350
0.150000,-0.119887,0.099403,2.462444,-0.007728,1.291312,1.288089
0.200000,-0.158782,0.130823,2.461642,-0.024327,1.296309,1.286791
0.250000,-0.197640,0.162288,2.460122,-0.036461,1.297026,1.286074
0.300000,-0.236442,0.193822,2.458150,-0.042438,1.296910,1.286190
0.350000,-0.275179,0.225436,2.456026,-0.042506,1.296035,1.287063
0.400000,-0.313849,0.257132,2.453999,-0.038587,1.291492,1.289712
0.450000,-0.352459,0.288901,2.452199,-0.033407,1.290541,1.293162
0.500000,-0.391015,0.320736,2.450629,-0.029400,1.290255,1.295363
0.550000,-0.429523,0.352628,2.449198,-0.027836,1.301026,1.295473
0.600000,-0.467987,0.384574,2.447790,-0.028470,1.302002,1.294098
0.650000,-0.506405,0.416575,2.446332,-0.029874,1.302771,1.293329
0.700000,-0.544775,0.448633,2.444831,-0.030147,1.303107,1.292985
0.750000,-0.583098,0.480748,2.443384,-0.027730,1.298551,1.293142
0.800000,-0.621377,0.512915,2.442141,-0.021985,1.294083,1.293716
0.850000,-0.659621,0.545123,2.441259,-0.013279,1.293420,1.293781
0.900000,-0.697845,0.577356,2.440859,-0.002713,1.292931,1.294869
0.950000,-0.736064,0.609594,2.441002,0.008431,1.292595,1.295214
1.000000,-0.774297,0.641816,2.441692,0.019169,1.294850,1.297355
1.050000,-0.812560,0.674002,2.442899,0.029076,1.297158,1.297342
1.100000,-0.850870,0.706132,2.444581,0.038238,1.297239,1.297261
1.150000,-0.889241,0.738189,2.446711,0.046948,1.297296,1.297196
1.200000,-0.927688,0.770156,2.449267,0.055295,1.294705,1.296095
1.250000,-0.966222,0.802016,2.452221,0.062865,1.294370,1.296431
1.300000,-1.004856,0.833756,2.455509,0.068642,1.293146,1.298157
1.350000,-1.043597,0.865365,2.459005,0.071194,1.292767,1.300036
1.400000,-1.082450,0.896837,2.462513,0.069102,1.292497,1.301708
1.450000,-1.121410,0.928176,2.465776,0.061418,1.293556,1.303048
1.500000,-1.160464,0.959397,2.468514,0.048089,1.295703,1.302705
1.550000,-1.199592,0.990525,2.470469,0.030103,1.299903,1.301997
1.600000,-1.238766,1.021596,2.471455,0.009338,1.300817,1.301079
1.650000,-1.277955,1.052648,2.471392,-0.011876,1.301712,1.298762
1.700000,-1.317126,1.083724,2.470312,-0.031299,1.297638,1.292659
1.750000,-1.356248,1.114859,2.468347,-0.047280,1.296995,1.292303
1.800000,-1.395298,1.146085,2.465689,-0.059033,1.296384,1.292016
1.850000,-1.434257,1.177425,2.462549,-0.066562,1.296080,1.292618
1.900000,-1.473113,1.208894,2.459126,-0.070371,1.295282,1.292818
1.950000,-1.511858,1.240498,2.455590,-0.071028,1.295183,1.292920
2.000000,-1.550492,1.272238,2.452094,-0.068820,1.296533,1.292470
2.050000,-1.589016,1.304110,2.448781,-0.063702,1.298073,1.292022
2.100000,-1.627440,1.336104,2.445802,-0.055448,1.298193,1.290307
2.150000,-1.665776,1.368203,2.443314,-0.044037,1.298158,1.290133
2.200000,-1.704042,1.400386,2.441463,-0.030005,1.294675,1.290625
2.250000,-1.742260,1.432625,2.440349,-0.014553,1.293907,1.291393
2.300000,-1.780454,1.464893,2.440001,0.000596,1.291411,1.293990
2.350000,-1.818649,1.497160,2.440357,0.013664,1.290686,1.295014
2.400000,-1.856865,1.529402,2.441282,0.023324,1.290365,1.295357
2.450000,-1.895118,1.561600,2.442593,0.029091,1.295023,1.297578
2.500000,-1.933416,1.593744,2.444106,0.031422,1.295680,1.297120
2.550000,-1.971764,1.625829,2.445677,0.031417,1.296136,1.296663
2.600000,-2.010162,1.657854,2.447221,0.030342,1.296437,1.296263
2.650000,-2.048609,1.689820,2.448707,0.029087,1.296381,1.296319
2.700000,-2.087102,1.721730,2.450130,0.027834,1.295975,1.296525
2.750000,-2.125640,1.753587,2.451479,0.026112,1.295437,1.297064
2.800000,-2.164218,1.785394,2.452709,0.023114,1.295034,1.297665
2.850000,-2.202833,1.817157,2.453744,0.018270,1.294798,1.297702
2.900000,-2.241477,1.848886,2.454493,0.011683,1.295075,1.297425
2.950000,-2.280138,1.880592,2.454893,0.004317,1.295606,1.296895
3.000000,-2.318807,1.912289,2.454945,-0.002217,1.296802,1.296097
3.050000,-2.357473,1.943990,2.454733,-0.006263,1.297323,1.295472
3.100000,-2.396130,1.975702,2.454406,-0.006785,1.297567,1.293915
3.150000,-2.434777,2.007426,2.454139,-0.003914,1.294888,1.291596
3.200000,-2.473419,2.039156,2.454064,0.000933,1.289683,1.292317
3.250000,-2.512061,2.070885,2.454224,0.005455,1.288821,1.293192
3.300000,-2.550712,2.102605,2.454542,0.007257,1.288089,1.297311
3.350000,-2.589373,2.134312,2.454843,0.004746,1.288059,1.297343
3.400000,-2.628041,2.166011,2.454906,-0.002220,1.289182,1.296815
3.450000,-2.666704,2.197715,2.454546,-0.012195,1.291135,1.293958
3.500000,-2.705347,2.229443,2.453675,-0.022642,1.294259,1.289038
3.550000,-2.743956,2.261214,2.452338,-0.030808,1.295010,1.287690
3.600000,-2.782516,2.293043,2.450699,-0.034719,1.295196,1.287504
3.650000,-2.821023,2.324937,2.448985,-0.033854,1.294686,1.288014
3.700000,-2.859476,2.356896,2.447407,-0.029243,1.293838,1.288882
3.750000,-2.897883,2.388910,2.446100,-0.023030,1.292924,1.294895
3.800000,-2.936253,2.420968,2.445085,-0.017605,1.292362,1.299950
3.850000,-2.974594,2.453062,2.444277,-0.014709,1.295398,1.299915
3.900000,-3.012911,2.485184,2.443538,-0.014889,1.299190,1.299409
3.950000,-3.051203,2.517335,2.442732,-0.017335,1.299798,1.298690
4.000000,-3.089467,2.549520,2.441790,-0.020328,1.300308,1.295285
4.050000,-3.127698,2.581743,2.440736,-0.021833,1.300576,1.293215
4.100000,-3.165896,2.614007,2.439684,-0.020246,1.298458,1.293242
4.150000,-3.204061,2.646309,2.438807,-0.014810,1.298195,1.293507
4.200000,-3.242204,2.678637,2.438293,-0.005742,1.296991,1.295307
4.250000,-3.280338,2.710976,2.438299,0.005987,1.295863,1.295939
4.300000,-3.318482,2.743303,2.438925,0.019081,1.295855,1.296448
4.350000,-3.356657,2.775593,2.440211,0.032336,1.295583,1.297417
4.400000,-3.394884,2.807822,2.442142,0.044916,1.295512,1.297488
4.450000,-3.433183,2.839965,2.444675,0.056377,1.295469,1.297529
4.500000,-3.471572,2.872001,2.447747,0.066503,1.295363,1.297130
4.550000,-3.510067,2.903909,2.451285,0.075000,1.295222,1.295768
4.600000,-3.548681,2.935673,2.455192,0.081274,1.292878,1.296022
4.650000,-3.587423,2.967282,2.459333,0.084363,1.292501,1.296410
4.700000,-3.626297,2.998727,2.463520,0.083089,1.292273,1.298827
4.750000,-3.665299,3.030013,2.467509,0.076430,1.292124,1.298982
4.800000,-3.704419,3.061152,2.471018,0.063919,1.292645,1.299655
4.850000,-3.743638,3.092167,2.473767,0.045994,1.293078,1.299230
4.900000,-3.782926,3.123093,2.475519,0.024082,1.295658,1.298323
4.950000,-3.822251,3.153972,2.476130,0.000389,1.296626,1.293550
5.000000,-3.861577,3.184850,2.475577,-0.022521,1.297649,1.287948
5.050000,-3.900869,3.215772,2.473956,-0.042302,1.297603,1.287288
5.100000,-3.940097,3.246775,2.471465,-0.057285,1.296201,1.287086
5.150000,-3.979237,3.277888,2.468364,-0.066733,1.293818,1.287186
5.200000,-4.018274,3.309131,2.464925,-0.070803,1.293331,1.288371
5.250000,-4.057202,3.340509,2.461397,-0.070290,1.293155,1.288953
5.300000,-4.096021,3.372023,2.457983,-0.066279,1.292952,1.290568
5.350000,-4.134735,3.403665,2.454830,-0.059829,1.295473,1.291441
5.400000,-4.173355,3.435422,2.452038,-0.051826,1.297712,1.291493
5.450000,-4.211892,3.467279,2.449669,-0.042959,1.297513,1.292587
5.500000,-4.250361,3.499219,2.447749,-0.033813,1.297280,1.292826
5.550000,-4.288776,3.531223,2.446281,-0.024911,1.296915,1.294090
5.600000,-4.327151,3.563276,2.445240,-0.016760,1.296625,1.295198
5.650000,-4.365499,3.595361,2.444577,-0.009741,1.298431,1.297278
5.700000,-4.403831,3.627465,2.444233,-0.004028,1.298339,1.298765
5.750000,-4.442156,3.659577,2.444146,0.000527,1.298596,1.299205
5.800000,-4.480481,3.691688,2.444269,0.004389,1.298787,1.299213
5.850000,-4.518814,3.723791,2.444585,0.008283,1.298868,1.299229
5.900000,-4.557160,3.755878,2.445117,0.012995,1.298893,1.298703
5.950000,-4.595528,3.787940,2.445920,0.019128,1.298960,1.298031
6.000000,-4.633926,3.819964,2.447070,0.026857,1.298826,1.296661
6.050000,-4.672368,3.851936,2.448634,0.035724,1.296273,1.296927
6.100000,-4.710867,3.883840,2.450643,0.044634,1.295899,1.297298
6.150000,-4.749437,3.915658,2.453058,0.051957,1.291989,1.300611
6.200000,-4.788088,3.947377,2.455756,0.055937,1.291536,1.301064
6.250000,-4.826826,3.978989,2.458532,0.055057,1.291243,1.301350
6.300000,-4.865650,4.010496,2.461122,0.048507,1.291377,1.299922
6.350000,-4.904549,4.041911,2.463246,0.036409,1.291892,1.299184
6.400000,-4.943504,4.073256,2.464652,0.019820,1.292735,1.294223
6.450000,-4.982489,4.104564,2.465161,0.000537,1.293224,1.286667
6.500000,-5.021475,4.135870,2.464692,-0.019289,1.292628,1.285756
6.550000,-5.060431,4.167214,2.463271,-0.037519,1.290364,1.285336
6.600000,-5.099329,4.198630,2.461024,-0.052313,1.290657,1.285045
6.650000,-5.138146,4.230145,2.458158,-0.062309,1.290942,1.285162
6.700000,-5.176866,4.261780,2.454932,-0.066695,1.291615,1.285085
6.750000,-5.215482,4.293542,2.451633,-0.065243,1.291661,1.285050
6.800000,-5.253995,4.325428,2.448542,-0.058346,1.293252,1.285249
6.850000,-5.292416,4.357425,2.445907,-0.047043,1.292952,1.285748
6.900000,-5.330763,4.389511,2.443907,-0.032960,1.292404,1.286295
6.950000,-5.369057,4.421660,2.442630,-0.018136,1.290707,1.287807
7.000000,-5.407322,4.453844,2.442059,-0.004704,1.289329,1.291274
7.050000,-5.445578,4.486039,2.442081,0.005547,1.286780,1.294225
7.100000,-5.483842,4.518224,2.442510,0.011574,1.286578,1.295222
7.150000,-5.522123,4.550388,2.443133,0.013346,1.286808,1.295037
7.200000,-5.560425,4.582527,2.443763,0.011820,1.291432,1.297390
7.250000,-5.598746,4.614645,2.444275,0.008681,1.295302,1.296904
7.300000,-5.637080,4.646746,2.444637,0.005827,1.296532,1.296564
7.350000,-5.675425,4.678835,2.444904,0.004857,1.296629,1.295766
7.400000,-5.713778,4.710914,2.445192,0.006662,1.295606,1.295894
7.450000,-5.752142,4.742979,2.445638,0.011223,1.295251,1.296244
7.500000,-5.790525,4.775022,2.446362,0.017738,1.293965,1.296646
7.550000,-5.828936,4.807031,2.447428,0.024897,1.293543,1.298859
7.600000,-5.867387,4.838992,2.448834,0.031310,1.293264,1.299436
7.650000,-5.905888,4.870893,2.450513,0.035843,1.293126,1.299574
7.700000,-5.944445,4.902727,2.452356,0.037853,1.293199,1.299486
7.750000,-5.983061,4.934488,2.454233,0.037215,1.296259,1.294041
7.800000,-6.021736,4.966178,2.456019,0.034214,1.296486,1.293788
7.850000,-6.060465,4.997802,2.457607,0.029295,1.296654,1.289397
7.900000,-6.099239,5.029370,2.458912,0.022919,1.290949,1.287241
7.950000,-6.138050,5.060894,2.459870,0.015394,1.289433,1.287165
8.000000,-6.176884,5.092388,2.460428,0.006916,1.289149,1.287074
8.050000,-6.215729,5.123870,2.460542,-0.002355,1.289148,1.290866
8.100000,-6.254570,5.155355,2.460180,-0.012139,1.289393,1.293007
8.150000,-6.293392,5.186865,2.459328,-0.021942,1.289668,1.292732
8.200000,-6.332180,5.218417,2.458003,-0.031040,1.290098,1.292373
8.250000,-6.370919,5.250028,2.456262,-0.038594,1.290711,1.286998
8.300000,-6.409597,5.281714,2.454201,-0.043812,1.292521,1.286779
8.350000,-6.448207,5.313483,2.451951,-0.046172,1.292566,1.286744
8.400000,-6.486744,5.345340,2.449658,-0.045525,1.292427,1.288568
8.450000,-6.525210,5.377284,2.447466,-0.042149,1.291459,1.288736
8.500000,-6.563608,5.409309,2.445497,-0.036617,1.289606,1.289794
8.550000,-6.601948,5.441403,2.443840,-0.029642,1.289294,1.290106
8.600000,-6.640241,5.473554,2.442553,-0.021839,1.289051,1.290356
8.650000,-6.678498,5.505746,2.441667,-0.013611,1.290110,1.290394
8.700000,-6.716734,5.537965,2.441200,-0.005081,1.291615,1.289685
8.750000,-6.754962,5.570193,2.441167,0.003787,1.291542,1.289758
8.800000,-6.793196,5.602413,2.441588,0.013031,1.291386,1.289905
8.850000,-6.831451,5.634609,2.442476,0.022488,1.289674,1.290020
8.900000,-6.869742,5.666761,2.443829,0.031654,1.288363,1.290133
8.950000,-6.908084,5.698854,2.445614,0.039716,1.287276,1.290527
9.000000,-6.946488,5.730871,2.447749,0.045681,1.286865,1.291537
9.050000,-6.984965,5.762800,2.450108,0.048658,1.286686,1.292124
9.100000,-7.023519,5.794638,2.452528,0.048113,1.286628,1.293993
9.150000,-7.062148,5.826383,2.454833,0.044084,1.290623,1.293711
9.200000,-7.100846,5.858045,2.456865,0.037185,1.294037,1.296363
9.250000,-7.139603,5.889635,2.458507,0.028486,1.294556,1.295844
9.300000,-7.178405,5.921169,2.459700,0.019231,1.294863,1.295537
9.350000,-7.217237,5.952667,2.460444,0.010529,1.295122,1.295283
9.400000,-7.256085,5.984143,2.460785,0.003118,1.295213,1.296088
9.450000,-7.294940,6.015613,2.460794,-0.002734,1.295295,1.296206
9.500000,-7.333790,6.047088,2.460546,-0.007177,1.295172,1.296633
9.550000,-7.372629,6.078576,2.460102,-0.010602,1.296039,1.296667
9.600000,-7.411452,6.110085,2.459501,-0.013406,1.296927,1.296674
9.650000,-7.450253,6.141620,2.458770,-0.015827,1.297068,1.296647
9.700000,-7.489030,6.173185,2.457928,-0.017856,1.299958,1.296439
9.750000,-7.527779,6.204785,2.456999,-0.019332,1.300131,1.295747
9.800000,-7.566497,6.236422,2.456013,-0.020080,1.300271,1.291700
9.850000,-7.605184,6.268097,2.455008,-0.020121,1.297461,1.289524
9.900000,-7.643838,6.299812,2.454011,-0.019747,1.294748,1.289639
9.950000,-7.682462,6.331564,2.453030,-0.019506,1.289941,1.292159
10.000000,-7.721054,6.363354,2.452043,-0.019979,1.289797,1.292305
10.050000,-7.759615,6.395184,2.451005,-0.021538,1.289705,1.292795
10.100000,-7.798141,6.427055,2.449865,-0.024059,1.289826,1.292690
10.150000,-7.836628,6.458972,2.448592,-0.026889,1.293312,1.291979
10.200000,-7.875072,6.490941,2.447195,-0.028948,1.293758,1.289835
10.250000,-7.913471,6.522965,2.445744,-0.029101,1.294057,1.288143
10.300000,-7.951824,6.555044,2.444352,-0.026539,1.294210,1.287990
10.350000,-7.990135,6.587173,2.443161,-0.021106,1.293937,1.288278
10.400000,-8.028413,6.619342,2.442300,-0.013340,1.292667,1.292342
10.450000,-8.066669,6.651535,2.441859,-0.004271,1.291986,1.294536
10.500000,-8.104919,6.683737,2.441878,0.005003,1.291463,1.298941
10.550000,-8.143177,6.715929,2.442346,0.013714,1.292070,1.299059
10.600000,-8.181456,6.748096,2.443229,0.021627,1.297447,1.298838
10.650000,-8.219770,6.780221,2.444494,0.028949,1.297803,1.295893
10.700000,-8.258131,6.812291,2.446117,0.035962,1.297957,1.294934
10.750000,-8.296549,6.844292,2.448081,0.042598,1.297711,1.293473
10.800000,-8.335035,6.876211,2.450350,0.048153,1.294240,1.293948
10.850000,-8.373597,6.908038,2.452838,0.051370,1.291438,1.294551
10.900000,-8.412239,6.939768,2.455394,0.050832,1.287357,1.296749
10.950000,-8.450961,6.971400,2.457805,0.045567,1.287231,1.297869
11.000000,-8.489754,7.002946,2.459834,0.035602,1.287656,1.297481
11.050000,-8.528601,7.034424,2.461279,0.022169,1.295307,1.296606
11.100000,-8.567484,7.065859,2.462020,0.007473,1.298531,1.295563
11.150000,-8.606378,7.097279,2.462058,-0.005909,1.299329,1.293761
11.200000,-8.645264,7.128710,2.461514,-0.015847,1.299762,1.291609
11.250000,-8.684126,7.160169,2.460585,-0.021293,1.296399,1.289793
11.300000,-8.722956,7.191669,2.459487,-0.022587,1.294357,1.290312
11.350000,-8.761751,7.223212,2.458392,-0.021233,1.288384,1.290933
11.400000,-8.800513,7.254796,2.457378,-0.019315,1.287835,1.294565
11.450000,-8.839243,7.286418,2.456428,-0.018701,1.287630,1.294784
11.500000,-8.877944,7.318077,2.455451,-0.020383,1.290234,1.294656
11.550000,-8.916612,7.349775,2.454338,-0.024175,1.292146,1.291054
11.600000,-8.955241,7.381521,2.453012,-0.028825,1.292802,1.290394
11.650000,-8.993824,7.413322,2.451477,-0.032564,1.293359,1.289112
11.700000,-9.032357,7.445185,2.449818,-0.033770,1.291038,1.286660
11.750000,-9.070836,7.477112,2.448184,-0.031595,1.290530,1.286770
11.800000,-9.109266,7.509099,2.446737,-0.026255,1.290001,1.287306
11.850000,-9.147654,7.541136,2.445608,-0.018931,1.289396,1.289111
11.900000,-9.186012,7.573208,2.444851,-0.011335,1.288840,1.290763
11.950000,-9.224351,7.605303,2.444441,-0.005077,1.288494,1.291554
12.000000,-9.262682,7.637409,2.444286,-0.001145,1.294840,1.292962
12.050000,-9.301010,7.669517,2.444268,0.000411,1.295112,1.293088
12.100000,-9.339339,7.701625,2.444288,0.000402,1.295596,1.292614
12.150000,-9.377668,7.733733,2.444302,0.000146,1.297617,1.292270
12.200000,-9.415997,7.765839,2.444330,0.000988,1.295519,1.292081
12.250000,-9.454329,7.797944,2.444449,0.003800,1.295350,1.292243
12.300000,-9.492667,7.830040,2.444764,0.008793,1.293165,1.293138
12.350000,-9.531020,7.862119,2.445371,0.015491,1.291166,1.295734
12.400000,-9.569398,7.894168,2.446334,0.023028,1.290720,1.296184
12.450000,-9.607813,7.926172,2.447671,0.030451,1.290593,1.297126
12.500000,-9.646276,7.958119,2.449358,0.037030,1.293894,1.297206
12.550000,-9.684798,7.989995,2.451342,0.042335,1.293925,1.297170
12.600000,-9.723387,8.021789,2.453556,0.046181,1.293994,1.296295
12.650000,-9.762049,8.053495,2.455920,0.048381,1.292023,1.296249
12.700000,-9.800787,8.085108,2.458344,0.048568,1.289920,1.293178
12.750000,-9.839601,8.116627,2.460711,0.046104,1.289708,1.292991
12.800000,-9.878487,8.148058,2.462870,0.040219,1.289425,1.293175
12.850000,-9.917435,8.179412,2.464635,0.030356,1.289361,1.293239
12.900000,-9.956429,8.210708,2.465807,0.016537,1.289583,1.293017
12.950000,-9.995448,8.241973,2.466213,-0.000302,1.290185,1.292416
13.000000,-10.034467,8.273239,2.465748,-0.018305,1.291029,1.291661
13.050000,-10.073457,8.304540,2.464416,-0.034974,1.292133,1.288749
13.100000,-10.112394,8.335908,2.462346,-0.047759,1.292864,1.285036
13.150000,-10.151256,8.367367,2.459782,-0.054763,1.293288,1.284612
13.200000,-10.190035,8.398930,2.457030,-0.055284,1.293126,1.284778
13.250000,-10.228727,8.430599,2.454396,-0.050067,1.292143,1.286357
13.300000,-10.267341,8.462363,2.452118,-0.041048,1.291248,1.287263
13.350000,-10.305890,8.494206,2.450322,-0.030792,1.290471,1.289751
13.400000,-10.344390,8.526108,2.449010,-0.021723,1.290077,1.293527
13.450000,-10.382854,8.558054,2.448080,-0.015492,1.290297,1.293941
13.500000,-10.421293,8.590030,2.447377,-0.012640,1.296551,1.293549
13.550000,-10.459711,8.622031,2.446744,-0.012686,1.297027,1.293073
13.600000,-10.498108,8.654057,2.446065,-0.014489,1.297405,1.292595
13.650000,-10.536481,8.686111,2.445284,-0.016744,1.297456,1.292532
13.700000,-10.574828,8.718197,2.444406,-0.018365,1.296423,1.291762
13.750000,-10.613146,8.750318,2.443480,-0.018655,1.292967,1.292936
13.800000,-10.651434,8.782474,2.442583,-0.017224,1.292800,1.293503
13.850000,-10.689695,8.814663,2.441806,-0.013830,1.292831,1.294083
13.900000,-10.727934,8.846877,2.441254,-0.008232,1.295167,1.294034
13.950000,-10.766161,8.879106,2.441042,-0.000241,1.295312,1.294088
14.000000,-10.804388,8.911335,2.441288,0.010107,1.295238,1.294162
14.050000,-10.842632,8.943544,2.442098,0.022270,1.294934,1.294458
14.100000,-10.880911,8.975710,2.443531,0.035067,1.294321,1.293779
14.150000,-10.919247,9.007809,2.445576,0.046702,1.293553,1.294505
14.200000,-10.957657,9.039820,2.448122,0.055107,1.286459,1.295143
14.250000,-10.996153,9.071727,2.450961,0.058411,1.286111,1.295889
14.300000,-11.034741,9.103522,2.453810,0.055509,1.286134,1.295880
14.350000,-11.073416,9.135213,2.456359,0.046401,1.288766,1.295370
14.400000,-11.112162,9.166815,2.458327,0.032320,1.294713,1.294693
14.450000,-11.150959,9.198356,2.459522,0.015469,1.296359,1.293941
14.500000,-11.189780,9.229866,2.459872,-0.001467,1.297057,1.293221
14.550000,-11.228600,9.261379,2.459436,-0.015937,1.297686,1.289289
14.600000,-11.267395,9.292921,2.458384,-0.026103,1.297154,1.286231
14.650000,-11.306151,9.324512,2.456952,-0.031163,1.294806,1.286275
14.700000,-11.344859,9.356162,2.455387,-0.031402,1.291598,1.286647
14.750000,-11.383517,9.387872,2.453903,-0.027924,1.290991,1.293909
14.800000,-11.422132,9.419635,2.452650,-0.022192,1.290542,1.294367
14.850000,-11.460712,9.451440,2.451705,-0.015603,1.291816,1.294490
14.900000,-11.499268,9.483276,2.451087,-0.009152,1.292866,1.294434
14.950000,-11.537808,9.515129,2.450773,-0.003395,1.293028,1.294250
15.000000,-11.576343,9.546989,2.450724,0.001413,1.294109,1.290091
15.050000,-11.614880,9.578847,2.450886,0.005078,1.294034,1.290149
15.100000,-11.653424,9.610695,2.451196,0.007311,1.291285,1.290499
15.150000,-11.691980,9.642530,2.451573,0.007743,1.288599,1.290817
15.200000,-11.730547,9.674351,2.451920,0.006134,1.288357,1.293350
15.250000,-11.769124,9.706161,2.452140,0.002636,1.288537,1.294079
15.300000,-11.807704,9.737965,2.452155,-0.002025,1.291330,1.293703
15.350000,-11.846282,9.769774,2.451939,-0.006612,1.296733,1.293177
15.400000,-11.884849,9.801595,2.451531,-0.009660,1.299574,1.291825
15.450000,-11.923401,9.833433,2.451040,-0.009970,1.299773,1.291512
15.500000,-11.961939,9.865290,2.450614,-0.007038,1.299700,1.289287
15.550000,-12.000466,9.897160,2.450406,-0.001310,1.297218,1.289766
15.600000,-12.038991,9.929031,2.450520,0.005900,1.291739,1.292630
15.650000,-12.077526,9.960892,2.450988,0.012793,1.286220,1.293285
15.700000,-12.116081,9.992728,2.451750,0.017662,1.285858,1.294542
15.750000,-12.154662,10.024531,2.452677,0.019417,1.285878,1.294527
15.800000,-12.193274,10.056298,2.453611,0.017927,1.286866,1.294276
15.850000,-12.231914,10.088031,2.454409,0.013980,1.293824,1.293776
15.900000,-12.270575,10.119737,2.454983,0.008955,1.294352,1.293227
15.950000,-12.309251,10.151426,2.455313,0.004266,1.294711,1.289584
16.000000,-12.347934,10.183106,2.455441,0.000880,1.294149,1.289451
16.050000,-12.386619,10.214784,2.455438,-0.001015,1.293858,1.289757
16.100000,-12.425302,10.246463,2.455364,-0.001941,1.293233,1.292768
16.150000,-12.463983,10.278147,2.455245,-0.002817,1.292952,1.293253
16.200000,-12.502658,10.309836,2.455064,-0.004438,1.292744,1.294162
16.250000,-12.541327,10.341534,2.454777,-0.007027,1.293130,1.294782
16.300000,-12.579984,10.373245,2.454350,-0.010047,1.295489,1.294323
16.350000,-12.618625,10.404976,2.453790,-0.012345,1.297936,1.293758
16.400000,-12.657247,10.436730,2.453166,-0.012611,1.298243,1.292354
16.450000,-12.695850,10.468508,2.452601,-0.009952,1.298338,1.291838
16.500000,-12.734438,10.500304,2.452243,-0.004353,1.294082,1.292120
16.550000,-12.773020,10.532107,2.452213,0.003148,1.293236,1.293144
16.600000,-12.811606,10.563905,2.452560,0.010712,1.289183,1.293917
16.650000,-12.850209,10.595682,2.453234,0.016236,1.288603,1.294500
16.700000,-12.888837,10.627429,2.454092,0.018037,1.288407,1.295193
16.750000,-12.927493,10.659143,2.454928,0.015387,1.288686,1.294934
16.800000,-12.966171,10.690828,2.455531,0.008725,1.292534,1.294368
16.850000,-13.004863,10.722498,2.455736,-0.000518,1.293431,1.293653
16.900000,-13.043554,10.754168,2.455463,-0.010425,1.294052,1.290347
16.950000,-13.082228,10.785858,2.454722,-0.019200,1.294318,1.289982
17.000000,-13.120873,10.817585,2.453600,-0.025652,1.294371,1.289929
17.050000,-13.159478,10.849361,2.452223,-0.029394,1.294067,1.290233
17.100000,-13.198037,10.881192,2.450721,-0.030698,1.293698,1.290613
17.150000,-13.236547,10.913082,2.449200,-0.030110,1.293976,1.292165
17.200000,-13.275009,10.945029,2.447747,-0.028032,1.295974,1.296739
17.250000,-13.313428,10.977030,2.446434,-0.024471,1.298155,1.296548
17.300000,-13.351807,11.009077,2.445346,-0.019030,1.298427,1.296779
17.350000,-13.390157,11.041160,2.444589,-0.011246,1.299479,1.296621
17.400000,-13.428489,11.073263,2.444283,-0.000975,1.299312,1.296785
17.450000,-13.466820,11.105368,2.444539,0.011222,1.297879,1.297699
17.500000,-13.505169,11.137452,2.445419,0.023982,1.293716,1.298489
17.550000,-13.543556,11.169489,2.446902,0.035322,1.292975,1.300028
17.600000,-13.581999,11.201460,2.448864,0.043125,1.292498,1.300908
17.650000,-13.620510,11.233350,2.451087,0.045726,1.293245,1.301061
17.700000,-13.659091,11.265153,2.453291,0.042427,1.294333,1.300967
17.750000,-13.697739,11.296876,2.455197,0.033786,1.294809,1.300491
17.800000,-13.736439,11.328535,2.456580,0.021516,1.295495,1.299803
17.850000,-13.775173,11.360153,2.457320,0.008095,1.296190,1.298686
17.900000,-13.813921,11.391754,2.457424,-0.003903,1.296739,1.294336
17.950000,-13.852663,11.423362,2.457015,-0.012438,1.296840,1.290360
18.000000,-13.891386,11.454993,2.456290,-0.016546,1.296821,1.290354
18.050000,-13.930084,11.486654,2.455464,-0.016468,1.292557,1.290743
18.100000,-13.968757,11.518347,2.454716,-0.013452,1.291877,1.291446
18.150000,-14.007409,11.550065,2.454149,-0.009220,1.293235,1.293652
18.200000,-14.046046,11.581800,2.453785,-0.005345,1.291071,1.293930
18.250000,-14.084675,11.613547,2.453583,-0.002752,1.293119,1.292071
18.300000,-14.123299,11.645299,2.453476,-0.001534,1.293490,1.290110
18.350000,-14.161920,11.677055,2.453410,-0.001106,1.293928,1.289660
18.400000,-14.200539,11.708812,2.453366,-0.000629,1.292275,1.289425
18.450000,-14.239157,11.740571,2.453364,0.000534,1.292167,1.289533
18.500000,-14.277777,11.772328,2.453440,0.002509,1.291902,1.289812
18.550000,-14.316401,11.804081,2.453625,0.004884,1.291429,1.292492
18.600000,-14.355032,11.835824,2.453921,0.006947,1.291114,1.296122
18.650000,-14.393674,11.867554,2.454296,0.008053,1.295707,1.297294
18.700000,-14.432329,11.899269,2.454695,0.007919,1.296065,1.297035
18.750000,-14.470995,11.930968,2.455062,0.006768,1.296405,1.296795
18.800000,-14.509673,11.962655,2.455360,0.005149,1.296766,1.296420
18.850000,-14.548358,11.994332,2.455581,0.003666,1.296897,1.294103
18.900000,-14.587050,12.026002,2.455738,0.002624,1.296778,1.294122
18.950000,-14.625746,12.057666,2.455849,0.001820,1.296600,1.294308
19.000000,-14.664444,12.089327,2.455910,0.000593,1.294479,1.297821
19.050000,-14.703143,12.120988,2.455877,-0.001928,1.294232,1.298072
19.100000,-14.741839,12.152652,2.455669,-0.006371,1.294151,1.298755
19.150000,-14.780524,12.184330,2.455191,-0.012755,1.295286,1.298621
19.200000,-14.819189,12.216032,2.454366,-0.020249,1.296664,1.298236
19.250000,-14.857821,12.247774,2.453177,-0.027313,1.297309,1.297565
19.300000,-14.896411,12.279568,2.451691,-0.032111,1.296949,1.293714
19.350000,-14.934950,12.311422,2.450059,-0.033110,1.296299,1.288386
19.400000,-14.973438,12.343339,2.448489,-0.029691,1.293850,1.288446
19.450000,-15.011880,12.375311,2.447186,-0.022404,1.292641,1.289074
19.500000,-15.050286,12.407326,2.446304,-0.012896,1.291790,1.292349
19.550000,-15.088672,12.439366,2.445897,-0.003376,1.290910,1.299690
19.600000,-15.127051,12.471413,2.445915,0.004068,1.290482,1.300137
19.650000,-15.165437,12.503453,2.446221,0.008159,1.293606,1.300057
19.700000,-15.203834,12.535478,2.446643,0.008717,1.294051,1.293449
19.750000,-15.242245,12.567488,2.447026,0.006579,1.294683,1.292782
19.800000,-15.280666,12.599485,2.447268,0.003120,1.293823,1.287763
19.850000,-15.319092,12.631477,2.447338,-0.000338,1.291729,1.287571
19.900000,-15.357517,12.663469,2.447254,-0.002994,1.291469,1.287813
19.950000,-15.395938,12.695466,2.447062,-0.004680,1.288049,1.288286
20.000000,-15.434352,12.727472,2.446804,-0.005665,1.287612,1.294288
20.050000,-15.472757,12.759489,2.446506,-0.006260,1.287568,1.294340
20.100000,-15.511152,12.791518,2.446187,-0.006475,1.289196,1.294032
20.150000,-15.549536,12.823558,2.445877,-0.005922,1.294032,1.293537
20.200000,-15.587912,12.855610,2.445629,-0.003989,1.294506,1.288094
20.250000,-15.626281,12.887669,2.445524,-0.000216,1.294408,1.288172
20.300000,-15.664651,12.919728,2.445652,0.005363,1.290892,1.288611
20.350000,-15.703030,12.951776,2.446089,0.012111,1.290284,1.289698
20.400000,-15.741428,12.983801,2.446864,0.018896,1.286725,1.290275
20.450000,-15.779856,13.015790,2.447949,0.024489,1.286419,1.290581
20.500000,-15.818322,13.047732,2.449260,0.027930,1.286417,1.290602
20.550000,-15.856833,13.079622,2.450679,0.028828,1.289721,1.290398
20.600000,-15.895389,13.111456,2.452085,0.027397,1.293062,1.290138
20.650000,-15.933988,13.143239,2.453378,0.024284,1.293344,1.289856
20.700000,-15.972625,13.174975,2.454492,0.020293,1.293552,1.289648
20.750000,-16.011294,13.206671,2.455401,0.016060,1.293540,1.289531
20.800000,-16.049989,13.238337,2.456101,0.011935,1.288582,1.289518
20.850000,-16.088703,13.269979,2.456597,0.007907,1.288529,1.289571
20.900000,-16.127429,13.301607,2.456889,0.003779,1.288598,1.289609
20.950000,-16.166161,13.333226,2.456966,-0.000703,1.288761,1.290670
21.000000,-16.204892,13.364848,2.456808,-0.005631,1.293794,1.291206
21.050000,-16.243614,13.396480,2.456396,-0.010831,1.293946,1.291051
21.100000,-16.282319,13.428134,2.455729,-0.015856,1.294224,1.290269
21.150000,-16.320999,13.459818,2.454832,-0.020022,1.294368,1.288834
21.200000,-16.359647,13.491540,2.453765,-0.022615,1.295032,1.288568
21.250000,-16.398261,13.523305,2.452624,-0.023043,1.295137,1.288476
21.300000,-16.436838,13.555113,2.451520,-0.021082,1.295148,1.290860
21.350000,-16.475382,13.586962,2.450569,-0.016955,1.293240,1.294253
21.400000,-16.513900,13.618843,2.449861,-0.011352,1.291539,1.294561
21.450000,-16.552400,13.650745,2.449445,-0.005288,1.291182,1.294918
21.500000,-16.590891,13.682658,2.449317,0.000144,1.290784,1.295323
21.550000,-16.629382,13.714571,2.449422,0.004035,1.292117,1.295371
21.600000,-16.667879,13.746477,2.449670,0.005880,1.292124,1.292976
21.650000,-16.706384,13.778373,2.449959,0.005665,1.292327,1.292760
21.700000,-16.744899,13.810258,2.450196,0.003826,1.290955,1.291545
21.750000,-16.783419,13.842136,2.450319,0.001069,1.291203,1.291288
21.800000,-16.821940,13.874011,2.450300,-0.001815,1.290614,1.289992
21.850000,-16.860460,13.905891,2.450150,-0.004169,1.290659,1.291137
21.900000,-16.898972,13.937778,2.449907,-0.005531,1.289944,1.291156
21.950000,-16.937476,13.969675,2.449627,-0.005693,1.289866,1.291238
22.000000,-16.975972,14.001582,2.449368,-0.004654,1.290602,1.291429
22.050000,-17.014460,14.033499,2.449188,-0.002542,1.296751,1.291548
22.100000,-17.052944,14.065420,2.449134,0.000374,1.296777,1.291423
22.150000,-17.091430,14.097340,2.449237,0.003750,1.296717,1.291475
22.200000,-17.129921,14.129253,2.449508,0.007119,1.294884,1.291601
22.250000,-17.168423,14.161152,2.449935,0.009933,1.291457,1.291743
22.300000,-17.206941,14.193033,2.450474,0.011626,1.291290,1.291914
22.350000,-17.245477,14.224892,2.451058,0.011718,1.291159,1.292854
22.400000,-17.284031,14.256728,2.451601,0.010005,1.291169,1.295662
22.450000,-17.322601,14.288546,2.452017,0.006615,1.295035,1.298972
22.500000,-17.361180,14.320352,2.452235,0.002134,1.297068,1.298737
22.550000,-17.399764,14.352153,2.452225,-0.002531,1.298559,1.298444
22.600000,-17.438343,14.383960,2.452005,-0.006274,1.299415,1.298282
22.650000,-17.476913,14.415777,2.451646,-0.008093,1.299664,1.297318
22.700000,-17.515471,14.447610,2.451259,-0.007362,1.299708,1.293184
22.750000,-17.554017,14.479455,2.450974,-0.004039,1.297731,1.293257
22.800000,-17.592558,14.511308,2.450903,0.001220,1.294457,1.293538
22.850000,-17.631101,14.543159,2.451114,0.007204,1.292775,1.294031
22.900000,-17.669655,14.574995,2.451604,0.012387,1.292410,1.295899
22.950000,-17.708229,14.606809,2.452298,0.015354,1.292080,1.298320
23.000000,-17.746825,14.638594,2.453061,0.015175,1.292005,1.298392
23.050000,-17.785446,14.670350,2.453733,0.011686,1.291345,1.298134
23.100000,-17.824084,14.702085,2.454164,0.005554,1.291765,1.292608
23.150000,-17.862730,14.733810,2.454256,-0.001888,1.291020,1.286778
23.200000,-17.901374,14.765538,2.453984,-0.008992,1.290960,1.286439
23.250000,-17.940003,14.797283,2.453404,-0.014199,1.291156,1.286151
23.300000,-17.978611,14.829054,2.452638,-0.016415,1.290929,1.287973
23.350000,-18.017194,14.860856,2.451847,-0.015222,1.290800,1.288507
23.400000,-18.055754,14.892687,2.451193,-0.010914,1.290568,1.290438
23.450000,-18.094296,14.924537,2.450811,-0.004366,1.290425,1.292079
23.500000,-18.132832,14.956396,2.450782,0.003222,1.291148,1.292352
23.550000,-18.171373,14.988249,2.451128,0.010581,1.290805,1.292685
23.600000,-18.209931,15.020081,2.451809,0.016659,1.290716,1.290184
23.650000,-18.248514,15.051883,2.452745,0.020783,1.290587,1.290313
23.700000,-18.287130,15.083644,2.453833,0.022738,1.290548,1.290373
23.750000,-18.325782,15.115363,2.454971,0.022771,1.290471,1.295537
23.800000,-18.364469,15.147038,2.456076,0.021441,1.290608,1.297400
23.850000,-18.403190,15.178671,2.457099,0.019461,1.292632,1.297283
23.900000,-18.441942,15.210267,2.458022,0.017470,1.296507,1.297101
23.950000,-18.480721,15.241829,2.458855,0.015851,1.298582,1.297115
24.000000,-18.519526,15.273360,2.459617,0.014609,1.298526,1.296471
24.050000,-18.558354,15.304862,2.460316,0.013341,1.298369,1.295628
24.100000,-18.597202,15.336339,2.460933,0.011368,1.298015,1.295278
24.150000,-18.636068,15.367795,2.461415,0.007889,1.295889,1.295291
24.200000,-18.674946,15.399235,2.461669,0.002270,1.290355,1.295248
24.250000,-18.713826,15.430672,2.461583,-0.005708,1.290396,1.296004
24.300000,-18.752698,15.462121,2.461049,-0.015694,1.290602,1.295806
24.350000,-18.791544,15.493601,2.459989,-0.026699,1.293449,1.295351
24.400000,-18.830348,15.525132,2.458388,-0.037307,1.294132,1.294768
24.450000,-18.869094,15.556735,2.456307,-0.045948,1.294667,1.294230
24.500000,-18.907768,15.588426,2.453874,-0.051363,1.295034,1.293048
24.550000,-18.946362,15.620215,2.451266,-0.052916,1.295028,1.287572
24.600000,-18.984872,15.652105,2.448674,-0.050773,1.294552,1.287946
24.650000,-19.023302,15.684091,2.446259,-0.045801,1.293421,1.288484
24.700000,-19.061659,15.716165,2.444134,-0.039215,1.291846,1.291563
24.750000,-19.099954,15.748314,2.442350,-0.032136,1.291529,1.294371
24.800000,-19.138196,15.780524,2.440917,-0.025199,1.291576,1.294325
24.850000,-19.176398,15.812783,2.439828,-0.018367,1.292159,1.294141
24.900000,-19.214570,15.845077,2.439092,-0.011046,1.292248,1.294043
24.950000,-19.252725,15.877391,2.438755,-0.002412,1.292296,1.291510
25.000000,-19.290877,15.909709,2.438898,0.008128,1.294582,1.290910
25.050000,-19.329042,15.942011,2.439615,0.020567,1.291792,1.291308
25.100000,-19.367240,15.974274,2.440982,0.034097,1.291340,1.291760
25.150000,-19.405494,16.006471,2.443016,0.047234,1.290363,1.292549
25.200000,-19.443822,16.038579,2.445650,0.058130,1.289370,1.296823
25.250000,-19.482243,16.070576,2.448731,0.065087,1.286941,1.297259
25.300000,-19.520767,16.102450,2.452033,0.066994,1.286831,1.297369
25.350000,-19.559396,16.134196,2.455299,0.063623,1.287132,1.297053
25.400000,-19.598124,16.165821,2.458281,0.055609,1.287697,1.292603
25.450000,-19.636939,16.197339,2.460776,0.044195,1.288345,1.291957
25.500000,-19.675823,16.228772,2.462651,0.030797,1.289767,1.291224
25.550000,-19.714755,16.260145,2.463835,0.016584,1.287613,1.290984
25.600000,-19.753714,16.291486,2.464306,0.002255,1.287069,1.290927
25.650000,-19.792676,16.322822,2.464064,-0.011957,1.286033,1.291076
25.700000,-19.831619,16.354182,2.463114,-0.026035,1.287809,1.291591
25.750000,-19.870521,16.385592,2.461467,-0.039836,1.288119,1.291304
25.800000,-19.909361,16.417080,2.459151,-0.052797,1.294069,1.291237
25.850000,-19.948118,16.448669,2.456235,-0.063847,1.296479,1.290321
25.900000,-19.986775,16.480381,2.452848,-0.071580,1.297013,1.289788
25.950000,-20.025320,16.512229,2.449194,-0.074593,1.297226,1.289980
26.000000,-20.063747,16.544219,2.445529,-0.071982,1.297336,1.291161
26.050000,-20.102060,16.576346,2.442137,-0.063656,1.296168,1.291436
26.100000,-20.140272,16.608593,2.439282,-0.050514,1.295616,1.292782
26.150000,-20.178403,16.640935,2.437163,-0.034274,1.294349,1.293551
26.200000,-20.216479,16.673342,2.435880,-0.017054,1.293591,1.294311
26.250000,-20.254527,16.705782,2.435432,-0.000844,1.293384,1.295027
26.300000,-20.292573,16.738224,2.435737,0.013002,1.295420,1.295391
26.350000,-20.330639,16.770642,2.436662,0.023994,1.295533,1.297656
26.400000,-20.368744,16.803016,2.438073,0.032450,1.295792,1.295008
26.450000,-20.406900,16.835328,2.439863,0.039126,1.296110,1.294681
26.500000,-20.445120,16.867566,2.441960,0.044752,1.296015,1.292874
26.550000,-20.483411,16.899718,2.444319,0.049615,1.293511,1.293187
26.600000,-20.521781,16.931776,2.446897,0.053471,1.292701,1.293687
26.650000,-20.560237,16.963732,2.449627,0.055719,1.289710,1.294203
26.700000,-20.598781,16.995581,2.452415,0.055797,1.289504,1.296996
26.750000,-20.637413,17.027323,2.455149,0.053574,1.289660,1.296832
26.800000,-20.676130,17.058962,2.457726,0.049495,1.290243,1.294557
26.850000,-20.714925,17.090505,2.460074,0.044427,1.290843,1.293951
26.900000,-20.753789,17.121962,2.462165,0.039210,1.291267,1.292233
26.950000,-20.792715,17.153343,2.464001,0.034216,1.291272,1.292125
27.000000,-20.831695,17.184657,2.465582,0.029032,1.290434,1.292461
27.050000,-20.870720,17.215915,2.466873,0.022605,1.288870,1.292932
27.100000,-20.909779,17.247130,2.467780,0.013647,1.288488,1.293717
27.150000,-20.948859,17.278319,2.468155,0.001355,1.288641,1.294665
27.200000,-20.987940,17.309507,2.467838,-0.014052,1.290331,1.294083
27.250000,-21.026999,17.340722,2.466709,-0.031096,1.293996,1.293124
27.300000,-21.066009,17.371998,2.464750,-0.047265,1.298649,1.292151
27.350000,-21.104947,17.403365,2.462075,-0.059693,1.299518,1.291281
27.400000,-21.143792,17.434846,2.458932,-0.065983,1.299893,1.290802
27.450000,-21.182535,17.466453,2.455657,-0.064968,1.299722,1.290173
27.500000,-21.221177,17.498183,2.452606,-0.057073,1.298244,1.290756
27.550000,-21.259729,17.530021,2.450074,-0.044171,1.297346,1.291619
27.600000,-21.298212,17.561944,2.448245,-0.029008,1.290548,1.292652
27.650000,-21.336648,17.593923,2.447162,-0.014336,1.289871,1.293329
27.700000,-21.375061,17.625931,2.446750,-0.002141,1.289593,1.293612
27.750000,-21.413470,17.657943,2.446868,0.006842,1.290364,1.293541
27.800000,-21.451888,17.689943,2.447367,0.013111,1.291546,1.293030
27.850000,-21.490327,17.721918,2.448143,0.017932,1.291925,1.288875
27.900000,-21.528795,17.753859,2.449157,0.022617,1.292256,1.288544
27.950000,-21.567299,17.785757,2.450418,0.027829,1.292108,1.288710
28.000000,-21.605848,17.817600,2.451945,0.033234,1.291518,1.292167
28.050000,-21.644449,17.849380,2.453716,0.037603,1.288237,1.292977
28.100000,-21.683109,17.881088,2.455641,0.039367,1.287569,1.295831
28.150000,-21.721831,17.912721,2.457559,0.037328,1.287456,1.295947
28.200000,-21.760610,17.944283,2.459274,0.031264,1.289661,1.294146
28.250000,-21.799438,17.975785,2.460608,0.022091,1.291660,1.293213
28.300000,-21.838300,18.007245,2.461450,0.011573,1.292650,1.288050
28.350000,-21.877181,18.038682,2.461781,0.001670,1.293254,1.287435
28.400000,-21.916065,18.070116,2.461668,-0.006173,1.291642,1.287343
28.450000,-21.954939,18.101560,2.461226,-0.011481,1.288351,1.288412
28.500000,-21.993797,18.133026,2.460570,-0.014763,1.282227,1.288973
28.550000,-22.032631,18.164521,2.459772,-0.017128,1.281845,1.289368
28.600000,-22.071438,18.196049,2.458852,-0.019707,1.281922,1.291246
28.650000,-22.110214,18.227615,2.457782,-0.023083,1.290680,1.292265
28.700000,-22.148953,18.259226,2.456527,-0.027098,1.297518,1.291782
28.750000,-22.187649,18.290890,2.455077,-0.030914,1.297990,1.291310
28.800000,-22.226297,18.322613,2.453467,-0.033458,1.298240,1.291044
28.850000,-22.264892,18.354400,2.451784,-0.033849,1.295947,1.291057
28.900000,-22.303434,18.386251,2.450143,-0.031794,1.295736,1.291862
28.950000,-22.341926,18.418163,2.448657,-0.027635,1.294795,1.292607
29.000000,-22.380374,18.450128,2.447411,-0.022195,1.294379,1.293325
29.050000,-22.418787,18.482135,2.446446,-0.016406,1.294037,1.294286
29.100000,-22.457173,18.514174,2.445762,-0.010944,1.296518,1.295182
29.150000,-22.495542,18.546234,2.445339,-0.006007,1.296585,1.295105
29.200000,-22.533901,18.578306,2.445155,-0.001349,1.296807,1.293493
29.250000,-22.572258,18.610380,2.445209,0.003511,1.297031,1.293269
29.300000,-22.610620,18.642447,2.445519,0.008928,1.297017,1.293272
29.350000,-22.648997,18.674497,2.446115,0.014875,1.295050,1.293655
29.400000,-22.687398,18.706519,2.447007,0.020833,1.293339,1.296067
29.450000,-22.725832,18.738501,2.448177,0.025944,1.292882,1.297418
29.500000,-22.764307,18.770433,2.449559,0.029312,1.292644,1.297657
29.550000,-22.802828,18.802310,2.451051,0.030370,1.292689,1.297822
29.600000,-22.841397,18.834128,2.452538,0.029097,1.294731,1.297569
29.650000,-22.880012,18.865892,2.453917,0.026060,1.294976,1.297318
29.700000,-22.918668,18.897605,2.455124,0.022208,1.295372,1.295828
29.750000,-22.957359,18.929275,2.456143,0.018550,1.295551,1.295590
29.800000,-22.996080,18.960909,2.457002,0.015807,1.292119,1.289275
29.850000,-23.034825,18.992512,2.457752,0.014209,1.290913,1.289380
29.900000,-23.073594,19.024087,2.458444,0.013494,1.289340,1.289679
29.950000,-23.112384,19.055636,2.459109,0.013084,1.289027,1.293078
30.000000,-23.151195,19.087160,2.459745,0.012356,1.288969,1.293938
30.050000,-23.190024,19.118660,2.460327,0.010908,1.290404,1.293815
30.100000,-23.228871,19.150139,2.460816,0.008647,1.293900,1.293502
30.150000,-23.267732,19.181601,2.461175,0.005727,1.294512,1.293288
30.200000,-23.306601,19.213053,2.461378,0.002381,1.294709,1.293089
30.250000,-23.345473,19.244499,2.461406,-0.001270,1.294356,1.293037
30.300000,-23.384344,19.275949,2.461242,-0.005299,1.292893,1.293198
30.350000,-23.423206,19.307409,2.460862,-0.009868,1.291092,1.293414
30.400000,-23.462053,19.338888,2.460240,-0.015045,1.291110,1.294390
30.450000,-23.500876,19.370397,2.459349,-0.020560,1.291330,1.294178
30.500000,-23.539666,19.401945,2.458192,-0.025734,1.293232,1.293791
30.550000,-23.578416,19.433543,2.456810,-0.029541,1.297697,1.293399
30.600000,-23.617120,19.465197,2.455297,-0.030951,1.298017,1.292479
30.650000,-23.655776,19.496910,2.453791,-0.029267,1.298130,1.291566
30.700000,-23.694386,19.528679,2.452447,-0.024491,1.297803,1.291084
30.750000,-23.732958,19.560494,2.451399,-0.017400,1.295040,1.291554
30.800000,-23.771503,19.592343,2.450729,-0.009409,1.293555,1.292056
30.850000,-23.810032,19.624210,2.450440,-0.002160,1.293013,1.294490
30.900000,-23.848557,19.656082,2.450461,0.002950,1.292695,1.295207
30.950000,-23.887086,19.687948,2.450664,0.005193,1.292801,1.295607
31.000000,-23.925623,19.719806,2.450912,0.004688,1.294528,1.295380
31.050000,-23.964167,19.751656,2.451086,0.002295,1.296416,1.294879
31.100000,-24.002714,19.783501,2.451126,-0.000730,1.296842,1.293553
31.150000,-24.041260,19.815347,2.451027,-0.003189,1.296972,1.292512
31.200000,-24.079802,19.847199,2.450840,-0.004291,1.294022,1.292578
31.250000,-24.118337,19.879059,2.450637,-0.003821,1.293638,1.292953
31.300000,-24.156866,19.910926,2.450491,-0.002034,1.290826,1.294074
31.350000,-24.195392,19.942796,2.450455,0.000620,1.290570,1.294349
31.400000,-24.233920,19.974665,2.450565,0.003785,1.290542,1.298071
31.450000,-24.272453,20.006527,2.450844,0.007365,1.293120,1.297980
31.500000,-24.310999,20.038374,2.451314,0.011457,1.293416,1.297664
31.550000,-24.349563,20.070199,2.452003,0.016103,1.295091,1.292199
31.600000,-24.388152,20.101993,2.452931,0.020990,1.294943,1.290350
31.650000,-24.426775,20.133747,2.454088,0.025295,1.292967,1.290822
31.700000,-24.465437,20.165452,2.455415,0.027766,1.290344,1.291361
31.750000,-24.504143,20.197105,2.456788,0.027113,1.289947,1.292758
31.800000,-24.542890,20.228706,2.458029,0.022510,1.289843,1.293872
31.850000,-24.581672,20.260265,2.458942,0.014015,1.290293,1.296442
31.900000,-24.620475,20.291798,2.459362,0.002778,1.297089,1.296411
31.950000,-24.659282,20.323325,2.459201,-0.009222,1.297962,1.295538
32.000000,-24.698076,20.354870,2.458478,-0.019679,1.298563,1.294934
32.050000,-24.736839,20.386452,2.457319,-0.026641,1.298927,1.293871
32.100000,-24.775561,20.418084,2.455925,-0.029090,1.298557,1.293732
32.150000,-24.814238,20.449771,2.454518,-0.027184,1.297725,1.292459
32.200000,-24.852873,20.481510,2.453285,-0.022116,1.294286,1.293029
32.250000,-24.891474,20.513290,2.452342,-0.015614,1.296594,1.293614
32.300000,-24.930049,20.545101,2.451719,-0.009312,1.296197,1.295504
32.350000,-24.968609,20.576931,2.451382,-0.004168,1.296106,1.295694
32.400000,-25.007163,20.608768,2.451272,-0.000242,1.296447,1.295353
32.450000,-25.045716,20.640607,2.451346,0.003206,1.296865,1.294827
32.500000,-25.084274,20.672439,2.451607,0.007226,1.297196,1.292896
32.550000,-25.122844,20.704256,2.452103,0.012616,1.297135,1.291337
32.600000,-25.161434,20.736049,2.452903,0.019417,1.291504,1.291696
32.650000,-25.200055,20.767804,2.454058,0.026748,1.290952,1.292252
32.700000,-25.238719,20.799508,2.455553,0.033041,1.289580,1.294529
32.750000,-25.277434,20.831149,2.457294,0.036567,1.289005,1.296595
32.800000,-25.316206,20.862720,2.459110,0.036086,1.288867,1.296738
32.850000,-25.355033,20.894223,2.460796,0.031321,1.289927,1.296469
32.900000,-25.393909,20.925666,2.462157,0.023112,1.289821,1.295762
32.950000,-25.432821,20.957064,2.463062,0.013095,1.290670,1.291814
33.000000,-25.471754,20.988437,2.463468,0.003149,1.291329,1.288368
33.050000,-25.510692,21.019803,2.463415,-0.005278,1.291359,1.287741
33.100000,-25.549622,21.051179,2.462992,-0.011611,1.291170,1.287921
33.150000,-25.588534,21.082577,2.462296,-0.016229,1.289048,1.288354
33.200000,-25.627421,21.114007,2.461387,-0.020138,1.288643,1.289175
33.250000,-25.666276,21.145475,2.460274,-0.024408,1.288445,1.292655
33.300000,-25.705093,21.176992,2.458923,-0.029605,1.288764,1.292370
33.350000,-25.743862,21.208565,2.457296,-0.035486,1.295528,1.291872
33.400000,-25.782576,21.240208,2.455383,-0.041024,1.296114,1.291287
33.450000,-25.821225,21.271929,2.453237,-0.044802,1.296595,1.291089
33.500000,-25.859804,21.303736,2.450978,-0.045526,1.296454,1.288446
33.550000,-25.898311,21.335630,2.448777,-0.042503,1.296217,1.288690
33.600000,-25.936752,21.367604,2.446818,-0.035827,1.294355,1.291660
33.650000,-25.975135,21.399646,2.445265,-0.026294,1.293757,1.294843
33.700000,-26.013477,21.431738,2.444231,-0.015049,1.293234,1.295378
33.750000,-26.051795,21.463858,2.443776,-0.003190,1.294415,1.296389
33.800000,-26.090108,21.495985,2.443909,0.008515,1.294659,1.296851
33.850000,-26.128435,21.528095,2.444613,0.019669,1.296340,1.296860
33.900000,-26.166793,21.560168,2.445858,0.030088,1.296282,1.296918
33.950000,-26.205198,21.592184,2.447597,0.039501,1.296148,1.297044
34.000000,-26.243667,21.624124,2.449768,0.047304,1.295532,1.296258
34.050000,-26.282210,21.655974,2.452264,0.052511,1.293417,1.296683
34.100000,-26.320836,21.687724,2.454926,0.053934,1.292943,1.297157
34.150000,-26.359546,21.719371,2.457539,0.050570,1.292834,1.297266
34.200000,-26.398334,21.750922,2.459854,0.042011,1.292948,1.297152
34.250000,-26.437188,21.782392,2.461624,0.028752,1.293533,1.296567
34.300000,-26.476086,21.813808,2.462649,0.012259,1.294328,1.295738
34.350000,-26.515003,21.845200,2.462824,-0.005273,1.295073,1.289407
34.400000,-26.553912,21.876602,2.462158,-0.021340,1.292627,1.288567
34.450000,-26.592788,21.908045,2.460782,-0.033649,1.293089,1.287006
34.500000,-26.631613,21.939551,2.458926,-0.040562,1.292412,1.286878
34.550000,-26.670375,21.971134,2.456877,-0.041380,1.290682,1.287010
34.600000,-26.709074,22.002795,2.454932,-0.036393,1.289078,1.287327
34.650000,-26.747716,22.034525,2.453352,-0.026768,1.288715,1.288589
34.700000,-26.786316,22.066306,2.452326,-0.014261,1.288200,1.289711
34.750000,-26.824894,22.098114,2.451947,-0.000934,1.287729,1.292079
34.800000,-26.863470,22.129924,2.452204,0.011209,1.288623,1.292479
34.850000,-26.902063,22.161713,2.452996,0.020451,1.288338,1.293071
34.900000,-26.940688,22.193465,2.454149,0.025633,1.288162,1.294856
34.950000,-26.979352,22.225168,2.455447,0.026271,1.291008,1.295093
35.000000,-27.018056,22.256822,2.456670,0.022637,1.291115,1.295290
35.050000,-27.056796,22.288432,2.457628,0.015655,1.291919,1.295407
35.100000,-27.095559,22.320014,2.458188,0.006743,1.292396,1.299236
35.150000,-27.134334,22.351582,2.458293,-0.002533,1.298073,1.298745
35.200000,-27.173104,22.383155,2.457960,-0.010763,1.301410,1.298387
35.250000,-27.211858,22.414748,2.457266,-0.016996,1.301572,1.297728
35.300000,-27.250586,22.446373,2.456319,-0.020864,1.301433,1.297859
35.350000,-27.289281,22.478038,2.455233,-0.022564,1.301191,1.296705
35.400000,-27.327941,22.509746,2.454102,-0.022666,1.301001,1.296077
35.450000,-27.366566,22.541498,2.452989,-0.021851,1.297948,1.295334
35.500000,-27.405155,22.573292,2.451927,-0.020665,1.294968,1.295337
35.550000,-27.443712,22.605125,2.450925,-0.019379,1.295161,1.295939
35.600000,-27.482238,22.636996,2.449992,-0.017938,1.295121,1.295979
35.650000,-27.520736,22.668901,2.449143,-0.016035,1.295126,1.295974
35.700000,-27.559208,22.700837,2.448411,-0.013236,1.295031,1.296060
35.750000,-27.597659,22.732798,2.447851,-0.009158,1.294965,1.294323
35.800000,-27.636096,22.764776,2.447531,-0.003626,1.294490,1.292606
35.850000,-27.674528,22.796760,2.447520,0.003180,1.294352,1.292139
35.900000,-27.712965,22.828738,2.447866,0.010653,1.292999,1.291801
35.950000,-27.751419,22.860696,2.448577,0.017784,1.292549,1.292153
36.000000,-27.789900,22.892620,2.449606,0.023361,1.291782,1.293271
36.050000,-27.828419,22.924500,2.450846,0.026232,1.291475,1.303825
36.100000,-27.866978,22.956331,2.452143,0.025643,1.291385,1.303915
36.150000,-27.905577,22.988113,2.453322,0.021491,1.291593,1.303679
36.200000,-27.944210,23.019855,2.454220,0.014404,1.292290,1.297459
36.250000,-27.982865,23.051569,2.454720,0.005622,1.292827,1.287172
36.300000,-28.021528,23.083273,2.454778,-0.003325,1.293001,1.286786
36.350000,-28.060187,23.114982,2.454420,-0.010982,1.291063,1.286237
36.400000,-28.098829,23.146712,2.453737,-0.016315,1.291187,1.286102
36.450000,-28.137446,23.178473,2.452856,-0.018908,1.288752,1.286452
36.500000,-28.176033,23.210269,2.451910,-0.018911,1.287644,1.288482
36.550000,-28.214591,23.242101,2.451014,-0.016922,1.287419,1.293686
36.600000,-28.253123,23.273966,2.450249,-0.013672,1.288150,1.293874
36.650000,-28.291632,23.305856,2.449663,-0.009797,1.292784,1.294027
36.700000,-28.330126,23.337766,2.449276,-0.005683,1.295147,1.293953
36.750000,-28.368611,23.369686,2.449098,-0.001436,1.295249,1.293851
36.800000,-28.407094,23.401609,2.449137,0.003031,1.295200,1.293900
36.850000,-28.445582,23.433526,2.449409,0.007840,1.295077,1.294028
36.900000,-28.484082,23.465428,2.449931,0.013033,1.294340,1.295960
36.950000,-28.522603,23.497304,2.450719,0.018481,1.294094,1.296210
37.000000,-28.561154,23.529145,2.451778,0.023894,1.294553,1.296550
37.050000,-28.599743,23.560940,2.453098,0.028887,1.295014,1.296687
37.100000,-28.638377,23.592680,2.454645,0.033011,1.294948,1.296955
37.150000,-28.677063,23.624356,2.456367,0.035835,1.295396,1.297103
37.200000,-28.715805,23.655963,2.458186,0.036939,1.295436,1.296860
37.250000,-28.754606,23.687500,2.460008,0.035920,1.294864,1.296633
37.300000,-28.793462,23.718967,2.461717,0.032408,1.294203,1.296693
37.350000,-28.832368,23.750373,2.463180,0.026115,1.293348,1.296554
37.400000,-28.871315,23.781728,2.464258,0.016981,1.293426,1.296889
37.450000,-28.910287,23.813051,2.464815,0.005280,1.293604,1.299897
37.500000,-28.949268,23.844365,2.464741,-0.008224,1.294185,1.299515
37.550000,-28.988235,23.875694,2.463979,-0.022272,1.294651,1.299020
37.600000,-29.027168,23.907067,2.462542,-0.035193,1.295249,1.292032
37.650000,-29.066046,23.938507,2.460532,-0.045183,1.295787,1.287208
37.700000,-29.104854,23.970034,2.458136,-0.050624,1.294987,1.286913
37.750000,-29.143584,24.001657,2.455608,-0.050460,1.295047,1.286853
37.800000,-29.182235,24.033375,2.453235,-0.044459,1.294801,1.287103
37.850000,-29.220817,24.065178,2.451290,-0.033293,1.292459,1.290241
37.900000,-29.259347,24.097044,2.449997,-0.018450,1.291913,1.290798
37.950000,-29.297849,24.128945,2.449487,-0.001948,1.291274,1.293727
38.000000,-29.336346,24.160849,2.449788,0.013991,1.290916,1.294284
38.050000,-29.374866,24.192728,2.450821,0.027327,1.290529,1.294667
38.100000,-29.413428,24.224555,2.452417,0.036481,1.290285,1.294106
38.150000,-29.452046,24.256314,2.454343,0.040513,1.288237,1.294149
38.200000,-29.490728,24.287996,2.456337,0.039239,1.285351,1.294155
38.250000,-29.529470,24.319603,2.458147,0.033155,1.285612,1.294991
38.300000,-29.568264,24.351148,2.459560,0.023346,1.285959,1.295169
38.350000,-29.607094,24.382648,2.460426,0.011280,1.291989,1.295024
38.400000,-29.645941,24.414126,2.460671,-0.001457,1.295035,1.294671
38.450000,-29.684787,24.445607,2.460300,-0.013386,1.296597,1.294216
38.500000,-29.723611,24.477113,2.459381,-0.023363,1.299476,1.294023
38.550000,-29.762400,24.508663,2.458030,-0.030676,1.299522,1.293678
38.600000,-29.801141,24.540272,2.456386,-0.035068,1.299489,1.293697
38.650000,-29.839827,24.571948,2.454593,-0.036645,1.296690,1.293708
38.700000,-29.878456,24.603695,2.452782,-0.035764,1.296132,1.293768
38.750000,-29.917028,24.635509,2.451066,-0.032884,1.296019,1.293884
38.800000,-29.955549,24.667387,2.449531,-0.028503,1.295988,1.294612
38.850000,-29.994024,24.699319,2.448241,-0.023083,1.295889,1.294813
38.900000,-30.032463,24.731295,2.447238,-0.017056,1.296126,1.295074
38.950000,-30.070874,24.763304,2.446541,-0.010813,1.295985,1.295215
39.000000,-30.109268,24.795333,2.446153,-0.004699,1.295794,1.295296
39.050000,-30.147655,24.827372,2.446060,0.000985,1.295582,1.293308
39.100000,-30.186042,24.859409,2.446236,0.006047,1.293241,1.293349
39.150000,-30.224440,24.891435,2.446647,0.010375,1.290831,1.293468
39.200000,-30.262853,24.923441,2.447257,0.014028,1.290349,1.293549
39.250000,-30.301289,24.955420,2.448038,0.017189,1.289749,1.293654
39.300000,-30.339753,24.987367,2.448972,0.020174,1.289731,1.294369
39.350000,-30.378248,25.019274,2.450059,0.023318,1.289778,1.294360
39.400000,-30.416781,25.051136,2.451312,0.026825,1.298731,1.294269
39.450000,-30.455357,25.082947,2.452748,0.030581,1.298754,1.294243
39.500000,-30.493981,25.114699,2.454363,0.034025,1.298609,1.293761
39.550000,-30.532659,25.146385,2.456117,0.036137,1.291760,1.293740
39.600000,-30.571394,25.178002,2.457912,0.035648,1.291379,1.294107
39.650000,-30.610183,25.209552,2.459590,0.031430,1.287981,1.294420
39.700000,-30.649021,25.241041,2.460950,0.022949,1.288014,1.294690
39.750000,-30.687895,25.272488,2.461790,0.010635,1.288428,1.295076
39.800000,-30.726784,25.303914,2.461955,-0.004006,1.289274,1.295063
39.850000,-30.765667,25.335348,2.461388,-0.018667,1.298502,1.294106
39.900000,-30.804521,25.366818,2.460152,-0.030778,1.300916,1.293384
39.950000,-30.843328,25.398346,2.458426,-0.038229,1.301352,1.292948
40.000000,-30.882077,25.429946,2.456470,-0.039961,1.301233,1.293057
40.050000,-30.920763,25.461622,2.454565,-0.036222,1.298639,1.293351
40.100000,-30.959393,25.493366,2.452948,-0.028439,1.296617,1.293354
40.150000,-30.997979,25.525165,2.451771,-0.018649,1.290571,1.293432
40.200000,-31.036534,25.557000,2.451085,-0.008827,1.290128,1.294575
40.250000,-31.075076,25.588852,2.450858,-0.000233,1.290082,1.295336
40.300000,-31.113616,25.620705,2.451024,0.006871,1.293623,1.295677
40.350000,-31.152168,25.652546,2.451524,0.013107,1.293966,1.295334
40.400000,-31.190740,25.684360,2.452339,0.019500,1.294276,1.294986
40.450000,-31.229343,25.716137,2.453497,0.026830,1.294314,1.287069
40.500000,-31.267990,25.747862,2.455045,0.035085,1.290354,1.287439
40.550000,-31.306692,25.779519,2.457003,0.043237,1.288187,1.288144
40.600000,-31.345461,25.811093,2.459321,0.049444,1.287483,1.295017
40.650000,-31.384308,25.842572,2.461848,0.051625,1.286954,1.295559
40.700000,-31.423234,25.873953,2.464343,0.048156,1.289472,1.295741
40.750000,-31.462234,25.905242,2.466510,0.038466,1.289895,1.297912
40.800000,-31.501293,25.936457,2.468053,0.023262,1.292108,1.297079
40.850000,-31.540387,25.967628,2.468743,0.004335,1.293189,1.293504
40.900000,-31.579488,25.998792,2.468452,-0.015983,1.294157,1.291133
40.950000,-31.618564,26.029986,2.467166,-0.035438,1.294743,1.288657
41.000000,-31.657585,26.061248,2.464971,-0.052366,1.294879,1.288421
41.050000,-31.696525,26.092612,2.462016,-0.065805,1.294684,1.288629
41.100000,-31.735363,26.124102,2.458486,-0.075356,1.294435,1.291168
41.150000,-31.774082,26.155737,2.454582,-0.080783,1.294450,1.291650
41.200000,-31.812675,26.187527,2.450518,-0.081727,1.294836,1.291295
41.250000,-31.851139,26.219472,2.446533,-0.077676,1.300483,1.290817
41.300000,-31.889480,26.251566,2.442884,-0.068233,1.300729,1.290568
41.350000,-31.927713,26.283788,2.439838,-0.053579,1.300488,1.290293
41.400000,-31.965860,26.316111,2.437627,-0.034858,1.297391,1.290394
41.450000,-32.003952,26.348500,2.436399,-0.014252,1.293929,1.291541
41.500000,-32.042020,26.380916,2.436177,0.005338,1.287662,1.293329
41.550000,-32.080095,26.413324,2.436836,0.020978,1.285539,1.294161
41.600000,-32.118203,26.445693,2.438124,0.030483,1.285308,1.294392
41.650000,-32.156359,26.478006,2.439713,0.033032,1.285526,1.294212
41.700000,-32.194566,26.510259,2.441274,0.029406,1.291292,1.294108
41.750000,-32.232820,26.542456,2.442553,0.021758,1.291960,1.293440
41.800000,-32.271108,26.574612,2.443421,0.012966,1.292641,1.292747
41.850000,-32.309417,26.606743,2.443890,0.005829,1.291884,1.291779
41.900000,-32.347737,26.638861,2.444092,0.002271,1.291469,1.286831
41.950000,-32.386061,26.670974,2.444220,0.002859,1.291239,1.287057
42.000000,-32.424391,26.703081,2.444459,0.006707,1.290061,1.287663
42.050000,-32.462732,26.735174,2.444922,0.011821,1.288993,1.292207
42.100000,-32.501092,26.767245,2.445612,0.015754,1.288436,1.292865
42.150000,-32.539476,26.799286,2.446417,0.016400,1.288199,1.293213
42.200000,-32.577885,26.831298,2.447144,0.012645,1.290039,1.293067
42.250000,-32.616314,26.863286,2.447579,0.004738,1.291315,1.292593
42.300000,-32.654749,26.895266,2.447553,-0.005773,1.293151,1.291849
42.350000,-32.693175,26.927258,2.446997,-0.016458,1.293901,1.290975
42.400000,-32.731575,26.959280,2.445967,-0.024696,1.293682,1.287801
42.450000,-32.769937,26.991348,2.444640,-0.028331,1.293593,1.285601
42.500000,-32.808255,27.023469,2.443275,-0.026221,1.292577,1.285817
42.550000,-32.846532,27.055638,2.442159,-0.018385,1.291286,1.286346
42.600000,-32.884781,27.087841,2.441552,-0.005896,1.290680,1.291421
42.650000,-32.923021,27.120054,2.441643,0.009550,1.290025,1.292275
42.700000,-32.961277,27.152248,2.442533,0.026058,1.289487,1.292823
42.750000,-32.999575,27.184393,2.444234,0.041953,1.289167,1.294533
42.800000,-33.037939,27.216458,2.446681,0.055916,1.289026,1.294662
42.850000,-33.076392,27.248417,2.449754,0.066970,1.289259,1.292741
42.900000,-33.114951,27.280248,2.453287,0.074306,1.289168,1.292847
42.950000,-33.153627,27.311936,2.457074,0.077128,1.288901,1.295105
43.000000,-33.192424,27.343477,2.460869,0.074645,1.289518,1.295288
43.050000,-33.231336,27.374875,2.464393,0.066243,1.290166,1.295453
43.100000,-33.270351,27.406146,2.467345,0.051794,1.290368,1.297653
43.150000,-33.309445,27.437318,2.469439,0.031960,1.292253,1.298358
43.200000,-33.348588,27.468428,2.470447,0.008319,1.294447,1.297454
43.250000,-33.387743,27.499522,2.470235,-0.016776,1.295569,1.296400
43.300000,-33.426873,27.530648,2.468800,-0.040598,1.296630,1.291751
43.350000,-33.465940,27.561853,2.466268,-0.060608,1.297368,1.288832
43.400000,-33.504914,27.593175,2.462878,-0.074952,1.297675,1.288524
43.450000,-33.543772,27.624640,2.458933,-0.082774,1.297344,1.288731
43.500000,-33.582501,27.656263,2.454757,-0.084209,1.294307,1.289093
43.550000,-33.621098,27.688048,2.450648,-0.080114,1.293938,1.289462
43.600000,-33.659569,27.719986,2.446852,-0.071709,1.293738,1.289714
43.650000,-33.697925,27.752060,2.443554,-0.060215,1.297369,1.291731
43.700000,-33.736186,27.784249,2.440881,-0.046697,1.297179,1.291921
43.750000,-33.774371,27.816527,2.438911,-0.032062,1.296917,1.292124
43.800000,-33.812505,27.848866,2.437680,-0.017199,1.292673,1.289899
43.850000,-33.850611,27.881239,2.437174,-0.003062,1.289152,1.290348
43.900000,-33.888711,27.913617,2.437330,0.009287,1.288637,1.290863
43.950000,-33.926826,27.945979,2.438035,0.018855,1.288178,1.291322
44.000000,-33.964970,27.978306,2.439130,0.024917,1.287970,1.291567
44.050000,-34.003153,28.010586,2.440435,0.027281,1.289641,1.294093
44.100000,-34.041380,28.042816,2.441777,0.026380,1.291183,1.296458
44.150000,-34.079648,28.074995,2.443018,0.023253,1.296106,1.296094
44.200000,-34.117954,28.107130,2.444082,0.019309,1.296411,1.295774
44.250000,-34.156291,28.139229,2.444964,0.015996,1.296632,1.293818
44.300000,-34.194653,28.171295,2.445725,0.014443,1.292840,1.291955
44.350000,-34.233040,28.203334,2.446465,0.015183,1.292738,1.291462
44.400000,-34.271452,28.235343,2.447295,0.018011,1.292659,1.291541
44.450000,-34.309892,28.267316,2.448296,0.022040,1.292395,1.291809
44.500000,-34.348368,28.299248,2.449496,0.025943,1.292012,1.292607
44.550000,-34.386885,28.331130,2.450852,0.028295,1.291639,1.295203
44.600000,-34.425446,28.362958,2.452260,0.027997,1.292292,1.299223
44.650000,-34.464051,28.394733,2.453575,0.024549,1.294098,1.299102
44.700000,-34.502694,28.426462,2.454644,0.018191,1.294517,1.298633
44.750000,-34.541365,28.458156,2.455344,0.009810,1.295010,1.292470
44.800000,-34.580052,28.489831,2.455605,0.000650,1.293317,1.291983
44.850000,-34.618740,28.521505,2.455420,-0.008051,1.293584,1.291716
44.900000,-34.657416,28.553195,2.454834,-0.015377,1.293668,1.291638
44.950000,-34.696067,28.584913,2.453926,-0.020918,1.293644,1.292252
45.000000,-34.734686,28.616671,2.452785,-0.024728,1.293127,1.292373
45.050000,-34.773266,28.648477,2.451488,-0.027138,1.293079,1.292421
45.100000,-34.811803,28.680334,2.450097,-0.028498,1.293038,1.292482
45.150000,-34.850295,28.712246,2.448660,-0.028958,1.294702,1.292999
45.200000,-34.888741,28.744214,2.447227,-0.028374,1.294888,1.292912
45.250000,-34.927141,28.776235,2.445857,-0.026381,1.295043,1.292757
45.300000,-34.965500,28.808307,2.444632,-0.022612,1.295123,1.292656
45.350000,-35.003824,28.840421,2.443643,-0.016921,1.295116,1.290284
45.400000,-35.042120,28.872567,2.442981,-0.009582,1.294794,1.290606
45.450000,-35.080401,28.904732,2.442709,-0.001281,1.294356,1.291083
45.500000,-35.118681,28.936899,2.442853,0.007016,1.293824,1.296078
45.550000,-35.156971,28.969052,2.443388,0.014386,1.293637,1.296463
45.600000,-35.195284,29.001179,2.444253,0.020219,1.293549,1.296590
45.650000,-35.233629,29.033267,2.445370,0.024428,1.298214,1.296486
45.700000,-35.272013,29.065309,2.446666,0.027401,1.298399,1.296301
45.750000,-35.310440,29.097298,2.448095,0.029780,1.298636,1.295995
45.800000,-35.348916,29.129230,2.449642,0.032090,1.296519,1.289766
45.850000,-35.387442,29.161101,2.451304,0.034391,1.294511,1.289947
45.900000,-35.426023,29.192905,2.453068,0.036156,1.289110,1.290339
45.950000,-35.464661,29.224640,2.454881,0.036358,1.288755,1.296645
46.000000,-35.503356,29.256305,2.456638,0.033866,1.288466,1.296947
46.050000,-35.542103,29.287906,2.458183,0.027915,1.289928,1.296972
46.100000,-35.580894,29.319454,2.459345,0.018541,1.290254,1.296622
46.150000,-35.619713,29.350967,2.459976,0.006715,1.290817,1.293267
46.200000,-35.658543,29.382467,2.459999,-0.005810,1.291656,1.290535
46.250000,-35.697364,29.413978,2.459427,-0.017040,1.292350,1.288848
46.300000,-35.736159,29.445521,2.458367,-0.025323,1.292494,1.288394
46.350000,-35.774915,29.477112,2.456986,-0.029897,1.291052,1.288449
46.400000,-35.813624,29.508760,2.455461,-0.031081,1.289653,1.289947
46.450000,-35.852285,29.540467,2.453932,-0.030059,1.289057,1.290544
46.500000,-35.890898,29.572232,2.452473,-0.028305,1.288549,1.291176
46.550000,-35.929466,29.604052,2.451092,-0.026933,1.291181,1.291419
46.600000,-35.967992,29.635924,2.449764,-0.026184,1.291448,1.291172
46.650000,-36.006475,29.667846,2.448476,-0.025330,1.294295,1.290505
46.700000,-36.044918,29.699816,2.447266,-0.023074,1.294882,1.289918
46.750000,-36.083325,29.731830,2.446233,-0.018190,1.295163,1.289636
46.800000,-36.121704,29.763878,2.445521,-0.010273,1.294815,1.289905
46.850000,-36.160067,29.795945,2.445261,-0.000129,1.294041,1.292871
46.900000,-36.198429,29.828012,2.445516,0.010301,1.292858,1.295448
46.950000,-36.236808,29.860061,2.446238,0.018532,1.292062,1.296846
47.000000,-36.275215,29.892074,2.447262,0.022386,1.292489,1.297339
47.050000,-36.313657,29.924047,2.448343,0.020832,1.295106,1.297794
47.100000,-36.352131,29.955981,2.449225,0.014409,1.295791,1.297109
47.150000,-36.390626,29.987888,2.449714,0.005145,1.296655,1.296242
47.200000,-36.429131,30.019785,2.449739,-0.004099,1.297190,1.295398
47.250000,-36.467629,30.051690,2.449372,-0.010540,1.297228,1.294054
47.300000,-36.506111,30.083613,2.448798,-0.012404,1.296559,1.292841
47.350000,-36.544575,30.115558,2.448250,-0.009482,1.296074,1.293286
47.400000,-36.583025,30.147521,2.447933,-0.003173,1.290948,1.294052
47.450000,-36.621470,30.179490,2.447955,0.004038,1.290040,1.294969
47.500000,-36.659921,30.211451,2.448293,0.009420,1.289488,1.296518
47.550000,-36.698386,30.243395,2.448802,0.010918,1.289863,1.296737
47.600000,-36.736867,30.275320,2.449271,0.007788,1.290256,1.296320
47.650000,-36.775360,30.307231,2.449485,0.000758,1.290967,1.293088
47.700000,-36.813853,30.339141,2.449296,-0.008304,1.291042,1.288455
47.750000,-36.852334,30.371068,2.448661,-0.017099,1.291635,1.287565
47.800000,-36.890787,30.403026,2.447641,-0.023651,1.291922,1.287277
47.850000,-36.929203,30.435029,2.446377,-0.026878,1.291669,1.287431
47.900000,-36.967578,30.467082,2.445036,-0.026742,1.291151,1.287955
47.950000,-37.005910,30.499186,2.443767,-0.024014,1.290734,1.288999
48.000000,-37.044204,30.531335,2.442672,-0.019765,1.290421,1.292680
48.050000,-37.082466,30.563522,2.441807,-0.014846,1.290498,1.292728
48.100000,-37.120704,30.595737,2.441196,-0.009585,1.293371,1.292529
48.150000,-37.158927,30.627971,2.440860,-0.003825,1.294355,1.291545
48.200000,-37.197145,30.660211,2.440834,0.002783,1.294513,1.291387
48.250000,-37.235367,30.692446,2.441162,0.010335,1.294306,1.291594
48.300000,-37.273605,30.724661,2.441879,0.018352,1.293916,1.291978
48.350000,-37.311873,30.756841,2.442982,0.025738,1.291582,1.293701
48.400000,-37.350182,30.788972,2.444402,0.031020,1.289274,1.294255
48.450000,-37.388540,30.821045,2.446000,0.032859,1.290785,1.295824
48.500000,-37.426950,30.853056,2.447585,0.030535,1.290793,1.296724
48.550000,-37.465407,30.885010,2.448956,0.024281,1.291334,1.298014
48.600000,-37.503902,30.916918,2.449946,0.015278,1.296936,1.297364
48.650000,-37.542421,30.948797,2.450461,0.005326,1.297547,1.296736
48.700000,-37.580949,30.980665,2.450501,-0.003698,1.298064,1.294436
48.750000,-37.619472,31.012540,2.450148,-0.010388,1.298245,1.294255
48.800000,-37.657979,31.044434,2.449534,-0.014161,1.298094,1.294425
48.850000,-37.696464,31.076354,2.448796,-0.015319,1.297859,1.296558
48.900000,-37.734925,31.108303,2.448044,-0.014779,1.297499,1.298601
48.950000,-37.773363,31.140280,2.447334,-0.013602,1.297251,1.298858
49.000000,-37.811779,31.172284,2.446682,-0.012490,1.298149,1.298880
49.050000,-37.850175,31.204311,2.446083,-0.011465,1.299701,1.300399
49.100000,-37.888552,31.236361,2.445550,-0.009820,1.299959,1.300126
49.150000,-37.926915,31.268428,2.445144,-0.006403,1.300251,1.298141
49.200000,-37.965267,31.300507,2.444980,-0.000121,1.300398,1.297082
49.250000,-38.003621,31.332585,2.445214,0.009504,1.299749,1.295534
49.300000,-38.041990,31.364645,2.446000,0.021934,1.299312,1.294188
49.350000,-38.080395,31.396661,2.447437,0.035562,1.298505,1.294958
49.400000,-38.118857,31.428610,2.449527,0.048004,1.293796,1.295660
49.450000,-38.157394,31.460467,2.452147,0.056740,1.288240,1.296648
49.500000,-38.196020,31.492217,2.455062,0.059807,1.286862,1.296835
49.550000,-38.234738,31.523853,2.457969,0.056397,1.287164,1.296236
49.600000,-38.273545,31.555382,2.460556,0.047060,1.287853,1.295553
49.650000,-38.312424,31.586820,2.462572,0.033543,1.291454,1.292526
49.700000,-38.351356,31.618194,2.463867,0.018245,1.292589,1.289411
49.750000,-38.390317,31.649532,2.464412,0.003580,1.293136,1.288860
49.800000,-38.429283,31.680863,2.464285,-0.008623,1.292923,1.288677
49.850000,-38.468237,31.712209,2.463633,-0.017419,1.292908,1.288713
49.900000,-38.507165,31.743588,2.462627,-0.022783,1.292734,1.290969
49.950000,-38.546058,31.775010,2.461424,-0.025318,1.292618,1.291386
50.000000,-38.584911,31.806481,2.460143,-0.025892,1.292819,1.291581
50.050000,-38.623724,31.838002,2.458864,-0.025271,1.292830,1.291573
50.100000,-38.662497,31.869572,2.457634,-0.023909,1.293262,1.291440
50.150000,-38.701232,31.901188,2.456487,-0.021968,1.293521,1.291379
50.200000,-38.739933,31.932846,2.455451,-0.019467,1.294395,1.290505
50.250000,-38.778603,31.964541,2.454551,-0.016541,1.294263,1.290630
50.300000,-38.817247,31.996269,2.453798,-0.013583,1.293419,1.290779
50.350000,-38.855870,32.028023,2.453177,-0.011292,1.292950,1.291047
50.400000,-38.894474,32.059800,2.452634,-0.010450,1.292351,1.291382
50.450000,-38.933060,32.091597,2.452082,-0.011644,1.292141,1.294958
50.500000,-38.971628,32.123417,2.451418,-0.014917,1.292157,1.294843
50.550000,-39.010172,32.155266,2.450555,-0.019633,1.292451,1.294549
50.600000,-39.048684,32.187154,2.449449,-0.024566,1.292996,1.293957
50.650000,-39.087157,32.219088,2.448128,-0.028263,1.293533,1.288464
50.700000,-39.125586,32.251076,2.446682,-0.029554,1.293521,1.288075
50.750000,-39.163969,32.283120,2.445243,-0.027979,1.292925,1.288254
50.800000,-39.202307,32.315216,2.443944,-0.023972,1.289919,1.289125
50.850000,-39.240607,32.347358,2.442877,-0.018695,1.289172,1.294529
50.900000,-39.278876,32.379536,2.442071,-0.013562,1.288615,1.295207
50.950000,-39.317124,32.411741,2.441490,-0.009698,1.288531,1.297607
51.000000,-39.355356,32.443964,2.441060,-0.007533,1.290622,1.299604
51.050000,-39.393575,32.476202,2.440705,-0.006666,1.293917,1.299090
51.100000,-39.431783,32.508453,2.440384,-0.006155,1.294988,1.298653
51.150000,-39.469981,32.540716,2.440107,-0.004892,1.295167,1.292404
51.200000,-39.508172,32.572987,2.439933,-0.002084,1.294165,1.290325
51.250000,-39.546361,32.605262,2.439943,0.002533,1.292784,1.290678
51.300000,-39.584553,32.637532,2.440224,0.008711,1.290262,1.289253
51.350000,-39.622760,32.669784,2.440840,0.015911,1.289721,1.291379
51.400000,-39.660993,32.702006,2.441827,0.023575,1.289641,1.291468
51.450000,-39.699264,32.734183,2.443200,0.031330,1.289580,1.292421
51.500000,-39.737585,32.766300,2.444957,0.038953,1.289786,1.292364
51.550000,-39.775968,32.798343,2.447086,0.046229,1.294309,1.293091
51.600000,-39.814425,32.830296,2.449560,0.052701,1.294172,1.293219
51.650000,-39.852966,32.862149,2.452318,0.057578,1.293774,1.292684
51.700000,-39.891598,32.893892,2.455252,0.059764,1.289009,1.293100
51.750000,-39.930323,32.925520,2.458201,0.058150,1.288723,1.294277
51.800000,-39.969139,32.957037,2.460956,0.051989,1.288730,1.294296
51.850000,-40.008036,32.988454,2.463288,0.041260,1.289032,1.296668
51.900000,-40.046996,33.019793,2.464990,0.026817,1.289724,1.296034
51.950000,-40.085998,33.051079,2.465918,0.010310,1.296368,1.295264
52.000000,-40.125016,33.082346,2.466021,-0.006194,1.300355,1.294445
52.050000,-40.164025,33.113624,2.465348,-0.020674,1.300890,1.293908
52.100000,-40.203002,33.144941,2.464040,-0.031600,1.300975,1.293607
52.150000,-40.241931,33.176318,2.462294,-0.038213,1.299141,1.293645
52.200000,-40.280801,33.207768,2.460324,-0.040541,1.297566,1.293804
52.250000,-40.319609,33.239296,2.458330,-0.039211,1.294725,1.293776
52.300000,-40.358354,33.270899,2.456470,-0.035151,1.294247,1.294353
52.350000,-40.397045,33.302570,2.454859,-0.029278,1.294166,1.294434
52.400000,-40.435690,33.334297,2.453569,-0.022319,1.294079,1.294518
52.450000,-40.474299,33.366066,2.452642,-0.014752,1.293909,1.294391
52.500000,-40.512885,33.397864,2.452100,-0.006909,1.293776,1.294477
52.550000,-40.551460,33.429676,2.451950,0.000895,1.293656,1.290041
52.600000,-40.590037,33.461486,2.452178,0.008212,1.293219,1.290160
52.650000,-40.628626,33.493280,2.452745,0.014428,1.290860,1.290442
52.700000,-40.667237,33.525047,2.453577,0.018847,1.290501,1.291007
52.750000,-40.705878,33.556778,2.454571,0.020871,1.289254,1.293046
52.800000,-40.744552,33.588470,2.455599,0.020232,1.289267,1.293033
52.850000,-40.783256,33.620124,2.456534,0.017154,1.289457,1.292837
52.900000,-40.821988,33.651745,2.457272,0.012373,1.290802,1.290933
52.950000,-40.860738,33.683342,2.457755,0.006957,1.294755,1.290543
53.000000,-40.899500,33.714925,2.457980,0.002053,1.295122,1.289976
53.050000,-40.938266,33.746504,2.457994,-0.001484,1.295203,1.289697
53.100000,-40.977029,33.778086,2.457874,-0.003288,1.295060,1.289830
53.150000,-41.015788,33.809673,2.457703,-0.003543,1.293758,1.290021
53.200000,-41.054542,33.841267,2.457544,-0.002845,1.291026,1.290583
53.250000,-41.093291,33.872866,2.457425,-0.001908,1.290841,1.291666
53.300000,-41.132037,33.904469,2.457345,-0.001295,1.290850,1.292414
53.350000,-41.170780,33.936075,2.457283,-0.001200,1.294638,1.295366
53.400000,-41.209522,33.967683,2.457216,-0.001453,1.295302,1.295105
53.450000,-41.248262,33.999294,2.457139,-0.001637,1.296280,1.294877
53.500000,-41.286999,34.030908,2.457064,-0.001364,1.296268,1.290332
53.550000,-41.325734,34.062524,2.457017,-0.000486,1.296244,1.290343
53.600000,-41.364468,34.094142,2.457024,0.000740,1.294593,1.290557
53.650000,-41.403203,34.125758,2.457085,0.001700,1.294365,1.296453
53.700000,-41.441941,34.157371,2.457167,0.001542,1.294135,1.298676
53.750000,-41.480681,34.188981,2.457192,-0.000535,1.294119,1.299981
53.800000,-41.519419,34.220594,2.457053,-0.005062,1.294175,1.299931
53.850000,-41.558149,34.252217,2.456624,-0.012118,1.295150,1.299650
53.900000,-41.596859,34.283864,2.455788,-0.021318,1.295461,1.299327
53.950000,-41.635535,34.315553,2.454457,-0.031924,1.295822,1.297606
54.000000,-41.674160,34.347303,2.452583,-0.043061,1.295654,1.289530
54.050000,-41.712716,34.379137,2.450157,-0.053955,1.294036,1.289260
54.100000,-41.751187,34.411074,2.447205,-0.064106,1.293723,1.289074
54.150000,-41.789556,34.443135,2.443769,-0.073333,1.293488,1.289010
54.200000,-41.827807,34.475335,2.439893,-0.081709,1.293320,1.288980
54.250000,-41.865926,34.507691,2.435616,-0.089379,1.293274,1.289017
54.300000,-41.903900,34.540217,2.430971,-0.096413,1.293453,1.287849
54.350000,-41.941718,34.572926,2.425993,-0.102696,1.294001,1.287499
54.400000,-41.979367,34.605828,2.420727,-0.107934,1.294314,1.287186
54.450000,-42.016838,34.638932,2.415234,-0.111766,1.294473,1.287038
54.500000,-42.054125,34.672245,2.409592,-0.113899,1.294488,1.288137
54.550000,-42.091221,34.705768,2.403889,-0.114183,1.294381,1.290778
54.600000,-42.128126,34.739503,2.398218,-0.112632,1.295968,1.294979
54.650000,-42.164841,34.773444,2.392668,-0.109366,1.295924,1.299556
54.700000,-42.201370,34.807585,2.387321,-0.104514,1.303287,1.299624
54.750000,-42.237721,34.841916,2.382253,-0.098186,1.304055,1.299873
54.800000,-42.273903,34.876425,2.377535,-0.090497,1.306099,1.300432
54.850000,-42.309929,34.911097,2.373232,-0.081634,1.307822,1.301478
54.900000,-42.345814,34.945915,2.369391,-0.071982,1.307560,1.301751
54.950000,-42.381572,34.980862,2.366038,-0.062140,1.307192,1.303102
55.000000,-42.417222,35.015921,2.363162,-0.052923,1.306416,1.303383
55.050000,-42.452779,35.051074,2.360708,-0.045259,1.305933,1.303767
55.100000,-42.488255,35.086308,2.358577,-0.040031,1.305762,1.303938
55.150000,-42.523660,35.121613,2.356629,-0.037912,1.305661,1.304008
55.200000,-42.558997,35.156987,2.354702,-0.039227,1.303017,1.303971
55.250000,-42.594263,35.192431,2.352626,-0.043846,1.303089,1.302926
55.300000,-42.629451,35.227953,2.350250,-0.051201,1.304679,1.302621
55.350000,-42.664547,35.263566,2.347462,-0.060331,1.304989,1.302326
55.400000,-42.699536,35.299284,2.344201,-0.070113,1.306720,1.301883
55.450000,-42.734399,35.335125,2.340461,-0.079473,1.307422,1.301478
55.500000,-42.769120,35.371104,2.336282,-0.087658,1.307670,1.301217
55.550000,-42.803683,35.407234,2.331730,-0.094405,1.307676,1.300086
55.600000,-42.838076,35.443526,2.326870,-0.099993,1.304437,1.300140
55.650000,-42.872287,35.479990,2.321743,-0.105102,1.304220,1.298417
55.700000,-42.906306,35.516633,2.316351,-0.110600,1.300773,1.296671
55.750000,-42.940121,35.553464,2.310656,-0.117214,1.298116,1.294884
55.800000,-42.973719,35.590493,2.304592,-0.125362,1.298351,1.294624
55.850000,-43.007084,35.627733,2.298083,-0.135015,1.298822,1.292262
55.900000,-43.040197,35.665197,2.291062,-0.145811,1.299207,1.290693
55.950000,-43.073035,35.702901,2.283488,-0.157184,1.299527,1.290368
56.000000,-43.105576,35.740863,2.275344,-0.168558,1.299449,1.290143
56.050000,-43.137797,35.779097,2.266643,-0.179457,1.299528,1.289580
56.100000,-43.169673,35.817619,2.257418,-0.189531,1.299691,1.289908
56.150000,-43.201183,35.856440,2.247717,-0.198495,1.299671,1.289820
56.200000,-43.232306,35.895573,2.237601,-0.206133,1.299946,1.289054
56.250000,-43.263025,35.935023,2.227139,-0.212295,1.300250,1.288750
56.300000,-43.293324,35.974797,2.216406,-0.217025,1.300502,1.288498
56.350000,-43.323190,36.014897,2.205463,-0.220693,1.300517,1.288483
56.400000,-43.352612,36.055325,2.194344,-0.224068,1.300436,1.288622
56.450000,-43.381578,36.096079,2.183037,-0.228250,1.299901,1.291870
56.500000,-43.410077,36.137162,2.171472,-0.234455,1.298456,1.292028
56.550000,-43.438092,36.178577,2.159520,-0.243674,1.297764,1.291964
56.600000,-43.465599,36.220331,2.147021,-0.256373,1.298137,1.288635
56.650000,-43.492567,36.262434,2.133806,-0.272286,1.298653,1.287015
56.700000,-43.518959,36.304901,2.119739,-0.290431,1.299345,1.285101
56.750000,-43.544731,36.347748,2.104745,-0.309311,1.300036,1.282552
56.800000,-43.569838,36.390987,2.088829,-0.327240,1.300548,1.281620
56.850000,-43.594235,36.434631,2.072078,-0.342689,1.300706,1.280494
56.900000,-43.617881,36.478686,2.054643,-0.354567,1.300926,1.280311
56.950000,-43.640744,36.523153,2.036717,-0.362352,1.301148,1.281099
57.000000,-43.662800,36.568025,2.018501,-0.366144,1.301182,1.282264
57.050000,-43.684031,36.613294,2.000181,-0.366538,1.301184,1.283316
57.100000,-43.704430,36.658943,1.981903,-0.364536,1.301017,1.283473
57.150000,-43.723994,36.704957,1.963757,-0.361334,1.300595,1.283720
57.200000,-43.742723,36.751317,1.945770,-0.358204,1.300336,1.284274
57.250000,-43.760619,36.798004,1.927910,-0.356324,1.300450,1.284443
57.300000,-43.777679,36.845004,1.910087,-0.356730,1.302054,1.284298
57.350000,-43.793898,36.892300,1.892169,-0.360212,1.302208,1.281692
57.400000,-43.809261,36.939881,1.873986,-0.367333,1.302321,1.281498
57.450000,-43.823746,36.987737,1.855350,-0.378352,1.301265,1.281478
57.500000,-43.837322,37.035859,1.836067,-0.393185,1.301407,1.283372
57.550000,-43.849948,37.084238,1.815958,-0.411301,1.301368,1.283132
57.600000,-43.861576,37.132867,1.794885,-0.431696,1.302107,1.282572
57.650000,-43.872152,37.181736,1.772768,-0.452956,1.305187,1.281713
57.700000,-43.881618,37.230832,1.749603,-0.473456,1.306107,1.280652
57.750000,-43.889920,37.280138,1.725468,-0.491722,1.307719,1.277481
57.800000,-43.897009,37.329633,1.700498,-0.506762,1.308102,1.277125
57.850000,-43.902842,37.379291,1.674864,-0.518332,1.308324,1.277734
57.900000,-43.907388,37.429084,1.648728,-0.526937,1.308226,1.283015
57.950000,-43.910621,37.478980,1.622211,-0.533634,1.307943,1.283624
58.000000,-43.912521,37.528944,1.595380,-0.539631,1.307641,1.283659
58.050000,-43.913073,37.578940,1.568243,-0.545925,1.307715,1.283537
58.100000,-43.912260,37.628934,1.540771,-0.553025,1.307707,1.283142
58.150000,-43.910065,37.678886,1.512924,-0.560905,1.308022,1.282478
58.200000,-43.906470,37.728756,1.484672,-0.569123,1.308317,1.281599
58.250000,-43.901458,37.778504,1.456015,-0.577043,1.308519,1.277781
58.300000,-43.895012,37.828087,1.426982,-0.584065,1.308200,1.276911
58.350000,-43.887122,37.877461,1.397631,-0.589763,1.305618,1.272691
58.400000,-43.877780,37.926580,1.368032,-0.593954,1.304482,1.272203
58.450000,-43.866984,37.975401,1.338261,-0.596687,1.303862,1.270240
58.500000,-43.854736,38.023877,1.308384,-0.598248,1.303889,1.272611
58.550000,-43.841045,38.071966,1.278448,-0.599145,1.304122,1.272528
58.600000,-43.825919,38.119623,1.248468,-0.600136,1.305596,1.272560
58.650000,-43.809370,38.166805,1.218417,-0.602142,1.309075,1.272625
58.700000,-43.791407,38.213467,1.188220,-0.606140,1.309123,1.274772
58.750000,-43.772039,38.259563,1.157756,-0.612862,1.309683,1.282582
58.800000,-43.751266,38.305044,1.126882,-0.622518,1.309952,1.282548
58.850000,-43.729088,38.349856,1.095460,-0.634543,1.310400,1.282169
58.900000,-43.705499,38.393942,1.063404,-0.647575,1.311668,1.285190
58.950000,-43.680495,38.437241,1.030709,-0.659667,1.314009,1.296164
59.000000,-43.654077,38.479692,0.997476,-0.668753,1.316272,1.295560
59.050000,-43.626255,38.521236,0.963900,-0.673125,1.317128,1.291109
59.100000,-43.597052,38.561822,0.930245,-0.671821,1.316916,1.279391
59.150000,-43.566503,38.601404,0.896802,-0.664684,1.316318,1.277207
59.200000,-43.534656,38.639950,0.863854,-0.652167,1.315686,1.272114
59.250000,-43.501570,38.677437,0.831651,-0.635017,1.315297,1.272503
59.300000,-43.467311,38.713856,0.800406,-0.614006,1.315479,1.271796
59.350000,-43.431951,38.749206,0.770293,-0.589917,1.316242,1.270872
59.400000,-43.395563,38.783498,0.741444,-0.563678,1.316217,1.274053
59.450000,-43.358224,38.816751,0.713938,-0.536557,1.315376,1.278803
59.500000,-43.320006,38.848991,0.687779,-0.510194,1.314327,1.283673
59.550000,-43.280978,38.880244,0.662884,-0.486405,1.313589,1.284683
59.600000,-43.241201,38.910540,0.639081,-0.466794,1.313795,1.286832
59.650000,-43.200727,38.939898,0.616133,-0.452320,1.314301,1.291300
59.700000,-43.159600,38.968332,0.593776,-0.443059,1.315294,1.293883
59.750000,-43.117852,38.995848,0.571764,-0.438192,1.317032,1.293568
59.800000,-43.075511,39.022443,0.549912,-0.436253,1.317293,1.293632
59.850000,-43.032600,39.048107,0.528119,-0.435467,1.316227,1.294180
59.900000,-42.989141,39.072831,0.506370,-0.434083,1.314229,1.294271
59.950000,-42.945155,39.096606,0.484736,-0.430545,1.313855,1.294385
60.000000,-42.900668,39.119430,0.463358,-0.423572,1.313180,1.294131
60.050000,-42.855708,39.141306,0.442435,-0.412161,1.312790,1.292534
60.100000,-42.810307,39.162252,0.422208,-0.395640,1.312524,1.290188
60.150000,-42.764501,39.182296,0.402940,-0.373800,1.310346,1.289363
60.200000,-42.718328,39.201482,0.384892,-0.347070,1.306784,1.289916
60.250000,-42.671829,39.219863,0.368283,-0.316636,1.304695,1.290754
60.300000,-42.625046,39.237507,0.353255,-0.284421,1.301699,1.291133
60.350000,-42.578016,39.254483,0.339836,-0.252858,1.299719,1.291133
60.400000,-42.530775,39.270863,0.327930,-0.224508,1.297228,1.292013
60.450000,-42.483353,39.286711,0.317316,-0.201586,1.295480,1.292685
60.500000,-42.435774,39.302080,0.307682,-0.185516,1.293522,1.293059
60.550000,-42.388053,39.317006,0.298670,-0.176649,1.292970,1.293130
60.600000,-42.340203,39.331509,0.289932,-0.174195,1.293511,1.292909
60.650000,-42.292228,39.345594,0.281187,-0.176405,1.294289,1.290491
60.700000,-42.244130,39.359255,0.272258,-0.180975,1.294604,1.285474
60.750000,-42.195911,39.372480,0.263087,-0.185555,1.295006,1.282794
60.800000,-42.147571,39.385258,0.253725,-0.188264,1.295037,1.282602
60.850000,-42.099114,39.397580,0.244298,-0.188063,1.294789,1.282611
60.900000,-42.050542,39.409447,0.234958,-0.184892,1.294491,1.283957
60.950000,-42.001863,39.420864,0.225838,-0.179530,1.294009,1.287970
61.000000,-41.953084,39.431844,0.217018,-0.173255,1.293554,1.291346
61.050000,-41.904211,39.442401,0.208509,-0.167401,1.293243,1.291657
61.100000,-41.855251,39.452548,0.200260,-0.162972,1.293055,1.290141
61.150000,-41.806211,39.462296,0.192187,-0.160415,1.292945,1.287471
61.200000,-41.757093,39.471650,0.184196,-0.159594,1.293168,1.286832
61.250000,-41.707903,39.480611,0.176212,-0.159930,1.296218,1.286917
61.300000,-41.658643,39.489179,0.168197,-0.160604,1.300400,1.287626
61.350000,-41.609315,39.497351,0.160158,-0.160708,1.301261,1.289401
61.400000,-41.559923,39.505127,0.152144,-0.159343,1.302524,1.292215
61.450000,-41.510471,39.512509,0.144253,-0.155630,1.302766,1.293621
61.500000,-41.460963,39.519506,0.136621,-0.148762,1.303357,1.293934
61.550000,-41.411405,39.526136,0.129425,-0.138115,1.303650,1.294350
61.600000,-41.361802,39.532423,0.122861,-0.123480,1.303513,1.294487
61.650000,-41.312161,39.538405,0.117123,-0.105319,1.302836,1.294753
61.700000,-41.262489,39.544125,0.112360,-0.084964,1.301624,1.295212
61.750000,-41.212793,39.549634,0.108630,-0.064601,1.300543,1.296057
61.800000,-41.163080,39.554983,0.105867,-0.046997,1.297423,1.296957
61.850000,-41.113355,39.560214,0.103861,-0.034967,1.293446,1.297672
61.900000,-41.063620,39.565357,0.102272,-0.030728,1.292883,1.297994
61.950000,-41.013877,39.570423,0.100675,-0.035308,1.292806,1.297647
62.000000,-40.964126,39.575400,0.098632,-0.048215,1.293357,1.296743
62.050000,-40.914362,39.580256,0.095768,-0.067479,1.294297,1.295556
62.100000,-40.864582,39.584944,0.091837,-0.090075,1.295436,1.294064
62.150000,-40.814782,39.589408,0.086758,-0.112604,1.295613,1.291208
62.200000,-40.764957,39.593591,0.080614,-0.132033,1.294045,1.286975
62.250000,-40.715106,39.597446,0.073620,-0.146253,1.292796,1.285404
62.300000,-40.665228,39.600937,0.066068,-0.154330,1.292575,1.285625
62.350000,-40.615325,39.604044,0.058266,-0.156393,1.293719,1.288208
62.400000,-40.565399,39.606761,0.050496,-0.153275,1.297261,1.291556
62.450000,-40.515453,39.609096,0.042991,-0.146096,1.300087,1.291926
62.500000,-40.465492,39.611066,0.035926,-0.135928,1.300984,1.292441
62.550000,-40.415519,39.612697,0.029426,-0.123673,1.300840,1.292968
62.600000,-40.365536,39.614019,0.023577,-0.110088,1.300298,1.293844
62.650000,-40.315547,39.615067,0.018426,-0.095896,1.299529,1.294671
62.700000,-40.265553,39.615874,0.013986,-0.081843,1.299034,1.295416
62.750000,-40.215557,39.616477,0.010231,-0.068656,1.298753,1.296506
62.800000,-40.165559,39.616907,0.007102,-0.056927,1.298651,1.297249
62.850000,-40.115560,39.617196,0.004516,-0.046948,1.298502,1.297107
62.900000,-40.065560,39.617367,0.002386,-0.038630,1.298487,1.296463
62.950000,-40.015560,39.617441,0.000637,-0.031549,1.298511,1.296089
63.000000,-39.965560,39.617436,-0.000778,-0.025102,1.298238,1.296028
63.050000,-39.915560,39.617368,-0.001875,-0.018736,1.297712,1.296088
63.100000,-39.865560,39.617254,-0.002649,-0.012155,1.297525,1.296525
63.150000,-39.815561,39.617109,-0.003089,-0.005441,1.297451,1.297116
63.200000,-39.765561,39.616950,-0.003197,0.000958,1.297383,1.297459
63.250000,-39.715561,39.616794,-0.003005,0.006368,1.297137,1.297763
63.300000,-39.665561,39.616654,-0.002581,0.010092,1.296960,1.297565
63.350000,-39.615561,39.616538,-0.002023,0.011636,1.296917,1.297083
63.400000,-39.565561,39.616452,-0.001447,0.010860,1.296862,1.297180
63.450000,-39.515561,39.616392,-0.000964,0.008057,1.296889,1.297211
63.500000,-39.465562,39.616352,-0.000660,0.003902,1.297088,1.297137
63.550000,-39.415562,39.616322,-0.000580,-0.000664,1.297261,1.297430
63.600000,-39.365562,39.616291,-0.000719,-0.004618,1.297494,1.297606
63.650000,-39.315562,39.616247,-0.001023,-0.007058,1.297655,1.297445
63.700000,-39.265562,39.616187,-0.001398,-0.007369,1.297674,1.297426
63.750000,-39.215562,39.616108,-0.001730,-0.005357,1.297610,1.297282
63.800000,-39.165562,39.616017,-0.001907,-0.001279,1.297459,1.296975
63.850000,-39.115562,39.615922,-0.001839,0.004199,1.297210,1.296990
63.900000,-39.065562,39.615838,-0.001480,0.010133,1.296893,1.297307
63.950000,-39.015562,39.615779,-0.000832,0.015486,1.296633,1.297567
64.000000,-38.965562,39.615758,0.000050,0.019326,1.296494,1.297706
64.050000,-38.915562,39.615786,0.001073,0.020967,1.296491,1.297751
64.100000,-38.865562,39.615866,0.002114,0.020052,1.296570,1.297689
64.150000,-38.815562,39.615996,0.003044,0.016514,1.296707,1.297576
64.200000,-38.765562,39.616166,0.003733,0.010477,1.296997,1.297362
64.250000,-38.715563,39.616363,0.004062,0.002112,1.297369,1.297097
64.300000,-38.665563,39.616565,0.003916,-0.008461,1.297638,1.296896
64.350000,-38.615564,39.616745,0.003187,-0.021221,1.297752,1.296714
64.400000,-38.565564,39.616872,0.001766,-0.036166,1.298164,1.296536
64.450000,-38.515564,39.616908,-0.000456,-0.053172,1.298433,1.296267
64.500000,-38.465564,39.616811,-0.003573,-0.071833,1.298836,1.295864
64.550000,-38.415565,39.616535,-0.007651,-0.091344,1.299668,1.295323
64.600000,-38.365567,39.616030,-0.012705,-0.110503,1.300705,1.294695
64.650000,-38.315573,39.615249,-0.018680,-0.127860,1.301450,1.293909
64.700000,-38.265585,39.614149,-0.025450,-0.141954,1.302122,1.293178
64.750000,-38.215607,39.612694,-0.032819,-0.151584,1.302428,1.292705
64.800000,-38.165640,39.610861,-0.040542,-0.155990,1.302219,1.292431
64.850000,-38.115690,39.608640,-0.048348,-0.154907,1.301682,1.292618
64.900000,-38.065758,39.606032,-0.055963,-0.148457,1.300330,1.292421
64.950000,-38.015846,39.603054,-0.063128,-0.136955,1.296723,1.290189
65.000000,-37.965957,39.599735,-0.069598,-0.120738,1.293789,1.287843
65.050000,-37.916088,39.596115,-0.075145,-0.100102,1.293344,1.288056
65.100000,-37.866238,39.592246,-0.079556,-0.075417,1.293034,1.289332
65.150000,-37.816402,39.588190,-0.082643,-0.047355,1.292344,1.291902
65.200000,-37.766577,39.584016,-0.084262,-0.017120,1.291348,1.293652
65.250000,-37.716755,39.579799,-0.084348,0.013429,1.290364,1.294636
65.300000,-37.666930,39.575616,-0.082943,0.041878,1.288184,1.296353
65.350000,-37.617097,39.571537,-0.080219,0.065565,1.285550,1.298182
65.400000,-37.567251,39.567620,-0.076477,0.082029,1.284681,1.298819
65.450000,-37.517389,39.563906,-0.072131,0.089462,1.284486,1.299014
65.500000,-37.467511,39.560415,-0.067657,0.087039,1.286923,1.298768
65.550000,-37.417618,39.557139,-0.063550,0.075058,1.292039,1.298895
65.600000,-37.367714,39.554050,-0.060258,0.054879,1.296716,1.299140
65.650000,-37.317801,39.551098,-0.058141,0.028728,1.300218,1.298435
65.700000,-37.267884,39.548216,-0.057429,-0.000569,1.301298,1.297702
65.750000,-37.217967,39.545333,-0.058201,-0.029880,1.302133,1.295515
65.800000,-37.168055,39.542376,-0.060380,-0.056082,1.302254,1.292363
65.850000,-37.118151,39.539279,-0.063736,-0.076400,1.301654,1.290120
65.900000,-37.068259,39.535993,-0.067920,-0.088779,1.300374,1.286807
65.950000,-37.018382,39.532486,-0.072500,-0.092206,1.297836,1.284559
66.000000,-36.968522,39.528750,-0.077028,-0.086900,1.296294,1.284879
66.050000,-36.918678,39.524799,-0.081095,-0.074300,1.295328,1.286350
66.100000,-36.868850,39.520662,-0.084392,-0.056810,1.294129,1.289149
66.150000,-36.819033,39.516385,-0.086748,-0.037363,1.292766,1.291137
66.200000,-36.769224,39.512015,-0.088139,-0.018912,1.291709,1.291791
66.250000,-36.719420,39.507597,-0.088682,-0.003987,1.290163,1.292149
66.300000,-36.669616,39.503168,-0.088605,0.005597,1.288461,1.292239
66.350000,-36.619812,39.498753,-0.088203,0.008845,1.288517,1.292183
66.400000,-36.570005,39.494359,-0.087804,0.005549,1.288611,1.291834
66.450000,-36.520197,39.489979,-0.087727,-0.003817,1.288782,1.291318
66.500000,-36.470391,39.485588,-0.088251,-0.018202,1.289462,1.290977
66.550000,-36.420588,39.481151,-0.089593,-0.036074,1.290409,1.290491
66.600000,-36.370793,39.476625,-0.091881,-0.055513,1.291045,1.289304
66.650000,-36.321011,39.471960,-0.095139,-0.074355,1.293515,1.286128
66.700000,-36.271247,39.467110,-0.099282,-0.090408,1.297245,1.282667
66.750000,-36.221505,39.462036,-0.104120,-0.101696,1.298631,1.281569
66.800000,-36.171790,39.456710,-0.109373,-0.106713,1.298801,1.281399
66.850000,-36.122103,39.451120,-0.114701,-0.104617,1.296471,1.283219
66.900000,-36.072446,39.445270,-0.119742,-0.095301,1.292985,1.285845
66.950000,-36.022818,39.439185,-0.124146,-0.079380,1.291280,1.286299
67.000000,-35.973214,39.432903,-0.127610,-0.058100,1.289389,1.283534
67.050000,-35.923629,39.426478,-0.129908,-0.033224,1.288815,1.279685
67.100000,-35.874054,39.419971,-0.130912,-0.006899,1.288551,1.280375
67.150000,-35.824482,39.413446,-0.130608,0.018494,1.288930,1.288195
67.200000,-35.774903,39.406967,-0.129103,0.040548,1.289917,1.298548
67.250000,-35.725312,39.400588,-0.126622,0.057088,1.291561,1.299319
67.300000,-35.675703,39.394349,-0.123485,0.066465,1.292574,1.299626
67.350000,-35.626073,39.388275,-0.120077,0.067808,1.292827,1.299586
67.400000,-35.576423,39.382368,-0.116806,0.061173,1.293439,1.298835
67.450000,-35.526755,39.376612,-0.114051,0.047541,1.294034,1.297325
67.500000,-35.477074,39.370974,-0.112121,0.028645,1.294723,1.295409
67.550000,-35.427385,39.365406,-0.111227,0.006692,1.295401,1.293699
67.600000,-35.377694,39.359855,-0.111463,-0.015996,1.296061,1.293039
67.650000,-35.328008,39.354264,-0.112811,-0.037305,1.296677,1.293619
67.700000,-35.278332,39.348581,-0.115157,-0.055602,1.297137,1.295660
67.750000,-35.228672,39.342761,-0.118321,-0.069879,1.297907,1.296563
67.800000,-35.179032,39.336767,-0.122089,-0.079769,1.300459,1.296437
67.850000,-35.129417,39.330576,-0.126243,-0.085439,1.302826,1.295790
67.900000,-35.079829,39.324173,-0.130584,-0.087374,1.302704,1.294911
67.950000,-35.030269,39.317554,-0.134939,-0.086123,1.302538,1.294962
68.000000,-34.980738,39.310722,-0.139161,-0.082090,1.301524,1.294522
68.050000,-34.931235,39.303688,-0.143115,-0.075440,1.298259,1.293617
68.100000,-34.881759,39.296466,-0.146671,-0.066166,1.295506,1.292924
68.150000,-34.832308,39.289082,-0.149698,-0.054292,1.295403,1.292397
68.200000,-34.782876,39.281563,-0.152071,-0.040170,1.295144,1.292656
68.250000,-34.733460,39.273946,-0.153697,-0.024722,1.296036,1.293090
68.300000,-34.684053,39.266267,-0.154545,-0.009487,1.297246,1.293654
68.350000,-34.634650,39.258564,-0.154672,0.003541,1.296537,1.294363
68.400000,-34.585245,39.250870,-0.154243,0.012334,1.292311,1.294952
68.450000,-34.535836,39.243206,-0.153511,0.015362,1.285037,1.294539
68.500000,-34.486422,39.235579,-0.152787,0.012065,1.282364,1.291039
68.550000,-34.437002,39.227982,-0.152379,0.003067,1.282998,1.287202
68.600000,-34.387582,39.220391,-0.152534,-0.009929,1.285044,1.286355
68.650000,-34.338165,39.212775,-0.153395,-0.024579,1.288818,1.285509
68.700000,-34.288758,39.205099,-0.154984,-0.038492,1.292229,1.285327
68.750000,-34.239365,39.197328,-0.157212,-0.049789,1.293860,1.287096
68.800000,-34.189992,39.189435,-0.159917,-0.057436,1.293791,1.289109
68.850000,-34.140642,39.181400,-0.162907,-0.061288,1.293588,1.289312
68.900000,-34.091317,39.173215,-0.166003,-0.061874,1.293421,1.289479
68.950000,-34.042017,39.164877,-0.169063,-0.060051,1.293308,1.289592
69.000000,-33.992742,39.156391,-0.171988,-0.056683,1.293554,1.289603
69.050000,-33.943492,39.147766,-0.174720,-0.052436,1.294193,1.289607
69.100000,-33.894264,39.139012,-0.177226,-0.047730,1.294456,1.291073
69.150000,-33.845057,39.130140,-0.179490,-0.042794,1.294371,1.293615
69.200000,-33.795870,39.121163,-0.181504,-0.037765,1.294407,1.294535
69.250000,-33.746699,39.112093,-0.183266,-0.032773,1.294347,1.294653
69.300000,-33.697544,39.102943,-0.184783,-0.027978,1.294188,1.294769
69.350000,-33.648401,39.093724,-0.186069,-0.023568,1.295384,1.294801
69.400000,-33.599269,39.084446,-0.187147,-0.019741,1.297036,1.294864
69.450000,-33.550147,39.075121,-0.188053,-0.016688,1.297097,1.294932
69.500000,-33.501032,39.065754,-0.188828,-0.014568,1.297104,1.294968
69.550000,-33.451924,39.056351,-0.189523,-0.013501,1.296762,1.294966
69.600000,-33.402822,39.046915,-0.190192,-0.013537,1.296528,1.294887
69.650000,-33.353727,39.037446,-0.190890,-0.014619,1.295514,1.294759
69.700000,-33.304639,39.027941,-0.191665,-0.016554,1.293648,1.294653
69.750000,-33.255559,39.018395,-0.192552,-0.018997,1.292953,1.294547
69.800000,-33.206488,39.008802,-0.193566,-0.021472,1.293050,1.294321
69.850000,-33.157427,38.999157,-0.194694,-0.023454,1.293578,1.293065
69.900000,-33.108377,38.989454,-0.195899,-0.024491,1.294250,1.291650
69.950000,-33.059339,38.979692,-0.197128,-0.024376,1.294329,1.291571
70.000000,-33.010314,38.969869,-0.198324,-0.023275,1.294312,1.291588
70.050000,-32.961299,38.959990,-0.199450,-0.021768,1.295577,1.291693
70.100000,-32.912296,38.950058,-0.200506,-0.020767,1.297147,1.292766
70.150000,-32.863303,38.940074,-0.201545,-0.021255,1.297386,1.296952
70.200000,-32.814320,38.930038,-0.202659,-0.023915,1.297904,1.300896
70.250000,-32.765350,38.919943,-0.203965,-0.028780,1.297934,1.300866
70.300000,-32.716394,38.909778,-0.205556,-0.035030,1.297776,1.300511
70.350000,-32.667456,38.899527,-0.207467,-0.041087,1.297694,1.296568
70.400000,-32.618540,38.889175,-0.209640,-0.045037,1.298375,1.291339
70.450000,-32.569646,38.878714,-0.211924,-0.045287,1.298836,1.290764
70.500000,-32.520777,38.868143,-0.214113,-0.041214,1.298850,1.290792
70.550000,-32.471929,38.857471,-0.215999,-0.033571,1.298300,1.291400
70.600000,-32.423099,38.846718,-0.217449,-0.024437,1.297179,1.292307
70.650000,-32.374282,38.835905,-0.218457,-0.016670,1.292079,1.293221
70.700000,-32.325474,38.825050,-0.219167,-0.013056,1.286226,1.293103
70.750000,-32.276674,38.814164,-0.219838,-0.015401,1.286252,1.292048
70.800000,-32.227882,38.803239,-0.220786,-0.023946,1.286968,1.290388
70.850000,-32.179103,38.792255,-0.222296,-0.037273,1.287981,1.288119
70.900000,-32.130345,38.781180,-0.224544,-0.052731,1.289124,1.287147
70.950000,-32.081617,38.769976,-0.227559,-0.067237,1.290057,1.287988
71.000000,-32.032926,38.758609,-0.231223,-0.078106,1.294071,1.289723
71.050000,-31.984280,38.747052,-0.235303,-0.083705,1.298924,1.289776
71.100000,-31.935682,38.735293,-0.239521,-0.083677,1.298611,1.290261
71.150000,-31.887134,38.723331,-0.243608,-0.078765,1.298650,1.290966
71.200000,-31.838634,38.711178,-0.247352,-0.070346,1.299036,1.293371
71.250000,-31.790176,38.698855,-0.250615,-0.059871,1.298966,1.296234
71.300000,-31.741756,38.686387,-0.253326,-0.048450,1.299001,1.296371
71.350000,-31.693365,38.673802,-0.255455,-0.036672,1.299214,1.296386
71.400000,-31.644998,38.661128,-0.256991,-0.024715,1.299196,1.296404
71.450000,-31.596647,38.648395,-0.257925,-0.012642,1.298686,1.296527
71.500000,-31.548304,38.635630,-0.258257,-0.000721,1.297516,1.296798
71.550000,-31.499961,38.622864,-0.258007,0.010360,1.296129,1.297284
71.600000,-31.451611,38.610123,-0.257244,0.019512,1.293916,1.296534
71.650000,-31.403250,38.597429,-0.256096,0.025455,1.289918,1.295262
71.700000,-31.354872,38.584796,-0.254753,0.027067,1.287082,1.295418
71.750000,-31.306477,38.572228,-0.253452,0.023715,1.287245,1.293364
71.800000,-31.258068,38.559716,-0.252445,0.015458,1.287599,1.290501
71.850000,-31.209649,38.547242,-0.251960,0.003051,1.288565,1.289965
71.900000,-31.161228,38.534775,-0.252177,-0.012231,1.290112,1.289418
71.950000,-31.112815,38.522277,-0.253202,-0.028857,1.291148,1.288952
72.000000,-31.064420,38.509711,-0.255062,-0.045309,1.291548,1.288552
72.050000,-31.016054,38.497034,-0.257715,-0.060266,1.292846,1.290135
72.100000,-30.967726,38.484212,-0.261057,-0.072678,1.294407,1.292393
72.150000,-30.919445,38.471215,-0.264941,-0.081765,1.294592,1.292208
72.200000,-30.871217,38.458021,-0.269185,-0.086984,1.294790,1.292053
72.250000,-30.823047,38.444618,-0.273586,-0.088004,1.294969,1.291931
72.300000,-30.774936,38.431004,-0.277930,-0.084742,1.294951,1.290269
72.350000,-30.726883,38.417186,-0.282008,-0.077414,1.294802,1.288198
72.400000,-30.678884,38.403183,-0.285627,-0.066589,1.294461,1.289831
72.450000,-30.630932,38.389020,-0.288633,-0.053200,1.293663,1.291992
72.500000,-30.583018,38.374730,-0.290928,-0.038474,1.291832,1.291171
72.550000,-30.535131,38.360348,-0.292480,-0.023814,1.290195,1.289905
72.600000,-30.487261,38.345909,-0.293327,-0.010624,1.289809,1.290291
72.650000,-30.439399,38.331444,-0.293576,-0.000140,1.289508,1.290592
72.700000,-30.391537,38.316978,-0.293387,0.006717,1.288874,1.290795
72.750000,-30.343671,38.302528,-0.292957,0.009419,1.288668,1.290863
72.800000,-30.295798,38.288100,-0.292500,0.007843,1.289656,1.290746
72.850000,-30.247919,38.273690,-0.292225,0.002229,1.290448,1.290525
72.900000,-30.200039,38.259285,-0.292322,-0.006902,1.291295,1.290250
72.950000,-30.152164,38.244864,-0.292951,-0.018825,1.292085,1.290518
73.000000,-30.104303,38.230397,-0.294230,-0.032656,1.292369,1.291548
73.050000,-30.056465,38.215852,-0.296229,-0.047367,1.292639,1.291961
73.100000,-30.008662,38.201194,-0.298964,-0.061799,1.293031,1.291569
73.150000,-29.960904,38.186388,-0.302390,-0.074686,1.293465,1.291006
73.200000,-29.913202,38.171404,-0.306398,-0.084751,1.293360,1.290423
73.250000,-29.865564,38.156219,-0.310816,-0.090875,1.293013,1.288578
73.300000,-29.817995,38.140818,-0.315426,-0.092292,1.293109,1.288001
73.350000,-29.770497,38.125198,-0.319982,-0.088785,1.292950,1.290150
73.400000,-29.723070,38.109368,-0.324246,-0.080804,1.292627,1.290473
73.450000,-29.675706,38.093346,-0.328019,-0.069468,1.292098,1.290915
73.500000,-29.628398,38.077161,-0.331170,-0.056432,1.292319,1.291402
73.550000,-29.581136,38.060842,-0.333664,-0.043654,1.292941,1.292507
73.600000,-29.533910,38.044420,-0.335562,-0.033076,1.292539,1.293761
73.650000,-29.486711,38.027919,-0.337018,-0.026289,1.292179,1.294078
73.700000,-29.439534,38.011356,-0.338251,-0.024251,1.291968,1.294232
73.750000,-29.392378,37.994735,-0.339506,-0.027085,1.292042,1.294115
73.800000,-29.345244,37.978049,-0.341013,-0.034060,1.291599,1.294415
73.850000,-29.298139,37.961284,-0.342948,-0.043765,1.291181,1.294719
73.900000,-29.251070,37.944415,-0.345403,-0.054438,1.292531,1.294104
73.950000,-29.204048,37.927418,-0.348384,-0.064399,1.293210,1.293008
74.000000,-29.157080,37.910270,-0.351819,-0.072429,1.292442,1.291310
74.050000,-29.110175,37.892952,-0.355596,-0.077996,1.292395,1.289684
74.100000,-29.063338,37.875452,-0.359589,-0.081230,1.292153,1.288847
74.150000,-29.016572,37.857761,-0.363695,-0.082673,1.291834,1.289122
74.200000,-28.969879,37.839878,-0.367840,-0.082891,1.291651,1.289249
74.250000,-28.923261,37.821801,-0.371972,-0.082123,1.291739,1.289204
74.300000,-28.876718,37.803534,-0.376037,-0.080115,1.293011,1.288941
74.350000,-28.830248,37.785080,-0.379960,-0.076217,1.294651,1.288549
74.400000,-28.783848,37.766450,-0.383626,-0.069720,1.296029,1.288297
74.450000,-28.737514,37.747658,-0.386895,-0.060307,1.298050,1.286840
74.500000,-28.691237,37.728726,-0.389625,-0.048409,1.298348,1.285352
74.550000,-28.645005,37.709683,-0.391719,-0.035317,1.297656,1.286044
74.600000,-28.598807,37.690559,-0.393164,-0.022965,1.295219,1.291254
74.650000,-28.552631,37.671381,-0.394050,-0.013460,1.292443,1.297657
74.700000,-28.506469,37.652171,-0.394567,-0.008515,1.292183,1.297917
74.750000,-28.460314,37.632942,-0.394971,-0.009006,1.292452,1.296564
74.800000,-28.414169,37.613691,-0.395536,-0.014798,1.293008,1.294202
74.850000,-28.368038,37.594405,-0.396506,-0.024892,1.293512,1.290198
74.900000,-28.321931,37.575062,-0.398062,-0.037797,1.293422,1.285901
74.950000,-28.275861,37.555631,-0.400303,-0.051972,1.292702,1.285564
75.000000,-28.229842,37.536081,-0.403260,-0.066149,1.290528,1.285395
75.050000,-28.183887,37.516379,-0.406908,-0.079455,1.288333,1.285570
75.100000,-28.138011,37.496494,-0.411188,-0.091342,1.288932,1.285801
75.150000,-28.092226,37.476401,-0.416019,-0.101394,1.289286,1.285927
75.200000,-28.046544,37.456075,-0.421299,-0.109161,1.289422,1.286112
75.250000,-28.000973,37.435501,-0.426900,-0.114110,1.290270,1.285482
75.300000,-27.955520,37.414668,-0.432667,-0.115719,1.290481,1.284515
75.350000,-27.910188,37.393572,-0.438425,-0.113662,1.290779,1.283386
75.400000,-27.864977,37.372220,-0.443988,-0.107998,1.291154,1.282707
75.450000,-27.819881,37.350624,-0.449185,-0.099236,1.291070,1.283783
75.500000,-27.774893,37.328804,-0.453882,-0.088253,1.290588,1.285155
75.550000,-27.730002,37.306787,-0.457994,-0.076078,1.290155,1.285645
75.600000,-27.685195,37.284599,-0.461486,-0.063625,1.289881,1.286616
75.650000,-27.640458,37.262268,-0.464361,-0.051501,1.289817,1.287583
75.700000,-27.595780,37.239822,-0.466643,-0.039961,1.289774,1.287626
75.750000,-27.551146,37.217287,-0.468364,-0.029013,1.289754,1.288256
75.800000,-27.506545,37.194688,-0.469552,-0.018638,1.289675,1.289212
75.850000,-27.461965,37.172046,-0.470237,-0.009017,1.289983,1.289540
75.900000,-27.417395,37.149385,-0.470469,-0.000637,1.290540,1.291185
75.950000,-27.372826,37.126721,-0.470326,0.005730,1.290559,1.293141
76.000000,-27.328251,37.104071,-0.469932,0.009201,1.290379,1.292057
76.050000,-27.283666,37.081440,-0.469452,0.009037,1.290207,1.292990
76.100000,-27.239070,37.058829,-0.469079,0.004892,1.290109,1.293664
76.150000,-27.194470,37.036229,-0.469011,-0.003011,1.290323,1.290177
76.200000,-27.149873,37.013622,-0.469418,-0.013852,1.290706,1.290753
76.250000,-27.105291,36.990983,-0.470418,-0.026336,1.291199,1.291501
76.300000,-27.060739,36.968286,-0.472055,-0.038958,1.292199,1.290980
76.350000,-27.016232,36.945503,-0.474299,-0.050336,1.293793,1.290530
76.400000,-26.971782,36.922607,-0.477061,-0.059526,1.296244,1.290151
76.450000,-26.927400,36.899580,-0.480220,-0.066227,1.298270,1.289930
76.500000,-26.883095,36.876406,-0.483656,-0.070774,1.298160,1.290868
76.550000,-26.838872,36.853075,-0.487279,-0.073933,1.297360,1.291389
76.600000,-26.794735,36.829582,-0.491041,-0.076534,1.295914,1.291827
76.650000,-26.750689,36.805919,-0.494931,-0.079078,1.294893,1.293458
76.700000,-26.706736,36.782083,-0.498948,-0.081488,1.294683,1.293217
76.750000,-26.662881,36.758067,-0.503071,-0.083099,1.295056,1.292407
76.800000,-26.619126,36.733870,-0.507236,-0.082929,1.295802,1.291447
76.850000,-26.575472,36.709492,-0.511331,-0.080137,1.296480,1.290391
76.900000,-26.531915,36.684940,-0.515213,-0.074463,1.296891,1.289433
76.950000,-26.488450,36.660226,-0.518747,-0.066496,1.297018,1.290812
77.000000,-26.445068,36.635367,-0.521849,-0.057609,1.295755,1.293494
77.050000,-26.401757,36.610384,-0.524518,-0.049590,1.293770,1.295274
77.100000,-26.358508,36.585293,-0.526839,-0.044093,1.292340,1.295597
77.150000,-26.315315,36.560106,-0.528971,-0.042135,1.292091,1.295509
77.200000,-26.272176,36.534828,-0.531099,-0.043797,1.292473,1.292899
77.250000,-26.229092,36.509455,-0.533388,-0.048246,1.292763,1.289518
77.300000,-26.186069,36.483979,-0.535942,-0.054027,1.294495,1.289122
77.350000,-26.143115,36.458386,-0.538788,-0.059503,1.296808,1.288892
77.400000,-26.100238,36.432666,-0.541872,-0.063291,1.295767,1.289321
77.450000,-26.057442,36.406810,-0.545085,-0.064535,1.294001,1.290737
77.500000,-26.014730,36.380817,-0.548290,-0.063015,1.293779,1.291739
77.550000,-25.972099,36.354690,-0.551355,-0.059083,1.293885,1.291915
77.600000,-25.929546,36.328436,-0.554177,-0.053502,1.293488,1.291918
77.650000,-25.887063,36.302070,-0.556696,-0.047256,1.293254,1.291864
77.700000,-25.844643,36.275602,-0.558906,-0.041360,1.293320,1.292080
77.750000,-25.802277,36.249048,-0.560847,-0.036706,1.293124,1.292276
77.800000,-25.759961,36.222415,-0.562600,-0.033917,1.292637,1.292501
77.850000,-25.717689,36.195710,-0.564265,-0.033209,1.292139,1.292661
77.900000,-25.675463,36.168935,-0.565944,-0.034329,1.292171,1.292717
77.950000,-25.633282,36.142087,-0.567713,-0.036574,1.292367,1.292633
78.000000,-25.591151,36.115163,-0.569604,-0.038945,1.293613,1.292218
78.050000,-25.549072,36.088156,-0.571597,-0.040422,1.295207,1.291737
78.100000,-25.507047,36.061065,-0.573626,-0.040294,1.296647,1.291489
78.150000,-25.465077,36.033889,-0.575604,-0.038447,1.298056,1.291544
78.200000,-25.423160,36.006632,-0.577456,-0.035467,1.297781,1.292562
78.250000,-25.381290,35.979302,-0.579150,-0.032507,1.296161,1.295619
78.300000,-25.339466,35.951903,-0.580723,-0.030939,1.293966,1.298172
78.350000,-25.297684,35.924439,-0.582275,-0.031849,1.293428,1.298372
78.400000,-25.255946,35.896909,-0.583945,-0.035635,1.293615,1.297267
78.450000,-25.214257,35.869304,-0.585870,-0.041794,1.294425,1.294969
78.500000,-25.172626,35.841611,-0.588139,-0.049026,1.296152,1.293023
78.550000,-25.131063,35.813817,-0.590765,-0.055622,1.297669,1.291731
78.600000,-25.089577,35.785908,-0.593674,-0.059972,1.297942,1.291458
78.650000,-25.048175,35.757874,-0.596722,-0.061048,1.297577,1.291517
78.700000,-25.006858,35.729715,-0.599734,-0.058651,1.296874,1.292526
78.750000,-24.965625,35.701435,-0.602550,-0.053406,1.295891,1.293928
78.800000,-24.924466,35.673045,-0.605053,-0.046488,1.294836,1.294364
78.850000,-24.883374,35.644559,-0.607193,-0.039242,1.294580,1.294576
78.900000,-24.842338,35.615993,-0.608986,-0.032813,1.294416,1.293984
78.950000,-24.801348,35.587360,-0.610494,-0.027904,1.294139,1.293098
79.000000,-24.760399,35.558669,-0.611799,-0.024727,1.293056,1.293057
79.050000,-24.719486,35.529927,-0.612987,-0.023123,1.292130,1.292970
79.100000,-24.678605,35.501138,-0.614127,-0.022774,1.291819,1.291793
79.150000,-24.637758,35.472302,-0.615277,-0.023424,1.291256,1.290444
79.200000,-24.596945,35.443419,-0.616482,-0.025007,1.291199,1.290501
79.250000,-24.556167,35.414484,-0.617791,-0.027671,1.290872,1.290565
79.300000,-24.515430,35.385493,-0.619265,-0.031657,1.290507,1.290593
79.350000,-24.474739,35.356437,-0.620975,-0.037115,1.290524,1.290576
79.400000,-24.434102,35.327306,-0.622994,-0.043908,1.290685,1.290415
79.450000,-24.393529,35.298085,-0.625377,-0.051506,1.291019,1.290081
79.500000,-24.353032,35.268761,-0.628144,-0.058993,1.291630,1.289732
79.550000,-24.312621,35.239316,-0.631261,-0.065219,1.292646,1.289404
79.600000,-24.272306,35.209741,-0.634636,-0.069052,1.293332,1.289168
79.650000,-24.232093,35.180026,-0.638126,-0.069645,1.294089,1.289068
79.700000,-24.191984,35.150173,-0.641555,-0.066652,1.294838,1.289687
79.750000,-24.151974,35.120186,-0.644748,-0.060309,1.295912,1.291257
79.800000,-24.112055,35.090078,-0.647552,-0.051361,1.297226,1.293787
79.850000,-24.072213,35.059869,-0.649864,-0.040866,1.296872,1.295916
79.900000,-24.032433,35.029578,-0.651633,-0.029948,1.296626,1.296274
79.950000,-23.992698,34.999227,-0.652865,-0.019568,1.296449,1.296451
80.000000,-23.952993,34.968838,-0.653605,-0.010408,1.296329,1.296440
80.050000,-23.913304,34.938428,-0.653926,-0.002871,1.296088,1.296337
80.100000,-23.873620,34.908011,-0.653915,0.002821,1.295384,1.296378
80.150000,-23.833931,34.877601,-0.653669,0.006489,1.294696,1.296504
80.200000,-23.794233,34.847203,-0.653295,0.007890,1.294581,1.296619
80.250000,-23.754523,34.816820,-0.652913,0.006712,1.294911,1.296683
80.300000,-23.714802,34.786451,-0.652660,0.002668,1.295416,1.296684
80.350000,-23.675078,34.756086,-0.652684,-0.004346,1.295482,1.296618
80.400000,-23.635361,34.725713,-0.653129,-0.014059,1.295689,1.296411
80.450000,-23.595665,34.695312,-0.654115,-0.025701,1.295777,1.296017
80.500000,-23.556009,34.664859,-0.655709,-0.037997,1.295848,1.295552
80.550000,-23.516410,34.634332,-0.657903,-0.049303,1.296646,1.295060
80.600000,-23.476886,34.603707,-0.660605,-0.057871,1.297530,1.293608
80.650000,-23.437451,34.572968,-0.663638,-0.062205,1.297834,1.291366
80.700000,-23.398112,34.542107,-0.666761,-0.061396,1.297867,1.290433
80.750000,-23.358867,34.511126,-0.669711,-0.055372,1.297673,1.290977
80.800000,-23.319707,34.480037,-0.672242,-0.044974,1.297213,1.291887
80.850000,-23.280617,34.448860,-0.674172,-0.031823,1.295761,1.292814
80.900000,-23.241577,34.417621,-0.675414,-0.018002,1.293998,1.294646
80.950000,-23.202566,34.386346,-0.675989,-0.005626,1.293422,1.296178
81.000000,-23.163563,34.355061,-0.676016,0.003582,1.293108,1.296492
81.050000,-23.124555,34.323782,-0.675683,0.008613,1.293067,1.296533
81.100000,-23.085533,34.292520,-0.675210,0.009289,1.293261,1.294894
81.150000,-23.046498,34.261275,-0.674803,0.006183,1.293004,1.292683
81.200000,-23.007453,34.230042,-0.674627,0.000367,1.291832,1.292324
81.250000,-22.968407,34.198810,-0.674785,-0.006881,1.291122,1.292428
81.300000,-22.929373,34.167564,-0.675319,-0.014344,1.291280,1.292939
81.350000,-22.890360,34.136291,-0.676210,-0.021025,1.292077,1.293167
81.400000,-22.851381,34.104976,-0.677402,-0.026187,1.293058,1.292923
81.450000,-22.812442,34.073611,-0.678804,-0.029341,1.293183,1.291729
81.500000,-22.773550,34.042189,-0.680308,-0.030240,1.293355,1.289801
81.550000,-22.734704,34.010708,-0.681799,-0.028888,1.293294,1.288774
81.600000,-22.695904,33.979171,-0.683172,-0.025596,1.293058,1.288842
81.650000,-22.657145,33.947585,-0.684342,-0.021004,1.292545,1.289093
81.700000,-22.618418,33.915958,-0.685266,-0.016021,1.291851,1.290236
81.750000,-22.579717,33.884300,-0.685951,-0.011668,1.291535,1.292571
81.800000,-22.541034,33.852620,-0.686452,-0.008853,1.291442,1.294308
81.850000,-22.502366,33.820922,-0.686863,-0.008149,1.291786,1.294589
81.900000,-22.463711,33.789208,-0.687295,-0.009672,1.292575,1.294156
81.950000,-22.425071,33.757475,-0.687855,-0.013104,1.293308,1.293418
82.000000,-22.386452,33.725717,-0.688623,-0.017831,1.293590,1.292255
82.050000,-22.347862,33.693924,-0.689646,-0.023142,1.293784,1.291216
82.100000,-22.309308,33.662087,-0.690936,-0.028391,1.293825,1.291175
82.150000,-22.270799,33.630195,-0.692478,-0.033065,1.293519,1.291218
82.200000,-22.232343,33.598240,-0.694231,-0.036744,1.293149,1.291251
82.250000,-22.193946,33.566214,-0.696135,-0.039011,1.293233,1.291298
82.300000,-22.155612,33.534113,-0.698108,-0.039389,1.293956,1.291400
82.350000,-22.117340,33.501938,-0.700044,-0.037373,1.295660,1.291938
82.400000,-22.079128,33.469690,-0.701810,-0.032557,1.297306,1.293055
82.450000,-22.040969,33.437381,-0.703262,-0.024810,1.297762,1.293838
82.500000,-22.002850,33.405025,-0.704257,-0.014433,1.297412,1.294188
82.550000,-21.964754,33.372642,-0.704681,-0.002216,1.295587,1.294177
82.600000,-21.926661,33.340254,-0.704470,0.010637,1.292974,1.293508
82.650000,-21.888551,33.307887,-0.703626,0.022685,1.291601,1.293262
82.700000,-21.850405,33.275563,-0.702228,0.032501,1.290674,1.294107
82.750000,-21.812206,33.243300,-0.700419,0.038915,1.290472,1.295409
82.800000,-21.773945,33.211112,-0.698389,0.041218,1.290442,1.296495
82.850000,-21.735618,33.179002,-0.696351,0.039305,1.289708,1.297005
82.900000,-21.697229,33.146967,-0.694506,0.033708,1.290393,1.296881
82.950000,-21.658785,33.114997,-0.693014,0.025539,1.292705,1.296595
83.000000,-21.620301,33.083075,-0.691967,0.016303,1.292395,1.293714
83.050000,-21.581791,33.051186,-0.691378,0.007608,1.291687,1.290094
83.100000,-21.543269,33.019310,-0.691183,0.000815,1.291779,1.289721
83.150000,-21.504745,32.987437,-0.691262,-0.003293,1.291335,1.289597
83.200000,-21.466226,32.955558,-0.691477,-0.004704,1.290452,1.291802
83.250000,-21.427714,32.923669,-0.691707,-0.004163,1.290661,1.295376
83.300000,-21.389209,32.891773,-0.691884,-0.002943,1.291166,1.296640
83.350000,-21.350709,32.859871,-0.692010,-0.002462,1.291523,1.297071
83.400000,-21.312213,32.827964,-0.692154,-0.003874,1.293462,1.296949
83.450000,-21.273723,32.796050,-0.692429,-0.007766,1.296022,1.296122
83.500000,-21.235246,32.764120,-0.692961,-0.014067,1.296996,1.294112
83.550000,-21.196791,32.732163,-0.693858,-0.022145,1.297396,1.291343
83.600000,-21.158372,32.700164,-0.695187,-0.031040,1.297266,1.289753
83.650000,-21.120003,32.668105,-0.696961,-0.039721,1.295431,1.289527
83.700000,-21.081697,32.635970,-0.699145,-0.047247,1.293251,1.289455
83.750000,-21.043467,32.603744,-0.701661,-0.052816,1.292749,1.289451
83.800000,-21.005322,32.571418,-0.704393,-0.055726,1.292777,1.290122
83.850000,-20.967267,32.538986,-0.707192,-0.055321,1.293398,1.290926
83.900000,-20.929302,32.506450,-0.709876,-0.051041,1.295906,1.290798
83.950000,-20.891420,32.473816,-0.712243,-0.042576,1.298154,1.290746
84.000000,-20.853607,32.441103,-0.714083,-0.030096,1.297995,1.290905
84.050000,-20.815842,32.408333,-0.715211,-0.014442,1.297524,1.292556
84.100000,-20.778102,32.375536,-0.715505,0.002844,1.295914,1.294811
84.150000,-20.740357,32.342744,-0.714930,0.019746,1.293967,1.295633
84.200000,-20.702579,32.309989,-0.713560,0.034203,1.292170,1.296861
84.250000,-20.664746,32.277299,-0.711560,0.044633,1.290394,1.297906
84.300000,-20.626841,32.244693,-0.709156,0.050346,1.290428,1.298440
84.350000,-20.588853,32.212182,-0.706581,0.051700,1.290846,1.298754
84.400000,-20.550782,32.179769,-0.704027,0.049908,1.294859,1.298503
84.450000,-20.512631,32.147451,-0.701611,0.046581,1.299744,1.298456
84.500000,-20.474404,32.115222,-0.699371,0.043168,1.299909,1.297985
84.550000,-20.436108,32.083075,-0.697286,0.040493,1.298635,1.297290
84.600000,-20.397746,32.051006,-0.695312,0.038564,1.295711,1.296832
84.650000,-20.359323,32.019012,-0.693428,0.036660,1.293342,1.296276
84.700000,-20.320842,31.987087,-0.691659,0.033664,1.292484,1.295616
84.750000,-20.282307,31.955228,-0.690088,0.028498,1.292556,1.296113
84.800000,-20.243726,31.923423,-0.688845,0.020521,1.292777,1.296623
84.850000,-20.205113,31.891657,-0.688072,0.009779,1.293664,1.296874
84.900000,-20.166485,31.859910,-0.687893,-0.002930,1.294804,1.297547
84.950000,-20.127862,31.828157,-0.688373,-0.016177,1.295256,1.297194
85.000000,-20.089264,31.796374,-0.689496,-0.028181,1.295714,1.296286
85.050000,-20.050711,31.764536,-0.691154,-0.037185,1.296170,1.293684
85.100000,-20.012217,31.732626,-0.693160,-0.041841,1.296481,1.290050
85.150000,-19.973789,31.700637,-0.695275,-0.041538,1.294272,1.287718
85.200000,-19.935428,31.668569,-0.697254,-0.036559,1.291003,1.285965
85.250000,-19.897125,31.636430,-0.698885,-0.028014,1.290237,1.287658
85.300000,-19.858866,31.604238,-0.700030,-0.017561,1.289612,1.290214
85.350000,-19.820636,31.572013,-0.700638,-0.006972,1.288952,1.291592
85.400000,-19.782418,31.539774,-0.700743,0.002305,1.288417,1.292971
85.450000,-19.744196,31.507540,-0.700434,0.009467,1.288594,1.294025
85.500000,-19.705958,31.475323,-0.699824,0.014438,1.289039,1.293118
85.550000,-19.667698,31.443134,-0.699012,0.017705,1.289373,1.291608
85.600000,-19.629409,31.410979,-0.698066,0.019989,1.289642,1.291015
85.650000,-19.591088,31.378862,-0.697019,0.021861,1.289677,1.290923
85.700000,-19.552732,31.346786,-0.695884,0.023468,1.289429,1.290996
85.750000,-19.514339,31.314756,-0.694679,0.024471,1.287965,1.291010
85.800000,-19.475906,31.282773,-0.693452,0.024217,1.286375,1.291244
85.850000,-19.437435,31.250836,-0.692281,0.022085,1.286230,1.291670
85.900000,-19.398929,31.218941,-0.691270,0.017865,1.286669,1.291625
85.950000,-19.360394,31.187081,-0.690516,0.012006,1.289593,1.291307
86.000000,-19.321840,31.155244,-0.690077,0.005600,1.292897,1.290790
86.050000,-19.283278,31.123417,-0.689946,0.000097,1.293652,1.290279
86.100000,-19.244715,31.091591,-0.690040,-0.003188,1.294199,1.289070
86.150000,-19.206157,31.059759,-0.690228,-0.003577,1.294180,1.287451
86.200000,-19.167604,31.027920,-0.690364,-0.001322,1.292739,1.287155
86.250000,-19.129053,30.996079,-0.690340,0.002431,1.289912,1.288251
86.300000,-19.090499,30.964243,-0.690121,0.006070,1.288044,1.291437
86.350000,-19.051935,30.932418,-0.689752,0.008138,1.287664,1.294280
86.400000,-19.013358,30.900609,-0.689336,0.007930,1.288026,1.295243
86.450000,-18.974769,30.868815,-0.688985,0.005773,1.292105,1.294983
86.500000,-18.936170,30.837032,-0.688769,0.002872,1.297855,1.292920
86.550000,-18.897567,30.805254,-0.688688,0.000763,1.299557,1.292343
86.600000,-18.858963,30.773479,-0.688669,0.000596,1.299676,1.292180
86.650000,-18.820358,30.741704,-0.688601,0.002574,1.295255,1.292473
86.700000,-18.781748,30.709935,-0.688395,0.005780,1.289337,1.293163
86.750000,-18.743129,30.678176,-0.688028,0.008492,1.288601,1.293899
86.800000,-18.704497,30.646434,-0.687574,0.008871,1.288184,1.294316
86.850000,-18.665851,30.614709,-0.687185,0.005732,1.289122,1.294253
86.900000,-18.627196,30.582995,-0.687046,-0.000906,1.294395,1.293783
86.950000,-18.588543,30.551278,-0.687305,-0.009690,1.299852,1.293048
87.000000,-18.549905,30.519543,-0.688015,-0.018301,1.300612,1.292638
87.050000,-18.511296,30.487773,-0.689102,-0.024173,1.299131,1.292554
87.100000,-18.472725,30.455956,-0.690373,-0.025317,1.296717,1.292383
87.150000,-18.434194,30.424092,-0.691564,-0.020969,1.296347,1.292622
87.200000,-18.395697,30.392187,-0.692408,-0.011846,1.295566,1.293234
87.250000,-18.357218,30.360259,-0.692711,0.000040,1.293957,1.294054
87.300000,-18.318738,30.328332,-0.692401,0.011962,1.292152,1.295154
87.350000,-18.280240,30.296428,-0.691547,0.021248,1.291592,1.297510
87.400000,-18.241708,30.264564,-0.690333,0.025980,1.292716,1.300243
87.450000,-18.203136,30.232750,-0.689015,0.025446,1.294593,1.301007
87.500000,-18.164523,30.200984,-0.687850,0.020184,1.295183,1.300417
87.550000,-18.125878,30.169257,-0.687040,0.011675,1.295240,1.296592
87.600000,-18.087215,30.137553,-0.686701,0.001805,1.294624,1.292069
87.650000,-18.048549,30.105852,-0.686856,-0.007694,1.294098,1.291852
87.700000,-18.009896,30.074136,-0.687451,-0.015646,1.293674,1.291826
87.750000,-17.971266,30.042390,-0.688394,-0.021556,1.293615,1.291885
87.800000,-17.932671,30.010603,-0.689581,-0.025463,1.293514,1.291986
87.850000,-17.894117,29.978767,-0.690919,-0.027641,1.293388,1.292112
87.900000,-17.855606,29.946878,-0.692326,-0.028288,1.293407,1.292093
87.950000,-17.817140,29.914934,-0.693728,-0.027373,1.293654,1.291933
88.000000,-17.778718,29.882938,-0.695041,-0.024687,1.293969,1.291863
88.050000,-17.740336,29.850895,-0.696172,-0.020078,1.294091,1.290858
88.100000,-17.701985,29.818813,-0.697026,-0.013719,1.293851,1.289574
88.150000,-17.663656,29.786705,-0.697529,-0.006264,1.292394,1.290806
88.200000,-17.625338,29.754586,-0.697651,0.001241,1.290648,1.292727
88.250000,-17.587017,29.722468,-0.697418,0.007710,1.289989,1.293611
88.300000,-17.548684,29.690365,-0.696901,0.012485,1.289820,1.294963
88.350000,-17.510332,29.658286,-0.696189,0.015711,1.290764,1.296368
88.400000,-17.471954,29.626237,-0.695338,0.018400,1.292296,1.296299
88.450000,-17.433547,29.594223,-0.694338,0.022076,1.294255,1.296072
88.500000,-17.395104,29.562252,-0.693101,0.028112,1.297249,1.295922
88.550000,-17.356616,29.530336,-0.691491,0.036969,1.297476,1.296053
88.600000,-17.318069,29.498490,-0.689379,0.047709,1.295192,1.297234
88.650000,-17.279446,29.466737,-0.686723,0.058001,1.292313,1.298946
88.700000,-17.240731,29.435096,-0.683622,0.064700,1.288529,1.300547
88.750000,-17.201915,29.403579,-0.680335,0.064832,1.287460,1.302060
88.800000,-17.162997,29.372188,-0.677244,0.056626,1.287595,1.303478
88.850000,-17.123991,29.340906,-0.674777,0.040211,1.293502,1.304205
88.900000,-17.084923,29.309702,-0.673303,0.017709,1.301266,1.302834
88.950000,-17.045827,29.278533,-0.673041,-0.007316,1.302656,1.300520
89.000000,-17.006743,29.247349,-0.674018,-0.030861,1.303712,1.296924
89.050000,-16.967707,29.216106,-0.676068,-0.049569,1.303502,1.294649
89.100000,-16.928747,29.184766,-0.678890,-0.061535,1.301808,1.293938
89.150000,-16.889884,29.153308,-0.682133,-0.066591,1.299733,1.293154
89.200000,-16.851125,29.121720,-0.685477,-0.066026,1.298229,1.293679
89.250000,-16.812471,29.090005,-0.688689,-0.061886,1.297705,1.294595
89.300000,-16.773915,29.058171,-0.691644,-0.056174,1.297425,1.294875
89.350000,-16.735448,29.026229,-0.694303,-0.050219,1.298202,1.294804
89.400000,-16.697062,28.994190,-0.696668,-0.044424,1.299353,1.294547
89.450000,-16.658747,28.962066,-0.698743,-0.038419,1.299579,1.294321
89.500000,-16.620493,28.929868,-0.700499,-0.031503,1.298209,1.293662
89.550000,-16.582290,28.897611,-0.701875,-0.023142,1.295851,1.293097
89.600000,-16.544125,28.865309,-0.702795,-0.013338,1.294587,1.293339
89.650000,-16.505981,28.832982,-0.703198,-0.002725,1.293459,1.293874
89.700000,-16.467841,28.800650,-0.703070,0.007635,1.292892,1.294608
89.750000,-16.429690,28.768332,-0.702451,0.016618,1.292530,1.295278
89.800000,-16.391511,28.736046,-0.701435,0.023442,1.292231,1.296101
89.850000,-16.353295,28.703804,-0.700137,0.027931,1.292090,1.296410
89.900000,-16.315034,28.671616,-0.698666,0.030531,1.292273,1.296227
89.950000,-16.276724,28.639486,-0.697098,0.032093,1.292528,1.294958
90.000000,-16.238362,28.607417,-0.695459,0.033515,1.292712,1.293312
90.050000,-16.199947,28.575413,-0.693741,0.035380,1.292315,1.293088
90.100000,-16.161475,28.543477,-0.691915,0.037728,1.291188,1.293316
90.150000,-16.122943,28.511613,-0.689968,0.040055,1.290708,1.293689
90.200000,-16.084347,28.479827,-0.687919,0.041543,1.290958,1.294118
90.250000,-16.045686,28.448121,-0.685834,0.041379,1.290899,1.295195
90.300000,-16.006959,28.416494,-0.683809,0.039067,1.291944,1.296214
90.350000,-15.968171,28.384944,-0.681955,0.034575,1.293474,1.296026
90.400000,-15.929328,28.353460,-0.680374,0.028269,1.293921,1.295579
90.450000,-15.890441,28.322031,-0.679144,0.020697,1.293668,1.294729
90.500000,-15.851521,28.290642,-0.678315,0.012341,1.292047,1.293983
90.550000,-15.812582,28.259277,-0.677917,0.003471,1.290776,1.294024
90.600000,-15.773638,28.227919,-0.677973,-0.005820,1.290683,1.294602
90.650000,-15.734702,28.196549,-0.678503,-0.015421,1.292097,1.295214
90.700000,-15.695791,28.165150,-0.679515,-0.024971,1.294098,1.295002
90.750000,-15.656920,28.133701,-0.680991,-0.033726,1.294576,1.294524
90.800000,-15.618101,28.102188,-0.682865,-0.040610,1.296356,1.293979
90.850000,-15.579346,28.070596,-0.685015,-0.044497,1.298258,1.293642
90.900000,-15.540661,28.038918,-0.687267,-0.044569,1.298310,1.293590
90.950000,-15.502046,28.007155,-0.689421,-0.040658,1.297893,1.293787
91.000000,-15.463496,27.975313,-0.691289,-0.033380,1.297192,1.293944
91.050000,-15.424999,27.943407,-0.692731,-0.024030,1.296668,1.294132
91.100000,-15.386541,27.911455,-0.693685,-0.014222,1.296206,1.294638
91.150000,-15.348105,27.879476,-0.694165,-0.005414,1.295853,1.296457
91.200000,-15.309678,27.847486,-0.694250,0.001525,1.295668,1.298432
91.250000,-15.271248,27.815499,-0.694038,0.006547,1.295734,1.298366
91.300000,-15.232808,27.783524,-0.693611,0.010339,1.295804,1.298076
91.350000,-15.194352,27.751569,-0.693007,0.013937,1.295911,1.295397
91.400000,-15.155873,27.719641,-0.692210,0.018181,1.295916,1.292264
91.450000,-15.117366,27.687748,-0.691179,0.023202,1.294672,1.292391
91.500000,-15.078821,27.655900,-0.689889,0.028188,1.292738,1.292910
91.550000,-15.040232,27.624106,-0.688379,0.031551,1.291201,1.293646
91.600000,-15.001593,27.592373,-0.686776,0.031482,1.290117,1.295430
91.650000,-14.962904,27.560700,-0.685290,0.026689,1.289964,1.298183
91.700000,-14.924173,27.529078,-0.684170,0.017021,1.292402,1.299184
91.750000,-14.885416,27.497489,-0.683636,0.003731,1.298587,1.298250
91.800000,-14.846652,27.465907,-0.683814,-0.010790,1.303134,1.297166
91.850000,-14.807906,27.434304,-0.684696,-0.023703,1.304022,1.294953
91.900000,-14.769197,27.402656,-0.686135,-0.032584,1.304442,1.292858
91.950000,-14.730539,27.370945,-0.687887,-0.036137,1.300952,1.292991
92.000000,-14.691939,27.339165,-0.689682,-0.034489,1.295051,1.294560
92.050000,-14.653392,27.307319,-0.691286,-0.028986,1.292937,1.296563
92.100000,-14.614892,27.275417,-0.692555,-0.021591,1.292313,1.297894
92.150000,-14.576427,27.243473,-0.693443,-0.014137,1.292068,1.299032
92.200000,-14.537984,27.211502,-0.693982,-0.007758,1.293511,1.298959
92.250000,-14.499553,27.179516,-0.694236,-0.002671,1.295553,1.296835
92.300000,-14.461127,27.147525,-0.694259,0.001641,1.295888,1.293328
92.350000,-14.422698,27.115537,-0.694072,0.005962,1.292746,1.292084
92.400000,-14.384260,27.083561,-0.693656,0.010847,1.288255,1.290633
92.450000,-14.345804,27.051606,-0.692980,0.016301,1.287419,1.289004
92.500000,-14.307322,27.019681,-0.692026,0.021752,1.286690,1.289510
92.550000,-14.268806,26.987799,-0.690815,0.026315,1.286227,1.293242
92.600000,-14.230248,26.955967,-0.689415,0.029160,1.287535,1.297700
92.650000,-14.191643,26.924192,-0.687927,0.029831,1.293130,1.297660
92.700000,-14.152991,26.892473,-0.686460,0.028349,1.297963,1.297237
92.750000,-14.114295,26.860810,-0.685115,0.025071,1.298376,1.296824
92.800000,-14.075559,26.829194,-0.683970,0.020426,1.298523,1.296677
92.850000,-14.036791,26.797619,-0.683086,0.014669,1.298429,1.296771
92.900000,-13.997999,26.766071,-0.682517,0.007817,1.296400,1.296945
92.950000,-13.959196,26.734539,-0.682320,-0.000214,1.293959,1.297351
93.000000,-13.920393,26.703006,-0.682553,-0.009337,1.294109,1.297591
93.050000,-13.881604,26.671455,-0.683261,-0.019035,1.295430,1.297374
93.100000,-13.842846,26.639868,-0.684451,-0.028275,1.298569,1.297132
93.150000,-13.804132,26.608225,-0.686066,-0.035661,1.300927,1.296673
93.200000,-13.765475,26.576514,-0.687977,-0.039796,1.301242,1.296358
93.250000,-13.726880,26.544726,-0.689993,-0.039698,1.301076,1.296657
93.300000,-13.688349,26.512862,-0.691890,-0.035146,1.299689,1.297284
93.350000,-13.649873,26.480931,-0.693458,-0.026793,1.296798,1.296794
93.400000,-13.611439,26.448949,-0.694538,-0.016024,1.293637,1.295308
93.450000,-13.573032,26.416935,-0.695051,-0.004602,1.291799,1.294801
93.500000,-13.534631,26.384913,-0.695010,0.005787,1.291376,1.295224
93.550000,-13.496222,26.352902,-0.694501,0.013904,1.291495,1.296959
93.600000,-13.457790,26.320917,-0.693655,0.019193,1.291961,1.298839
93.650000,-13.419328,26.288969,-0.692616,0.021754,1.292189,1.298611
93.700000,-13.380832,26.257063,-0.691508,0.022133,1.292450,1.296806
93.750000,-13.342300,26.225199,-0.690422,0.020995,1.292614,1.294642
93.800000,-13.303735,26.193376,-0.689422,0.018824,1.292628,1.294572
93.850000,-13.265140,26.161588,-0.688551,0.015773,1.292482,1.294718
93.900000,-13.226520,26.129831,-0.687857,0.011685,1.292331,1.294869
93.950000,-13.187882,26.098097,-0.687399,0.006303,1.292284,1.294916
94.000000,-13.149233,26.066375,-0.687245,-0.000473,1.293138,1.295209
94.050000,-13.110586,26.034651,-0.687461,-0.008374,1.295072,1.295522
94.100000,-13.071952,26.002912,-0.688088,-0.016695,1.297337,1.295234
94.150000,-13.033344,25.971140,-0.689123,-0.024406,1.298936,1.294864
94.200000,-12.994775,25.939321,-0.690508,-0.030412,1.299235,1.294168
94.250000,-12.956255,25.907444,-0.692132,-0.033840,1.299362,1.293406
94.300000,-12.917788,25.875502,-0.693854,-0.034299,1.298967,1.293280
94.350000,-12.879375,25.843494,-0.695527,-0.031975,1.298085,1.293185
94.400000,-12.841014,25.811425,-0.697025,-0.027566,1.295949,1.293151
94.450000,-12.802697,25.779303,-0.698269,-0.022078,1.293694,1.294035
94.500000,-12.764415,25.747139,-0.699231,-0.016514,1.293429,1.294971
94.550000,-12.726160,25.714944,-0.699928,-0.011605,1.293530,1.295443
94.600000,-12.687924,25.682726,-0.700403,-0.007632,1.294092,1.295873
94.650000,-12.649700,25.650493,-0.700701,-0.004406,1.294534,1.295766
94.700000,-12.611484,25.618253,-0.700847,-0.001428,1.294661,1.294228
94.750000,-12.573269,25.586009,-0.700840,0.001861,1.294483,1.291823
94.800000,-12.535052,25.553769,-0.700653,0.005802,1.294106,1.291194
94.850000,-12.496825,25.521540,-0.700252,0.010335,1.293892,1.291408
94.900000,-12.458581,25.489331,-0.699618,0.014972,1.293370,1.291754
94.950000,-12.420313,25.457150,-0.698763,0.018951,1.292768,1.294071
95.000000,-12.382015,25.425006,-0.697740,0.021501,1.292637,1.296927
95.050000,-12.343683,25.392902,-0.696637,0.022139,1.292671,1.297229
95.100000,-12.305315,25.360841,-0.695551,0.020866,1.292996,1.297037
95.150000,-12.266914,25.328820,-0.694569,0.018185,1.293594,1.296695
95.200000,-12.228484,25.296834,-0.693740,0.014943,1.294076,1.295310
95.250000,-12.190030,25.264876,-0.693071,0.012012,1.294210,1.292832
95.300000,-12.151556,25.232942,-0.692528,0.009988,1.293655,1.291605
95.350000,-12.113067,25.201027,-0.692059,0.008974,1.292965,1.291691
95.400000,-12.074563,25.169129,-0.691622,0.008584,1.292668,1.292857
95.450000,-12.036046,25.137248,-0.691201,0.008135,1.292352,1.295406
95.500000,-11.997516,25.105383,-0.690817,0.006982,1.292192,1.298186
95.550000,-11.958974,25.073530,-0.690515,0.004832,1.292298,1.299746
95.600000,-11.920425,25.041687,-0.690344,0.001920,1.295125,1.299443
95.650000,-11.881873,25.009848,-0.690325,-0.001066,1.298705,1.297540
95.700000,-11.843323,24.978007,-0.690441,-0.003249,1.299068,1.294583
95.750000,-11.804778,24.946159,-0.690631,-0.003927,1.299156,1.293500
95.800000,-11.766238,24.914305,-0.690812,-0.002888,1.297342,1.293628
95.850000,-11.727704,24.882444,-0.690903,-0.000524,1.294258,1.294025
95.900000,-11.689170,24.850583,-0.690858,0.002267,1.293090,1.294410
95.950000,-11.650632,24.818726,-0.690684,0.004386,1.292877,1.294667
96.000000,-11.612088,24.786878,-0.690440,0.004864,1.293478,1.296191
96.050000,-11.573536,24.755038,-0.690225,0.003161,1.295880,1.297872
96.100000,-11.534979,24.723205,-0.690151,-0.000710,1.297957,1.297643
96.150000,-11.496424,24.691370,-0.690317,-0.006224,1.298198,1.297402
96.200000,-11.457878,24.659523,-0.690784,-0.012506,1.297268,1.296440
96.250000,-11.419352,24.627651,-0.691566,-0.018578,1.296029,1.294523
96.300000,-11.380856,24.595745,-0.692629,-0.023561,1.296222,1.293378
96.350000,-11.342398,24.563793,-0.693901,-0.026834,1.296203,1.293266
96.400000,-11.303982,24.531789,-0.695287,-0.028111,1.296265,1.294574
96.450000,-11.265611,24.499732,-0.696687,-0.027414,1.296489,1.296443
96.500000,-11.227284,24.467622,-0.698006,-0.024998,1.296373,1.296727
96.550000,-11.188996,24.435465,-0.699169,-0.021245,1.296470,1.296850
96.600000,-11.150744,24.403267,-0.700118,-0.016548,1.296608,1.296992
96.650000,-11.112517,24.371037,-0.700816,-0.011232,1.296499,1.297101
96.700000,-11.074309,24.338786,-0.701237,-0.005547,1.296427,1.297173
96.750000,-11.036110,24.306525,-0.701368,0.000295,1.296238,1.294679
96.800000,-10.997910,24.274263,-0.701208,0.006035,1.294396,1.291476
96.850000,-10.959700,24.242014,-0.700771,0.011293,1.290542,1.290664
96.900000,-10.921473,24.209786,-0.700091,0.015541,1.288269,1.289631
96.950000,-10.883220,24.177587,-0.699237,0.018163,1.287964,1.289848
97.000000,-10.844938,24.145424,-0.698302,0.018606,1.287650,1.292468
97.050000,-10.806627,24.113295,-0.697407,0.016568,1.287614,1.296421
97.100000,-10.768289,24.081198,-0.696676,0.012164,1.287924,1.297351
97.150000,-10.729932,24.049124,-0.696214,0.006003,1.288954,1.296194
97.200000,-10.691565,24.017062,-0.696086,-0.000894,1.290029,1.292254
97.250000,-10.653200,23.984998,-0.696298,-0.007318,1.290928,1.288491
97.300000,-10.614846,23.952920,-0.696798,-0.012168,1.291771,1.287929
97.350000,-10.576512,23.920819,-0.697486,-0.014746,1.291829,1.287871
97.400000,-10.538201,23.888690,-0.698242,-0.014932,1.291749,1.287951
97.450000,-10.499914,23.856533,-0.698955,-0.013191,1.291521,1.288486
97.500000,-10.461648,23.824350,-0.699547,-0.010400,1.291214,1.290504
97.550000,-10.423399,23.792147,-0.699993,-0.007553,1.290957,1.292443
97.600000,-10.385162,23.759930,-0.700312,-0.005446,1.291140,1.292567
97.650000,-10.346934,23.727703,-0.700552,-0.004431,1.291642,1.292546
97.700000,-10.308713,23.695467,-0.700767,-0.004347,1.291971,1.291758
97.750000,-10.270499,23.663222,-0.700991,-0.004620,1.292245,1.290536
97.800000,-10.232293,23.630969,-0.701225,-0.004519,1.292353,1.290103
97.850000,-10.194094,23.598707,-0.701431,-0.003450,1.292310,1.290090
97.900000,-10.155900,23.566439,-0.701555,-0.001205,1.292228,1.290392
97.950000,-10.117708,23.534168,-0.701540,0.001967,1.291656,1.290893
98.000000,-10.079513,23.501902,-0.701354,0.005456,1.290873,1.291227
98.050000,-10.041310,23.469645,-0.700999,0.008558,1.290580,1.291871
98.100000,-10.003092,23.437405,-0.700509,0.010769,1.290472,1.292779
98.150000,-9.964857,23.405186,-0.699934,0.012026,1.290904,1.293147
98.200000,-9.926603,23.372989,-0.699313,0.012767,1.291589,1.292911
98.250000,-9.888328,23.340817,-0.698655,0.013767,1.291871,1.291707
98.300000,-9.850031,23.308671,-0.697923,0.015851,1.292057,1.290343
98.350000,-9.811709,23.276556,-0.697049,0.019538,1.292028,1.290372
98.400000,-9.773355,23.244478,-0.695949,0.024816,1.291694,1.291013
98.450000,-9.734961,23.212448,-0.694554,0.031107,1.291192,1.292567
98.500000,-9.696518,23.180478,-0.692837,0.037461,1.290771,1.294268
98.550000,-9.658014,23.148580,-0.690819,0.042914,1.290467,1.295133
98.600000,-9.619443,23.116764,-0.688564,0.046837,1.290382,1.295262
98.650000,-9.580797,23.085039,-0.686156,0.049157,1.290570,1.295130
98.700000,-9.542073,23.053409,-0.683663,0.050364,1.291360,1.294384
98.750000,-9.503270,23.021876,-0.681124,0.051275,1.292225,1.293575
98.800000,-9.464386,22.990443,-0.678530,0.052696,1.292340,1.293460
98.850000,-9.425420,22.959112,-0.675842,0.055115,1.291742,1.293224
98.900000,-9.386367,22.927889,-0.673006,0.058545,1.289780,1.294032
98.950000,-9.347223,22.896781,-0.669979,0.062576,1.288042,1.295658
99.000000,-9.307981,22.865795,-0.666748,0.066563,1.287795,1.294939
99.050000,-9.268637,22.834940,-0.663331,0.069867,1.289084,1.292723
99.100000,-9.229185,22.804223,-0.659776,0.072015,1.290850,1.291350
99.150000,-9.189623,22.773647,-0.656148,0.072732,1.290994,1.290723
99.200000,-9.149951,22.743216,-0.652522,0.071860,1.291036,1.290064
99.250000,-9.110169,22.712927,-0.648983,0.069258,1.289027,1.290315
99.300000,-9.070283,22.682776,-0.645621,0.064768,1.286488,1.290612
99.350000,-9.030299,22.652754,-0.642532,0.058287,1.286149,1.290600
99.400000,-8.990228,22.622848,-0.639816,0.049916,1.285857,1.290751
99.450000,-8.950083,22.593043,-0.637559,0.040126,1.286145,1.291119
99.500000,-8.909878,22.563318,-0.635811,0.029830,1.286858,1.291094
99.550000,-8.869629,22.533653,-0.634567,0.020306,1.289394,1.290632
99.600000,-8.829350,22.504029,-0.633753,0.012960,1.292248,1.290160
99.650000,-8.789051,22.474432,-0.633228,0.009026,1.292904,1.289984
99.700000,-8.748739,22.444853,-0.632798,0.009271,1.292896,1.290104
99.750000,-8.708412,22.415293,-0.632246,0.013854,1.292610,1.290873
99.800000,-8.668065,22.385762,-0.631363,0.022361,1.292076,1.292419
99.850000,-8.627685,22.356276,-0.629969,0.034021,1.291496,1.293943
99.900000,-8.587254,22.326859,-0.627930,0.048006,1.291514,1.294925
99.950000,-8.546753,22.297539,-0.625147,0.063668,1.292392,1.295223
100.000000,-8.506159,22.268348,-0.621547,0.080627,1.293010,1.295741
100.050000,-8.465447,22.239321,-0.617071,0.098655,1.292896,1.296304
100.100000,-8.424592,22.210496,-0.611672,0.117405,1.292658,1.296542
100.150000,-8.383569,22.181911,-0.605330,0.136129,1.291572,1.295998
100.200000,-8.342353,22.153605,-0.598074,0.153541,1.288618,1.295382
100.250000,-8.300920,22.125617,-0.590013,0.167925,1.285123,1.296137
100.300000,-8.259254,22.097977,-0.581341,0.177516,1.283463,1.296737
100.350000,-8.217345,22.070708,-0.572337,0.181038,1.283174,1.297026
100.400000,-8.175191,22.043818,-0.563318,0.178203,1.283296,1.296771
100.450000,-8.132800,22.017305,-0.554586,0.169982,1.284094,1.295272
100.500000,-8.090185,21.991152,-0.546363,0.158507,1.285224,1.293476
100.550000,-8.047364,21.965338,-0.538743,0.146621,1.286555,1.292457
100.600000,-8.004355,21.939839,-0.531671,0.137214,1.288337,1.291599
100.650000,-7.961171,21.914636,-0.524962,0.132559,1.289198,1.291625
100.700000,-7.917822,21.889720,-0.518341,0.133836,1.288991,1.292109
100.750000,-7.874306,21.865095,-0.511504,0.140994,1.288481,1.293201
100.800000,-7.830617,21.840778,-0.504179,0.152952,1.288075,1.295981
100.850000,-7.786744,21.816797,-0.496168,0.168015,1.287961,1.298363
100.900000,-7.742670,21.793185,-0.487360,0.184364,1.287771,1.299188
100.950000,-7.698381,21.769980,-0.477734,0.200433,1.287565,1.299880
101.000000,-7.653861,21.747220,-0.467334,0.215106,1.287523,1.299391
101.050000,-7.609100,21.724940,-0.456249,0.227720,1.287373,1.298736
101.100000,-7.564088,21.703171,-0.444592,0.237938,1.286955,1.298909
101.150000,-7.518820,21.681938,-0.432487,0.245631,1.286487,1.299122
101.200000,-7.473294,21.661263,-0.420060,0.250829,1.286159,1.299114
101.250000,-7.427514,21.641161,-0.407432,0.253769,1.285365,1.299042
101.300000,-7.381482,21.621640,-0.394705,0.255005,1.284625,1.298207
101.350000,-7.335204,21.602708,-0.381942,0.255449,1.284848,1.296952
101.400000,-7.288689,21.584369,-0.369155,0.256284,1.285190,1.296335
101.450000,-7.241943,21.566627,-0.356293,0.258747,1.285432,1.295722
101.500000,-7.194970,21.549492,-0.343248,0.263821,1.285502,1.295644
101.550000,-7.147776,21.532979,-0.329872,0.271991,1.285283,1.295917
101.600000,-7.100362,21.517109,-0.316011,0.283143,1.284334,1.299612
101.650000,-7.052727,21.501912,-0.301527,0.296681,1.282587,1.303906
101.700000,-7.004872,21.487423,-0.286322,0.311770,1.280712,1.304478
101.750000,-6.956797,21.473682,-0.270340,0.327590,1.279759,1.303799
101.800000,-6.908504,21.460731,-0.253561,0.343468,1.279732,1.301774
101.850000,-6.859995,21.448611,-0.235999,0.358815,1.279677,1.300723
101.900000,-6.811277,21.437363,-0.217694,0.372938,1.280506,1.300946
101.950000,-6.762357,21.427025,-0.198731,0.384843,1.281602,1.302441
102.000000,-6.713248,21.417629,-0.179253,0.393219,1.281471,1.304420
102.050000,-6.663963,21.409201,-0.159470,0.396646,1.282580,1.305325
102.100000,-6.614521,21.401751,-0.139663,0.394004,1.284010,1.305690
102.150000,-6.564942,21.395276,-0.120149,0.384896,1.284228,1.305472
102.200000,-6.515248,21.389755,-0.101246,0.369918,1.284901,1.304650
102.250000,-6.465460,21.385155,-0.083211,0.350606,1.286110,1.302491
102.300000,-6.415599,21.381427,-0.066212,0.329104,1.287650,1.300501
102.350000,-6.365684,21.378520,-0.050299,0.307672,1.288767,1.299834
102.400000,-6.315730,21.376382,-0.035419,0.288221,1.289266,1.300698
102.450000,-6.265750,21.374964,-0.021435,0.272043,1.289392,1.301960
102.500000,-6.215755,21.374227,-0.008165,0.259791,1.289389,1.302671
102.550000,-6.165755,21.374139,0.004595,0.251632,1.289435,1.303165
102.600000,-6.115758,21.374681,0.017049,0.247460,1.289604,1.302996
102.650000,-6.065772,21.375842,0.029388,0.247017,1.289800,1.302236
102.700000,-6.015803,21.377621,0.041792,0.249896,1.289722,1.301470
102.750000,-5.965861,21.380024,0.054411,0.255441,1.288549,1.301423
102.800000,-5.915954,21.383064,0.067357,0.262654,1.286359,1.301759
102.850000,-5.866091,21.386761,0.080681,0.270226,1.284899,1.302457
102.900000,-5.816282,21.391130,0.094366,0.276724,1.283353,1.303108
102.950000,-5.766538,21.396188,0.108325,0.280897,1.282148,1.303352
103.000000,-5.716871,21.401943,0.122418,0.281988,1.283203,1.303080
103.050000,-5.667289,21.408398,0.136484,0.279892,1.283389,1.301934
103.100000,-5.617803,21.415546,0.150374,0.275108,1.283918,1.300355
103.150000,-5.568419,21.423374,0.163973,0.268482,1.285259,1.298809
103.200000,-5.519145,21.431863,0.177210,0.260859,1.284427,1.298016
103.250000,-5.469986,21.440995,0.190053,0.252786,1.283573,1.297927
103.300000,-5.420946,21.450747,0.202485,0.244388,1.285393,1.298655
103.350000,-5.372030,21.461098,0.214486,0.235461,1.287220,1.300516
103.400000,-5.323238,21.472024,0.226021,0.225699,1.289156,1.301497
103.450000,-5.274573,21.483500,0.237044,0.214975,1.290867,1.301233
103.500000,-5.226033,21.495498,0.247509,0.203511,1.291317,1.299659
103.550000,-5.177619,21.507989,0.257393,0.191896,1.290150,1.296957
103.600000,-5.129326,21.520944,0.266708,0.180958,1.289133,1.295467
103.650000,-5.081153,21.534336,0.275509,0.171541,1.289256,1.295237
103.700000,-5.033097,21.548141,0.283890,0.164310,1.289061,1.295177
103.750000,-4.985155,21.562340,0.291972,0.159645,1.288886,1.295698
103.800000,-4.937329,21.576922,0.299888,0.157624,1.288869,1.296131
103.850000,-4.889619,21.591881,0.307766,0.158075,1.288861,1.295923
103.900000,-4.842029,21.607216,0.315722,0.160649,1.288841,1.295489
103.950000,-4.794563,21.622933,0.323851,0.164837,1.287821,1.295307
104.000000,-4.747229,21.639042,0.332217,0.169970,1.286832,1.295468
104.050000,-4.700034,21.655551,0.340849,0.175211,1.286616,1.295684
104.100000,-4.652984,21.672474,0.349727,0.179598,1.286406,1.295894
104.150000,-4.606089,21.689818,0.358785,0.182175,1.287151,1.296723
104.200000,-4.559353,21.707588,0.367912,0.182192,1.288363,1.297435
104.250000,-4.512781,21.725783,0.376969,0.179337,1.288792,1.300609
104.300000,-4.466374,21.744395,0.385814,0.173880,1.291101,1.303622
104.350000,-4.420131,21.763409,0.394335,0.166680,1.293319,1.303681
104.400000,-4.374048,21.782808,0.402477,0.159015,1.294752,1.303175
104.450000,-4.328120,21.802573,0.410249,0.152277,1.295037,1.302734
104.500000,-4.282344,21.822687,0.417731,0.147631,1.294468,1.302259
104.550000,-4.236718,21.843139,0.425048,0.145756,1.294350,1.302150
104.600000,-4.191243,21.863923,0.432343,0.146761,1.294489,1.302448
104.650000,-4.145921,21.885041,0.439755,0.150271,1.294139,1.302723
104.700000,-4.100759,21.906498,0.447393,0.155626,1.294008,1.302931
104.750000,-4.055766,21.928306,0.455332,0.162104,1.294273,1.303027
104.800000,-4.010951,21.950479,0.463609,0.169053,1.294255,1.303045
104.850000,-3.966325,21.973029,0.472236,0.175927,1.294167,1.303133
104.900000,-3.921899,21.995971,0.481195,0.182232,1.294028,1.303272
104.950000,-3.877684,22.019317,0.490446,0.187489,1.293805,1.303495
105.000000,-3.833690,22.043076,0.499924,0.191245,1.293576,1.303724
105.050000,-3.789924,22.067254,0.509547,0.193199,1.290919,1.303621
105.100000,-3.746394,22.091854,0.519222,0.193384,1.291438,1.303736
105.150000,-3.703105,22.116874,0.528871,0.192317,1.293666,1.303834
105.200000,-3.660057,22.142309,0.538452,0.191019,1.293961,1.303539
105.250000,-3.617255,22.168153,0.547988,0.190854,1.294280,1.302942
105.300000,-3.574701,22.194406,0.557570,0.193208,1.294526,1.302030
105.350000,-3.532403,22.221068,0.567354,0.199092,1.294594,1.300438
105.400000,-3.490373,22.248151,0.577528,0.208825,1.294308,1.299681
105.450000,-3.448628,22.275671,0.588279,0.221918,1.293736,1.300164
105.500000,-3.407191,22.303653,0.599747,0.237203,1.288582,1.300901
105.550000,-3.366089,22.332124,0.612007,0.253182,1.284403,1.301597
105.600000,-3.325351,22.361114,0.625056,0.268477,1.283934,1.302010
105.650000,-3.285005,22.390647,0.638835,0.282205,1.283730,1.302170
105.700000,-3.245080,22.420747,0.653255,0.294153,1.283659,1.302072
105.750000,-3.205602,22.451430,0.668233,0.304721,1.283605,1.299954
105.800000,-3.166596,22.482712,0.683720,0.314646,1.283564,1.298436
105.850000,-3.128087,22.514603,0.699701,0.324684,1.283438,1.298562
105.900000,-3.090100,22.547115,0.716197,0.335319,1.282798,1.298858
105.950000,-3.052665,22.580259,0.733242,0.346639,1.282129,1.299271
106.000000,-3.015809,22.614048,0.750866,0.358348,1.281752,1.301555
106.050000,-2.979564,22.648491,0.769075,0.369866,1.281084,1.303268
106.100000,-2.943963,22.683599,0.787841,0.380449,1.280634,1.303466
106.150000,-2.909036,22.719377,0.807097,0.389246,1.280538,1.301920
106.200000,-2.874811,22.755828,0.826730,0.395302,1.280462,1.300838
106.250000,-2.841313,22.792948,0.846578,0.397566,1.280624,1.301032
106.300000,-2.808559,22.830726,0.866424,0.394989,1.280671,1.302182
106.350000,-2.776557,22.869143,0.886003,0.386711,1.282026,1.302911
106.400000,-2.745304,22.908171,0.905017,0.372357,1.283400,1.303523
106.450000,-2.714782,22.947774,0.923166,0.352297,1.284082,1.303518
106.500000,-2.684961,22.987909,0.940191,0.327761,1.285646,1.302804
106.550000,-2.655803,23.028526,0.955913,0.300735,1.287157,1.301843
106.600000,-2.627258,23.069577,0.970267,0.273627,1.288169,1.300098
106.650000,-2.599278,23.111015,0.983310,0.248842,1.288709,1.298907
106.700000,-2.571816,23.152799,0.995211,0.228359,1.288969,1.298531
106.750000,-2.544834,23.194893,1.006221,0.213458,1.288996,1.298381
106.800000,-2.518303,23.237274,1.016637,0.204633,1.288937,1.299225
106.850000,-2.492207,23.279924,1.026761,0.201650,1.288959,1.299741
106.900000,-2.466544,23.322835,1.036867,0.203669,1.288889,1.298824
106.950000,-2.441319,23.366006,1.047175,0.209406,1.288680,1.299409
107.000000,-2.416547,23.409438,1.057833,0.217255,1.288432,1.299216
107.050000,-2.392249,23.453137,1.068902,0.225427,1.288068,1.298932
107.100000,-2.368445,23.497107,1.080354,0.232133,1.285747,1.300446
107.150000,-2.345153,23.541350,1.092074,0.235817,1.285734,1.301396
107.200000,-2.322383,23.585865,1.103881,0.235425,1.286507,1.299811
107.250000,-2.300138,23.630644,1.115558,0.230605,1.286668,1.298632
107.300000,-2.278411,23.675676,1.126890,0.221806,1.287379,1.297546
107.350000,-2.257184,23.720947,1.137703,0.210168,1.288306,1.296582
107.400000,-2.236434,23.766438,1.147892,0.197270,1.288975,1.296025
107.450000,-2.216133,23.812131,1.157438,0.184767,1.289403,1.296287
107.500000,-2.196256,23.858011,1.166395,0.174048,1.289708,1.296392
107.550000,-2.176780,23.904061,1.174879,0.166002,1.289321,1.296276
107.600000,-2.157686,23.950272,1.183035,0.160935,1.288933,1.295675
107.650000,-2.138965,23.996635,1.191009,0.158630,1.288801,1.295399
107.700000,-2.120613,24.043145,1.198926,0.158488,1.288754,1.294753
107.750000,-2.102630,24.089800,1.206874,0.159685,1.289032,1.294383
107.800000,-2.085020,24.136596,1.214898,0.161288,1.289444,1.294408
107.850000,-2.067789,24.183533,1.222995,0.162345,1.289565,1.294499
107.900000,-2.050938,24.230608,1.231112,0.161952,1.289622,1.295490
107.950000,-2.034469,24.277817,1.239160,0.159380,1.289440,1.296070
108.000000,-2.018376,24.325157,1.247016,0.154249,1.286671,1.297146
108.050000,-2.002649,24.372619,1.254553,0.146706,1.285280,1.297620
108.100000,-1.987270,24.420195,1.261666,0.137533,1.285592,1.297308
108.150000,-1.972218,24.467876,1.268305,0.128076,1.286146,1.296754
108.200000,-1.957473,24.515652,1.274495,0.119968,1.290370,1.296149
108.250000,-1.943014,24.563516,1.280342,0.114683,1.294103,1.294116
108.300000,-1.928831,24.611462,1.286013,0.113067,1.294927,1.293073
108.350000,-1.914920,24.659488,1.291696,0.115040,1.294659,1.292768
108.400000,-1.901285,24.707593,1.297549,0.119581,1.287526,1.292961
108.450000,-1.887938,24.755779,1.303664,0.125069,1.283086,1.293614
108.500000,-1.874893,24.804047,1.310044,0.129858,1.282652,1.294048
108.550000,-1.862161,24.852399,1.316625,0.132900,1.282562,1.294138
108.600000,-1.849750,24.900834,1.323311,0.134158,1.283661,1.293867
108.650000,-1.837665,24.949351,1.330033,0.134667,1.287207,1.293343
108.700000,-1.825907,24.997949,1.336795,0.136200,1.291450,1.292846
108.750000,-1.814480,25.046626,1.343695,0.140643,1.292978,1.292622
108.800000,-1.803396,25.095382,1.350918,0.149331,1.292864,1.292736
108.850000,-1.792678,25.144220,1.358689,0.162528,1.290579,1.293232
108.900000,-1.782357,25.193143,1.367216,0.179257,1.285532,1.294069
108.950000,-1.772475,25.242157,1.376631,0.197485,1.282877,1.295051
109.000000,-1.763077,25.291265,1.386945,0.214612,1.282075,1.299644
109.050000,-1.754206,25.340472,1.398039,0.228076,1.284842,1.302234
109.100000,-1.745897,25.389777,1.409674,0.235914,1.287002,1.302412
109.150000,-1.738168,25.439176,1.421539,0.237110,1.287395,1.302692
109.200000,-1.731025,25.488663,1.433296,0.231682,1.288275,1.302542
109.250000,-1.724455,25.538230,1.444632,0.220521,1.289546,1.301877
109.300000,-1.718431,25.587865,1.455294,0.205097,1.290350,1.301250
109.350000,-1.712916,25.637560,1.465111,0.187171,1.290827,1.300773
109.400000,-1.707867,25.687305,1.474005,0.168576,1.291242,1.300358
109.450000,-1.703237,25.737090,1.481988,0.151146,1.291643,1.299762
109.500000,-1.698984,25.786909,1.489164,0.136723,1.291996,1.299304
109.550000,-1.695072,25.836755,1.495729,0.127125,1.292306,1.298799
109.600000,-1.691479,25.886626,1.501967,0.124023,1.292663,1.295277
109.650000,-1.688195,25.936518,1.508238,0.128626,1.292715,1.290067
109.700000,-1.685234,25.986430,1.514940,0.141256,1.291525,1.285399
109.750000,-1.682626,26.036362,1.522457,0.160939,1.290507,1.283902
109.800000,-1.680421,26.086314,1.531091,0.185211,1.287057,1.284269
109.850000,-1.678678,26.136283,1.540982,0.210295,1.278843,1.284351
109.900000,-1.677460,26.186268,1.552063,0.231738,1.266313,1.284673
109.950000,-1.676820,26.236264,1.564042,0.245353,1.261023,1.285245
110.000000,-1.676792,26.286264,1.576447,0.248264,1.260770,1.285430
110.050000,-1.677383,26.336261,1.588711,0.239709,1.267567,1.285028
110.100000,-1.678572,26.386247,1.600287,0.221304,1.273996,1.284547
110.150000,-1.680313,26.436216,1.610764,0.196714,1.281973,1.284810
110.200000,-1.682546,26.486167,1.619950,0.170828,1.286089,1.284608
110.250000,-1.685206,26.536096,1.627908,0.148693,1.288169,1.284257
110.300000,-1.688238,26.586004,1.634937,0.134546,1.289249,1.287072
110.350000,-1.691608,26.635890,1.641515,0.131106,1.289313,1.291112
110.400000,-1.695306,26.685753,1.648209,0.139280,1.288879,1.297410
110.450000,-1.699352,26.735589,1.655589,0.158201,1.291352,1.300709
110.500000,-1.703794,26.785391,1.664141,0.185533,1.292101,1.302166
110.550000,-1.708698,26.835150,1.674206,0.217911,1.291084,1.304017
110.600000,-1.714144,26.884853,1.685941,0.251434,1.290023,1.306514
110.650000,-1.720214,26.934483,1.699303,0.282177,1.289542,1.309234
110.700000,-1.726983,26.984023,1.714065,0.306666,1.289533,1.310672
110.750000,-1.734509,27.033453,1.729842,0.322317,1.289564,1.311206
110.800000,-1.742829,27.082756,1.746152,0.327744,1.289652,1.311248
110.850000,-1.751954,27.131916,1.762474,0.322891,1.289986,1.310914
110.900000,-1.761871,27.180923,1.778316,0.308944,1.290638,1.308968
110.950000,-1.772543,27.229771,1.793275,0.288051,1.290607,1.307301
111.000000,-1.783916,27.278460,1.807067,0.262926,1.290996,1.304556
111.050000,-1.795929,27.326996,1.819554,0.236452,1.291732,1.302968
111.100000,-1.808515,27.375386,1.830738,0.211344,1.292350,1.301595
111.150000,-1.821612,27.423640,1.840746,0.189896,1.292916,1.300065
111.200000,-1.835167,27.471767,1.849807,0.173822,1.293315,1.299385
111.250000,-1.849142,27.519775,1.858220,0.164122,1.295351,1.299071
111.300000,-1.863510,27.567666,1.866313,0.160986,1.296243,1.298957
111.350000,-1.878265,27.615439,1.874401,0.163746,1.296124,1.298524
111.400000,-1.893410,27.663090,1.882748,0.170929,1.295096,1.299235
111.450000,-1.908963,27.710610,1.891524,0.180465,1.291883,1.300135
111.500000,-1.924943,27.757987,1.900790,0.190045,1.290267,1.300733
111.550000,-1.941373,27.805211,1.910494,0.197553,1.288927,1.301173
111.600000,-1.958268,27.852270,1.920491,0.201487,1.288383,1.301872
111.650000,-1.975635,27.899157,1.930581,0.201177,1.288592,1.301908
111.700000,-1.993473,27.945867,1.940551,0.196775,1.289001,1.300943
111.750000,-2.011769,27.992399,1.950212,0.188994,1.289487,1.298543
111.800000,-2.030503,28.038756,1.959417,0.178717,1.289885,1.297415
111.850000,-2.049651,28.084945,1.968059,0.166654,1.288902,1.297213
111.900000,-2.069183,28.130972,1.976062,0.153181,1.287211,1.297622
111.950000,-2.089066,28.176849,1.983359,0.138406,1.286703,1.298844
112.000000,-2.109267,28.222586,1.989886,0.122453,1.288062,1.300802
112.050000,-2.129747,28.268200,1.995594,0.105728,1.288979,1.301121
112.100000,-2.150467,28.313704,2.000463,0.089120,1.292971,1.300414
112.150000,-2.171391,28.359116,2.004530,0.073932,1.297275,1.299693
112.200000,-2.192483,28.404449,2.007901,0.061629,1.299749,1.298430
112.250000,-2.213715,28.449717,2.010754,0.053431,1.300421,1.297879
112.300000,-2.235068,28.494928,2.013314,0.049982,1.300376,1.297924
112.350000,-2.256535,28.540085,2.015819,0.051149,1.300100,1.298200
112.400000,-2.278118,28.585187,2.018481,0.056056,1.300747,1.301539
112.450000,-2.299828,28.630228,2.021455,0.063302,1.300857,1.304822
112.500000,-2.321680,28.675200,2.024818,0.071286,1.300812,1.306637
112.550000,-2.343692,28.720094,2.028569,0.078506,1.300719,1.307181
112.600000,-2.365880,28.764902,2.032638,0.083779,1.300638,1.307262
112.650000,-2.388255,28.809616,2.036907,0.086331,1.300459,1.307301
112.700000,-2.410822,28.854233,2.041226,0.085776,1.300431,1.307269
112.750000,-2.433580,28.898754,2.045438,0.082040,1.300393,1.305487
112.800000,-2.456520,28.943181,2.049386,0.075265,1.300436,1.304664
112.850000,-2.479627,28.987521,2.052925,0.065719,1.300656,1.303464
112.900000,-2.502879,29.031786,2.055924,0.053744,1.301816,1.302304
112.950000,-2.526249,29.075988,2.058271,0.039744,1.302525,1.301285
113.000000,-2.549708,29.120143,2.059876,0.024178,1.302816,1.300504
113.050000,-2.573219,29.164270,2.060675,0.007597,1.303170,1.300030
113.100000,-2.596747,29.208389,2.060632,-0.009343,1.302479,1.299671
113.150000,-2.620255,29.252518,2.059749,-0.025865,1.298330,1.293917
113.200000,-2.643705,29.296678,2.058067,-0.041090,1.296779,1.291071
113.250000,-2.667066,29.340885,2.055674,-0.054082,1.295856,1.290584
113.300000,-2.690307,29.385155,2.052706,-0.063894,1.293849,1.286378
113.350000,-2.713407,29.429499,2.049345,-0.069664,1.293183,1.284617
113.400000,-2.736353,29.473923,2.045811,-0.070673,1.293206,1.284594
113.450000,-2.759143,29.518427,2.042354,-0.066445,1.293163,1.286039
113.500000,-2.781786,29.563006,2.039244,-0.056836,1.293077,1.287003
113.550000,-2.804302,29.607650,2.036744,-0.042117,1.292827,1.287373
113.600000,-2.826725,29.652340,2.035094,-0.023036,1.292323,1.287877
113.650000,-2.849097,29.697055,2.034483,-0.000813,1.291643,1.288557
113.700000,-2.871467,29.741772,2.035032,0.022958,1.290809,1.290232
113.750000,-2.893889,29.786463,2.036772,0.046471,1.289407,1.292343
113.800000,-2.916414,29.831102,2.039645,0.067916,1.286891,1.293326
113.850000,-2.939089,29.875664,2.043506,0.085660,1.285767,1.293733
113.900000,-2.961955,29.920129,2.048136,0.098393,1.287207,1.294117
113.950000,-2.985038,29.964482,2.053257,0.105169,1.289391,1.298813
114.000000,-3.008354,30.008713,2.058557,0.105429,1.290539,1.303841
114.050000,-3.031901,30.052821,2.063702,0.098995,1.292013,1.305081
114.100000,-3.055666,30.096813,2.068363,0.086090,1.293379,1.304923
114.150000,-3.079618,30.140702,2.072228,0.067365,1.294065,1.304535
114.200000,-3.103718,30.184511,2.075034,0.043941,1.294653,1.303877
114.250000,-3.127914,30.228266,2.076581,0.017391,1.295548,1.299228
114.300000,-3.152148,30.272001,2.076760,-0.010339,1.297169,1.292939
114.350000,-3.176359,30.315748,2.075566,-0.037070,1.298223,1.290577
114.400000,-3.200490,30.359540,2.073104,-0.060584,1.299761,1.289953
114.450000,-3.224488,30.403404,2.069589,-0.078800,1.300813,1.289498
114.500000,-3.248315,30.447362,2.065331,-0.089964,1.301192,1.288646
114.550000,-3.271945,30.491426,2.060716,-0.092819,1.301344,1.288186
114.600000,-3.295371,30.535598,2.056179,-0.086789,1.301126,1.287600
114.650000,-3.318607,30.579872,2.052162,-0.072143,1.299580,1.287341
114.700000,-3.341684,30.624228,2.049069,-0.050113,1.296602,1.285755
114.750000,-3.364650,30.668641,2.047221,-0.022886,1.294923,1.285777
114.800000,-3.387565,30.713081,2.046807,0.006588,1.291107,1.286846
114.850000,-3.410495,30.757513,2.047857,0.034980,1.288785,1.291538
114.900000,-3.433502,30.801905,2.050236,0.059109,1.287863,1.294712
114.950000,-3.456639,30.846230,2.053664,0.076458,1.287383,1.296222
115.000000,-3.479944,30.890466,2.057759,0.085585,1.289284,1.296591
115.050000,-3.503437,30.934603,2.062099,0.086247,1.290408,1.296292
115.100000,-3.527119,30.978639,2.066275,0.079278,1.291450,1.295109
115.150000,-3.550975,31.022581,2.069941,0.066207,1.292251,1.294249
115.200000,-3.574976,31.066445,2.072836,0.048821,1.294064,1.292930
115.250000,-3.599083,31.110249,2.074788,0.028795,1.295042,1.292158
115.300000,-3.623253,31.154019,2.075700,0.007491,1.295559,1.292558
115.350000,-3.647439,31.197780,2.075537,-0.014002,1.295773,1.292586
115.400000,-3.671595,31.241558,2.074314,-0.034692,1.296222,1.292219
115.450000,-3.695676,31.285377,2.072098,-0.053452,1.296759,1.291741
115.500000,-3.719639,31.329260,2.069020,-0.068903,1.297943,1.290627
115.550000,-3.743452,31.373226,2.065283,-0.079453,1.298136,1.288134
115.600000,-3.767091,31.417285,2.061172,-0.083571,1.298296,1.286651
115.650000,-3.790547,31.461441,2.057038,-0.080141,1.297761,1.286686
115.700000,-3.813827,31.505691,2.053273,-0.068855,1.295275,1.287118
115.750000,-3.836956,31.550020,2.050255,-0.050423,1.293028,1.287795
115.800000,-3.859973,31.594407,2.048305,-0.026574,1.291817,1.288683
115.850000,-3.882931,31.638825,2.047634,0.000176,1.289894,1.291384
115.900000,-3.905890,31.683242,2.048316,0.026924,1.288601,1.292999
115.950000,-3.928908,31.727629,2.050279,0.050817,1.287899,1.295469
116.000000,-3.952038,31.771957,2.053316,0.069432,1.287417,1.297956
116.050000,-3.975321,31.816205,2.057116,0.081037,1.288317,1.298715
116.100000,-3.998782,31.860359,2.061302,0.084695,1.288802,1.298698
116.150000,-4.022428,31.904415,2.065468,0.080282,1.288932,1.298214
116.200000,-4.046250,31.948375,2.069223,0.068419,1.291705,1.297773
116.250000,-4.070221,31.992254,2.072222,0.050378,1.293162,1.297338
116.300000,-4.094303,32.036073,2.074200,0.027965,1.293835,1.296665
116.350000,-4.118445,32.079858,2.074991,0.003342,1.294589,1.295486
116.400000,-4.142595,32.123639,2.074541,-0.021185,1.296862,1.294455
116.450000,-4.166699,32.167446,2.072911,-0.043428,1.298989,1.293266
116.500000,-4.190708,32.211304,2.070262,-0.061582,1.299841,1.291708
116.550000,-4.214583,32.255236,2.066833,-0.074425,1.299250,1.290887
116.600000,-4.238295,32.299256,2.062906,-0.081424,1.297478,1.290804
116.650000,-4.261828,32.343371,2.058774,-0.082698,1.296742,1.290958
116.700000,-4.285179,32.387583,2.054709,-0.078878,1.293564,1.288109
116.750000,-4.308357,32.431887,2.050944,-0.070926,1.292082,1.287118
116.800000,-4.331377,32.476272,2.047659,-0.059905,1.291856,1.286918
116.850000,-4.354265,32.520726,2.044982,-0.046826,1.292171,1.287068
116.900000,-4.377049,32.565233,2.042993,-0.032516,1.292038,1.287462
116.950000,-4.399760,32.609778,2.041739,-0.017552,1.291654,1.287846
117.000000,-4.422433,32.654342,2.041242,-0.002272,1.291332,1.288097
117.050000,-4.445100,32.698908,2.041514,0.013164,1.291125,1.288275
117.100000,-4.467797,32.743460,2.042559,0.028620,1.289899,1.288508
117.150000,-4.490557,32.787979,2.044371,0.043815,1.289269,1.288731
117.200000,-4.513415,32.832449,2.046926,0.058136,1.288976,1.291861
117.250000,-4.536402,32.876852,2.050155,0.070579,1.289532,1.295022
117.300000,-4.559544,32.921173,2.053933,0.079805,1.289422,1.297668
117.350000,-4.582863,32.965403,2.058064,0.084390,1.290530,1.298731
117.400000,-4.606367,33.009534,2.062284,0.083164,1.292352,1.298826
117.450000,-4.630054,33.053567,2.066286,0.075561,1.293023,1.300168
117.500000,-4.653905,33.097512,2.069752,0.061855,1.293753,1.300686
117.550000,-4.677893,33.141382,2.072402,0.043197,1.297235,1.300093
117.600000,-4.701974,33.185201,2.074030,0.021405,1.299085,1.299315
117.650000,-4.726102,33.228994,2.074532,-0.001374,1.300565,1.298545
117.700000,-4.750227,33.272788,2.073912,-0.023107,1.301483,1.297633
117.750000,-4.774303,33.316611,2.072264,-0.042196,1.301910,1.296806
117.800000,-4.798286,33.360483,2.069747,-0.057674,1.301715,1.296459
117.850000,-4.822143,33.404425,2.066555,-0.069175,1.300112,1.296396
117.900000,-4.845849,33.448448,2.062887,-0.076738,1.297891,1.296445
117.950000,-4.869386,33.492561,2.058936,-0.080562,1.297222,1.295625
118.000000,-4.892745,33.536769,2.054884,-0.080781,1.296718,1.293436
118.050000,-4.915927,33.581071,2.050911,-0.077405,1.296166,1.291612
118.100000,-4.938937,33.625461,2.047197,-0.070408,1.293706,1.286881
118.150000,-4.961791,33.669932,2.043922,-0.059886,1.292594,1.285306
118.200000,-4.984513,33.714471,2.041253,-0.046252,1.292137,1.285763
118.250000,-5.007132,33.759063,2.039329,-0.030269,1.291506,1.288244
118.300000,-5.029683,33.803688,2.038243,-0.012995,1.290885,1.290468
118.350000,-5.052206,33.848328,2.038030,0.004432,1.289009,1.291339
118.400000,-5.074738,33.892964,2.038671,0.020988,1.288925,1.291658
118.450000,-5.097317,33.937575,2.040103,0.035893,1.289077,1.291823
118.500000,-5.119975,33.982146,2.042227,0.048625,1.287974,1.290863
118.550000,-5.142741,34.026663,2.044927,0.058811,1.286883,1.290619
118.600000,-5.165638,34.071112,2.048065,0.066118,1.285873,1.290858
118.650000,-5.188681,34.115486,2.051490,0.070175,1.285404,1.291523
118.700000,-5.211879,34.159778,2.055029,0.070610,1.285236,1.292149
118.750000,-5.235233,34.203989,2.058494,0.067180,1.286323,1.292245
118.800000,-5.258735,34.248122,2.061690,0.059917,1.287913,1.292724
118.850000,-5.282368,34.292184,2.064436,0.049231,1.288663,1.292708
118.900000,-5.306109,34.336188,2.066577,0.035907,1.290247,1.292221
118.950000,-5.329929,34.380149,2.068005,0.020981,1.291153,1.291747
119.000000,-5.353795,34.424086,2.068670,0.005575,1.292693,1.291275
119.050000,-5.377674,34.468015,2.068573,-0.009275,1.294589,1.290950
119.100000,-5.401532,34.511956,2.067765,-0.022723,1.295237,1.292330
119.150000,-5.425341,34.555923,2.066332,-0.034126,1.295377,1.294460
119.200000,-5.449075,34.599931,2.064390,-0.043017,1.296574,1.297059
119.250000,-5.472715,34.643990,2.062074,-0.049044,1.297187,1.297713
119.300000,-5.496247,34.688106,2.059532,-0.051983,1.297382,1.295382
119.350000,-5.519664,34.732283,2.056922,-0.051777,1.296981,1.292427
119.400000,-5.542968,34.776520,2.054397,-0.048616,1.296141,1.291761
119.450000,-5.566165,34.820814,2.052095,-0.042982,1.293968,1.291383
119.500000,-5.589266,34.865157,2.050123,-0.035608,1.292974,1.291426
119.550000,-5.612289,34.909542,2.048545,-0.027375,1.290987,1.291490
119.600000,-5.635250,34.953957,2.047384,-0.019129,1.290038,1.291662
119.650000,-5.658170,34.998395,2.046621,-0.011533,1.291656,1.290969
119.700000,-5.681063,35.042846,2.046215,-0.004960,1.292332,1.289457
119.750000,-5.703945,35.087303,2.046109,0.000489,1.290580,1.290150
119.800000,-5.726828,35.131759,2.046249,0.004902,1.289867,1.290633
119.850000,-5.749722,35.176210,2.046586,0.008434,1.288291,1.289505
119.900000,-5.772635,35.220651,2.047081,0.011199,1.286063,1.289142
119.950000,-5.795572,35.265079,2.047695,0.013220,1.285302,1.289227
120.000000,-5.818539,35.309493,2.048391,0.014447,1.285273,1.289227
120.050000,-5.841537,35.353889,2.049127,0.014794,1.288688,1.289298
120.100000,-5.864568,35.398269,2.049856,0.014182,1.290986,1.290691
120.150000,-5.887631,35.442633,2.050530,0.012559,1.291425,1.291957
120.200000,-5.910721,35.486982,2.051097,0.009900,1.292892,1.292231
120.250000,-5.933833,35.531320,2.051505,0.006203,1.293540,1.292160
120.300000,-5.956959,35.575650,2.051702,0.001507,1.293558,1.293990
120.350000,-5.980087,35.619979,2.051643,-0.004063,1.293611,1.294689
120.400000,-6.003207,35.664313,2.051287,-0.010260,1.294260,1.294538
120.450000,-6.026304,35.708658,2.050614,-0.016695,1.294840,1.294302
120.500000,-6.049364,35.753023,2.049623,-0.022882,1.298212,1.295111
120.550000,-6.072374,35.797414,2.048337,-0.028354,1.302750,1.295733
120.600000,-6.095320,35.841838,2.046803,-0.032790,1.304544,1.296280
120.650000,-6.118194,35.886299,2.045074,-0.036145,1.304732,1.298814
120.700000,-6.140988,35.930801,2.043200,-0.038700,1.305084,1.302189
120.750000,-6.163695,35.975348,2.041206,-0.041020,1.305164,1.303236
120.800000,-6.186311,36.019940,2.039089,-0.043814,1.304657,1.303388
120.850000,-6.208829,36.064583,2.036807,-0.047747,1.304455,1.303445
120.900000,-6.231240,36.109279,2.034290,-0.053249,1.304566,1.303334
120.950000,-6.253532,36.154035,2.031458,-0.060398,1.304365,1.301828
121.000000,-6.275688,36.198857,2.028232,-0.068871,1.304493,1.299869
121.050000,-6.297690,36.243756,2.024562,-0.078020,1.303999,1.299048
121.100000,-6.319517,36.288741,2.020435,-0.086985,1.302369,1.298695
121.150000,-6.341148,36.333820,2.015881,-0.094887,1.301920,1.297342
121.200000,-6.362565,36.379001,2.010974,-0.101011,1.300500,1.296521
121.250000,-6.383753,36.424289,2.005812,-0.104978,1.299962,1.294274
121.300000,-6.404705,36.469688,2.000505,-0.106895,1.300007,1.292610
121.350000,-6.425413,36.515198,1.995142,-0.107405,1.298508,1.290944
121.400000,-6.445877,36.560818,1.989766,-0.107633,1.297729,1.290571
121.450000,-6.466095,36.606548,1.984358,-0.109004,1.293827,1.289913
121.500000,-6.486062,36.652388,1.978826,-0.112908,1.292080,1.289820
121.550000,-6.505770,36.698340,1.973014,-0.120329,1.292040,1.289860
121.600000,-6.525201,36.744410,1.966738,-0.131482,1.292318,1.288654
121.650000,-6.544328,36.790607,1.959823,-0.145641,1.295524,1.287646
121.700000,-6.563118,36.836942,1.952157,-0.161180,1.299104,1.287882
121.750000,-6.581534,36.883427,1.943723,-0.175886,1.301707,1.288467
121.800000,-6.599541,36.930072,1.934620,-0.187456,1.302698,1.288803
121.850000,-6.617111,36.976883,1.925055,-0.194038,1.303015,1.288685
121.900000,-6.634227,37.023862,1.915306,-0.194678,1.303304,1.289256
121.950000,-6.650886,37.071006,1.905672,-0.189539,1.303070,1.290117
122.000000,-6.667098,37.118305,1.896416,-0.179860,1.304851,1.294484
122.050000,-6.682884,37.165747,1.887718,-0.167665,1.305113,1.296587
122.100000,-6.698272,37.213320,1.879646,-0.155344,1.304619,1.297081
122.150000,-6.713289,37.261012,1.872146,-0.145187,1.304266,1.297434
122.200000,-6.727960,37.308811,1.865064,-0.139029,1.304038,1.297662
122.250000,-6.742296,37.356712,1.858165,-0.138012,1.301723,1.297671
122.300000,-6.756301,37.404710,1.851179,-0.142530,1.299036,1.297517
122.350000,-6.769963,37.452808,1.843834,-0.152326,1.298664,1.293817
122.400000,-6.783257,37.501008,1.835881,-0.166643,1.299104,1.291951
122.450000,-6.796149,37.549317,1.827120,-0.184447,1.299619,1.291381
122.500000,-6.808594,37.597744,1.817404,-0.204560,1.299998,1.290929
122.550000,-6.820543,37.646295,1.806650,-0.225769,1.300379,1.290521
122.600000,-6.831944,37.694978,1.794832,-0.246828,1.300747,1.290081
122.650000,-6.842743,37.743798,1.781991,-0.266466,1.301132,1.289013
122.700000,-6.852891,37.792757,1.768229,-0.283408,1.301638,1.286805
122.750000,-6.862345,37.841855,1.753711,-0.296494,1.302120,1.285780
122.800000,-6.871071,37.891088,1.738653,-0.304854,1.302437,1.284731
122.850000,-6.879046,37.940448,1.723303,-0.308115,1.302526,1.284300
122.900000,-6.886261,37.989924,1.707913,-0.306564,1.302452,1.284495
122.950000,-6.892718,38.039506,1.692703,-0.301127,1.302079,1.285364
123.000000,-6.898427,38.089179,1.677834,-0.293222,1.301649,1.285951
123.050000,-6.903408,38.138930,1.663391,-0.284427,1.301173,1.287242
123.100000,-6.907680,38.188747,1.649380,-0.276140,1.300823,1.287877
123.150000,-6.911264,38.238619,1.635752,-0.269325,1.300738,1.288334
123.200000,-6.914176,38.288534,1.622417,-0.264422,1.301003,1.288421
123.250000,-6.916427,38.338483,1.609278,-0.261507,1.301555,1.288244
123.300000,-6.918025,38.388457,1.596236,-0.260563,1.302434,1.289112
123.350000,-6.918971,38.438449,1.583187,-0.261815,1.302615,1.288510
123.400000,-6.919262,38.488448,1.570008,-0.265909,1.302500,1.288300
123.450000,-6.918887,38.538446,1.556533,-0.273870,1.301673,1.289428
123.500000,-6.917827,38.588435,1.542540,-0.286823,1.301135,1.289839
123.550000,-6.916049,38.638403,1.527758,-0.305516,1.301243,1.289657
123.600000,-6.913507,38.688339,1.511899,-0.329861,1.301788,1.289112
123.650000,-6.910141,38.738225,1.494706,-0.358585,1.302911,1.287228
123.700000,-6.905881,38.788043,1.476017,-0.389194,1.304811,1.284555
123.750000,-6.900653,38.837769,1.455820,-0.418244,1.306364,1.281762
123.800000,-6.894387,38.887375,1.434288,-0.441896,1.307541,1.279719
123.850000,-6.887028,38.936831,1.411782,-0.456623,1.308120,1.278980
123.900000,-6.878545,38.986106,1.388817,-0.459905,1.308951,1.278149
123.950000,-6.868934,39.035173,1.365997,-0.450694,1.308171,1.277675
124.000000,-6.858222,39.084012,1.343940,-0.429588,1.307281,1.278770
124.050000,-6.846465,39.132610,1.323196,-0.398621,1.304215,1.279927
124.100000,-6.833743,39.180965,1.304185,-0.360798,1.302474,1.286131
124.150000,-6.820151,39.229082,1.287166,-0.319475,1.301186,1.288714
124.200000,-6.805793,39.276976,1.272236,-0.277776,1.303112,1.289824
124.250000,-6.790770,39.324666,1.259347,-0.238170,1.303344,1.288034
124.300000,-6.775180,39.372173,1.248352,-0.202269,1.302834,1.287966
124.350000,-6.759109,39.419520,1.239042,-0.170866,1.302360,1.288440
124.400000,-6.742633,39.466728,1.231185,-0.144143,1.301633,1.294228
124.450000,-6.725816,39.513815,1.224550,-0.121948,1.300817,1.296122
124.500000,-6.708712,39.560798,1.218917,-0.104051,1.300351,1.296549
124.550000,-6.691363,39.607692,1.214075,-0.090282,1.300023,1.296877
124.600000,-6.673801,39.654506,1.209820,-0.080542,1.299708,1.297192
124.650000,-6.656050,39.701249,1.205954,-0.074720,1.299523,1.297377
124.700000,-6.638124,39.747925,1.202286,-0.072584,1.299227,1.297351
124.750000,-6.620028,39.794536,1.198641,-0.073693,1.299289,1.297211
124.800000,-6.601760,39.841079,1.194873,-0.077410,1.299889,1.298221
124.850000,-6.583311,39.887551,1.190870,-0.082976,1.299886,1.298292
124.900000,-6.564670,39.933946,1.186559,-0.089608,1.299993,1.295049
124.950000,-6.545821,39.980257,1.181906,-0.096574,1.299855,1.293076
125.000000,-6.526749,40.026477,1.176909,-0.103216,1.296797,1.292743
125.050000,-6.507438,40.072597,1.171602,-0.108898,1.296105,1.292615
125.100000,-6.487877,40.118612,1.166049,-0.112956,1.296229,1.290537
125.150000,-6.468057,40.164516,1.160348,-0.114693,1.296389,1.289911
125.200000,-6.447975,40.210306,1.154632,-0.113438,1.296562,1.290705
125.250000,-6.427634,40.255981,1.149065,-0.108684,1.296571,1.290929
125.300000,-6.407046,40.301546,1.143827,-0.100254,1.298768,1.292039
125.350000,-6.386231,40.347007,1.139098,-0.088421,1.298963,1.294734
125.400000,-6.365215,40.392376,1.135029,-0.073927,1.300688,1.296900
125.450000,-6.344032,40.437667,1.131729,-0.057883,1.300668,1.298619
125.500000,-6.322717,40.482896,1.129242,-0.041575,1.300218,1.299282
125.550000,-6.301309,40.528081,1.127552,-0.026236,1.299834,1.299666
125.600000,-6.279841,40.573238,1.126583,-0.012862,1.299545,1.299955
125.650000,-6.258344,40.618380,1.126220,-0.002075,1.300060,1.303716
125.700000,-6.236841,40.663521,1.126326,0.005862,1.300432,1.304690
125.750000,-6.215351,40.708667,1.126758,0.011003,1.300462,1.304738
125.800000,-6.193885,40.753824,1.127382,0.013574,1.300514,1.303557
125.850000,-6.172449,40.798996,1.128077,0.013853,1.300558,1.302597
125.900000,-6.151044,40.844183,1.128733,0.012068,1.300568,1.302432
125.950000,-6.129667,40.889383,1.129251,0.008371,1.300299,1.297781
126.000000,-6.108307,40.934591,1.129539,0.002886,1.297369,1.295337
126.050000,-6.086954,40.979802,1.129513,-0.004185,1.296752,1.294464
126.100000,-6.065591,41.025008,1.129101,-0.012455,1.296600,1.294177
126.150000,-6.044200,41.070202,1.128259,-0.021282,1.293025,1.293158
126.200000,-6.022761,41.115372,1.126980,-0.029822,1.292479,1.291169
126.250000,-6.001255,41.160511,1.125300,-0.037177,1.291957,1.290456
126.300000,-5.979666,41.205609,1.123296,-0.042640,1.292890,1.288826
126.350000,-5.957981,41.250662,1.121073,-0.045931,1.292284,1.288429
126.400000,-5.936193,41.295665,1.118734,-0.047363,1.291252,1.288119
126.450000,-5.914298,41.340617,1.116352,-0.047786,1.290798,1.287980
126.500000,-5.892296,41.385516,1.113949,-0.048393,1.289294,1.288196
126.550000,-5.870185,41.430361,1.111487,-0.050336,1.287488,1.288744
126.600000,-5.847961,41.475150,1.108879,-0.054338,1.287180,1.288497
126.650000,-5.825615,41.519879,1.106018,-0.060428,1.287452,1.288148
126.700000,-5.803134,41.564540,1.102815,-0.067858,1.287974,1.288433
126.750000,-5.780501,41.609124,1.099235,-0.075311,1.291730,1.288098
126.800000,-5.757701,41.653623,1.095314,-0.081250,1.295710,1.287876
126.850000,-5.734721,41.698029,1.091162,-0.084347,1.296578,1.288449
126.900000,-5.711554,41.742339,1.086943,-0.083817,1.296433,1.290301
126.950000,-5.688203,41.786551,1.082845,-0.079533,1.296093,1.291007
127.000000,-5.664677,41.830670,1.079045,-0.071945,1.295379,1.292287
127.050000,-5.640993,41.874705,1.075692,-0.061827,1.294975,1.292502
127.100000,-5.617173,41.918666,1.072891,-0.049984,1.294676,1.293047
127.150000,-5.593243,41.962568,1.070711,-0.037041,1.294475,1.293325
127.200000,-5.569232,42.006426,1.069198,-0.023361,1.298891,1.293434
127.250000,-5.545171,42.050255,1.068384,-0.009120,1.299735,1.293665
127.300000,-5.521089,42.094074,1.068293,0.005532,1.299484,1.294966
127.350000,-5.497019,42.137899,1.068939,0.020315,1.297008,1.297126
127.400000,-5.472994,42.181749,1.070317,0.034722,1.294652,1.297490
127.450000,-5.449045,42.225640,1.072391,0.048041,1.293961,1.297739
127.500000,-5.425201,42.269588,1.075086,0.059453,1.291869,1.297084
127.550000,-5.401487,42.313607,1.078288,0.068197,1.291255,1.295671
127.600000,-5.377922,42.357706,1.081849,0.073710,1.291171,1.295106
127.650000,-5.354520,42.401891,1.085599,0.075738,1.291137,1.295063
127.700000,-5.331285,42.446164,1.089364,0.074360,1.291247,1.294953
127.750000,-5.308213,42.490523,1.092983,0.069954,1.289849,1.294816
127.800000,-5.285297,42.534962,1.096319,0.063123,1.289700,1.294600
127.850000,-5.262520,42.579474,1.099268,0.054594,1.289146,1.292568
127.900000,-5.239865,42.624046,1.101764,0.045132,1.289215,1.293986
127.950000,-5.217311,42.668670,1.103779,0.035448,1.289013,1.294202
128.000000,-5.194836,42.713334,1.105318,0.026177,1.289081,1.291918
128.050000,-5.172419,42.758028,1.106414,0.017811,1.289226,1.291274
128.100000,-5.150043,42.802741,1.107121,0.010701,1.290700,1.289073
128.150000,-5.127691,42.847467,1.107509,0.005012,1.291177,1.288423
128.200000,-5.105350,42.892198,1.107646,0.000715,1.291262,1.288338
128.250000,-5.083011,42.936930,1.107599,-0.002458,1.291292,1.289358
128.300000,-5.060667,42.981660,1.107411,-0.004986,1.291247,1.289653
128.350000,-5.038311,43.026384,1.107098,-0.007550,1.290389,1.290107
128.400000,-5.015939,43.071099,1.106640,-0.010922,1.289358,1.290234
128.450000,-4.993541,43.115802,1.105977,-0.015843,1.288194,1.288783
128.500000,-4.971108,43.160487,1.105019,-0.022835,1.288037,1.287475
128.550000,-4.948624,43.205147,1.103655,-0.032042,1.286840,1.287087
128.600000,-4.926067,43.249770,1.101784,-0.043106,1.286779,1.286821
128.650000,-4.903414,43.294344,1.099331,-0.055127,1.289047,1.286411
128.700000,-4.880639,43.338855,1.096281,-0.066747,1.290422,1.286851
128.750000,-4.857716,43.383291,1.092695,-0.076352,1.291054,1.288000
128.800000,-4.834624,43.427639,1.088712,-0.082347,1.291344,1.288056
128.850000,-4.811350,43.471892,1.084547,-0.083476,1.291492,1.288232
128.900000,-4.787893,43.516049,1.080461,-0.079091,1.291314,1.288486
128.950000,-4.764263,43.560112,1.076730,-0.069318,1.293951,1.291428
129.000000,-4.740481,43.604094,1.073604,-0.055065,1.297083,1.292690
129.050000,-4.716579,43.648011,1.071270,-0.037879,1.297458,1.293285
129.100000,-4.692593,43.691882,1.069830,-0.019624,1.296837,1.296794
129.150000,-4.668565,43.735730,1.069290,-0.002133,1.296166,1.298862
129.200000,-4.644531,43.779575,1.069576,0.013185,1.295720,1.299480
129.250000,-4.620525,43.823435,1.070557,0.025582,1.295870,1.299654
129.300000,-4.596575,43.867326,1.072084,0.035047,1.295950,1.299650
129.350000,-4.572702,43.911259,1.074022,0.042158,1.296129,1.298905
129.400000,-4.548921,43.955241,1.076276,0.047759,1.296288,1.295297
129.450000,-4.525245,43.999280,1.078787,0.052597,1.296302,1.293204
129.500000,-4.501684,44.043381,1.081529,0.057027,1.296068,1.293132
129.550000,-4.478250,44.087549,1.084479,0.060891,1.292098,1.293463
129.600000,-4.454950,44.131789,1.087597,0.063637,1.290386,1.293748
129.650000,-4.431790,44.176101,1.090810,0.064571,1.288981,1.295262
129.700000,-4.408773,44.220489,1.094013,0.063202,1.288722,1.295578
129.750000,-4.385896,44.264948,1.097089,0.059448,1.290008,1.295343
129.800000,-4.363151,44.309475,1.099926,0.053728,1.290601,1.293867
129.850000,-4.340525,44.354063,1.102443,0.046810,1.290550,1.291628
129.900000,-4.318004,44.398704,1.104603,0.039557,1.291819,1.291013
129.950000,-4.295571,44.443389,1.106406,0.032648,1.291117,1.290850
130.000000,-4.273211,44.488111,1.107879,0.026360,1.289537,1.290869
130.050000,-4.250910,44.532862,1.109049,0.020515,1.290487,1.292444
130.100000,-4.228655,44.577636,1.109927,0.014575,1.288977,1.292843
130.150000,-4.206433,44.622426,1.110491,0.007843,1.288565,1.292835
130.200000,-4.184228,44.667225,1.110686,-0.000287,1.290775,1.292647
130.250000,-4.162022,44.712023,1.110433,-0.010113,1.291484,1.292335
130.300000,-4.139792,44.756810,1.109649,-0.021471,1.293279,1.290764
130.350000,-4.117515,44.801573,1.108273,-0.033695,1.293954,1.290227
130.400000,-4.095163,44.846298,1.106287,-0.045674,1.291437,1.289770
130.450000,-4.072708,44.890973,1.103736,-0.056038,1.291150,1.287893
130.500000,-4.050129,44.935584,1.100737,-0.063433,1.292976,1.286857
130.550000,-4.027410,44.980125,1.097464,-0.066836,1.293631,1.286469
130.600000,-4.004543,45.024589,1.094130,-0.065838,1.293666,1.286434
130.650000,-3.981530,45.068979,1.090949,-0.060809,1.293337,1.289029
130.700000,-3.958383,45.113298,1.088098,-0.052816,1.294493,1.290025
130.750000,-3.935120,45.157557,1.085688,-0.043385,1.294211,1.292874
130.800000,-3.911760,45.201764,1.083754,-0.034063,1.293697,1.294308
130.850000,-3.888325,45.245932,1.082257,-0.026037,1.293952,1.295281
130.900000,-3.864832,45.290069,1.081117,-0.019840,1.294132,1.295368
130.950000,-3.841295,45.334183,1.080245,-0.015313,1.297036,1.295945
131.000000,-3.817724,45.378278,1.079570,-0.011804,1.300714,1.296324
131.050000,-3.794126,45.422359,1.079064,-0.008451,1.301429,1.296371
131.100000,-3.770511,45.466431,1.078737,-0.004509,1.299494,1.297821
131.150000,-3.746885,45.510497,1.078632,0.000476,1.298455,1.298907
131.200000,-3.723261,45.554564,1.078805,0.006617,1.298093,1.299307
131.250000,-3.699652,45.598639,1.079311,0.013773,1.297538,1.299457
131.300000,-3.676073,45.642731,1.080194,0.021637,1.297039,1.298242
131.350000,-3.652542,45.686847,1.081478,0.029787,1.294618,1.298016
131.400000,-3.629077,45.730999,1.083167,0.037681,1.293939,1.298161
131.450000,-3.605694,45.775195,1.085228,0.044604,1.293772,1.297438
131.500000,-3.582410,45.819442,1.087593,0.049675,1.288703,1.295661
131.550000,-3.559236,45.863747,1.090145,0.051981,1.286772,1.295543
131.600000,-3.536175,45.908112,1.092729,0.050779,1.286452,1.295748
131.650000,-3.513227,45.952535,1.095158,0.045808,1.286535,1.292914
131.700000,-3.490380,45.997010,1.097253,0.037495,1.286880,1.290221
131.750000,-3.467616,46.041527,1.098873,0.027018,1.287344,1.289356
131.800000,-3.444912,46.086075,1.099953,0.016154,1.288883,1.286765
131.850000,-3.422244,46.130642,1.100521,0.006898,1.289643,1.285757
131.900000,-3.399593,46.175216,1.100704,0.000999,1.288916,1.285432
131.950000,-3.376944,46.219793,1.100699,-0.000485,1.288656,1.285444
132.000000,-3.354296,46.264369,1.100733,0.002506,1.286812,1.285022
132.050000,-3.331654,46.308948,1.101008,0.008992,1.285497,1.285317
132.100000,-3.309032,46.353538,1.101656,0.017126,1.284833,1.285867
132.150000,-3.286448,46.398147,1.102703,0.024606,1.284412,1.287097
132.200000,-3.263918,46.442784,1.104060,0.029157,1.283678,1.286808
132.250000,-3.241452,46.487452,1.105534,0.029024,1.283425,1.286775
132.300000,-3.219050,46.532153,1.106866,0.023365,1.283943,1.288442
132.350000,-3.196700,46.576879,1.107781,0.012428,1.284416,1.287917
132.400000,-3.174376,46.621619,1.108044,-0.002479,1.285042,1.287158
132.450000,-3.152046,46.666356,1.107506,-0.019260,1.288755,1.287247
132.500000,-3.129674,46.711072,1.106133,-0.035471,1.292063,1.286698
132.550000,-3.107223,46.755748,1.104013,-0.048819,1.293069,1.286131
132.600000,-3.084664,46.800369,1.101333,-0.057631,1.293261,1.286667
132.650000,-3.061977,46.844926,1.098343,-0.061133,1.293608,1.287544
132.700000,-3.039156,46.889414,1.095307,-0.059552,1.293842,1.288529
132.750000,-3.016203,46.933834,1.092455,-0.053936,1.294551,1.289102
132.800000,-2.993130,46.978193,1.089952,-0.045858,1.294433,1.292300
132.850000,-2.969956,47.022498,1.087879,-0.037003,1.294640,1.293327
132.900000,-2.946700,47.066761,1.086237,-0.028822,1.294589,1.293511
132.950000,-2.923380,47.110989,1.084966,-0.022277,1.294395,1.295810
133.000000,-2.900010,47.155191,1.083974,-0.017732,1.294340,1.298546
133.050000,-2.876601,47.199373,1.083162,-0.015006,1.297705,1.298934
133.100000,-2.853158,47.243537,1.082453,-0.013528,1.301694,1.298944
133.150000,-2.829685,47.287684,1.081803,-0.012529,1.302523,1.299201
133.200000,-2.806185,47.331818,1.081207,-0.011238,1.302533,1.300967
133.250000,-2.782660,47.375938,1.080697,-0.009013,1.302402,1.301498
133.300000,-2.759116,47.420047,1.080331,-0.005412,1.301079,1.301607
133.350000,-2.735560,47.464151,1.080184,-0.000218,1.300672,1.301405
133.400000,-2.712003,47.508254,1.080336,0.006542,1.295920,1.300011
133.450000,-2.688462,47.552365,1.080859,0.014557,1.294717,1.299217
133.500000,-2.664952,47.596494,1.081801,0.023231,1.294542,1.299258
133.550000,-2.641494,47.640649,1.083176,0.031685,1.293705,1.299609
133.600000,-2.618106,47.684842,1.084945,0.038872,1.292074,1.298941
133.650000,-2.594803,47.729079,1.087021,0.043781,1.291453,1.299047
133.700000,-2.571596,47.773368,1.089270,0.045705,1.291108,1.299230
133.750000,-2.548490,47.817708,1.091537,0.044488,1.290223,1.295221
133.800000,-2.525482,47.862100,1.093675,0.040633,1.289827,1.290102
133.850000,-2.502564,47.906539,1.095577,0.035258,1.287868,1.288765
133.900000,-2.479725,47.951017,1.097203,0.029813,1.287804,1.286353
133.950000,-2.456952,47.995530,1.098585,0.025691,1.288113,1.285587
134.000000,-2.434237,48.040073,1.099813,0.023833,1.288188,1.287212
134.050000,-2.411575,48.084642,1.101010,0.024426,1.288058,1.287742
134.100000,-2.388968,48.129240,1.102285,0.026833,1.287769,1.288031
134.150000,-2.366421,48.173867,1.103699,0.029760,1.287279,1.288440
134.200000,-2.343941,48.218529,1.105239,0.031594,1.285257,1.288824
134.250000,-2.321530,48.263225,1.106811,0.030865,1.284730,1.289294
134.300000,-2.299187,48.307955,1.108263,0.026630,1.286448,1.288542
134.350000,-2.276904,48.352715,1.109410,0.018697,1.287177,1.288023
134.400000,-2.254661,48.397495,1.110080,0.007648,1.287647,1.288281
134.450000,-2.232436,48.442284,1.110144,-0.005369,1.289366,1.288595
134.500000,-2.210198,48.487067,1.109537,-0.018961,1.290446,1.288358
134.550000,-2.187918,48.531828,1.108263,-0.031829,1.290873,1.288836
134.600000,-2.165567,48.576555,1.106385,-0.043017,1.293271,1.288814
134.650000,-2.143121,48.621233,1.104000,-0.052028,1.293882,1.288718
134.700000,-2.120559,48.665853,1.101221,-0.058773,1.293919,1.288681
134.750000,-2.097866,48.710407,1.098159,-0.063395,1.293924,1.288271
134.800000,-2.075032,48.754889,1.094915,-0.066096,1.293908,1.288192
134.850000,-2.052052,48.799295,1.091581,-0.066954,1.293985,1.288115
134.900000,-2.028924,48.843624,1.088253,-0.065880,1.294039,1.291137
134.950000,-2.005650,48.887877,1.085031,-0.062657,1.294071,1.292396
135.000000,-1.982239,48.932058,1.082028,-0.057089,1.296948,1.292485
135.050000,-1.958702,48.976171,1.079363,-0.049160,1.297485,1.293505
135.100000,-1.935056,49.020227,1.077147,-0.039136,1.297156,1.294368
135.150000,-1.911325,49.064236,1.075475,-0.027558,1.296756,1.294844
135.200000,-1.887534,49.108213,1.074405,-0.015120,1.295408,1.295059
135.250000,-1.863709,49.152172,1.073965,-0.002478,1.292103,1.296074
135.300000,-1.839879,49.196128,1.074152,0.009927,1.284695,1.296935
135.350000,-1.816070,49.240095,1.074950,0.021917,1.283090,1.298243
135.400000,-1.792310,49.284089,1.076337,0.033500,1.283047,1.298553
135.450000,-1.768623,49.328122,1.078292,0.044662,1.286409,1.298671
135.500000,-1.745034,49.372208,1.080790,0.055131,1.290075,1.298900
135.550000,-1.721567,49.416359,1.083781,0.064256,1.290433,1.297324
135.600000,-1.698241,49.460585,1.087173,0.071054,1.286903,1.297240
135.650000,-1.675072,49.504893,1.090825,0.074459,1.285746,1.296521
135.700000,-1.652067,49.549286,1.094545,0.073694,1.283942,1.296358
135.750000,-1.629225,49.593764,1.098119,0.068590,1.283729,1.292850
135.800000,-1.606535,49.638319,1.101342,0.059762,1.284761,1.288204
135.850000,-1.583978,49.682941,1.104057,0.048537,1.285549,1.286751
135.900000,-1.561529,49.727618,1.106187,0.036621,1.286664,1.286122
135.950000,-1.539162,49.772336,1.107740,0.025671,1.287953,1.286811
136.000000,-1.516853,49.817084,1.108794,0.016864,1.288291,1.286909
136.050000,-1.494582,49.861850,1.109471,0.010611,1.288262,1.288153
136.100000,-1.472335,49.906628,1.109892,0.006542,1.288108,1.288592
136.150000,-1.450103,49.951414,1.110143,0.003662,1.287920,1.288780
136.200000,-1.427880,49.996203,1.110253,0.000697,1.287831,1.288869
136.250000,-1.405657,50.040993,1.110189,-0.003511,1.287362,1.288933
136.300000,-1.383427,50.085780,1.109867,-0.009694,1.287357,1.288843
136.350000,-1.361174,50.130555,1.109183,-0.017985,1.287615,1.288585
136.400000,-1.338881,50.175310,1.108041,-0.027913,1.289267,1.288148
136.450000,-1.316525,50.220033,1.106381,-0.038573,1.290050,1.287650
136.500000,-1.294083,50.264714,1.104193,-0.048874,1.294592,1.287643
136.550000,-1.271532,50.309340,1.101520,-0.057790,1.295793,1.287507
136.600000,-1.248853,50.353901,1.098453,-0.064529,1.295926,1.287374
136.650000,-1.226031,50.398388,1.095114,-0.068600,1.295885,1.286848
136.700000,-1.203056,50.442797,1.091644,-0.069755,1.293373,1.286797
136.750000,-1.179928,50.487127,1.088191,-0.067925,1.292752,1.286848
136.800000,-1.156650,50.531377,1.084902,-0.063152,1.292771,1.287720
136.850000,-1.133233,50.575555,1.081923,-0.055614,1.294485,1.289375
136.900000,-1.109693,50.619667,1.079381,-0.045706,1.296295,1.289925
136.950000,-1.086053,50.663725,1.077380,-0.034117,1.296323,1.291330
137.000000,-1.062338,50.707744,1.075978,-0.021856,1.295904,1.294508
137.050000,-1.038575,50.751736,1.075182,-0.010137,1.296305,1.295667
137.100000,-1.014789,50.795716,1.074932,-0.000171,1.296127,1.296478
137.150000,-0.991002,50.839695,1.075116,0.007125,1.295945,1.297484
137.200000,-0.967230,50.883683,1.075591,0.011368,1.295900,1.297700
137.250000,-0.943483,50.927683,1.076206,0.012848,1.296034,1.297566
137.300000,-0.919764,50.971699,1.076846,0.012480,1.296250,1.297350
137.350000,-0.896072,51.015730,1.077449,0.011597,1.298345,1.299307
137.400000,-0.872406,51.059774,1.078025,0.011631,1.298961,1.299639
137.450000,-0.848765,51.103832,1.078651,0.013762,1.299032,1.299568
137.500000,-0.825156,51.147907,1.079449,0.018621,1.298870,1.299730
137.550000,-0.801589,51.192005,1.080559,0.026149,1.297727,1.298848
137.600000,-0.778079,51.236133,1.082095,0.035565,1.294417,1.299010
137.650000,-0.754648,51.280303,1.084121,0.045529,1.293357,1.298309
137.700000,-0.731317,51.324526,1.086624,0.054349,1.291278,1.296719
137.750000,-0.708106,51.368812,1.089502,0.060287,1.290377,1.296580
137.800000,-0.685027,51.413167,1.092573,0.061841,1.290091,1.295027
137.850000,-0.662085,51.457593,1.095591,0.058046,1.289397,1.294655
137.900000,-0.639271,51.502084,1.098281,0.048675,1.288861,1.294553
137.950000,-0.616564,51.546631,1.100376,0.034420,1.289106,1.294194
138.000000,-0.593933,51.591216,1.101670,0.016861,1.289917,1.293383
138.050000,-0.571339,51.635820,1.102050,-0.001733,1.290489,1.289812
138.100000,-0.548743,51.680423,1.101529,-0.018820,1.290418,1.287075
138.150000,-0.526105,51.725004,1.100239,-0.032152,1.292066,1.284772
138.200000,-0.503396,51.769550,1.098405,-0.040355,1.291547,1.284118
138.250000,-0.480599,51.814050,1.096294,-0.043300,1.291094,1.284306
138.300000,-0.457706,51.858502,1.094144,-0.042112,1.291217,1.284913
138.350000,-0.434720,51.902905,1.092114,-0.038799,1.290609,1.291773
138.400000,-0.411647,51.947263,1.090258,-0.035542,1.290068,1.294300
138.450000,-0.388496,51.991580,1.088527,-0.033977,1.290688,1.295110
138.500000,-0.365269,52.035858,1.086821,-0.034641,1.294258,1.295167
138.550000,-0.341965,52.080095,1.085038,-0.036888,1.295598,1.294602
138.600000,-0.318579,52.124289,1.083135,-0.039188,1.300413,1.293924
138.650000,-0.295107,52.168437,1.081153,-0.039768,1.301700,1.293276
138.700000,-0.271548,52.212539,1.079215,-0.037239,1.301620,1.293280
138.750000,-0.247908,52.256598,1.077494,-0.031030,1.296967,1.293795
138.800000,-0.224200,52.300620,1.076169,-0.021459,1.294543,1.294446
138.850000,-0.200446,52.344617,1.075387,-0.009487,1.293803,1.295646
138.900000,-0.176671,52.388602,1.075238,0.003684,1.293511,1.296089
138.950000,-0.152903,52.432592,1.075756,0.017000,1.292602,1.296268
139.000000,-0.129173,52.476602,1.076927,0.029728,1.292409,1.295317
139.050000,-0.105509,52.520648,1.078710,0.041446,1.292283,1.295217
139.100000,-0.081935,52.564742,1.081048,0.051864,1.292037,1.294490
139.150000,-0.058475,52.608896,1.083867,0.060639,1.291327,1.293593
139.200000,-0.035149,52.653122,1.087073,0.067263,1.290906,1.293613
139.250000,-0.011972,52.697425,1.090543,0.071104,1.285982,1.293161
139.300000,0.011049,52.741811,1.094123,0.071524,1.284369,1.288904
139.350000,0.033912,52.786277,1.097628,0.068103,1.284072,1.287803
139.400000,0.056624,52.830821,1.100865,0.060757,1.283773,1.289813
139.450000,0.079201,52.875434,1.103643,0.049839,1.284035,1.289965
139.500000,0.101667,52.920102,1.105802,0.036098,1.282946,1.287401
139.550000,0.124054,52.964811,1.107224,0.020571,1.281672,1.285555
139.600000,0.146394,53.009542,1.107850,0.004395,1.281816,1.283910
139.650000,0.168724,53.054279,1.107674,-0.011372,1.282204,1.283296
139.700000,0.191080,53.099003,1.106736,-0.025931,1.283984,1.282896
139.750000,0.213493,53.143698,1.105110,-0.038859,1.284586,1.283589
139.800000,0.235992,53.188349,1.102879,-0.050121,1.286202,1.283659
139.850000,0.258604,53.232945,1.100121,-0.059968,1.287734,1.284821
139.900000,0.281348,53.277472,1.096900,-0.068732,1.289440,1.286989
139.950000,0.304245,53.321921,1.093264,-0.076564,1.290143,1.287382
140.000000,0.327312,53.366282,1.089265,-0.083207,1.290556,1.288262
140.050000,0.350563,53.410547,1.084979,-0.087915,1.293008,1.291372
140.100000,0.374008,53.454710,1.080530,-0.089549,1.299047,1.291671
140.150000,0.397649,53.498768,1.076102,-0.086855,1.300466,1.291515
140.200000,0.421480,53.542723,1.071939,-0.078839,1.301680,1.291945
140.250000,0.445484,53.586585,1.068318,-0.065118,1.301796,1.292773
140.300000,0.469628,53.630369,1.065518,-0.046103,1.301093,1.298158
140.350000,0.493873,53.674097,1.063775,-0.023012,1.300246,1.304605
140.400000,0.518168,53.717798,1.063251,0.002327,1.299501,1.306399
140.450000,0.542458,53.761502,1.064005,0.027763,1.298877,1.307023
140.500000,0.566688,53.805239,1.065986,0.051130,1.300191,1.303270
140.550000,0.590806,53.849037,1.069044,0.070533,1.300146,1.299096
140.600000,0.614771,53.892920,1.072942,0.084534,1.297778,1.298427
140.650000,0.638552,53.936902,1.077387,0.092276,1.293116,1.298191
140.700000,0.662131,53.980994,1.082057,0.093538,1.289669,1.297702
140.750000,0.685504,54.025194,1.086636,0.088697,1.288268,1.294851
140.800000,0.708683,54.069497,1.090838,0.078623,1.288466,1.293834
140.850000,0.731687,54.113891,1.094431,0.064521,1.288366,1.292225
140.900000,0.754549,54.158358,1.097247,0.047750,1.288686,1.290944
140.950000,0.777305,54.202879,1.099186,0.029680,1.289006,1.290494
141.000000,0.799995,54.247435,1.100217,0.011585,1.289389,1.289622
141.050000,0.822659,54.292003,1.100367,-0.005410,1.289813,1.289087
141.100000,0.845334,54.336566,1.099714,-0.020367,1.290258,1.284977
141.150000,0.868054,54.381106,1.098379,-0.032581,1.288608,1.283756
141.200000,0.890846,54.425609,1.096512,-0.041636,1.288402,1.283498
141.250000,0.913730,54.470065,1.094273,-0.047427,1.290466,1.283552
141.300000,0.936718,54.514467,1.091822,-0.050160,1.292085,1.290966
141.350000,0.959818,54.558811,1.089302,-0.050258,1.293310,1.294460
141.400000,0.983028,54.603097,1.086832,-0.048223,1.295984,1.295430
141.450000,1.006345,54.647328,1.084507,-0.044518,1.297783,1.296109
141.500000,1.029760,54.691506,1.082403,-0.039462,1.298100,1.296445
141.550000,1.053261,54.735639,1.080581,-0.033250,1.298038,1.296562
141.600000,1.076836,54.779732,1.079096,-0.026003,1.299781,1.296693
141.650000,1.100468,54.823795,1.077996,-0.017857,1.300136,1.300674
141.700000,1.124140,54.867837,1.077321,-0.009033,1.299911,1.302115
141.750000,1.147831,54.911868,1.077098,0.000155,1.300722,1.302762
141.800000,1.171521,54.955899,1.077336,0.009339,1.301611,1.303655
141.850000,1.195192,54.999941,1.078025,0.018180,1.301654,1.303946
141.900000,1.218822,55.044005,1.079143,0.026407,1.301473,1.304127
141.950000,1.242394,55.088099,1.080652,0.033854,1.301298,1.304302
142.000000,1.265892,55.132234,1.082512,0.040389,1.301237,1.300862
142.050000,1.289301,55.176416,1.084672,0.045846,1.297573,1.295829
142.100000,1.312609,55.220651,1.087071,0.049907,1.294839,1.294888
142.150000,1.335806,55.264944,1.089628,0.052075,1.293827,1.292705
142.200000,1.358889,55.309297,1.092232,0.051684,1.288404,1.291390
142.250000,1.381858,55.353709,1.094739,0.048066,1.287078,1.290996
142.300000,1.404721,55.398175,1.096974,0.040776,1.287093,1.290663
142.350000,1.427494,55.442688,1.098753,0.029812,1.286379,1.290344
142.400000,1.450201,55.487235,1.099904,0.015797,1.287644,1.289833
142.450000,1.472873,55.531799,1.100304,-0.000007,1.288642,1.288895
142.500000,1.495545,55.576363,1.099906,-0.015870,1.289301,1.287140
142.550000,1.518252,55.620910,1.098754,-0.029914,1.289888,1.285254
142.600000,1.541025,55.665423,1.096979,-0.040513,1.290276,1.284624
142.650000,1.563888,55.709890,1.094782,-0.046667,1.290731,1.284413
142.700000,1.586852,55.754304,1.092392,-0.048220,1.290735,1.285523
142.750000,1.609924,55.798663,1.090026,-0.045856,1.291955,1.286174
142.800000,1.633096,55.842969,1.087849,-0.040867,1.294066,1.293065
142.850000,1.656359,55.887228,1.085956,-0.034744,1.294529,1.295955
142.900000,1.679698,55.931446,1.084369,-0.028757,1.294553,1.296409
142.950000,1.703101,55.975631,1.083064,-0.023620,1.294575,1.296425
143.000000,1.726557,56.019788,1.081992,-0.019398,1.296659,1.297841
143.050000,1.750056,56.063922,1.081117,-0.015621,1.297347,1.297953
143.100000,1.773588,56.108038,1.080436,-0.011568,1.299209,1.298289
143.150000,1.797147,56.152140,1.079978,-0.006586,1.299849,1.298476
143.200000,1.820719,56.196235,1.079801,-0.000309,1.299592,1.298808
143.250000,1.844292,56.240329,1.079970,0.007262,1.299211,1.299596
143.300000,1.867849,56.284432,1.080543,0.015812,1.299328,1.299979
143.350000,1.891370,56.328554,1.081558,0.024826,1.298892,1.299695
143.400000,1.914837,56.372705,1.083021,0.033658,1.298565,1.297475
143.450000,1.938230,56.416895,1.084905,0.041536,1.296148,1.294143
143.500000,1.961532,56.461134,1.087140,0.047549,1.293839,1.292820
143.550000,1.984729,56.505427,1.089606,0.050637,1.291778,1.292694
143.600000,2.007814,56.549778,1.092131,0.049720,1.290110,1.292199
143.650000,2.030790,56.594187,1.094492,0.043935,1.289452,1.292122
143.700000,2.053670,56.638645,1.096433,0.032922,1.289537,1.291963
143.750000,2.076477,56.683140,1.097701,0.017083,1.289766,1.291490
143.800000,2.099247,56.727654,1.098082,-0.002357,1.290436,1.290764
143.850000,2.122023,56.772166,1.097441,-0.023466,1.291535,1.289909
143.900000,2.144851,56.816651,1.095752,-0.043955,1.293633,1.286076
143.950000,2.167775,56.861086,1.093101,-0.061594,1.294488,1.284812
144.000000,2.190836,56.905450,1.089677,-0.074577,1.295556,1.284559
144.050000,2.214060,56.949729,1.085746,-0.081771,1.295760,1.289917
144.100000,2.237464,56.993914,1.081609,-0.082752,1.297368,1.292547
144.150000,2.261049,57.038001,1.077576,-0.077696,1.297740,1.297261
144.200000,2.284805,57.081998,1.073933,-0.067225,1.297963,1.298444
144.250000,2.308707,57.125914,1.070930,-0.052243,1.299326,1.298723
144.300000,2.332724,57.169769,1.068765,-0.033878,1.299265,1.299135
144.350000,2.356814,57.213583,1.067575,-0.013438,1.298776,1.299624
144.400000,2.380933,57.257381,1.067428,0.007596,1.298152,1.300166
144.450000,2.405036,57.301187,1.068314,0.027669,1.298332,1.305595
144.500000,2.429080,57.345027,1.070149,0.045320,1.297926,1.307274
144.550000,2.453024,57.388921,1.072781,0.059404,1.297468,1.307732
144.600000,2.476839,57.432885,1.076015,0.069312,1.297278,1.307351
144.650000,2.500502,57.476931,1.079640,0.075048,1.297292,1.307208
144.700000,2.524000,57.521065,1.083458,0.077145,1.296735,1.299117
144.750000,2.547329,57.565290,1.087307,0.076428,1.296800,1.295304
144.800000,2.570489,57.609602,1.091067,0.073663,1.296801,1.293022
144.850000,2.593485,57.654000,1.094646,0.069265,1.296763,1.292637
144.900000,2.616329,57.698477,1.097963,0.063167,1.290906,1.291231
144.950000,2.639032,57.743025,1.100923,0.054892,1.289232,1.291024
145.000000,2.661613,57.787636,1.103403,0.043863,1.289025,1.290848
145.050000,2.684097,57.832295,1.105255,0.029776,1.289169,1.290631
145.100000,2.706515,57.876988,1.106333,0.012931,1.289573,1.290227
145.150000,2.728904,57.921695,1.106521,-0.005628,1.290191,1.289609
145.200000,2.751306,57.966396,1.105773,-0.024252,1.290977,1.288823
145.250000,2.773762,58.011069,1.104132,-0.041064,1.291737,1.288063
145.300000,2.796309,58.055697,1.101731,-0.054441,1.291384,1.287436
145.350000,2.818976,58.100264,1.098767,-0.063428,1.292255,1.287243
145.400000,2.841783,58.144759,1.095466,-0.067948,1.292143,1.287557
145.450000,2.864741,58.189177,1.092037,-0.068676,1.291691,1.292338
145.500000,2.887851,58.233516,1.088642,-0.066716,1.292676,1.293794
145.550000,2.911108,58.277778,1.085391,-0.063136,1.296081,1.295866
145.600000,2.934504,58.321966,1.082344,-0.058602,1.299011,1.297030
145.650000,2.958030,58.366086,1.079545,-0.053226,1.300468,1.298846
145.700000,2.981673,58.410143,1.077043,-0.046687,1.304997,1.300132
145.750000,3.005418,58.454144,1.074906,-0.038509,1.306102,1.300361
145.800000,3.029248,58.498101,1.073226,-0.028439,1.305891,1.300936
145.850000,3.053140,58.542023,1.072091,-0.016708,1.305465,1.301435
145.900000,3.077068,58.585926,1.071568,-0.004089,1.304876,1.303413
145.950000,3.101005,58.629823,1.071674,0.008250,1.304313,1.305513
146.000000,3.124925,58.673731,1.072363,0.019056,1.303853,1.306411
146.050000,3.148803,58.717661,1.073534,0.027375,1.303592,1.306953
146.100000,3.172622,58.761623,1.075050,0.032819,1.301569,1.307070
146.150000,3.196369,58.805624,1.076772,0.035673,1.301256,1.306699
146.200000,3.220037,58.849667,1.078589,0.036768,1.300944,1.303035
146.250000,3.243625,58.893753,1.080439,0.037159,1.301072,1.297944
146.300000,3.267131,58.937883,1.082310,0.037729,1.295286,1.294154
146.350000,3.290554,58.982058,1.084222,0.038845,1.291958,1.293254
146.400000,3.313890,59.026278,1.086197,0.040195,1.291216,1.293484
146.450000,3.337138,59.070544,1.088227,0.040889,1.287959,1.292329
146.500000,3.360296,59.114858,1.090251,0.039756,1.285650,1.291853
146.550000,3.383366,59.159218,1.092151,0.035778,1.284254,1.291865
146.600000,3.406358,59.203618,1.093770,0.028477,1.284186,1.290488
146.650000,3.429287,59.248051,1.094946,0.018135,1.284699,1.290028
146.700000,3.452176,59.292504,1.095551,0.005803,1.285249,1.284732
146.750000,3.475052,59.336964,1.095524,-0.006926,1.288272,1.283079
146.800000,3.497943,59.381416,1.094887,-0.018273,1.291314,1.285242
146.850000,3.520874,59.425848,1.093752,-0.026655,1.294511,1.287826
146.900000,3.543863,59.470249,1.092295,-0.030996,1.295111,1.288289
146.950000,3.566921,59.514615,1.090731,-0.030903,1.295476,1.290048
147.000000,3.590046,59.558946,1.089276,-0.026697,1.295756,1.292286
147.050000,3.613229,59.603247,1.088114,-0.019296,1.295504,1.292996
147.100000,3.636455,59.647525,1.087375,-0.010029,1.298453,1.297968
147.150000,3.659703,59.691791,1.087115,-0.000371,1.300692,1.300121
147.200000,3.682952,59.736057,1.087318,0.008311,1.303982,1.301420
147.250000,3.706183,59.780333,1.087908,0.014966,1.304486,1.301895
147.300000,3.729382,59.824625,1.088767,0.018973,1.303549,1.302851
147.350000,3.752539,59.868939,1.089756,0.020175,1.303412,1.302988
147.400000,3.775652,59.913277,1.090739,0.018739,1.303598,1.302802
147.450000,3.798724,59.957635,1.091591,0.015030,1.302338,1.302593
147.500000,3.821763,60.002011,1.092210,0.009436,1.302151,1.302449
147.550000,3.844781,60.046398,1.092508,0.002287,1.301692,1.302336
147.600000,3.867795,60.090787,1.092418,-0.006094,1.301526,1.301476
147.650000,3.890822,60.135168,1.091886,-0.015281,1.299984,1.301184
147.700000,3.913883,60.179533,1.090889,-0.024581,1.297928,1.300912
147.750000,3.936998,60.223869,1.089446,-0.032973,1.297556,1.293171
147.800000,3.960186,60.268167,1.087633,-0.039183,1.291317,1.291071
147.850000,3.983460,60.312420,1.085591,-0.041937,1.290019,1.290718
147.900000,4.006826,60.356624,1.083518,-0.040309,1.290104,1.290596
147.950000,4.030279,60.400782,1.081642,-0.034028,1.289648,1.290807
148.000000,4.053807,60.444901,1.080185,-0.023668,1.288966,1.287515
148.050000,4.077387,60.488991,1.079320,-0.010565,1.288082,1.287354
148.100000,4.100990,60.533070,1.079140,0.003453,1.286632,1.287380
148.150000,4.124586,60.577152,1.079644,0.016501,1.284682,1.287467
148.200000,4.148146,60.621253,1.080743,0.027046,1.284160,1.287640
148.250000,4.171646,60.665386,1.082288,0.034210,1.284593,1.287697
148.300000,4.195072,60.709559,1.084102,0.037823,1.285558,1.287658
148.350000,4.218415,60.753776,1.086016,0.038292,1.287088,1.288109
148.400000,4.241674,60.798036,1.087890,0.036306,1.287542,1.289120
148.450000,4.264853,60.842339,1.089616,0.032512,1.290060,1.289617
148.500000,4.287960,60.886680,1.091117,0.027318,1.295126,1.291544
148.550000,4.311007,60.931051,1.092326,0.020840,1.296101,1.293959
148.600000,4.334008,60.975447,1.093179,0.013072,1.296215,1.295265
148.650000,4.356979,61.019857,1.093613,0.004146,1.296325,1.296029
148.700000,4.379942,61.064273,1.093584,-0.005414,1.296566,1.296015
148.750000,4.402917,61.108682,1.093081,-0.014611,1.297165,1.295762
148.800000,4.425924,61.153074,1.092155,-0.022116,1.297813,1.295432
148.850000,4.448979,61.197441,1.090924,-0.026662,1.298285,1.295015
148.900000,4.472093,61.241778,1.089556,-0.027500,1.298481,1.294819
148.950000,4.495266,61.286084,1.088236,-0.024769,1.298078,1.295059
149.000000,4.518494,61.330361,1.087118,-0.019589,1.294003,1.295259
149.050000,4.541766,61.374615,1.086283,-0.013768,1.292455,1.295537
149.100000,4.565068,61.418853,1.085714,-0.009253,1.291852,1.295966
149.150000,4.588392,61.463080,1.085307,-0.007466,1.291361,1.295541
149.200000,4.611732,61.507298,1.084912,-0.008817,1.291265,1.295109
149.250000,4.635092,61.551505,1.084386,-0.012564,1.291293,1.291986
149.300000,4.658481,61.595698,1.083647,-0.017066,1.291848,1.290752
149.350000,4.681906,61.639871,1.082705,-0.020374,1.291810,1.288259
149.400000,4.705376,61.684020,1.081663,-0.020854,1.291741,1.287759
149.450000,4.728892,61.728145,1.080684,-0.017730,1.290916,1.288012
149.500000,4.752445,61.772250,1.079947,-0.011242,1.290299,1.288501
149.550000,4.776024,61.816341,1.079596,-0.002538,1.289591,1.289617
149.600000,4.799607,61.860430,1.079700,0.006769,1.289042,1.290258
149.650000,4.823176,61.904527,1.080251,0.015066,1.288814,1.290486
149.700000,4.846713,61.948641,1.081166,0.021162,1.291664,1.291392
149.750000,4.870203,61.992779,1.082318,0.024520,1.292391,1.291999
149.800000,4.893639,62.036946,1.083572,0.025228,1.292549,1.293584
149.850000,4.917020,62.081143,1.084806,0.023851,1.296253,1.294820
149.900000,4.940349,62.125367,1.085936,0.021151,1.298133,1.295681
149.950000,4.963631,62.169615,1.086913,0.017859,1.298442,1.296493
150.000000,4.986874,62.213885,1.087721,0.014498,1.298494,1.296606
150.050000,5.010084,62.258171,1.088367,0.011344,1.300715,1.298385
150.100000,5.033269,62.302471,1.088861,0.008460,1.303647,1.300679
150.150000,5.056436,62.346780,1.089216,0.005799,1.301826,1.301025
150.200000,5.079589,62.391096,1.089444,0.003318,1.299456,1.301049
150.250000,5.102735,62.435416,1.089552,0.001053,1.299177,1.300923
150.300000,5.125879,62.479737,1.089556,-0.000815,1.298660,1.301440
150.350000,5.149024,62.524058,1.089483,-0.001993,1.298673,1.301917
150.400000,5.172174,62.568376,1.089376,-0.002112,1.298171,1.302039
150.450000,5.195328,62.612692,1.089298,-0.000801,1.297758,1.298833
150.500000,5.218483,62.657007,1.089327,0.002207,1.294798,1.298146
150.550000,5.241633,62.701325,1.089550,0.006986,1.294028,1.297211
150.600000,5.264767,62.745651,1.090051,0.013297,1.292553,1.293877
150.650000,5.287872,62.789992,1.090894,0.020535,1.289985,1.291090
150.700000,5.310931,62.834358,1.092101,0.027682,1.287640,1.288054
150.750000,5.333929,62.878755,1.093634,0.033394,1.286993,1.287055
150.800000,5.356854,62.923189,1.095385,0.036184,1.283658,1.287223
150.850000,5.379699,62.967665,1.097175,0.034723,1.282764,1.287436
150.900000,5.402468,63.012180,1.098767,0.028193,1.282726,1.289595
150.950000,5.425175,63.056727,1.099906,0.016598,1.284058,1.289803
151.000000,5.447846,63.101292,1.100359,0.000927,1.286163,1.289242
151.050000,5.470515,63.145857,1.099965,-0.016948,1.288110,1.287998
151.100000,5.493222,63.190404,1.098674,-0.034573,1.289113,1.283254
151.150000,5.516005,63.234912,1.096561,-0.049476,1.289809,1.281691
151.200000,5.538897,63.279363,1.093813,-0.059675,1.290466,1.281279
151.250000,5.561921,63.323747,1.090696,-0.064147,1.290451,1.281349
151.300000,5.585086,63.368057,1.087497,-0.062959,1.290285,1.285513
151.350000,5.608389,63.412295,1.084478,-0.057137,1.291225,1.289555
151.400000,5.631818,63.456466,1.081832,-0.048288,1.295172,1.293464
151.450000,5.655353,63.500580,1.079669,-0.038076,1.298214,1.295986
151.500000,5.678972,63.544650,1.078022,-0.027834,1.298636,1.296954
151.550000,5.702653,63.588687,1.076872,-0.018296,1.298567,1.297133
151.600000,5.726374,63.632702,1.076177,-0.009623,1.299222,1.298110
151.650000,5.750116,63.676705,1.075899,-0.001615,1.299403,1.298297
151.700000,5.773862,63.720706,1.076010,0.006011,1.299331,1.298450
151.750000,5.797595,63.764715,1.076495,0.013334,1.299075,1.301255
151.800000,5.821299,63.808739,1.077333,0.020114,1.299734,1.302309
151.850000,5.844958,63.852787,1.078486,0.025833,1.299737,1.302808
151.900000,5.868561,63.896866,1.079885,0.029879,1.299519,1.303081
151.950000,5.892099,63.940979,1.081435,0.031784,1.299406,1.302949
152.000000,5.915567,63.985129,1.083024,0.031444,1.299283,1.302690
152.050000,5.938966,64.029316,1.084548,0.029226,1.298047,1.300670
152.100000,5.962300,64.073537,1.085930,0.025913,1.298001,1.299999
152.150000,5.985577,64.117789,1.087141,0.022566,1.292069,1.294914
152.200000,6.008804,64.162066,1.088207,0.020248,1.289780,1.291129
152.250000,6.031986,64.206368,1.089200,0.019778,1.289547,1.289737
152.300000,6.055123,64.250692,1.090224,0.021498,1.288818,1.289547
152.350000,6.078213,64.295042,1.091384,0.025191,1.288475,1.289725
152.400000,6.101246,64.339420,1.092762,0.030085,1.288163,1.289139
152.450000,6.124212,64.383834,1.094391,0.035063,1.286165,1.289059
152.500000,6.147101,64.428287,1.096246,0.038933,1.284615,1.289206
152.550000,6.169904,64.472785,1.098246,0.040751,1.284279,1.289076
152.600000,6.192616,64.517328,1.100277,0.040088,1.284755,1.287729
152.650000,6.215240,64.561917,1.102216,0.037157,1.285056,1.287244
152.700000,6.237781,64.606548,1.103969,0.032766,1.285396,1.286904
152.750000,6.260249,64.651215,1.105490,0.028062,1.287889,1.286531
152.800000,6.282654,64.695915,1.106793,0.024191,1.288651,1.287064
152.850000,6.305005,64.740641,1.107939,0.021908,1.290349,1.289547
152.900000,6.327306,64.785392,1.109013,0.021301,1.291276,1.290176
152.950000,6.349559,64.830167,1.110084,0.021682,1.290533,1.290740
153.000000,6.371764,64.874966,1.111171,0.021681,1.288483,1.291086
153.050000,6.393921,64.919788,1.112212,0.019597,1.286647,1.291330
153.100000,6.416035,64.964632,1.113061,0.013788,1.285752,1.291459
153.150000,6.438119,65.009491,1.113504,0.003189,1.285696,1.291404
153.200000,6.460196,65.054353,1.113293,-0.012383,1.286603,1.290986
153.250000,6.482303,65.099200,1.112197,-0.032046,1.289016,1.290316
153.300000,6.504481,65.144012,1.110054,-0.053954,1.291873,1.289458
153.350000,6.526780,65.188765,1.106812,-0.075634,1.293141,1.287253
153.400000,6.549248,65.233432,1.102548,-0.094435,1.294528,1.284266
153.450000,6.571925,65.277994,1.097465,-0.108010,1.297789,1.283406
153.500000,6.594841,65.322433,1.091870,-0.114710,1.298426,1.283374
153.550000,6.618010,65.366741,1.086129,-0.113786,1.298253,1.285263
153.600000,6.641429,65.410918,1.080621,-0.105423,1.298804,1.286485
153.650000,6.665080,65.454971,1.075697,-0.090633,1.299776,1.291792
153.700000,6.688928,65.498916,1.071638,-0.071049,1.299501,1.293399
153.750000,6.712933,65.542777,1.068636,-0.048680,1.298933,1.294458
153.800000,6.737044,65.586580,1.066776,-0.025664,1.298301,1.298717
153.850000,6.761211,65.630351,1.066041,-0.003986,1.297588,1.300212
153.900000,6.785388,65.674118,1.066323,0.014773,1.297045,1.300755
153.950000,6.809533,65.717901,1.067449,0.029677,1.294081,1.301182
154.000000,6.833615,65.761720,1.069220,0.040548,1.292590,1.301291
154.050000,6.857607,65.805587,1.071445,0.047950,1.292575,1.296870
154.100000,6.881496,65.849512,1.073976,0.052980,1.289649,1.295004
154.150000,6.905267,65.893499,1.076727,0.056937,1.288648,1.294661
154.200000,6.928914,65.937554,1.079673,0.060933,1.287782,1.293536
154.250000,6.952426,65.981681,1.082833,0.065573,1.287398,1.293502
154.300000,6.975793,66.025885,1.086240,0.070782,1.287118,1.293782
154.350000,6.999004,66.070171,1.089906,0.075821,1.286759,1.291685
154.400000,7.022047,66.114545,1.093794,0.079484,1.286447,1.291453
154.450000,7.044913,66.159010,1.097802,0.080354,1.286315,1.291503
154.500000,7.067603,66.203565,1.101755,0.077113,1.286350,1.291450
154.550000,7.090121,66.248208,1.105422,0.068790,1.286233,1.291321
154.600000,7.112486,66.292926,1.108536,0.054942,1.286234,1.290119
154.650000,7.134730,66.337706,1.110823,0.035773,1.286803,1.289543
154.700000,7.156895,66.382525,1.112037,0.012173,1.288172,1.291422
154.750000,7.179032,66.427357,1.111994,-0.014302,1.289014,1.294071
154.800000,7.201202,66.472173,1.110599,-0.041557,1.292231,1.293845
154.850000,7.223465,66.516944,1.107873,-0.067151,1.298239,1.292950
154.900000,7.245877,66.561639,1.103962,-0.088613,1.300003,1.292197
154.950000,7.268485,66.606236,1.099127,-0.103788,1.300543,1.291657
155.000000,7.291323,66.650716,1.093724,-0.111144,1.300708,1.291492
155.050000,7.314405,66.695069,1.088163,-0.110030,1.300550,1.291814
155.100000,7.337730,66.739295,1.082864,-0.100757,1.300229,1.292171
155.150000,7.361276,66.783404,1.078207,-0.084532,1.302554,1.294607
155.200000,7.385007,66.827413,1.074494,-0.063297,1.302458,1.297383
155.250000,7.408877,66.871348,1.071917,-0.039466,1.301757,1.298936
155.300000,7.432834,66.915235,1.070541,-0.015646,1.301026,1.300267
155.350000,7.456825,66.959103,1.070302,0.005619,1.300423,1.300977
155.400000,7.480806,67.002977,1.071014,0.022107,1.299944,1.301456
155.450000,7.504739,67.046877,1.072395,0.032156,1.298266,1.300834
155.500000,7.528603,67.090814,1.074097,0.034840,1.295411,1.300806
155.550000,7.552392,67.134793,1.075748,0.030089,1.291670,1.299018
155.600000,7.576116,67.178806,1.076991,0.018683,1.291419,1.298181
155.650000,7.599800,67.222841,1.077528,0.002095,1.293802,1.297523
155.700000,7.623480,67.266878,1.077147,-0.017776,1.293210,1.292491
155.750000,7.647199,67.310893,1.075732,-0.038951,1.293626,1.290035
155.800000,7.671004,67.354863,1.073264,-0.059652,1.294096,1.289404
155.850000,7.694940,67.398762,1.069803,-0.078486,1.294321,1.288274
155.900000,7.719047,67.442566,1.065469,-0.094436,1.294502,1.287898
155.950000,7.743360,67.486257,1.060426,-0.106739,1.294655,1.287745
156.000000,7.767904,67.529818,1.054873,-0.114728,1.294882,1.287518
156.050000,7.792697,67.573238,1.049043,-0.117739,1.295221,1.286521
156.100000,7.817745,67.616512,1.043199,-0.115170,1.295372,1.286228
156.150000,7.843039,67.659642,1.037631,-0.106695,1.295456,1.286144
156.200000,7.868563,67.702637,1.032630,-0.092502,1.295229,1.286371
156.250000,7.894284,67.745514,1.028464,-0.073463,1.294567,1.289421
156.300000,7.920161,67.788296,1.025339,-0.051108,1.292889,1.293176
156.350000,7.946148,67.831013,1.023372,-0.027410,1.290954,1.294622
156.400000,7.972193,67.873693,1.022580,-0.004433,1.289745,1.295407
156.450000,7.998249,67.916368,1.022880,0.015984,1.289353,1.295747
156.500000,8.024271,67.959063,1.024105,0.032410,1.289275,1.289645
156.550000,8.050225,68.001799,1.026030,0.043835,1.287435,1.288352
156.600000,8.076087,68.044591,1.028386,0.049561,1.286890,1.288510
156.650000,8.101843,68.087447,1.030875,0.049101,1.286671,1.290954
156.700000,8.127496,68.130365,1.033181,0.042205,1.286504,1.295058
156.750000,8.153059,68.173336,1.034984,0.028997,1.286633,1.295667
156.800000,8.178561,68.216343,1.035983,0.010194,1.287139,1.295161
156.850000,8.204042,68.259363,1.035933,-0.012750,1.288037,1.294345
156.900000,8.229551,68.302367,1.034678,-0.037681,1.288999,1.289937
156.950000,8.255140,68.345323,1.032182,-0.062012,1.293810,1.287524
157.000000,8.280862,68.388199,1.028540,-0.083135,1.295400,1.286600
157.050000,8.306761,68.430969,1.023969,-0.098900,1.299184,1.286200
157.100000,8.332869,68.473611,1.018772,-0.107993,1.296598,1.286860
157.150000,8.359206,68.516112,1.013294,-0.110091,1.295769,1.288617
157.200000,8.385775,68.558469,1.007874,-0.105825,1.295191,1.289261
157.250000,8.412567,68.600685,1.002797,-0.096551,1.294730,1.291074
157.300000,8.439562,68.642772,0.998273,-0.084002,1.294280,1.290415
157.350000,8.466733,68.684745,0.994419,-0.069972,1.295093,1.290547
157.400000,8.494051,68.726622,0.991271,-0.056029,1.294981,1.290423
157.450000,8.521486,68.768423,0.988792,-0.043338,1.294707,1.290593
157.500000,8.549012,68.810164,0.986901,-0.032597,1.293831,1.290808
157.550000,8.576607,68.851859,0.985492,-0.024049,1.293550,1.290950
157.600000,8.604252,68.893522,0.984460,-0.017556,1.291650,1.293015
157.650000,8.631934,68.935159,0.983708,-0.012741,1.291278,1.293422
157.700000,8.659643,68.976779,0.983166,-0.009111,1.291283,1.293417
157.750000,8.687371,69.018387,0.982785,-0.006206,1.291302,1.291993
157.800000,8.715112,69.059985,0.982539,-0.003692,1.291268,1.293137
157.850000,8.742861,69.101579,0.982412,-0.001417,1.291113,1.292182
157.900000,8.770613,69.143170,0.982392,0.000583,1.291054,1.291946
157.950000,8.798363,69.184762,0.982461,0.002127,1.290971,1.292029
158.000000,8.826109,69.226357,0.982591,0.002945,1.290919,1.292081
158.050000,8.853850,69.267956,0.982737,0.002731,1.290939,1.290575
158.100000,8.881585,69.309559,0.982840,0.001187,1.290966,1.290234
158.150000,8.909317,69.351163,0.982827,-0.001938,1.291038,1.289584
158.200000,8.937055,69.392764,0.982614,-0.006816,1.290748,1.289421
158.250000,8.964806,69.434355,0.982114,-0.013470,1.289902,1.289372
158.300000,8.992586,69.475928,0.981239,-0.021725,1.289925,1.289175
158.350000,9.020412,69.517470,0.979922,-0.031117,1.291028,1.288898
158.400000,9.048302,69.558968,0.978123,-0.040860,1.292231,1.288612
158.450000,9.076276,69.600410,0.975852,-0.049852,1.293624,1.288284
158.500000,9.104354,69.641782,0.973178,-0.056776,1.294074,1.288026
158.550000,9.132548,69.683075,0.970238,-0.060290,1.294320,1.285881
158.600000,9.160865,69.724284,0.967232,-0.059286,1.293599,1.285293
158.650000,9.189303,69.765409,0.964402,-0.053184,1.293239,1.285296
158.700000,9.217850,69.806458,0.962000,-0.042168,1.292924,1.285576
158.750000,9.246482,69.847448,0.960251,-0.027289,1.292192,1.293329
158.800000,9.275171,69.888400,0.959302,-0.010415,1.291429,1.295571
158.850000,9.303880,69.929336,0.959196,0.006052,1.290692,1.296308
158.900000,9.332578,69.970280,0.959849,0.019575,1.290124,1.294480
158.950000,9.361237,70.011252,0.961057,0.027941,1.289778,1.294322
159.000000,9.389839,70.052262,0.962522,0.029705,1.289711,1.294389
159.050000,9.418383,70.093314,0.963901,0.024435,1.288956,1.294235
159.100000,9.446877,70.134401,0.964855,0.012808,1.289275,1.291906
159.150000,9.475346,70.175504,0.965102,-0.003532,1.289947,1.292672
159.200000,9.503822,70.216603,0.964464,-0.022279,1.292142,1.292347
159.250000,9.532345,70.257670,0.962884,-0.040857,1.294505,1.291700
159.300000,9.560950,70.298679,0.960430,-0.056833,1.297159,1.291160
159.350000,9.589671,70.339607,0.957286,-0.068247,1.297884,1.290816
159.400000,9.618530,70.380438,0.953712,-0.073849,1.298134,1.290732
159.450000,9.647539,70.421162,0.950014,-0.073187,1.298080,1.292640
159.500000,9.676695,70.461781,0.946499,-0.066578,1.297816,1.293284
159.550000,9.705985,70.502304,0.943442,-0.054979,1.299058,1.295516
159.600000,9.735386,70.542746,0.941060,-0.039840,1.299821,1.298870
159.650000,9.764868,70.583130,0.939486,-0.022918,1.299517,1.299883
159.700000,9.794395,70.623480,0.938761,-0.006150,1.300058,1.300914
159.750000,9.823936,70.663821,0.938829,0.008520,1.299897,1.301403
159.800000,9.853460,70.704173,0.939540,0.019307,1.299539,1.301843
159.850000,9.882946,70.744553,0.940663,0.024826,1.299238,1.302162
159.900000,9.912383,70.784969,0.941913,0.024332,1.299063,1.302337
159.950000,9.941772,70.825420,0.942992,0.017960,1.299179,1.302221
160.000000,9.971126,70.865897,0.943626,0.006767,1.299831,1.301734
160.050000,10.000466,70.906383,0.943620,-0.007377,1.301385,1.299057
160.100000,10.029822,70.946859,0.942883,-0.022165,1.302449,1.295766
160.150000,10.059222,70.987302,0.941438,-0.035335,1.303012,1.294788
160.200000,10.088692,71.027693,0.939412,-0.045177,1.303211,1.294424
160.250000,10.118253,71.068019,0.936996,-0.050855,1.300864,1.294502
160.300000,10.147916,71.108270,0.934399,-0.052465,1.297624,1.294793
160.350000,10.177683,71.148443,0.931805,-0.050844,1.296764,1.295136
160.400000,10.207553,71.188541,0.929348,-0.047192,1.296586,1.295314
160.450000,10.237516,71.228568,0.927099,-0.042670,1.296424,1.295228
160.500000,10.267565,71.268531,0.925080,-0.038113,1.295650,1.294958
160.550000,10.297690,71.308437,0.923281,-0.033911,1.295520,1.294631
160.600000,10.327883,71.348292,0.921682,-0.030079,1.295555,1.292890
160.650000,10.358136,71.388101,0.920270,-0.026430,1.295188,1.292498
160.700000,10.388441,71.427870,0.919040,-0.022768,1.292954,1.290924
160.750000,10.418792,71.467605,0.917995,-0.019020,1.290542,1.290821
160.800000,10.449180,71.507311,0.917137,-0.015303,1.290012,1.288672
160.850000,10.479599,71.546993,0.916458,-0.011887,1.287333,1.287311
160.900000,10.510042,71.586657,0.915936,-0.009115,1.284429,1.287073
160.950000,10.540502,71.626307,0.915529,-0.007298,1.283889,1.287111
161.000000,10.570978,71.665946,0.915185,-0.006624,1.286327,1.288146
161.050000,10.601467,71.705575,0.914847,-0.007068,1.286754,1.289935
161.100000,10.631970,71.745193,0.914463,-0.008388,1.286732,1.290268
161.150000,10.662489,71.784798,0.914001,-0.010175,1.288681,1.290139
161.200000,10.693029,71.824387,0.913446,-0.012012,1.289356,1.287859
161.250000,10.723593,71.863958,0.912804,-0.013637,1.290315,1.287146
161.300000,10.754183,71.903509,0.912085,-0.015123,1.291190,1.287071
161.350000,10.784803,71.943036,0.911286,-0.016864,1.292530,1.290666
161.400000,10.815457,71.982537,0.910382,-0.019421,1.293070,1.296588
161.450000,10.846150,72.022008,0.909321,-0.023208,1.292966,1.297834
161.500000,10.876888,72.061443,0.908040,-0.028186,1.293181,1.297619
161.550000,10.907683,72.100835,0.906494,-0.033740,1.293658,1.295075
161.600000,10.938543,72.140175,0.904677,-0.038829,1.294359,1.291791
161.650000,10.969479,72.179455,0.902641,-0.042398,1.294898,1.288652
161.700000,11.000499,72.218670,0.900476,-0.043882,1.294940,1.288160
161.750000,11.031603,72.257817,0.898284,-0.043551,1.293653,1.288537
161.800000,11.062793,72.296896,0.896130,-0.042512,1.291915,1.291491
161.850000,11.094067,72.335909,0.894014,-0.042317,1.291120,1.294564
161.900000,11.125423,72.374855,0.891856,-0.044344,1.290866,1.295234
161.950000,11.156865,72.413731,0.889528,-0.049202,1.291537,1.294977
162.000000,11.188404,72.452529,0.886895,-0.056420,1.292323,1.294277
162.050000,11.220053,72.491238,0.883873,-0.064571,1.293086,1.289129
162.100000,11.251825,72.529845,0.880460,-0.071772,1.293751,1.287383
162.150000,11.283736,72.568338,0.876747,-0.076333,1.293602,1.287084
162.200000,11.315793,72.606710,0.872892,-0.077315,1.292449,1.287323
162.250000,11.347997,72.644958,0.869078,-0.074748,1.291665,1.287852
162.300000,11.380343,72.683085,0.865463,-0.069490,1.290232,1.287446
162.350000,11.412822,72.721100,0.862152,-0.062794,1.289726,1.286911
162.400000,11.445419,72.759013,0.859185,-0.055857,1.290456,1.286872
162.450000,11.478123,72.796835,0.856555,-0.049429,1.290743,1.286757
162.500000,11.510920,72.834576,0.854228,-0.043770,1.290816,1.286684
162.550000,11.543800,72.872244,0.852167,-0.038770,1.290852,1.286648
162.600000,11.576752,72.909849,0.850343,-0.034251,1.290776,1.286889
162.650000,11.609769,72.947397,0.848733,-0.030216,1.290638,1.287559
162.700000,11.642843,72.984895,0.847307,-0.026964,1.290374,1.291239
162.750000,11.675968,73.022349,0.846012,-0.024999,1.290141,1.292159
162.800000,11.709140,73.059760,0.844774,-0.024790,1.291627,1.292578
162.850000,11.742359,73.097130,0.843500,-0.026458,1.293637,1.293116
162.900000,11.775627,73.134456,0.842104,-0.029580,1.294198,1.293002
162.950000,11.808950,73.171733,0.840537,-0.033132,1.294514,1.292686
163.000000,11.842335,73.208955,0.838811,-0.035714,1.294913,1.292287
163.050000,11.875786,73.246117,0.837010,-0.035950,1.293571,1.290151
163.100000,11.909303,73.283220,0.835276,-0.032962,1.291781,1.287741
163.150000,11.942880,73.320268,0.833771,-0.026770,1.290213,1.287594
163.200000,11.976507,73.357271,0.832634,-0.018417,1.288844,1.287763
163.250000,12.010168,73.394243,0.831929,-0.009793,1.287964,1.287774
163.300000,12.043847,73.431199,0.831615,-0.003123,1.287319,1.288281
163.350000,12.077533,73.468148,0.831543,-0.000363,1.287545,1.288717
163.400000,12.111221,73.505096,0.831486,-0.002649,1.287814,1.290657
163.450000,12.144914,73.542039,0.831187,-0.010053,1.289409,1.291728
163.500000,12.178626,73.578964,0.830407,-0.021695,1.293249,1.291167
163.550000,12.212379,73.615852,0.828970,-0.036175,1.297704,1.290609
163.600000,12.246199,73.652679,0.826768,-0.052073,1.299194,1.290220
163.650000,12.280115,73.689418,0.823758,-0.068361,1.299292,1.290208
163.700000,12.314156,73.726040,0.819935,-0.084515,1.300338,1.291731
163.750000,12.348352,73.762518,0.815313,-0.100321,1.300660,1.291940
163.800000,12.382729,73.798825,0.809914,-0.115552,1.300937,1.291663
163.850000,12.417316,73.834932,0.803780,-0.129609,1.301491,1.291109
163.900000,12.452136,73.870815,0.796996,-0.141425,1.302133,1.291877
163.950000,12.487208,73.906452,0.789707,-0.149581,1.301590,1.291631
164.000000,12.522544,73.941826,0.782132,-0.152672,1.300775,1.291395
164.050000,12.558149,73.976930,0.774550,-0.149702,1.299325,1.291429
164.100000,12.594014,74.011769,0.767275,-0.140419,1.298713,1.290374
164.150000,12.630122,74.046355,0.760610,-0.125419,1.296202,1.290686
164.200000,12.666445,74.080715,0.754808,-0.106062,1.294055,1.291363
164.250000,12.702950,74.114882,0.750044,-0.084197,1.291691,1.292012
164.300000,12.739598,74.148895,0.746392,-0.061849,1.282388,1.292607
164.350000,12.776352,74.182795,0.743830,-0.040900,1.277654,1.290819
164.400000,12.813175,74.216619,0.742247,-0.022847,1.276578,1.286761
164.450000,12.850038,74.250399,0.741474,-0.008611,1.276179,1.285155
164.500000,12.886916,74.284164,0.741312,0.001548,1.278614,1.282653
164.550000,12.923792,74.317930,0.741565,0.008082,1.279060,1.282240
164.600000,12.960654,74.351711,0.742077,0.012073,1.281934,1.280281
164.650000,12.997496,74.385514,0.742758,0.015065,1.282711,1.279689
164.700000,13.034313,74.419345,0.743601,0.018802,1.286322,1.279491
164.750000,13.071097,74.453212,0.744685,0.024910,1.288960,1.282203
164.800000,13.107839,74.487124,0.746159,0.034569,1.289177,1.286420
164.850000,13.144521,74.521101,0.748216,0.048298,1.288836,1.287464
164.900000,13.181120,74.555167,0.751056,0.065817,1.290026,1.289106
164.950000,13.217607,74.589353,0.754845,0.086092,1.289780,1.290503
165.000000,13.253946,74.623697,0.759681,0.107492,1.291196,1.293952
165.050000,13.290100,74.658235,0.765574,0.128064,1.290937,1.298579
165.100000,13.326033,74.693003,0.772433,0.145858,1.292761,1.300441
165.150000,13.361712,74.728032,0.780077,0.159258,1.293162,1.306979
165.200000,13.397112,74.763343,0.788260,0.167291,1.294462,1.309276
165.250000,13.432216,74.798947,0.796706,0.169792,1.294778,1.309422
165.300000,13.467017,74.834848,0.805154,0.167471,1.295027,1.308253
165.350000,13.501518,74.871038,0.813396,0.161794,1.295439,1.305152
165.400000,13.535724,74.907506,0.821313,0.154756,1.294829,1.304266
165.450000,13.569647,74.944238,0.828893,0.148580,1.294997,1.300554
165.500000,13.603296,74.981221,0.836230,0.145368,1.295281,1.299619
165.550000,13.636674,75.018449,0.843518,0.146821,1.293961,1.299598
165.600000,13.669777,75.055922,0.851019,0.153999,1.293608,1.299692
165.650000,13.702589,75.093649,0.859028,0.167180,1.293229,1.300071
165.700000,13.735084,75.131650,0.867834,0.185806,1.292459,1.300505
165.750000,13.767223,75.169952,0.877680,0.208546,1.291809,1.300671
165.800000,13.798962,75.208588,0.888724,0.233466,1.289355,1.299257
165.850000,13.830246,75.247591,0.901021,0.258328,1.285546,1.299741
165.900000,13.861026,75.286995,0.914512,0.280971,1.282584,1.300527
165.950000,13.891249,75.326826,0.929043,0.299746,1.281754,1.303078
166.000000,13.920873,75.367105,0.944398,0.313834,1.282593,1.303710
166.050000,13.949862,75.407844,0.960344,0.323420,1.282795,1.303875
166.100000,13.978189,75.449045,0.976679,0.329556,1.283024,1.303506
166.150000,14.005834,75.490708,0.993268,0.333790,1.285867,1.303112
166.200000,14.032780,75.532826,1.010054,0.337625,1.286502,1.300927
166.250000,14.059011,75.575393,1.027042,0.341965,1.283970,1.300552
166.300000,14.084510,75.618402,1.044259,0.346771,1.283251,1.300677
166.350000,14.109260,75.661847,1.061706,0.351046,1.282732,1.301168
166.400000,14.133244,75.705719,1.079317,0.353115,1.282167,1.301733
166.450000,14.156451,75.750007,1.096938,0.351233,1.281883,1.301843
166.500000,14.178878,75.794695,1.114338,0.344154,1.281974,1.301726
166.550000,14.200534,75.839762,1.131248,0.331621,1.282426,1.301274
166.600000,14.221441,75.885181,1.147412,0.314458,1.283183,1.299991
166.650000,14.241632,75.930923,1.162640,0.294343,1.286238,1.299057
166.700000,14.261147,75.976957,1.176833,0.273330,1.287361,1.298239
166.750000,14.280032,76.023254,1.189996,0.253301,1.287853,1.297924
166.800000,14.298328,76.069786,1.202212,0.235591,1.288140,1.297660
166.850000,14.316073,76.116531,1.213615,0.220847,1.288136,1.297664
166.900000,14.333301,76.163469,1.224359,0.209228,1.288118,1.297328
166.950000,14.350036,76.210586,1.234600,0.200725,1.288201,1.297022
167.000000,14.366296,76.257868,1.244498,0.195540,1.288385,1.296815
167.050000,14.382092,76.305307,1.254233,0.194283,1.288652,1.296193
167.100000,14.397425,76.352898,1.264026,0.197937,1.288945,1.295855
167.150000,14.412285,76.400639,1.274149,0.207582,1.288968,1.295122
167.200000,14.426646,76.448532,1.284921,0.223957,1.288796,1.295204
167.250000,14.440468,76.496584,1.296679,0.247050,1.288271,1.295729
167.300000,14.453694,76.544803,1.309738,0.275858,1.285732,1.298803
167.350000,14.466253,76.593200,1.324336,0.308366,1.284394,1.300206
167.400000,14.478064,76.641785,1.340588,0.341813,1.283185,1.302849
167.450000,14.489044,76.690564,1.358467,0.373104,1.283389,1.303979
167.500000,14.499113,76.739540,1.377789,0.399267,1.282857,1.306447
167.550000,14.508206,76.788706,1.398234,0.417841,1.282509,1.306991
167.600000,14.516272,76.838051,1.419376,0.427058,1.278990,1.307147
167.650000,14.523285,76.887557,1.440722,0.425925,1.278760,1.307040
167.700000,14.529247,76.937200,1.461745,0.414130,1.278933,1.308242
167.750000,14.534182,76.986956,1.481918,0.392011,1.279365,1.307935
167.800000,14.538144,77.036799,1.500749,0.360533,1.287973,1.311412
167.850000,14.541210,77.086705,1.517809,0.321359,1.289525,1.310875
167.900000,14.543475,77.136653,1.532775,0.276930,1.290624,1.308756
167.950000,14.545049,77.186629,1.545463,0.230464,1.291847,1.307453
168.000000,14.546046,77.236619,1.555866,0.185769,1.293201,1.306099
168.050000,14.546577,77.286616,1.564172,0.146862,1.294602,1.295387
168.100000,14.546738,77.336616,1.570763,0.117418,1.295759,1.289255
168.150000,14.546600,77.386615,1.576182,0.100122,1.296438,1.288262
168.200000,14.546208,77.436614,1.581069,0.096194,1.296380,1.288320
168.250000,14.545571,77.486610,1.586081,0.105114,1.301360,1.291083
168.300000,14.544668,77.536602,1.591812,0.124760,1.300764,1.295222
168.350000,14.543450,77.586587,1.598715,0.151837,1.299538,1.297503
168.400000,14.541852,77.636561,1.607070,0.182545,1.291487,1.298697
168.450000,14.539798,77.686519,1.616964,0.213220,1.286169,1.299508
168.500000,14.537213,77.736452,1.628321,0.240838,1.285355,1.300045
168.550000,14.534028,77.786351,1.640929,0.263202,1.282386,1.300481
168.600000,14.530189,77.836203,1.654492,0.278931,1.282027,1.300673
168.650000,14.525658,77.885997,1.668657,0.287210,1.281947,1.302165
168.700000,14.520416,77.935722,1.683037,0.287591,1.284590,1.302344
168.750000,14.514461,77.985366,1.697235,0.279879,1.284760,1.302340
168.800000,14.507815,78.034922,1.710847,0.264171,1.284878,1.302222
168.850000,14.500518,78.084387,1.723487,0.241053,1.285333,1.301767
168.900000,14.492627,78.133760,1.734814,0.211754,1.285532,1.300999
168.950000,14.484216,78.183048,1.744569,0.178214,1.286660,1.297466
169.000000,14.475366,78.232258,1.752599,0.142934,1.287829,1.293606
169.050000,14.466164,78.281404,1.758888,0.108655,1.288924,1.291520
169.100000,14.456694,78.330499,1.763549,0.077959,1.289777,1.290052
169.150000,14.447031,78.379557,1.766813,0.052870,1.290798,1.289477
169.200000,14.437236,78.428588,1.768992,0.034639,1.291059,1.289812
169.250000,14.427353,78.477601,1.770442,0.023693,1.291066,1.289834
169.300000,14.417410,78.526603,1.771520,0.019745,1.291023,1.290352
169.350000,14.407416,78.575594,1.772557,0.022006,1.290930,1.290470
169.400000,14.397366,78.624573,1.773835,0.029366,1.290020,1.291095
169.450000,14.387244,78.673538,1.775578,0.040535,1.289755,1.291345
169.500000,14.377021,78.722482,1.777941,0.054067,1.290549,1.293215
169.550000,14.366666,78.771398,1.781001,0.068382,1.290143,1.293757
169.600000,14.356143,78.820278,1.784757,0.081798,1.289715,1.294185
169.650000,14.345422,78.869115,1.789120,0.092625,1.289259,1.294831
169.700000,14.334477,78.917902,1.793925,0.099372,1.288902,1.295198
169.750000,14.323291,78.966635,1.798939,0.100955,1.288687,1.296175
169.800000,14.311861,79.015311,1.803893,0.096921,1.288840,1.296060
169.850000,14.300197,79.063932,1.808510,0.087528,1.289247,1.295653
169.900000,14.288322,79.112501,1.812546,0.073725,1.289782,1.288068
169.950000,14.276269,79.161027,1.815817,0.056982,1.290427,1.287073
170.000000,14.264079,79.209518,1.818219,0.039054,1.290208,1.286625
170.050000,14.251793,79.257985,1.819738,0.021721,1.290591,1.287067
170.100000,14.239454,79.306438,1.820442,0.006558,1.288096,1.286745
170.150000,14.227098,79.354888,1.820472,-0.005234,1.288324,1.289997
170.200000,14.214753,79.403340,1.820013,-0.012941,1.288591,1.289909
170.250000,14.202438,79.451799,1.819275,-0.016387,1.289627,1.289826
170.300000,14.190161,79.500269,1.818463,-0.015878,1.290557,1.291802
170.350000,14.177922,79.548748,1.817759,-0.012144,1.291141,1.292216
170.400000,14.165711,79.597234,1.817300,-0.006148,1.290855,1.293021
170.450000,14.153515,79.645723,1.817171,0.001074,1.290633,1.295458
170.500000,14.141316,79.694212,1.817412,0.008550,1.296339,1.296243
170.550000,14.129097,79.742696,1.818013,0.015471,1.296509,1.297630
170.600000,14.116841,79.791171,1.818931,0.021202,1.296443,1.297948
170.650000,14.104534,79.839633,1.820094,0.025248,1.296237,1.298163
170.700000,14.092166,79.888079,1.821409,0.027237,1.296149,1.298251
170.750000,14.079733,79.936508,1.822765,0.026909,1.296118,1.298282
170.800000,14.067236,79.984921,1.824045,0.024171,1.296120,1.299042
170.850000,14.054681,80.033320,1.825130,0.019133,1.296251,1.298949
170.900000,14.042081,80.081706,1.825914,0.012155,1.297127,1.298739
170.950000,14.029451,80.130085,1.826315,0.003823,1.296486,1.295605
171.000000,14.016813,80.178461,1.826283,-0.005124,1.295756,1.295097
171.050000,14.004187,80.226840,1.825808,-0.013898,1.295993,1.294807
171.100000,13.991594,80.275229,1.824915,-0.021770,1.296105,1.294695
171.150000,13.979053,80.323630,1.823665,-0.028143,1.296260,1.295587
171.200000,13.966580,80.372050,1.822145,-0.032562,1.296300,1.296647
171.250000,13.954185,80.420489,1.820461,-0.034711,1.299176,1.296680
171.300000,13.941873,80.468949,1.818731,-0.034377,1.299397,1.296603
171.350000,13.929644,80.517431,1.817082,-0.031469,1.299396,1.296604
171.400000,13.917489,80.565931,1.815641,-0.026056,1.299995,1.296767
171.450000,13.905398,80.614447,1.814526,-0.018447,1.299947,1.296663
171.500000,13.893350,80.662974,1.813830,-0.009301,1.300080,1.296901
171.550000,13.881325,80.711506,1.813607,0.000368,1.299771,1.297229
171.600000,13.869300,80.760038,1.813847,0.009200,1.299346,1.297844
171.650000,13.857253,80.808565,1.814471,0.015667,1.297059,1.298236
171.700000,13.845169,80.857083,1.815325,0.018297,1.293731,1.298422
171.750000,13.833042,80.905591,1.816188,0.016008,1.293522,1.298288
171.800000,13.820879,80.954088,1.816804,0.008394,1.293667,1.296991
171.850000,13.808697,81.002582,1.816919,-0.004033,1.292370,1.296611
171.900000,13.796526,81.051078,1.816327,-0.019763,1.292912,1.295036
171.950000,13.784403,81.099586,1.814923,-0.036453,1.293620,1.294280
172.000000,13.772368,81.148116,1.812727,-0.051276,1.294395,1.293505
172.050000,13.760456,81.196676,1.809903,-0.061503,1.299397,1.292789
172.100000,13.748690,81.245272,1.806730,-0.065090,1.300174,1.292416
172.150000,13.737080,81.293906,1.803565,-0.061158,1.300114,1.293820
172.200000,13.725617,81.342574,1.800774,-0.050189,1.299357,1.294643
172.250000,13.714274,81.391270,1.798667,-0.033858,1.296788,1.295688
172.300000,13.703012,81.439985,1.797453,-0.014561,1.295826,1.296574
172.350000,13.691786,81.488709,1.797218,0.005159,1.295258,1.297142
172.400000,13.680548,81.537429,1.797928,0.023158,1.295014,1.297386
172.450000,13.669254,81.586137,1.799459,0.037964,1.294893,1.297507
172.500000,13.657870,81.634824,1.801634,0.048844,1.292035,1.296363
172.550000,13.646368,81.683483,1.804250,0.055627,1.291692,1.296127
172.600000,13.634732,81.732110,1.807108,0.058486,1.291365,1.296244
172.650000,13.622955,81.780703,1.810018,0.057768,1.289266,1.296237
172.700000,13.611039,81.829263,1.812813,0.053910,1.289133,1.295695
172.750000,13.598993,81.877790,1.815350,0.047433,1.289367,1.295433
172.800000,13.586833,81.926289,1.817512,0.038958,1.286471,1.287846
172.850000,13.574578,81.974764,1.819217,0.029181,1.286660,1.287140
172.900000,13.562254,82.023221,1.820418,0.018840,1.286965,1.286835
172.950000,13.549883,82.071667,1.821104,0.008629,1.287201,1.287648
173.000000,13.537491,82.120107,1.821299,-0.000822,1.287321,1.287579
173.050000,13.525101,82.168547,1.821053,-0.008961,1.288462,1.287486
173.100000,13.512732,82.216993,1.820444,-0.015287,1.288651,1.290875
173.150000,13.500399,82.265448,1.819576,-0.019367,1.293115,1.293065
173.200000,13.488112,82.313915,1.818566,-0.020913,1.294694,1.286184
173.250000,13.475875,82.362394,1.817542,-0.019902,1.294909,1.285596
173.300000,13.463685,82.410886,1.816625,-0.016699,1.294741,1.285759
173.350000,13.451536,82.459387,1.815904,-0.012078,1.287718,1.286112
173.400000,13.439415,82.507896,1.815423,-0.007133,1.286962,1.286538
173.450000,13.427313,82.556409,1.815171,-0.003020,1.286643,1.291907
173.500000,13.415218,82.604924,1.815081,-0.000657,1.286451,1.292349
173.550000,13.403125,82.653440,1.815054,-0.000515,1.286546,1.292254
173.600000,13.391035,82.701956,1.814981,-0.002485,1.286841,1.286814
173.650000,13.378951,82.750474,1.814770,-0.006047,1.287268,1.286132
173.700000,13.366882,82.798995,1.814358,-0.010457,1.286841,1.285892
173.750000,13.354839,82.847523,1.813721,-0.015036,1.286879,1.286393
173.800000,13.342832,82.896060,1.812862,-0.019297,1.286317,1.287079
173.850000,13.330871,82.944609,1.811805,-0.022950,1.285940,1.287269
173.900000,13.318966,82.993171,1.810587,-0.025765,1.285912,1.289288
173.950000,13.307123,83.041748,1.809257,-0.027371,1.286055,1.289245
174.000000,13.295346,83.090341,1.807891,-0.027195,1.296581,1.291675
174.050000,13.283634,83.138950,1.806595,-0.024495,1.297305,1.291595
174.100000,13.271980,83.187573,1.805515,-0.018593,1.297344,1.292128
174.150000,13.260371,83.236206,1.804816,-0.009178,1.295064,1.292340
174.200000,13.248783,83.284845,1.804669,0.003436,1.294556,1.292744
174.250000,13.237185,83.333481,1.805207,0.018187,1.293488,1.293526
174.300000,13.225543,83.382107,1.806495,0.033349,1.292800,1.294200
174.350000,13.213821,83.430714,1.808502,0.046817,1.292259,1.294741
174.400000,13.201987,83.479293,1.811090,0.056532,1.291706,1.295008
174.450000,13.190017,83.527839,1.814032,0.060923,1.291504,1.294910
174.500000,13.177901,83.576349,1.817043,0.059260,1.288138,1.294545
174.550000,13.165644,83.624823,1.819826,0.051803,1.288393,1.294107
174.600000,13.153262,83.673266,1.822120,0.039732,1.288921,1.293579
174.650000,13.140786,83.721684,1.823737,0.024839,1.289546,1.290667
174.700000,13.128250,83.770087,1.824587,0.009129,1.290234,1.289866
174.750000,13.115691,83.818484,1.824674,-0.005609,1.290605,1.289495
174.800000,13.103145,83.866885,1.824079,-0.018085,1.292024,1.293698
174.850000,13.090641,83.915296,1.822933,-0.027610,1.292072,1.294119
174.900000,13.078204,83.963725,1.821390,-0.034005,1.291954,1.294246
174.950000,13.065847,84.012174,1.819602,-0.037381,1.291889,1.294311
175.000000,13.053581,84.060646,1.817715,-0.037933,1.292030,1.294170
175.050000,13.041405,84.109141,1.815869,-0.035805,1.294537,1.294331
175.100000,13.029315,84.157657,1.814193,-0.031110,1.294678,1.294322
175.150000,13.017300,84.206192,1.812811,-0.024074,1.297038,1.294440
175.200000,13.005343,84.254741,1.811828,-0.015178,1.298622,1.294693
175.250000,12.993422,84.303299,1.811316,-0.005260,1.298297,1.295103
175.300000,12.981514,84.351860,1.811298,0.004555,1.296153,1.295055
175.350000,12.969596,84.400419,1.811739,0.013018,1.295628,1.292519
175.400000,12.957647,84.448970,1.812544,0.019057,1.292600,1.292637
175.450000,12.945652,84.497510,1.813574,0.021993,1.288557,1.287397
175.500000,12.933606,84.546037,1.814670,0.021719,1.288509,1.286514
175.550000,12.921507,84.594552,1.815683,0.018697,1.287558,1.286204
175.600000,12.909364,84.643055,1.816498,0.013812,1.285388,1.285263
175.650000,12.897188,84.691549,1.817049,0.008193,1.285296,1.285013
175.700000,12.884991,84.740039,1.817327,0.002929,1.285222,1.284220
175.750000,12.872787,84.788527,1.817371,-0.001086,1.285304,1.284762
175.800000,12.860585,84.837015,1.817259,-0.003329,1.285420,1.284680
175.850000,12.848391,84.885505,1.817081,-0.003685,1.288001,1.286195
175.900000,12.836205,84.933998,1.816925,-0.002483,1.288048,1.289972
175.950000,12.824024,84.982491,1.816853,-0.000382,1.287853,1.290347
176.000000,12.811845,85.030985,1.816887,0.001725,1.287676,1.290524
176.050000,12.799662,85.079478,1.817004,0.002941,1.287473,1.294441
176.100000,12.787472,85.127969,1.817143,0.002550,1.290712,1.294817
176.150000,12.775277,85.176459,1.817215,0.000234,1.290968,1.294732
176.200000,12.763081,85.224949,1.817127,-0.003830,1.291091,1.294609
176.250000,12.750895,85.273442,1.816809,-0.008961,1.291409,1.294291
176.300000,12.738732,85.321939,1.816232,-0.014108,1.291759,1.287275
176.350000,12.726601,85.370446,1.815426,-0.018071,1.292028,1.286672
176.400000,12.714514,85.418963,1.814478,-0.019762,1.292151,1.286549
176.450000,12.702474,85.467491,1.813519,-0.018434,1.292036,1.286664
176.500000,12.690477,85.516031,1.812708,-0.013863,1.286310,1.283915
176.550000,12.678513,85.564578,1.812198,-0.006389,1.285768,1.284032
176.600000,12.666564,85.613130,1.812114,0.003098,1.285514,1.284286
176.650000,12.654607,85.661679,1.812523,0.013314,1.285137,1.284663
176.700000,12.642618,85.710220,1.813427,0.022778,1.284743,1.286961
176.750000,12.630574,85.758748,1.814750,0.030071,1.282962,1.287505
176.800000,12.618459,85.807258,1.816358,0.034072,1.282743,1.289657
176.850000,12.606263,85.855748,1.818068,0.034161,1.282733,1.289767
176.900000,12.593985,85.904217,1.819684,0.030287,1.286660,1.289458
176.950000,12.581634,85.952668,1.821019,0.022972,1.287213,1.290325
177.000000,12.569230,86.001104,1.821926,0.013188,1.287510,1.290090
177.050000,12.556793,86.049533,1.822312,0.002193,1.287773,1.289827
177.100000,12.544351,86.097960,1.822151,-0.008638,1.288054,1.288785
177.150000,12.531930,86.146393,1.821483,-0.018003,1.288143,1.288467
177.200000,12.519551,86.194836,1.820409,-0.024848,1.288479,1.284979
177.250000,12.507231,86.243295,1.819071,-0.028515,1.288656,1.284644
177.300000,12.494979,86.291770,1.817632,-0.028886,1.288539,1.284571
177.350000,12.482797,86.340263,1.816247,-0.026398,1.288250,1.284469
177.400000,12.470677,86.388772,1.815035,-0.021983,1.287923,1.284777
177.450000,12.458611,86.437295,1.814064,-0.016825,1.286315,1.285147
177.500000,12.446586,86.485827,1.813342,-0.012080,1.285920,1.286146
177.550000,12.434590,86.534367,1.812828,-0.008538,1.285804,1.287058
177.600000,12.422616,86.582912,1.812454,-0.006470,1.285926,1.286974
177.650000,12.410658,86.631461,1.812155,-0.005557,1.286168,1.286732
177.700000,12.398713,86.680013,1.811889,-0.005110,1.293089,1.287519
177.750000,12.386781,86.728568,1.811653,-0.004302,1.293516,1.293288
177.800000,12.374859,86.777126,1.811481,-0.002532,1.293491,1.293609
177.850000,12.362942,86.825685,1.811426,0.000390,1.293090,1.293820
177.900000,12.351024,86.874244,1.811539,0.004156,1.292858,1.294042
177.950000,12.339097,86.922801,1.811844,0.008068,1.292627,1.293607
178.000000,12.327150,86.971352,1.812328,0.011263,1.292467,1.293733
178.050000,12.315176,87.019897,1.812937,0.012990,1.292285,1.293915
178.100000,12.303171,87.068435,1.813585,0.012848,1.290259,1.293944
178.150000,12.291135,87.116965,1.814181,0.010924,1.289456,1.291505
178.200000,12.279074,87.165488,1.814650,0.007763,1.288907,1.289611
178.250000,12.266994,87.214007,1.814950,0.004224,1.288323,1.289221
178.300000,12.254903,87.262523,1.815084,0.001193,1.288514,1.287084
178.350000,12.242809,87.311038,1.815096,-0.000680,1.286633,1.285919
178.400000,12.230716,87.359554,1.815047,-0.001199,1.286142,1.285877
178.450000,12.218626,87.408070,1.814999,-0.000695,1.285950,1.286050
178.500000,12.206538,87.456587,1.814983,0.000086,1.285748,1.286632
178.550000,12.194449,87.505104,1.814992,0.000213,1.285453,1.288373
178.600000,12.182361,87.553620,1.814971,-0.001109,1.285360,1.288540
178.650000,12.170275,87.602138,1.814838,-0.004296,1.286798,1.288433
178.700000,12.158201,87.650658,1.814502,-0.009229,1.287178,1.288122
178.750000,12.146150,87.699184,1.813890,-0.015287,1.292204,1.287754
178.800000,12.134136,87.747719,1.812970,-0.021530,1.292761,1.288485
178.850000,12.122173,87.796267,1.811758,-0.026917,1.292987,1.290500
178.900000,12.110276,87.844831,1.810319,-0.030565,1.293208,1.290582
178.950000,12.098451,87.893413,1.808755,-0.031869,1.293196,1.290604
179.000000,12.086704,87.942013,1.807191,-0.030574,1.293062,1.292829
179.050000,12.075029,87.990631,1.805755,-0.026732,1.292972,1.293028
179.100000,12.063419,88.039264,1.804568,-0.020655,1.292876,1.293124
179.150000,12.051859,88.087910,1.803728,-0.012854,1.292523,1.293287
179.200000,12.040330,88.136562,1.803305,-0.004024,1.292283,1.289715
179.250000,12.028810,88.185217,1.803329,0.005006,1.292058,1.289742
179.300000,12.017278,88.233869,1.803789,0.013334,1.291041,1.290093
179.350000,12.005715,88.282514,1.804627,0.020139,1.290731,1.292270
179.400000,11.994103,88.331147,1.805754,0.024826,1.290412,1.296680
179.450000,11.982432,88.379765,1.807057,0.027203,1.290424,1.296876
179.500000,11.970695,88.428368,1.808428,0.027509,1.290573,1.296727
179.550000,11.958892,88.476955,1.809776,0.026345,1.292392,1.296428
179.600000,11.947025,88.525526,1.811046,0.024450,1.295753,1.296093
179.650000,11.935099,88.574083,1.812219,0.022448,1.296002,1.295998
179.700000,11.923118,88.622627,1.813296,0.020640,1.295917,1.298744
179.750000,11.911087,88.671158,1.814286,0.018949,1.295681,1.299119
179.800000,11.899011,88.719677,1.815185,0.017037,1.295508,1.299292
179.850000,11.886893,88.768187,1.815975,0.014532,1.296316,1.299339
179.900000,11.874740,88.816687,1.816622,0.011288,1.296516,1.299184
179.950000,11.862560,88.865181,1.817093,0.007522,1.296724,1.298976
180.000000,11.850362,88.913670,1.817376,0.003800,1.297033,1.298667
180.050000,11.838154,88.962157,1.817491,0.000854,1.297337,1.297888
180.100000,11.825943,89.010643,1.817494,-0.000675,1.298287,1.297768
180.150000,11.813734,89.059130,1.817462,-0.000503,1.298232,1.297868
180.200000,11.801525,89.107616,1.817477,0.001183,1.298032,1.298068
180.250000,11.789314,89.156102,1.817599,0.003722,1.294286,1.298300
180.300000,11.777093,89.204586,1.817847,0.006193,1.293880,1.297950
180.350000,11.764857,89.253065,1.818194,0.007634,1.293739,1.298061
180.400000,11.752604,89.301541,1.818571,0.007355,1.298043,1.298124
180.450000,11.740334,89.350012,1.818885,0.005116,1.298385,1.299724
180.500000,11.728051,89.398480,1.819045,0.001191,1.298607,1.299593
180.550000,11.715767,89.446947,1.818983,-0.003691,1.298832,1.299368
180.600000,11.703491,89.495417,1.818676,-0.008596,1.300298,1.298282
180.650000,11.691235,89.543891,1.818145,-0.012611,1.300620,1.297980
180.700000,11.679010,89.592374,1.817449,-0.015140,1.300699,1.297901
180.750000,11.666821,89.640865,1.816668,-0.016028,1.299007,1.297980
180.800000,11.654670,89.689366,1.815877,-0.015558,1.298687,1.298213
180.850000,11.642557,89.737877,1.815130,-0.014285,1.298460,1.298440
180.900000,11.630478,89.786396,1.814453,-0.012761,1.296843,1.297874
180.950000,11.618430,89.834923,1.813853,-0.011269,1.296720,1.295981
181.000000,11.606410,89.883456,1.813329,-0.009673,1.296418,1.295707
181.050000,11.594412,89.931996,1.812900,-0.007438,1.295555,1.295501
181.100000,11.582433,89.980539,1.812617,-0.003840,1.295631,1.292237
181.150000,11.570462,90.029085,1.812561,0.001708,1.295675,1.292025
181.200000,11.558486,90.077630,1.812835,0.009359,1.295501,1.292199
181.250000,11.546487,90.126169,1.813533,0.018652,1.295086,1.296316
181.300000,11.534442,90.174696,1.814712,0.028536,1.290936,1.297057
181.350000,11.522329,90.223207,1.816367,0.037604,1.290194,1.298935
181.400000,11.510125,90.271694,1.818421,0.044425,1.289971,1.299514
181.450000,11.497814,90.320155,1.820733,0.047914,1.296299,1.299656
181.500000,11.485389,90.368587,1.823125,0.047565,1.296800,1.299500
181.550000,11.472850,90.416989,1.825407,0.043557,1.297068,1.299232
181.600000,11.460206,90.465364,1.827416,0.036658,1.297330,1.298970
181.650000,11.447475,90.513716,1.829036,0.028056,1.297691,1.298609
181.700000,11.434676,90.562050,1.830215,0.019105,1.296946,1.297930
181.750000,11.421830,90.610372,1.830969,0.011099,1.297075,1.297725
181.800000,11.408957,90.658686,1.831371,0.005084,1.294258,1.297506
181.850000,11.396070,90.706997,1.831538,0.001722,1.294212,1.290081
181.900000,11.383179,90.755306,1.831608,0.001199,1.294228,1.289672
181.950000,11.370283,90.803615,1.831715,0.003208,1.292055,1.289757
182.000000,11.357379,90.851921,1.831967,0.006979,1.291728,1.289972
182.050000,11.344459,90.900223,1.832427,0.011415,1.291397,1.290493
182.100000,11.331510,90.948517,1.833095,0.015279,1.290865,1.290751
182.150000,11.318526,90.996802,1.833915,0.017436,1.290638,1.290962
182.200000,11.305500,91.045075,1.834780,0.017067,1.290595,1.292902
182.250000,11.292435,91.093338,1.835556,0.013832,1.292152,1.292871
182.300000,11.279336,91.141592,1.836102,0.007869,1.292620,1.292575
182.350000,11.266220,91.189841,1.836295,-0.000276,1.293411,1.293781
182.400000,11.253104,91.238090,1.836043,-0.009844,1.294292,1.293482
182.450000,11.240013,91.286346,1.835296,-0.020062,1.294070,1.293256
182.500000,11.226970,91.334615,1.834038,-0.030291,1.294219,1.293081
182.550000,11.214000,91.382903,1.832278,-0.040084,1.293875,1.292951
182.600000,11.201126,91.431217,1.830045,-0.049173,1.293980,1.290544
182.650000,11.188371,91.479563,1.827381,-0.057353,1.294138,1.289978
182.700000,11.175755,91.527945,1.824335,-0.064424,1.294341,1.289759
182.750000,11.163293,91.576367,1.820970,-0.070132,1.294493,1.289607
182.800000,11.151002,91.624833,1.817359,-0.074207,1.294716,1.289384
182.850000,11.138889,91.673344,1.813591,-0.076451,1.294725,1.289565
182.900000,11.126961,91.721900,1.809756,-0.076840,1.294699,1.289601
182.950000,11.115219,91.770502,1.805944,-0.075573,1.294292,1.290008
183.000000,11.103661,91.819147,1.802226,-0.073086,1.294121,1.290179
183.050000,11.092280,91.867835,1.798650,-0.069920,1.291579,1.290633
183.100000,11.081070,91.916562,1.795236,-0.066619,1.291241,1.291523
183.150000,11.070022,91.965326,1.791982,-0.063560,1.291186,1.291804
183.200000,11.059129,92.014125,1.788871,-0.060897,1.295278,1.292277
183.250000,11.048385,92.062957,1.785885,-0.058572,1.295564,1.292616
183.300000,11.037784,92.111820,1.783010,-0.056440,1.295679,1.292521
183.350000,11.027321,92.160713,1.780238,-0.054424,1.295631,1.294087
183.400000,11.016991,92.209635,1.777561,-0.052671,1.295592,1.294208
183.450000,11.006790,92.258583,1.774956,-0.051579,1.295400,1.294400
183.500000,10.996716,92.307558,1.772375,-0.051729,1.297222,1.294571
183.550000,10.986769,92.356558,1.769742,-0.053651,1.297190,1.294710
183.600000,10.976955,92.405586,1.766964,-0.057585,1.297182,1.294718
183.650000,10.967282,92.454641,1.763945,-0.063256,1.297392,1.294508
183.700000,10.957765,92.503727,1.760619,-0.069836,1.294272,1.294116
183.750000,10.948419,92.552846,1.756971,-0.076071,1.294558,1.289940
183.800000,10.939259,92.602000,1.753052,-0.080594,1.293398,1.289288
183.850000,10.930297,92.651190,1.748975,-0.082341,1.293378,1.289222
183.900000,10.921536,92.700416,1.744890,-0.080896,1.293244,1.292300
183.950000,10.912973,92.749678,1.740946,-0.076754,1.294515,1.292800
184.000000,10.904599,92.798971,1.737243,-0.071298,1.296883,1.293176
184.050000,10.896401,92.848295,1.733796,-0.066636,1.296722,1.293288
184.100000,10.888368,92.897645,1.730505,-0.065149,1.296395,1.290659
184.150000,10.880498,92.947022,1.727158,-0.069004,1.291854,1.290009
184.200000,10.872802,92.996426,1.723450,-0.079617,1.288398,1.289970
184.250000,10.865304,93.045861,1.719038,-0.097213,1.288530,1.290431
184.300000,10.858049,93.095332,1.713597,-0.120700,1.289377,1.289623
184.350000,10.851093,93.144845,1.706889,-0.147752,1.298807,1.288471
184.400000,10.844504,93.194409,1.698813,-0.175304,1.300468,1.287232
184.450000,10.838348,93.244029,1.689424,-0.200135,1.301456,1.286244
184.500000,10.832687,93.293707,1.678926,-0.219548,1.299756,1.281361
184.550000,10.827570,93.343445,1.667635,-0.231789,1.299683,1.281117
184.600000,10.823026,93.393238,1.655926,-0.236229,1.298989,1.281429
184.650000,10.819068,93.443081,1.644183,-0.233185,1.298643,1.281757
184.700000,10.815689,93.492967,1.632756,-0.223616,1.298288,1.283071
184.750000,10.812866,93.542887,1.621942,-0.208764,1.298076,1.283996
184.800000,10.810563,93.592834,1.611969,-0.189980,1.298086,1.286031
184.850000,10.808733,93.642800,1.603000,-0.168695,1.297882,1.289683
184.900000,10.807325,93.692781,1.595120,-0.146491,1.297206,1.291648
184.950000,10.806283,93.742770,1.588329,-0.125186,1.296478,1.297811
185.000000,10.805555,93.792764,1.582533,-0.106731,1.293065,1.298740
185.050000,10.805096,93.842762,1.577544,-0.093015,1.292211,1.299392
185.100000,10.804871,93.892762,1.573086,-0.085540,1.291975,1.305789
185.150000,10.804863,93.942762,1.568825,-0.085133,1.291967,1.306033
185.200000,10.805071,93.992761,1.564408,-0.091823,1.292946,1.297925
185.250000,10.805510,94.042759,1.559496,-0.104874,1.294282,1.297089
185.300000,10.806214,94.092755,1.553803,-0.123017,1.295694,1.296381
185.350000,10.807226,94.142744,1.547112,-0.144729,1.299723,1.294595
185.400000,10.808601,94.192725,1.539284,-0.168452,1.300342,1.292708
185.450000,10.810397,94.242693,1.530256,-0.192720,1.300757,1.292243
185.500000,10.812674,94.292641,1.520034,-0.216118,1.298835,1.285273
185.550000,10.815490,94.342562,1.508697,-0.237280,1.299284,1.282291
185.600000,10.818896,94.392446,1.496391,-0.254871,1.299907,1.281593
185.650000,10.822936,94.442282,1.483320,-0.267796,1.300570,1.277244
185.700000,10.827641,94.492060,1.469736,-0.275427,1.302071,1.276794
185.750000,10.833029,94.541769,1.455899,-0.277903,1.302132,1.276768
185.800000,10.839105,94.591399,1.442044,-0.276199,1.301628,1.278051
185.850000,10.845866,94.640939,1.428338,-0.271989,1.294664,1.281230
185.900000,10.853299,94.690384,1.414857,-0.267247,1.293646,1.281861
185.950000,10.861393,94.739724,1.401584,-0.263684,1.293337,1.282065
186.000000,10.870137,94.788954,1.388436,-0.262303,1.293495,1.281905
186.050000,10.879527,94.838064,1.375302,-0.263097,1.294102,1.283555
186.100000,10.889563,94.887047,1.362097,-0.265128,1.294452,1.283248
186.150000,10.900247,94.935892,1.348798,-0.266819,1.297115,1.284915
186.200000,10.911581,94.984590,1.335464,-0.266505,1.297319,1.284781
186.250000,10.923562,95.033134,1.322228,-0.262927,1.302825,1.288748
186.300000,10.936178,95.081516,1.309261,-0.255679,1.302736,1.288964
186.350000,10.949410,95.129733,1.296734,-0.245390,1.302360,1.289637
186.400000,10.963233,95.177784,1.284759,-0.233596,1.301648,1.294018
186.450000,10.977616,95.225671,1.273358,-0.222424,1.301006,1.294694
186.500000,10.992532,95.273394,1.262448,-0.214038,1.299021,1.292312
186.550000,11.007959,95.320955,1.251844,-0.210158,1.298828,1.291677
186.600000,11.023888,95.368350,1.241300,-0.211620,1.300444,1.292343
186.650000,11.040319,95.415573,1.230553,-0.218276,1.300825,1.291975
186.700000,11.057266,95.462613,1.219370,-0.229062,1.299901,1.291404
186.750000,11.074751,95.509456,1.207585,-0.242384,1.300537,1.286275
186.800000,11.092803,95.556084,1.195112,-0.256509,1.299026,1.284379
186.850000,11.111452,95.602476,1.181950,-0.269981,1.298896,1.284104
186.900000,11.130724,95.648612,1.168155,-0.281808,1.298987,1.284011
186.950000,11.150644,95.694473,1.153823,-0.291481,1.298977,1.282620
187.000000,11.171229,95.740039,1.139067,-0.298778,1.298168,1.282518
187.050000,11.192492,95.785293,1.124008,-0.303537,1.298238,1.279759
187.100000,11.214438,95.830219,1.108783,-0.305446,1.297888,1.279600
187.150000,11.237066,95.874806,1.093546,-0.304002,1.296753,1.279355
187.200000,11.260368,95.919044,1.078479,-0.298630,1.297566,1.279334
187.250000,11.284326,95.962930,1.063790,-0.288895,1.297475,1.279425
187.300000,11.308914,96.006467,1.049698,-0.274730,1.297122,1.279790
187.350000,11.334096,96.049662,1.036413,-0.256603,1.296646,1.281102
187.400000,11.359830,96.092532,1.024110,-0.235510,1.298711,1.281789
187.450000,11.386066,96.135095,1.012900,-0.212865,1.298084,1.282528
187.500000,11.412753,96.177377,1.002823,-0.190267,1.297636,1.288664
187.550000,11.439842,96.219403,0.993835,-0.169293,1.297161,1.289142
187.600000,11.467287,96.261198,0.985823,-0.151277,1.296796,1.289678
187.650000,11.495049,96.302783,0.978614,-0.137208,1.296573,1.293258
187.700000,11.523096,96.344175,0.971995,-0.127627,1.297728,1.293496
187.750000,11.551409,96.385387,0.965741,-0.122640,1.298720,1.293580
187.800000,11.579975,96.426423,0.959629,-0.121916,1.298726,1.293574
187.850000,11.608791,96.467284,0.953464,-0.124742,1.298895,1.293379
187.900000,11.637863,96.507964,0.947093,-0.130124,1.298081,1.293128
187.950000,11.667200,96.548453,0.940418,-0.136906,1.298333,1.293267
188.000000,11.696813,96.588740,0.933396,-0.143919,1.298724,1.292903
188.050000,11.726715,96.628813,0.926043,-0.150173,1.299952,1.292755
188.100000,11.756916,96.668662,0.918414,-0.154973,1.300346,1.292654
188.150000,11.787425,96.708275,0.910588,-0.158021,1.300387,1.292515
188.200000,11.818245,96.747646,0.902651,-0.159425,1.300055,1.289045
188.250000,11.849378,96.786771,0.894674,-0.159641,1.299917,1.289079
188.300000,11.880822,96.825646,0.886699,-0.159351,1.297581,1.287503
188.350000,11.912575,96.864270,0.878732,-0.159364,1.296806,1.287626
188.400000,11.944635,96.902638,0.870738,-0.160460,1.294357,1.287643
188.450000,11.977002,96.940748,0.862644,-0.163345,1.294521,1.287471
188.500000,12.009680,96.978592,0.854349,-0.168525,1.294292,1.287385
188.550000,12.042676,97.016158,0.845732,-0.176248,1.293660,1.287199
188.600000,12.076003,97.053432,0.836668,-0.186339,1.293506,1.285792
188.650000,12.109676,97.090393,0.827058,-0.198097,1.287730,1.284680
188.700000,12.143714,97.127019,0.816849,-0.210211,1.288157,1.275043
188.750000,12.178134,97.163285,0.806070,-0.220849,1.288814,1.274177
188.800000,12.212952,97.199170,0.794845,-0.227964,1.289380,1.267320
188.850000,12.248175,97.234657,0.783398,-0.229731,1.289834,1.266901
188.900000,12.283802,97.269738,0.772021,-0.225100,1.290876,1.266838
188.950000,12.319820,97.304419,0.761036,-0.214153,1.290947,1.268107
189.000000,12.356206,97.338713,0.750724,-0.198222,1.295050,1.289250
189.050000,12.392929,97.372645,0.741277,-0.179645,1.294111,1.290189
189.100000,12.429955,97.406247,0.732759,-0.161192,1.293276,1.291031
189.150000,12.467252,97.439548,0.725098,-0.145402,1.292785,1.291731
189.200000,12.504790,97.472575,0.718119,-0.133943,1.292891,1.292009
189.250000,12.542551,97.505350,0.711593,-0.127263,1.293007,1.291953
189.300000,12.580520,97.537882,0.705299,-0.124557,1.294831,1.291646
189.350000,12.618691,97.570177,0.699083,-0.124131,1.297191,1.291072
189.400000,12.657063,97.602234,0.692879,-0.123949,1.299165,1.288235
189.450000,12.695631,97.634052,0.686720,-0.122331,1.299386,1.288014
189.500000,12.734394,97.665635,0.680699,-0.118445,1.299268,1.288003
189.550000,12.773342,97.696989,0.674922,-0.112583,1.298405,1.285527
189.600000,12.812466,97.728123,0.669458,-0.106042,1.289765,1.285744
189.650000,12.851754,97.759049,0.664292,-0.100719,1.289046,1.286637
189.700000,12.891199,97.789775,0.659315,-0.098517,1.288780,1.286528
189.750000,12.930795,97.820306,0.654338,-0.100766,1.289077,1.286701
189.800000,12.970546,97.850635,0.649127,-0.107873,1.292439,1.289742
189.850000,13.010461,97.880749,0.643453,-0.119199,1.297086,1.289019
189.900000,13.050555,97.910623,0.637141,-0.133300,1.297781,1.286368
189.950000,13.090848,97.940229,0.630100,-0.148344,1.299535,1.287865
190.000000,13.131359,97.969535,0.622325,-0.162561,1.299931,1.287491
190.050000,13.172106,97.998512,0.613892,-0.174644,1.299710,1.288208
190.100000,13.213104,98.027132,0.604925,-0.183865,1.300106,1.288194
190.150000,13.254363,98.055376,0.595575,-0.190027,1.300024,1.288276
190.200000,13.295888,98.083227,0.585991,-0.193213,1.299922,1.288505
190.250000,13.337679,98.110677,0.576319,-0.193514,1.300121,1.290980
190.300000,13.379734,98.137722,0.566706,-0.190880,1.303797,1.289303
190.350000,13.422044,98.164365,0.557301,-0.185146,1.303846,1.289140
190.400000,13.464598,98.190616,0.548263,-0.176253,1.301428,1.289108
190.450000,13.507382,98.216492,0.539741,-0.164511,1.296143,1.289367
190.500000,13.550376,98.242016,0.531858,-0.150787,1.295821,1.289874
190.550000,13.593562,98.267215,0.524677,-0.136498,1.294900,1.290700
190.600000,13.636919,98.292119,0.518185,-0.123314,1.294198,1.291402
190.650000,13.680429,98.316754,0.512287,-0.112778,1.293688,1.291917
190.700000,13.724077,98.341142,0.506825,-0.105899,1.293796,1.292008
190.750000,13.767855,98.365298,0.501608,-0.102977,1.296183,1.291632
190.800000,13.811758,98.389227,0.496446,-0.103645,1.298675,1.291225
190.850000,13.855784,98.412927,0.491178,-0.107178,1.299016,1.290884
190.900000,13.899937,98.436390,0.485680,-0.112815,1.299079,1.290848
190.950000,13.944222,98.459603,0.479861,-0.120011,1.299474,1.291191
191.000000,13.988645,98.482549,0.473651,-0.128435,1.299403,1.295971
191.050000,14.033216,98.505210,0.466996,-0.137781,1.298947,1.295797
191.100000,14.077941,98.527562,0.459864,-0.147488,1.299208,1.292787
191.150000,14.122830,98.549585,0.452260,-0.156559,1.299524,1.292185
191.200000,14.167889,98.571256,0.444252,-0.163607,1.300090,1.288310
191.250000,14.213124,98.592559,0.435976,-0.167194,1.300593,1.287802
191.300000,14.258535,98.613484,0.427632,-0.166305,1.300671,1.287634
191.350000,14.304117,98.634033,0.419449,-0.160817,1.300658,1.287918
191.400000,14.349863,98.654215,0.411634,-0.151708,1.299979,1.291510
191.450000,14.395760,98.674051,0.404319,-0.140908,1.298973,1.292327
191.500000,14.441796,98.693562,0.397530,-0.130792,1.298235,1.293123
191.550000,14.487959,98.712771,0.391178,-0.123509,1.298693,1.293548
191.600000,14.534240,98.731694,0.385088,-0.120340,1.297790,1.293569
191.650000,14.580635,98.750336,0.379049,-0.121409,1.299134,1.293166
191.700000,14.627142,98.768695,0.372873,-0.125727,1.299788,1.292506
191.750000,14.673764,98.786761,0.366438,-0.131683,1.300423,1.291568
191.800000,14.720504,98.804520,0.359703,-0.137649,1.300749,1.287951
191.850000,14.767365,98.821956,0.352696,-0.142579,1.300701,1.288211
191.900000,14.814349,98.839059,0.345473,-0.146310,1.300441,1.291759
191.950000,14.861457,98.855817,0.338078,-0.149496,1.300058,1.292142
192.000000,14.908689,98.872223,0.330512,-0.153249,1.299772,1.292366
192.050000,14.956045,98.888266,0.322718,-0.158624,1.298868,1.292257
192.100000,15.003528,98.903933,0.314601,-0.166181,1.299194,1.290806
192.150000,15.051139,98.919203,0.306055,-0.175728,1.299641,1.290359
192.200000,15.098882,98.934054,0.297003,-0.186319,1.300085,1.289915
192.250000,15.146762,98.948460,0.287430,-0.196510,1.300673,1.289463
192.300000,15.194781,98.962395,0.277395,-0.204671,1.302890,1.289210
192.350000,15.242940,98.975840,0.267037,-0.209375,1.303105,1.288916
192.400000,15.291236,98.988780,0.256554,-0.209665,1.303120,1.287780
192.450000,15.339665,99.001216,0.246174,-0.205231,1.303042,1.287858
192.500000,15.388218,99.013155,0.236127,-0.196427,1.302734,1.288166
192.550000,15.436887,99.024618,0.226608,-0.184180,1.302183,1.288572
192.600000,15.485658,99.035633,0.217757,-0.169819,1.299667,1.289133
192.650000,15.534522,99.046234,0.209642,-0.154859,1.299134,1.289786
192.700000,15.583466,99.056456,0.202253,-0.140824,1.298792,1.291708
192.750000,15.632480,99.066332,0.195511,-0.129121,1.298599,1.291901
192.800000,15.681558,99.075891,0.189265,-0.121001,1.298380,1.291955
192.850000,15.730693,99.085150,0.183311,-0.117523,1.297661,1.290460
192.900000,15.779882,99.094120,0.177395,-0.119539,1.296380,1.290417
192.950000,15.829124,99.102793,0.171227,-0.127567,1.292836,1.289934
193.000000,15.878421,99.111149,0.164507,-0.141620,1.291301,1.289690
193.050000,15.927776,99.119155,0.156948,-0.160988,1.291694,1.287906
193.100000,15.977194,99.126762,0.148324,-0.184073,1.292591,1.287216
193.150000,16.026680,99.133913,0.138508,-0.208449,1.296251,1.286291
193.200000,16.076238,99.140549,0.127512,-0.231102,1.299339,1.285113
193.250000,16.125869,99.146613,0.115497,-0.248979,1.303906,1.282394
193.300000,16.175571,99.152061,0.102767,-0.259594,1.304381,1.281919
193.350000,16.225339,99.156866,0.089721,-0.261622,1.304369,1.281915
193.400000,16.275166,99.161023,0.076788,-0.255190,1.303611,1.282546
193.450000,16.325042,99.164546,0.064353,-0.241847,1.301257,1.285766
193.500000,16.374957,99.167467,0.052700,-0.224126,1.300296,1.289237
193.550000,16.424901,99.169829,0.041975,-0.204951,1.299513,1.290540
193.600000,16.474867,99.171679,0.032183,-0.187005,1.299043,1.292657
193.650000,16.524848,99.173060,0.023208,-0.172311,1.298843,1.292926
193.700000,16.574839,99.174010,0.014859,-0.162075,1.298860,1.293571
193.750000,16.624836,99.174552,0.006897,-0.156789,1.298881,1.292766
193.800000,16.674835,99.174702,-0.000925,-0.156492,1.299002,1.292194
193.850000,16.724835,99.174458,-0.008854,-0.161004,1.300106,1.292094
193.900000,16.774831,99.173810,-0.017121,-0.170037,1.300128,1.292072
193.950000,16.824819,99.172737,-0.025944,-0.183158,1.300276,1.291853
194.000000,16.874796,99.171204,-0.035508,-0.199583,1.300349,1.290816
194.050000,16.924754,99.169172,-0.045947,-0.217996,1.298429,1.290253
194.100000,16.974688,99.166595,-0.057313,-0.236460,1.298528,1.288741
194.150000,17.024587,99.163429,-0.069549,-0.252563,1.299321,1.285388
194.200000,17.074443,99.159635,-0.082471,-0.263747,1.299934,1.281966
194.250000,17.124245,99.155186,-0.095779,-0.267821,1.300526,1.281616
194.300000,17.173983,99.150072,-0.109080,-0.263456,1.302695,1.281705
194.350000,17.223649,99.144307,-0.121947,-0.250556,1.302253,1.282147
194.400000,17.273240,99.137922,-0.133982,-0.230376,1.301316,1.282943
194.450000,17.322754,99.130968,-0.144880,-0.205379,1.299107,1.283853
194.500000,17.372194,99.123506,-0.154482,-0.178846,1.297853,1.284747
194.550000,17.421565,99.115602,-0.162800,-0.154358,1.297020,1.286272
194.600000,17.470874,99.107316,-0.170021,-0.135210,1.296284,1.293442
194.650000,17.520125,99.098694,-0.176478,-0.123907,1.295819,1.297612
194.700000,17.569321,99.089765,-0.182598,-0.121762,1.296003,1.297770
194.750000,17.618462,99.080534,-0.188842,-0.128730,1.296887,1.297492
194.800000,17.667541,99.070984,-0.195633,-0.143448,1.297670,1.296572
194.850000,17.716551,99.061081,-0.203300,-0.163511,1.298900,1.295477
194.900000,17.765477,99.050776,-0.212037,-0.185927,1.299630,1.292007
194.950000,17.814306,99.040018,-0.221883,-0.207600,1.299881,1.284422
195.000000,17.863021,99.028754,-0.232732,-0.225834,1.299569,1.283909
195.050000,17.911606,99.016942,-0.244360,-0.238676,1.299709,1.283635
195.100000,17.960046,99.004553,-0.256471,-0.245111,1.299496,1.283884
195.150000,18.008332,98.991573,-0.268741,-0.245104,1.296808,1.283992
195.200000,18.056456,98.978004,-0.280865,-0.239440,1.296674,1.284194
195.250000,18.104414,98.963861,-0.292596,-0.229526,1.297636,1.283685
195.300000,18.152207,98.949170,-0.303764,-0.217076,1.297165,1.283535
195.350000,18.199838,98.933961,-0.314285,-0.203840,1.296787,1.283901
195.400000,18.247311,98.918267,-0.324161,-0.191367,1.295898,1.284165
195.450000,18.294631,98.902119,-0.333459,-0.180820,1.291631,1.284369
195.500000,18.341804,98.885543,-0.342294,-0.172873,1.291441,1.284925
195.550000,18.388831,98.868559,-0.350801,-0.167705,1.291840,1.287923
195.600000,18.435714,98.851181,-0.359115,-0.165024,1.296079,1.288763
195.650000,18.482452,98.833416,-0.367342,-0.164208,1.297407,1.288947
195.700000,18.529042,98.815268,-0.375558,-0.164446,1.298654,1.290794
195.750000,18.575481,98.796737,-0.383793,-0.164937,1.299273,1.288327
195.800000,18.621766,98.777824,-0.392045,-0.165033,1.299318,1.288282
195.850000,18.667893,98.758530,-0.400282,-0.164353,1.299241,1.288359
195.900000,18.713861,98.738858,-0.408462,-0.162787,1.298740,1.288507
195.950000,18.759666,98.718812,-0.416545,-0.160452,1.295915,1.288785
196.000000,18.805310,98.698400,-0.424496,-0.157577,1.294561,1.290139
196.050000,18.850791,98.677628,-0.432296,-0.154417,1.294578,1.290122
196.100000,18.896111,98.656507,-0.439936,-0.151170,1.294539,1.290161
196.150000,18.941270,98.635043,-0.447414,-0.147928,1.294479,1.289689
196.200000,18.986269,98.613246,-0.454729,-0.144673,1.294310,1.285966
196.250000,19.031108,98.591124,-0.461878,-0.141254,1.293389,1.286011
196.300000,19.075791,98.568686,-0.468846,-0.137386,1.293274,1.286126
196.350000,19.120319,98.545942,-0.475601,-0.132685,1.293301,1.286099
196.400000,19.164694,98.522903,-0.482091,-0.126721,1.293288,1.286099
196.450000,19.208923,98.499584,-0.488242,-0.119135,1.293165,1.286500
196.500000,19.253013,98.476002,-0.493970,-0.109799,1.293101,1.289099
196.550000,19.296973,98.452179,-0.499191,-0.098937,1.292828,1.289372
196.600000,19.340814,98.428139,-0.503844,-0.087191,1.292801,1.290082
196.650000,19.384551,98.403908,-0.507910,-0.075569,1.294524,1.292709
196.700000,19.428195,98.379512,-0.511424,-0.065254,1.294093,1.290670
196.750000,19.471759,98.354972,-0.514481,-0.057357,1.294179,1.291857
196.800000,19.515252,98.330308,-0.517221,-0.052634,1.296744,1.295056
196.850000,19.558680,98.305528,-0.519811,-0.051319,1.297236,1.294983
196.900000,19.602043,98.280636,-0.522415,-0.053076,1.300428,1.294862
196.950000,19.645340,98.255628,-0.525166,-0.057119,1.300779,1.295821
197.000000,19.688565,98.230497,-0.528153,-0.062394,1.301104,1.295598
197.050000,19.731712,98.205231,-0.531410,-0.067812,1.301211,1.296202
197.100000,19.774772,98.179818,-0.534919,-0.072357,1.300965,1.296243
197.150000,19.817741,98.154251,-0.538613,-0.075165,1.298915,1.296272
197.200000,19.860614,98.128523,-0.542388,-0.075497,1.298859,1.296241
197.250000,19.903389,98.102634,-0.546105,-0.072803,1.299024,1.295643
197.300000,19.946071,98.076590,-0.549604,-0.066782,1.299249,1.292451
197.350000,19.988666,98.050404,-0.552720,-0.057565,1.299187,1.292525
197.400000,20.031185,98.024097,-0.555309,-0.045836,1.298869,1.293415
197.450000,20.073645,97.997693,-0.557275,-0.032822,1.298274,1.297326
197.500000,20.116061,97.971219,-0.558594,-0.020135,1.297092,1.298061
197.550000,20.158450,97.944701,-0.559324,-0.009398,1.293490,1.298405
197.600000,20.200827,97.918164,-0.559594,-0.001848,1.293132,1.297061
197.650000,20.243200,97.891621,-0.559582,0.001940,1.293241,1.294731
197.700000,20.285575,97.865082,-0.559471,0.002154,1.293735,1.293186
197.750000,20.327953,97.838546,-0.559423,-0.000454,1.294120,1.291580
197.800000,20.370330,97.812009,-0.559555,-0.004905,1.294376,1.291324
197.850000,20.412700,97.785462,-0.559934,-0.010318,1.294525,1.291315
197.900000,20.455056,97.758892,-0.560595,-0.016149,1.293983,1.292549
197.950000,20.497391,97.732289,-0.561552,-0.022152,1.291120,1.293567
198.000000,20.539696,97.705638,-0.562812,-0.028227,1.290622,1.293582
198.050000,20.581964,97.678928,-0.564374,-0.034200,1.288167,1.293206
198.100000,20.624186,97.652145,-0.566223,-0.039671,1.288501,1.291999
198.150000,20.666355,97.625279,-0.568321,-0.044057,1.289709,1.291594
198.200000,20.708465,97.598321,-0.570597,-0.046769,1.295463,1.291337
198.250000,20.750512,97.571265,-0.572959,-0.047459,1.295372,1.291428
198.300000,20.792495,97.544109,-0.575304,-0.046193,1.295037,1.291623
198.350000,20.834416,97.516857,-0.577549,-0.043508,1.293442,1.291914
198.400000,20.876277,97.489514,-0.579642,-0.040266,1.290780,1.292220
198.450000,20.918083,97.462087,-0.581581,-0.037425,1.290570,1.292430
198.500000,20.959837,97.434581,-0.583407,-0.035776,1.290520,1.292480
198.550000,21.001542,97.407001,-0.585190,-0.035745,1.290889,1.292416
198.600000,21.043198,97.379345,-0.587013,-0.037321,1.293118,1.292282
198.650000,21.084801,97.351611,-0.588947,-0.040113,1.293210,1.292177
198.700000,21.126349,97.323794,-0.591037,-0.043480,1.293448,1.291852
198.750000,21.167836,97.295887,-0.593295,-0.046738,1.293583,1.291425
198.800000,21.209258,97.267883,-0.595698,-0.049304,1.293695,1.289305
198.850000,21.250611,97.239777,-0.598205,-0.050820,1.293777,1.289236
198.900000,21.291892,97.211566,-0.600758,-0.051164,1.293879,1.289373
198.950000,21.333101,97.183250,-0.603299,-0.050397,1.295064,1.290303
199.000000,21.374239,97.154831,-0.605778,-0.048670,1.297024,1.295804
199.050000,21.415308,97.126312,-0.608150,-0.046133,1.298064,1.295788
199.100000,21.456311,97.097698,-0.610378,-0.042910,1.299110,1.295790
199.150000,21.497253,97.068996,-0.612430,-0.039107,1.299114,1.295773
199.200000,21.538139,97.040215,-0.614280,-0.034881,1.298844,1.295829
199.250000,21.578974,97.011362,-0.615914,-0.030468,1.297814,1.296202
199.300000,21.619765,96.982447,-0.617328,-0.026151,1.298563,1.296937
199.350000,21.660519,96.953479,-0.618535,-0.022186,1.298356,1.297144
199.400000,21.701240,96.924466,-0.619555,-0.018654,1.298161,1.297263
199.450000,21.741934,96.895414,-0.620407,-0.015410,1.298224,1.296676
199.500000,21.782606,96.866331,-0.621096,-0.012102,1.298296,1.296464
199.550000,21.823260,96.837224,-0.621608,-0.008310,1.296708,1.295326
199.600000,21.863902,96.808100,-0.621913,-0.003781,1.291324,1.288284
199.650000,21.904539,96.778968,-0.621973,0.001393,1.290896,1.286678
199.700000,21.945178,96.749839,-0.621769,0.006708,1.290008,1.286998
199.750000,21.985826,96.720724,-0.621314,0.011303,1.286872,1.287543
199.800000,22.026491,96.691632,-0.620670,0.014192,1.286622,1.288590
199.850000,22.067176,96.662567,-0.619944,0.014478,1.286492,1.288808
199.900000,22.107881,96.633532,-0.619284,0.011525,1.286683,1.288592
199.950000,22.148603,96.604519,-0.618861,0.005019,1.287035,1.288078
200.000000,22.189331,96.575515,-0.618852,-0.005061,1.287453,1.287773
200.050000,22.230052,96.546501,-0.619433,-0.018480,1.287655,1.287745
200.100000,22.270745,96.517448,-0.620757,-0.034745,1.287925,1.287805
200.150000,22.311387,96.488324,-0.622949,-0.053007,1.289249,1.288839
200.200000,22.351952,96.459092,-0.626075,-0.071969,1.289687,1.289013
200.250000,22.392411,96.429714,-0.630129,-0.089879,1.291301,1.288224
200.300000,22.432739,96.400156,-0.635007,-0.104664,1.297786,1.287388
200.350000,22.472912,96.370388,-0.640499,-0.114294,1.298495,1.286646
200.400000,22.512915,96.340393,-0.646307,-0.117205,1.299647,1.286453
200.450000,22.552743,96.310165,-0.652075,-0.112672,1.299331,1.286628
200.500000,22.592402,96.279715,-0.657434,-0.101010,1.297749,1.287456
200.550000,22.631907,96.249066,-0.662058,-0.083479,1.297026,1.289767
200.600000,22.671284,96.218254,-0.665701,-0.062023,1.295836,1.292032
200.650000,22.710567,96.187320,-0.668222,-0.038850,1.292327,1.294140
200.700000,22.749789,96.156310,-0.669590,-0.016115,1.291883,1.295717
200.750000,22.788985,96.125268,-0.669876,0.004278,1.291434,1.295921
200.800000,22.828188,96.094233,-0.669236,0.020732,1.290652,1.295216
200.850000,22.867422,96.063238,-0.667902,0.031936,1.289982,1.296476
200.900000,22.906704,96.032304,-0.666162,0.036875,1.287272,1.295528
200.950000,22.946043,96.001441,-0.664348,0.034932,1.287047,1.295753
201.000000,22.985433,95.970646,-0.662804,0.026085,1.287115,1.295685
201.050000,23.024863,95.939900,-0.661862,0.011065,1.287758,1.295016
201.100000,23.064309,95.909175,-0.661791,-0.008559,1.289596,1.292978
201.150000,23.103742,95.878433,-0.662769,-0.030535,1.290859,1.291295
201.200000,23.143127,95.847631,-0.664845,-0.052251,1.293822,1.286497
201.250000,23.182432,95.816726,-0.667944,-0.071162,1.293373,1.285986
201.300000,23.221628,95.785683,-0.671870,-0.085219,1.294915,1.286185
201.350000,23.260693,95.754474,-0.676348,-0.093158,1.294908,1.286192
201.400000,23.299612,95.723085,-0.681059,-0.094583,1.295036,1.286506
201.450000,23.338384,95.691514,-0.685687,-0.089905,1.296231,1.288789
201.500000,23.377014,95.659770,-0.689948,-0.080119,1.296466,1.292086
201.550000,23.415518,95.627872,-0.693623,-0.066590,1.296075,1.292890
201.600000,23.453916,95.595847,-0.696561,-0.050855,1.295651,1.293749
201.650000,23.492232,95.563724,-0.698693,-0.034481,1.295212,1.294188
201.700000,23.530493,95.531535,-0.700024,-0.018985,1.294713,1.294596
201.750000,23.568722,95.499310,-0.700633,-0.005748,1.293744,1.294956
201.800000,23.606942,95.467072,-0.700663,0.004071,1.293502,1.295537
201.850000,23.645168,95.434842,-0.700306,0.009661,1.293861,1.297439
201.900000,23.683408,95.402629,-0.699785,0.010687,1.293797,1.297607
201.950000,23.721665,95.370436,-0.699323,0.007381,1.293934,1.298166
202.000000,23.759933,95.338256,-0.699118,0.000560,1.294228,1.297689
202.050000,23.798202,95.306076,-0.699313,-0.008492,1.294137,1.296459
202.100000,23.836457,95.273881,-0.699984,-0.018239,1.294579,1.294865
202.150000,23.874682,95.241650,-0.701124,-0.027176,1.294907,1.291493
202.200000,23.912864,95.209368,-0.702665,-0.034144,1.295104,1.291178
202.250000,23.950991,95.177021,-0.704488,-0.038498,1.295178,1.290283
202.300000,23.989057,95.144602,-0.706463,-0.040231,1.294795,1.290144
202.350000,24.027057,95.112106,-0.708469,-0.039868,1.294348,1.288578
202.400000,24.064993,95.079535,-0.710423,-0.038255,1.292246,1.288841
202.450000,24.102867,95.046892,-0.712286,-0.036290,1.291942,1.289006
202.500000,24.140681,95.014180,-0.714058,-0.034649,1.291527,1.289073
202.550000,24.178439,94.981402,-0.715764,-0.033641,1.291547,1.289053
202.600000,24.216141,94.948561,-0.717433,-0.033181,1.291474,1.288892
202.650000,24.253788,94.915657,-0.719087,-0.032958,1.290078,1.288722
202.700000,24.291382,94.882691,-0.720728,-0.032658,1.290245,1.289102
202.750000,24.328921,94.849664,-0.722349,-0.032202,1.290260,1.292740
202.800000,24.366407,94.816577,-0.723949,-0.031857,1.290072,1.292967
202.850000,24.403841,94.783429,-0.725546,-0.032172,1.290046,1.293970
202.900000,24.441220,94.750222,-0.727190,-0.033776,1.289945,1.298998
202.950000,24.478544,94.716950,-0.728957,-0.037081,1.291176,1.298998
203.000000,24.515805,94.683610,-0.730932,-0.042063,1.293737,1.298355
203.050000,24.552996,94.650191,-0.733187,-0.048186,1.296810,1.295890
203.100000,24.590106,94.616682,-0.735756,-0.054491,1.297265,1.295031
203.150000,24.627125,94.583072,-0.738620,-0.059839,1.297561,1.291309
203.200000,24.664043,94.549352,-0.741703,-0.063154,1.296921,1.286415
203.250000,24.700856,94.515517,-0.744882,-0.063635,1.292334,1.286084
203.300000,24.737561,94.481565,-0.748003,-0.060841,1.291866,1.282799
203.350000,24.774163,94.447502,-0.750901,-0.054726,1.289648,1.281165
203.400000,24.810673,94.413340,-0.753417,-0.045646,1.287808,1.281027
203.450000,24.847104,94.379095,-0.755421,-0.034380,1.286483,1.281199
203.500000,24.883478,94.344788,-0.756833,-0.022194,1.281352,1.281548
203.550000,24.919813,94.310440,-0.757651,-0.010807,1.280915,1.282024
203.600000,24.956129,94.276072,-0.757965,-0.002270,1.280139,1.282813
203.650000,24.992440,94.241699,-0.757969,0.001358,1.277990,1.283675
203.700000,25.028752,94.207327,-0.757954,-0.001557,1.277726,1.286583
203.750000,25.065060,94.172951,-0.758267,-0.011763,1.278089,1.288133
203.800000,25.101347,94.138552,-0.759266,-0.028824,1.281483,1.289497
203.850000,25.137583,94.104100,-0.761254,-0.051061,1.290331,1.289835
203.900000,25.173730,94.069555,-0.764427,-0.075801,1.294019,1.290581
203.950000,25.209746,94.034873,-0.768827,-0.099811,1.294853,1.289747
204.000000,25.245590,94.000013,-0.774338,-0.119869,1.295430,1.289170
204.050000,25.281225,93.964939,-0.780689,-0.133222,1.295738,1.288691
204.100000,25.316627,93.929631,-0.787496,-0.137972,1.295818,1.287376
204.150000,25.351787,93.894081,-0.794304,-0.133247,1.295745,1.286649
204.200000,25.386711,93.858299,-0.800641,-0.119274,1.295900,1.286214
204.250000,25.421422,93.822312,-0.806073,-0.097314,1.297589,1.286596
204.300000,25.455960,93.786157,-0.810254,-0.069499,1.294068,1.285824
204.350000,25.490372,93.749883,-0.812957,-0.038580,1.292495,1.284935
204.400000,25.524714,93.713542,-0.814104,-0.007547,1.288059,1.285992
204.450000,25.559042,93.677189,-0.813759,0.020784,1.284189,1.286898
204.500000,25.593406,93.640870,-0.812117,0.044173,1.279134,1.287191
204.550000,25.627850,93.604626,-0.809461,0.061275,1.278836,1.286364
204.600000,25.662403,93.568486,-0.806118,0.071739,1.279108,1.286389
204.650000,25.697085,93.532469,-0.802406,0.076115,1.281273,1.286154
204.700000,25.731902,93.496584,-0.798603,0.075595,1.281925,1.285675
204.750000,25.766854,93.460830,-0.794916,0.071607,1.282276,1.285392
204.800000,25.801933,93.425201,-0.791486,0.065459,1.283108,1.284884
204.850000,25.837129,93.389686,-0.788396,0.058030,1.282530,1.284770
204.900000,25.872427,93.354274,-0.785701,0.049610,1.282656,1.284617
204.950000,25.907813,93.318949,-0.783458,0.039922,1.282531,1.284609
205.000000,25.943268,93.283694,-0.781744,0.028304,1.282613,1.284815
205.050000,25.978774,93.248489,-0.780677,0.014029,1.282704,1.284896
205.100000,26.014303,93.213309,-0.780401,-0.003314,1.282914,1.284686
205.150000,26.049826,93.178122,-0.781064,-0.023457,1.283335,1.284252
205.200000,26.085307,93.142893,-0.782782,-0.045265,1.283961,1.283553
205.250000,26.120708,93.107583,-0.785590,-0.066757,1.284857,1.282703
205.300000,26.155992,93.072157,-0.789410,-0.085468,1.285909,1.281228
205.350000,26.191125,93.036580,-0.794041,-0.098974,1.287199,1.279458
205.400000,26.226083,93.000832,-0.799176,-0.105550,1.291135,1.279065
205.450000,26.260853,92.964901,-0.804452,-0.104646,1.291043,1.279157
205.500000,26.295436,92.928790,-0.809509,-0.097047,1.290410,1.280214
205.550000,26.329844,92.892512,-0.814059,-0.084638,1.290346,1.284308
205.600000,26.364100,92.856090,-0.817922,-0.069846,1.290414,1.292923
205.650000,26.398227,92.819548,-0.821038,-0.054953,1.291281,1.293522
205.700000,26.432254,92.782913,-0.823445,-0.041569,1.294535,1.294654
205.750000,26.466205,92.746206,-0.825237,-0.030381,1.297718,1.295785
205.800000,26.500099,92.709447,-0.826524,-0.021276,1.299173,1.298511
205.850000,26.533953,92.672653,-0.827395,-0.013677,1.301141,1.299645
205.900000,26.567783,92.635834,-0.827909,-0.006956,1.302896,1.302245
205.950000,26.601599,92.599004,-0.828101,-0.000758,1.302621,1.302889
206.000000,26.635414,92.562173,-0.827995,0.004871,1.302358,1.303842
206.050000,26.669237,92.525350,-0.827631,0.009533,1.302176,1.303915
206.100000,26.703078,92.488542,-0.827071,0.012616,1.301917,1.303250
206.150000,26.736942,92.451756,-0.826410,0.013486,1.300404,1.303214
206.200000,26.770830,92.414991,-0.825774,0.011615,1.300354,1.302253
206.250000,26.804739,92.378246,-0.825306,0.006718,1.299340,1.299393
206.300000,26.838659,92.341512,-0.825160,-0.001176,1.294353,1.298397
206.350000,26.872577,92.304775,-0.825475,-0.011657,1.292929,1.292489
206.400000,26.906473,92.268019,-0.826361,-0.023885,1.292914,1.291863
206.450000,26.940325,92.231221,-0.827877,-0.036648,1.292781,1.290630
206.500000,26.974110,92.194362,-0.830011,-0.048471,1.292290,1.287027
206.550000,27.007805,92.157421,-0.832680,-0.057850,1.292713,1.284187
206.600000,27.041394,92.120384,-0.835728,-0.063530,1.292991,1.283909
206.650000,27.074867,92.083241,-0.838948,-0.064760,1.293377,1.284070
206.700000,27.108220,92.045991,-0.842116,-0.061464,1.294933,1.286597
206.750000,27.141459,92.008639,-0.845017,-0.054238,1.295077,1.290478
206.800000,27.174597,91.971198,-0.847483,-0.044203,1.294718,1.291456
206.850000,27.207653,91.933683,-0.849408,-0.032742,1.295200,1.293084
206.900000,27.240647,91.896115,-0.850754,-0.021207,1.297318,1.293779
206.950000,27.273601,91.858512,-0.851546,-0.010693,1.297154,1.296446
207.000000,27.306535,91.820890,-0.851855,-0.001926,1.297068,1.296697
207.050000,27.339465,91.783265,-0.851779,0.004733,1.296803,1.297942
207.100000,27.372403,91.745648,-0.851424,0.009210,1.295511,1.298752
207.150000,27.405358,91.708045,-0.850898,0.011614,1.295223,1.297986
207.200000,27.438335,91.670461,-0.850298,0.012174,1.293965,1.297885
207.250000,27.471334,91.632897,-0.849710,0.011213,1.293923,1.296881
207.300000,27.504354,91.595352,-0.849199,0.009152,1.293419,1.296507
207.350000,27.537391,91.557821,-0.848808,0.006507,1.293561,1.294611
207.400000,27.570440,91.520301,-0.848550,0.003876,1.294143,1.294321
207.450000,27.603497,91.482787,-0.848410,0.001843,1.297188,1.294212
207.500000,27.636557,91.445277,-0.848346,0.000873,1.297290,1.294110
207.550000,27.669619,91.407769,-0.848297,0.001206,1.297164,1.294087
207.600000,27.702684,91.370262,-0.848201,0.002782,1.296078,1.294440
207.650000,27.735754,91.332761,-0.848001,0.005265,1.295328,1.296477
207.700000,27.768834,91.295268,-0.847665,0.008147,1.294323,1.296918
207.750000,27.801929,91.257788,-0.847187,0.010925,1.293243,1.298257
207.800000,27.835045,91.220327,-0.846581,0.013269,1.293102,1.298316
207.850000,27.868185,91.182888,-0.845870,0.015106,1.292984,1.297305
207.900000,27.901354,91.145473,-0.845078,0.016586,1.291530,1.294095
207.950000,27.934553,91.108086,-0.844215,0.017911,1.289730,1.290970
208.000000,27.967786,91.070729,-0.843288,0.019120,1.289725,1.290975
208.050000,28.001055,91.033403,-0.842309,0.019932,1.289537,1.291217
208.100000,28.034361,90.996111,-0.841313,0.019730,1.289200,1.291900
208.150000,28.067703,90.958851,-0.840369,0.017725,1.289170,1.292229
208.200000,28.101077,90.921620,-0.839587,0.013236,1.290140,1.293242
208.250000,28.134476,90.884411,-0.839099,0.005997,1.290856,1.293044
208.300000,28.167885,90.847211,-0.839035,-0.003654,1.291257,1.292277
208.350000,28.201288,90.810005,-0.839495,-0.014760,1.291176,1.290024
208.400000,28.234662,90.772774,-0.840515,-0.025907,1.291537,1.289514
208.450000,28.267989,90.735500,-0.842060,-0.035530,1.290935,1.289165
208.500000,28.301250,90.698168,-0.844015,-0.042251,1.291109,1.288991
208.550000,28.334433,90.660766,-0.846213,-0.045180,1.291606,1.288874
208.600000,28.367532,90.623290,-0.848455,-0.044085,1.293972,1.288819
208.650000,28.400549,90.585742,-0.850551,-0.039444,1.293744,1.288356
208.700000,28.433493,90.548129,-0.852349,-0.032327,1.292931,1.288735
208.750000,28.466376,90.510463,-0.853761,-0.024173,1.289874,1.289026
208.800000,28.499213,90.472758,-0.854773,-0.016486,1.289510,1.289404
208.850000,28.532019,90.435025,-0.855441,-0.010515,1.289440,1.289737
208.900000,28.564804,90.397274,-0.855870,-0.006978,1.290512,1.289815
208.950000,28.597576,90.359512,-0.856187,-0.005928,1.290822,1.289733
209.000000,28.630337,90.321739,-0.856501,-0.006726,1.291585,1.289505
209.050000,28.663084,90.283956,-0.856876,-0.008236,1.293031,1.289269
209.100000,28.695816,90.246159,-0.857315,-0.009096,1.293495,1.289022
209.150000,28.728531,90.208347,-0.857752,-0.008078,1.295061,1.289165
209.200000,28.761231,90.170523,-0.858073,-0.004434,1.295038,1.291588
209.250000,28.793924,90.132691,-0.858142,0.001898,1.294734,1.293938
209.300000,28.826621,90.094864,-0.857842,0.010234,1.294158,1.294342
209.350000,28.859337,90.057053,-0.857102,0.019266,1.293728,1.294772
209.400000,28.892089,90.019274,-0.855930,0.027363,1.293279,1.295221
209.450000,28.924893,89.981539,-0.854412,0.032906,1.293021,1.295831
209.500000,28.957758,89.943857,-0.852710,0.034638,1.293192,1.297908
209.550000,28.990687,89.906232,-0.851033,0.031916,1.294033,1.297799
209.600000,29.023675,89.868658,-0.849604,0.024824,1.299004,1.297551
209.650000,29.056709,89.831125,-0.848622,0.014140,1.299426,1.297650
209.700000,29.089769,89.793614,-0.848236,0.001211,1.299791,1.298369
209.750000,29.122831,89.756106,-0.848516,-0.012267,1.299700,1.297929
209.800000,29.155871,89.718577,-0.849443,-0.024488,1.298239,1.297458
209.850000,29.188865,89.681009,-0.850912,-0.033787,1.298109,1.296291
209.900000,29.221796,89.643385,-0.852743,-0.038884,1.298329,1.295800
209.950000,29.254655,89.605699,-0.854706,-0.039066,1.297851,1.294549
210.000000,29.287442,89.567949,-0.856554,-0.034313,1.297657,1.294702
210.050000,29.320164,89.530144,-0.858053,-0.025284,1.297284,1.294518
210.100000,29.352840,89.492298,-0.859020,-0.013190,1.296529,1.293371
210.150000,29.385491,89.454431,-0.859339,0.000451,1.296044,1.293856
210.200000,29.418142,89.416564,-0.858972,0.014080,1.295577,1.294323
210.250000,29.450820,89.378720,-0.857955,0.026331,1.295244,1.294656
210.300000,29.483548,89.340919,-0.856384,0.036153,1.295479,1.294963
210.350000,29.516343,89.303177,-0.854399,0.042812,1.297452,1.296448
210.400000,29.549218,89.265504,-0.852172,0.045829,1.297461,1.296439
210.450000,29.582178,89.227906,-0.849891,0.044932,1.296545,1.296486
210.500000,29.615222,89.190382,-0.847755,0.040083,1.290887,1.296613
210.550000,29.648341,89.152923,-0.845954,0.031604,1.290518,1.296615
210.600000,29.681518,89.115516,-0.844651,0.020325,1.288408,1.296392
210.650000,29.714732,89.078142,-0.843952,0.007618,1.288985,1.295692
210.700000,29.747961,89.040781,-0.843886,-0.004732,1.289620,1.293640
210.750000,29.781182,89.003413,-0.844387,-0.014887,1.289274,1.289300
210.800000,29.814375,88.966020,-0.845307,-0.021386,1.289512,1.284979
210.850000,29.847529,88.928593,-0.846442,-0.023530,1.288579,1.285125
210.900000,29.880641,88.891128,-0.847578,-0.021526,1.287490,1.285610
210.950000,29.913712,88.853627,-0.848531,-0.016372,1.286986,1.286209
211.000000,29.946753,88.816100,-0.849179,-0.009482,1.288121,1.286617
211.050000,29.979776,88.778557,-0.849471,-0.002280,1.294141,1.286776
211.100000,30.012795,88.741011,-0.849421,0.004145,1.295623,1.287193
211.150000,30.045822,88.703471,-0.849083,0.009184,1.295535,1.290347
211.200000,30.078865,88.665946,-0.848532,0.012667,1.294125,1.290375
211.250000,30.111932,88.628441,-0.847844,0.014733,1.293811,1.291055
211.300000,30.145026,88.590961,-0.847081,0.015672,1.292788,1.294385
211.350000,30.178150,88.553506,-0.846292,0.015837,1.292596,1.294404
211.400000,30.211303,88.516078,-0.845506,0.015576,1.292686,1.294274
211.450000,30.244485,88.478676,-0.844737,0.015216,1.292447,1.294117
211.500000,30.277695,88.441298,-0.843982,0.015007,1.291543,1.294008
211.550000,30.310934,88.403946,-0.843231,0.015095,1.290464,1.294014
211.600000,30.344201,88.366619,-0.842467,0.015473,1.289523,1.294177
211.650000,30.377496,88.329318,-0.841680,0.016008,1.289395,1.294305
211.700000,30.410822,88.292043,-0.840867,0.016481,1.289318,1.294342
211.750000,30.444178,88.254796,-0.840037,0.016643,1.289660,1.293970
211.800000,30.477566,88.217576,-0.839213,0.016254,1.291636,1.293815
211.850000,30.510983,88.180383,-0.838426,0.015093,1.294089,1.293760
211.900000,30.544428,88.143216,-0.837722,0.012956,1.295080,1.293936
211.950000,30.577897,88.106070,-0.837152,0.009714,1.295231,1.295264
212.000000,30.611384,88.068940,-0.836772,0.005388,1.295112,1.295961
212.050000,30.644880,88.031819,-0.836629,0.000287,1.294986,1.296009
212.100000,30.678377,87.994698,-0.836747,-0.004914,1.295227,1.296373
212.150000,30.711865,87.957569,-0.837105,-0.009206,1.295557,1.296043
212.200000,30.745337,87.920425,-0.837630,-0.011436,1.295967,1.295215
212.250000,30.778788,87.883263,-0.838192,-0.010627,1.295985,1.292515
212.300000,30.812219,87.846083,-0.838625,-0.006316,1.295652,1.292537
212.350000,30.845640,87.808894,-0.838760,0.001215,1.292863,1.293094
212.400000,30.879063,87.771707,-0.838459,0.010929,1.289762,1.294733
212.450000,30.912507,87.734538,-0.837652,0.021242,1.289161,1.295939
212.500000,30.945990,87.697405,-0.836353,0.030431,1.288687,1.296413
212.550000,30.979529,87.660322,-0.834656,0.037021,1.288610,1.296558
212.600000,31.013136,87.623301,-0.832717,0.040088,1.289994,1.296511
212.650000,31.046817,87.586347,-0.830721,0.039344,1.296200,1.296289
212.700000,31.080569,87.549458,-0.828853,0.035000,1.297722,1.295978
212.750000,31.114385,87.512628,-0.827282,0.027541,1.297767,1.295825
212.800000,31.148252,87.475843,-0.826150,0.017491,1.296744,1.296129
212.850000,31.182150,87.439088,-0.825575,0.005305,1.296685,1.296109
212.900000,31.216057,87.402342,-0.825652,-0.008557,1.296796,1.296712
212.950000,31.249948,87.365581,-0.826452,-0.023457,1.297007,1.297193
213.000000,31.283797,87.328780,-0.828002,-0.038419,1.297422,1.296778
213.050000,31.317574,87.291915,-0.830272,-0.052069,1.298014,1.295809
213.100000,31.351257,87.254962,-0.833157,-0.062840,1.298492,1.292895
213.150000,31.384823,87.217904,-0.836475,-0.069288,1.298987,1.291436
213.200000,31.418263,87.180732,-0.839987,-0.070531,1.298825,1.285664
213.250000,31.451572,87.143442,-0.843426,-0.066486,1.296520,1.285980
213.300000,31.484757,87.106043,-0.846546,-0.057903,1.295686,1.287423
213.350000,31.517836,87.068548,-0.849151,-0.046091,1.294243,1.292811
213.400000,31.550828,87.030978,-0.851118,-0.032495,1.293758,1.294075
213.450000,31.583759,86.993354,-0.852388,-0.018307,1.294111,1.297369
213.500000,31.616655,86.955700,-0.852951,-0.004264,1.297873,1.299484
213.550000,31.649544,86.918039,-0.852823,0.009276,1.299663,1.299391
213.600000,31.682449,86.880394,-0.852037,0.022053,1.299853,1.299547
213.650000,31.715396,86.842784,-0.850639,0.033636,1.299390,1.299969
213.700000,31.748406,86.805229,-0.848709,0.043239,1.298683,1.300295
213.750000,31.781497,86.767745,-0.846371,0.049832,1.297020,1.300814
213.800000,31.814680,86.730344,-0.843801,0.052423,1.294258,1.301025
213.850000,31.847959,86.693028,-0.841216,0.050427,1.292782,1.300603
213.900000,31.881332,86.655796,-0.838846,0.043930,1.291945,1.297843
213.950000,31.914786,86.618636,-0.836896,0.033747,1.291983,1.295572
214.000000,31.948302,86.581533,-0.835519,0.021256,1.292456,1.293164
214.050000,31.981858,86.544464,-0.834787,0.008074,1.291977,1.290762
214.100000,32.015428,86.507410,-0.834698,-0.004274,1.292178,1.287595
214.150000,32.048991,86.470349,-0.835178,-0.014591,1.292130,1.287470
214.200000,32.082527,86.433264,-0.836104,-0.022082,1.292158,1.287713
214.250000,32.116023,86.396142,-0.837324,-0.026289,1.292207,1.289434
214.300000,32.149471,86.358977,-0.838666,-0.026979,1.292597,1.289602
214.350000,32.182869,86.321767,-0.839952,-0.024070,1.293649,1.291237
214.400000,32.216224,86.284518,-0.841005,-0.017653,1.295407,1.294940
214.450000,32.249546,86.247241,-0.841657,-0.008156,1.298125,1.295211
214.500000,32.282853,86.209950,-0.841776,0.003531,1.298732,1.295576
214.550000,32.316167,86.172665,-0.841286,0.015974,1.298267,1.296882
214.600000,32.349511,86.135406,-0.840195,0.027328,1.297505,1.298703
214.650000,32.382905,86.098193,-0.838607,0.035687,1.295985,1.300915
214.700000,32.416365,86.061038,-0.836711,0.039539,1.295508,1.301338
214.750000,32.449897,86.023949,-0.834753,0.038191,1.295141,1.300804
214.800000,32.483498,85.986923,-0.832987,0.031976,1.295217,1.297170
214.850000,32.517158,85.949950,-0.831628,0.022136,1.296077,1.295857
214.900000,32.550859,85.913014,-0.830813,0.010420,1.296835,1.292765
214.950000,32.584579,85.876095,-0.830592,-0.001428,1.296750,1.292389
215.000000,32.618296,85.839175,-0.830936,-0.012112,1.293283,1.292361
215.050000,32.651991,85.802234,-0.831768,-0.020942,1.289489,1.292733
215.100000,32.685648,85.765258,-0.832991,-0.027745,1.289320,1.293952
215.150000,32.719254,85.728236,-0.834504,-0.032566,1.290431,1.295654
215.200000,32.752800,85.691159,-0.836209,-0.035376,1.297369,1.295834
215.250000,32.786281,85.654024,-0.838000,-0.035931,1.299161,1.295461
215.300000,32.819696,85.616829,-0.839753,-0.033844,1.299832,1.295649
215.350000,32.853048,85.579578,-0.841327,-0.028771,1.299721,1.296374
215.400000,32.886347,85.542280,-0.842571,-0.020674,1.299408,1.297536
215.450000,32.919609,85.504948,-0.843343,-0.009960,1.298827,1.299551
215.500000,32.952852,85.467600,-0.843531,0.002512,1.297549,1.300024
215.550000,32.986100,85.430256,-0.843078,0.015532,1.297028,1.299735
215.600000,33.019376,85.392937,-0.841991,0.027708,1.296728,1.295972
215.650000,33.052704,85.355665,-0.840348,0.037620,1.296547,1.296099
215.700000,33.086102,85.318454,-0.838295,0.043970,1.296292,1.295426
215.750000,33.119580,85.281317,-0.836037,0.045719,1.296021,1.291789
215.800000,33.153142,85.244254,-0.833823,0.042250,1.294423,1.291053
215.850000,33.186781,85.207262,-0.831914,0.033565,1.287336,1.290964
215.900000,33.220481,85.170326,-0.830555,0.020388,1.287693,1.290607
215.950000,33.254218,85.133423,-0.829936,0.004227,1.288666,1.290324
216.000000,33.287963,85.096528,-0.830154,-0.012795,1.291574,1.292178
216.050000,33.321684,85.059611,-0.831191,-0.028274,1.292852,1.293677
216.100000,33.355354,85.022647,-0.832913,-0.039955,1.296979,1.293138
216.150000,33.388951,84.985616,-0.835085,-0.046230,1.298373,1.293140
216.200000,33.422464,84.948510,-0.837419,-0.046439,1.298275,1.293420
216.250000,33.455891,84.911326,-0.839619,-0.041020,1.297922,1.294446
216.300000,33.489243,84.874075,-0.841436,-0.031370,1.297405,1.295395
216.350000,33.522537,84.836772,-0.842709,-0.019532,1.296838,1.295962
216.400000,33.555795,84.799437,-0.843386,-0.007761,1.296346,1.296454
216.450000,33.589038,84.762088,-0.843522,0.001892,1.296024,1.296776
216.500000,33.622284,84.724742,-0.843264,0.007910,1.295899,1.296765
216.550000,33.655543,84.687409,-0.842815,0.009511,1.295859,1.295846
216.600000,33.688819,84.650090,-0.842399,0.006700,1.295441,1.295415
216.650000,33.722107,84.612782,-0.842218,0.000209,1.294071,1.295269
216.700000,33.755395,84.575473,-0.842427,-0.008663,1.294443,1.295157
216.750000,33.788667,84.538150,-0.843103,-0.018296,1.294831,1.294769
216.800000,33.821905,84.500797,-0.844242,-0.027027,1.295560,1.294380
216.850000,33.855092,84.463400,-0.845764,-0.033476,1.297917,1.294373
216.900000,33.888218,84.425947,-0.847531,-0.036800,1.298498,1.295002
216.950000,33.921275,84.388434,-0.849381,-0.036877,1.298416,1.295329
217.000000,33.954263,84.350861,-0.851166,-0.034326,1.298078,1.296951
217.050000,33.987188,84.313231,-0.852783,-0.030350,1.297547,1.295753
217.100000,34.020055,84.275551,-0.854199,-0.026475,1.297210,1.296090
217.150000,34.052872,84.237828,-0.855458,-0.024178,1.297043,1.296284
217.200000,34.085643,84.200065,-0.856668,-0.024591,1.297241,1.296286
217.250000,34.118366,84.162260,-0.857979,-0.028262,1.297503,1.296197
217.300000,34.151036,84.124409,-0.859556,-0.035093,1.297834,1.295446
217.350000,34.183638,84.086501,-0.861538,-0.044380,1.298186,1.292224
217.400000,34.216157,84.048520,-0.864022,-0.054984,1.298485,1.290634
217.450000,34.248570,84.010449,-0.867038,-0.065507,1.298192,1.289675
217.500000,34.280859,83.972273,-0.870546,-0.074522,1.296613,1.285595
217.550000,34.313006,83.933977,-0.874439,-0.080775,1.290429,1.285389
217.600000,34.344999,83.895552,-0.878556,-0.083443,1.290054,1.285246
217.650000,34.376832,83.856995,-0.882711,-0.082367,1.290225,1.285075
217.700000,34.408506,83.818308,-0.886731,-0.078228,1.290755,1.285405
217.750000,34.440030,83.779497,-0.890501,-0.072618,1.294147,1.288574
217.800000,34.471412,83.740572,-0.894003,-0.067848,1.293756,1.296044
217.850000,34.502661,83.701540,-0.897346,-0.066546,1.293073,1.297069
217.900000,34.533780,83.662404,-0.900765,-0.071067,1.292820,1.299480
217.950000,34.564757,83.623156,-0.904592,-0.082895,1.292930,1.299370
218.000000,34.595570,83.583778,-0.909201,-0.102250,1.293769,1.298600
218.050000,34.626179,83.544243,-0.914943,-0.128001,1.296049,1.297192
218.100000,34.656534,83.504512,-0.922087,-0.158006,1.300008,1.295149
218.150000,34.686574,83.464541,-0.930780,-0.189653,1.301015,1.288788
218.200000,34.716233,83.424288,-0.941043,-0.220568,1.301909,1.287375
218.250000,34.745448,83.383711,-0.952794,-0.249085,1.302915,1.286983
218.300000,34.774155,83.342773,-0.965892,-0.274487,1.303124,1.287376
218.350000,34.802298,83.301446,-0.980185,-0.296881,1.303226,1.286856
218.400000,34.829826,83.259706,-0.995533,-0.316838,1.303042,1.283768
218.450000,34.856689,83.217535,-1.011834,-0.334978,1.301490,1.280265
218.500000,34.882842,83.174920,-1.029004,-0.351642,1.302005,1.277090
218.550000,34.908243,83.131853,-1.046970,-0.366762,1.302556,1.275944
218.600000,34.932850,83.088327,-1.065646,-0.379946,1.302836,1.275539
218.650000,34.956626,83.044342,-1.084921,-0.390699,1.302129,1.276079
218.700000,34.979539,82.999901,-1.104666,-0.398705,1.301188,1.279712
218.750000,35.001562,82.955012,-1.124743,-0.404064,1.301240,1.281013
218.800000,35.022674,82.909688,-1.145034,-0.407466,1.301874,1.287747
218.850000,35.042859,82.863944,-1.165474,-0.410236,1.304822,1.288133
218.900000,35.062101,82.817795,-1.186076,-0.414244,1.306756,1.289844
218.950000,35.080383,82.771257,-1.206955,-0.421673,1.306294,1.290092
219.000000,35.097678,82.724343,-1.228337,-0.434626,1.305243,1.290157
219.050000,35.113948,82.677064,-1.250540,-0.454633,1.305358,1.290042
219.100000,35.129138,82.629427,-1.273934,-0.482177,1.305879,1.289979
219.150000,35.143173,82.581438,-1.298879,-0.516332,1.307387,1.290981
219.200000,35.155964,82.533101,-1.325649,-0.554691,1.311404,1.288226
219.250000,35.167409,82.484429,-1.354370,-0.593628,1.314524,1.279227
219.300000,35.177405,82.435438,-1.384964,-0.628895,1.315959,1.271044
219.350000,35.185858,82.386158,-1.417143,-0.656451,1.316855,1.268278
219.400000,35.192690,82.336627,-1.450442,-0.673290,1.316800,1.265131
219.450000,35.197854,82.286895,-1.484282,-0.678061,1.314196,1.256692
219.500000,35.201331,82.237016,-1.518064,-0.671275,1.309650,1.257150
219.550000,35.203134,82.187048,-1.551259,-0.655075,1.308947,1.259861
219.600000,35.203301,82.137049,-1.583471,-0.632598,1.308067,1.266433
219.650000,35.201887,82.087069,-1.614471,-0.607192,1.307227,1.268103
219.700000,35.198957,82.037155,-1.644186,-0.581642,1.306973,1.271748
219.750000,35.194576,81.987347,-1.672658,-0.557624,1.307857,1.274030
219.800000,35.188808,81.937681,-1.699980,-0.535537,1.307622,1.274478
219.850000,35.181713,81.888187,-1.726235,-0.514692,1.307438,1.274420
219.900000,35.173345,81.838892,-1.751454,-0.493865,1.305360,1.274188
219.950000,35.163764,81.789819,-1.775609,-0.471958,1.301501,1.274099
220.000000,35.153027,81.740985,-1.798630,-0.448589,1.302613,1.274696
220.050000,35.141198,81.692404,-1.820455,-0.424384,1.305301,1.276083
220.100000,35.128341,81.644086,-1.841075,-0.400842,1.304252,1.282255
220.150000,35.114517,81.596035,-1.860573,-0.379881,1.303736,1.292418
220.200000,35.099783,81.548255,-1.879122,-0.363230,1.304844,1.293580
220.250000,35.084183,81.500751,-1.896970,-0.351896,1.306785,1.293615
220.300000,35.067749,81.453529,-1.914388,-0.345897,1.307762,1.293407
220.350000,35.050500,81.406598,-1.931624,-0.344310,1.309507,1.292827
220.400000,35.032445,81.359972,-1.948862,-0.345570,1.310135,1.292095
220.450000,35.013587,81.313664,-1.966200,-0.347922,1.310185,1.290894
220.500000,34.993927,81.267692,-1.983651,-0.349831,1.309840,1.289591
220.550000,34.973465,81.222070,-2.001165,-0.350301,1.309261,1.289589
220.600000,34.952208,81.176814,-2.018658,-0.348971,1.308281,1.289859
220.650000,34.930165,81.131935,-2.036041,-0.346059,1.307949,1.290451
220.700000,34.907348,81.087445,-2.053250,-0.342166,1.307714,1.290686
220.750000,34.883774,81.043351,-2.070253,-0.338015,1.307568,1.290832
220.800000,34.859458,80.999662,-2.087056,-0.334222,1.307375,1.290094
220.850000,34.834415,80.956386,-2.103686,-0.331121,1.306511,1.287703
220.900000,34.808659,80.913530,-2.120178,-0.328679,1.304335,1.286049
220.950000,34.782202,80.871103,-2.136559,-0.326501,1.302552,1.285939
221.000000,34.755057,80.829113,-2.152825,-0.323933,1.302397,1.285866
221.050000,34.727234,80.787569,-2.168938,-0.320192,1.302417,1.284786
221.100000,34.698751,80.746476,-2.184820,-0.314540,1.302332,1.283354
221.150000,34.669625,80.705835,-2.200360,-0.306402,1.302145,1.283855
221.200000,34.639880,80.665645,-2.215423,-0.295438,1.301577,1.283824
221.250000,34.609545,80.625898,-2.229865,-0.281560,1.298925,1.283707
221.300000,34.578653,80.586583,-2.243542,-0.264859,1.295510,1.284530
221.350000,34.547244,80.547679,-2.256317,-0.245575,1.295130,1.285470
221.400000,34.515360,80.509164,-2.268070,-0.224087,1.295848,1.286121
221.450000,34.483047,80.471009,-2.278703,-0.200975,1.297135,1.287065
221.500000,34.450352,80.433180,-2.288156,-0.177091,1.296666,1.288183
221.550000,34.417323,80.395642,-2.296415,-0.153552,1.295377,1.289988
221.600000,34.384007,80.358359,-2.303530,-0.131617,1.293640,1.290860
221.650000,34.350445,80.321296,-2.309612,-0.112422,1.292953,1.292199
221.700000,34.316676,80.284423,-2.314817,-0.096639,1.293475,1.293607
221.750000,34.282729,80.247713,-2.319321,-0.084239,1.299395,1.295820
221.800000,34.248627,80.211147,-2.323277,-0.074392,1.307368,1.299093
221.850000,34.214389,80.174709,-2.326777,-0.065653,1.308795,1.299403
221.900000,34.180032,80.138383,-2.329836,-0.056315,1.309673,1.300626
221.950000,34.145573,80.102153,-2.332383,-0.044838,1.309500,1.301754
222.000000,34.111033,80.066001,-2.334279,-0.030213,1.308848,1.302421
222.050000,34.076439,80.029901,-2.335358,-0.012159,1.307798,1.303793
222.100000,34.041823,79.993821,-2.335454,0.008930,1.306121,1.305887
222.150000,34.007223,79.957726,-2.334436,0.032170,1.304233,1.307128
222.200000,33.972682,79.921575,-2.332222,0.056505,1.303368,1.308463
222.250000,33.938243,79.885326,-2.328782,0.081016,1.302396,1.309004
222.300000,33.903951,79.848939,-2.324124,0.105174,1.301703,1.309004
222.350000,33.869851,79.812371,-2.318269,0.129015,1.300431,1.308707
222.400000,33.835987,79.775585,-2.311220,0.153172,1.298909,1.309028
222.450000,33.802406,79.738540,-2.302934,0.178813,1.297953,1.309247
222.500000,33.769158,79.701196,-2.293301,0.207457,1.297432,1.309575
222.550000,33.736300,79.663509,-2.282130,0.240695,1.296777,1.309923
222.600000,33.703898,79.625428,-2.269155,0.279868,1.296136,1.310564
222.650000,33.672032,79.586898,-2.254055,0.325750,1.292501,1.308123
222.700000,33.640800,79.547853,-2.236491,0.378262,1.287138,1.303983
222.750000,33.610311,79.508224,-2.216153,0.436296,1.282605,1.305244
222.800000,33.580695,79.467939,-2.192813,0.497638,1.276362,1.306738
222.850000,33.552090,79.426930,-2.166381,0.559079,1.274720,1.308298
222.900000,33.524643,79.385137,-2.136946,0.616722,1.272962,1.310814
222.950000,33.498496,79.342518,-2.104802,0.666506,1.271485,1.316029
223.000000,33.473783,79.299052,-2.070433,0.704925,1.271132,1.320683
223.050000,33.450616,79.254744,-2.034475,0.729769,1.271605,1.321796
223.100000,33.429080,79.209620,-1.997628,0.740613,1.271634,1.322266
223.150000,33.409227,79.163730,-1.960567,0.738863,1.272349,1.321130
223.200000,33.391083,79.117138,-1.923860,0.727243,1.277394,1.319581
223.250000,33.374644,79.069918,-1.887920,0.708936,1.282649,1.318651
223.300000,33.359888,79.022145,-1.853009,0.686688,1.283229,1.318171
223.350000,33.346781,78.973894,-1.819273,0.662241,1.283565,1.320019
223.400000,33.335278,78.925235,-1.786798,0.636243,1.283695,1.321905
223.450000,33.325329,78.876235,-1.755664,0.608617,1.283890,1.321710
223.500000,33.316875,78.826954,-1.725956,0.579131,1.284521,1.320707
223.550000,33.309852,78.777450,-1.697769,0.547863,1.285524,1.319322
223.600000,33.304187,78.727772,-1.671181,0.515404,1.287598,1.314917
223.650000,33.299804,78.677965,-1.646227,0.482747,1.289370,1.311230
223.700000,33.296624,78.628066,-1.622891,0.450992,1.290004,1.310486
223.750000,33.294571,78.578108,-1.601102,0.421088,1.290424,1.309809
223.800000,33.293571,78.528118,-1.580749,0.393714,1.290739,1.309529
223.850000,33.293554,78.478118,-1.561691,0.369340,1.291140,1.309373
223.900000,33.294462,78.428126,-1.543770,0.348361,1.291649,1.308668
223.950000,33.296241,78.378158,-1.526805,0.331188,1.291734,1.307911
224.000000,33.298847,78.328226,-1.510597,0.318181,1.291888,1.307412
224.050000,33.302248,78.278342,-1.494932,0.309451,1.291721,1.305458
224.100000,33.306420,78.228516,-1.479602,0.304609,1.290075,1.304202
224.150000,33.311352,78.178760,-1.464436,0.302582,1.287179,1.302775
224.200000,33.317035,78.129084,-1.449332,0.301621,1.285625,1.301875
224.250000,33.323467,78.079499,-1.434290,0.299542,1.285004,1.302206
224.300000,33.330640,78.030017,-1.419422,0.294138,1.284605,1.302395
224.350000,33.338540,77.980645,-1.404942,0.283650,1.284695,1.302305
224.400000,33.347138,77.931389,-1.391134,0.267176,1.285037,1.301963
224.450000,33.356393,77.882254,-1.378299,0.244875,1.285682,1.301318
224.500000,33.366249,77.833234,-1.366704,0.217934,1.286570,1.299018
224.550000,33.376638,77.784326,-1.356537,0.188302,1.287509,1.297091
224.600000,33.387486,77.735517,-1.347876,0.158292,1.288895,1.296236
224.650000,33.398721,77.686795,-1.340682,0.130127,1.290037,1.293573
224.700000,33.410273,77.638148,-1.334815,0.105551,1.290612,1.293579
224.750000,33.422083,77.589563,-1.330067,0.085572,1.291156,1.294522
224.800000,33.434100,77.541028,-1.326197,0.070369,1.296789,1.295043
224.850000,33.446289,77.492537,-1.322976,0.059378,1.300478,1.296942
224.900000,33.458622,77.444082,-1.320220,0.051528,1.300355,1.301890
224.950000,33.471080,77.395659,-1.317801,0.045553,1.299798,1.304687
225.000000,33.483648,77.347264,-1.315656,0.040319,1.299511,1.304689
225.050000,33.496314,77.298895,-1.313770,0.035068,1.299668,1.304591
225.100000,33.509064,77.250548,-1.312153,0.029500,1.299484,1.304343
225.150000,33.521886,77.202220,-1.310822,0.023718,1.299504,1.303996
225.200000,33.534765,77.153907,-1.309779,0.018045,1.299777,1.303723
225.250000,33.547688,77.105606,-1.309012,0.012788,1.299904,1.301347
225.300000,33.560642,77.057313,-1.308493,0.008085,1.299891,1.298507
225.350000,33.573615,77.009025,-1.308197,0.003853,1.297984,1.297682
225.400000,33.586597,76.960740,-1.308106,-0.000151,1.294861,1.297764
225.450000,33.599580,76.912455,-1.308213,-0.004171,1.296035,1.296785
225.500000,33.612552,76.864167,-1.308524,-0.008311,1.297862,1.295938
225.550000,33.625504,76.815874,-1.309044,-0.012465,1.298055,1.297697
225.600000,33.638426,76.767572,-1.309767,-0.016345,1.298480,1.298856
225.650000,33.651308,76.719260,-1.310670,-0.019596,1.298811,1.296500
225.700000,33.664144,76.670936,-1.311715,-0.021952,1.300090,1.294952
225.750000,33.676926,76.622597,-1.312853,-0.023344,1.301321,1.297181
225.800000,33.689652,76.574244,-1.314039,-0.023940,1.301524,1.298776
225.850000,33.702321,76.525876,-1.315241,-0.024086,1.301450,1.298850
225.900000,33.714931,76.477492,-1.316447,-0.024177,1.301379,1.299631
225.950000,33.727482,76.429093,-1.317662,-0.024500,1.301329,1.300585
226.000000,33.739974,76.380679,-1.318901,-0.025101,1.301340,1.300860
226.050000,33.752405,76.332249,-1.320173,-0.025747,1.301472,1.300728
226.100000,33.764774,76.283803,-1.321469,-0.025968,1.300571,1.299501
226.150000,33.777081,76.235341,-1.322756,-0.025211,1.299913,1.297978
226.200000,33.789326,76.186863,-1.323972,-0.023031,1.299379,1.296485
226.250000,33.801516,76.138372,-1.325039,-0.019271,1.298134,1.295898
226.300000,33.813659,76.089869,-1.325882,-0.014170,1.296269,1.293511
226.350000,33.825767,76.041357,-1.326447,-0.008331,1.292432,1.291992
226.400000,33.837856,75.992841,-1.326717,-0.002584,1.290149,1.292351
226.450000,33.849938,75.944322,-1.326719,0.002234,1.289871,1.293927
226.500000,33.862026,75.895805,-1.326515,0.005501,1.289797,1.294903
226.550000,33.874126,75.847292,-1.326192,0.006927,1.289914,1.294786
226.600000,33.886243,75.798782,-1.325845,0.006569,1.290344,1.294592
226.650000,33.898376,75.750277,-1.325554,0.004710,1.293987,1.294418
226.700000,33.910520,75.701774,-1.325388,0.001710,1.296378,1.295621
226.750000,33.922669,75.653272,-1.325394,-0.002141,1.296372,1.296528
226.800000,33.934812,75.604769,-1.325610,-0.006658,1.296332,1.296686
226.850000,33.946938,75.556262,-1.326067,-0.011698,1.296367,1.296733
226.900000,33.959037,75.507748,-1.326784,-0.017025,1.295704,1.295509
226.950000,33.971094,75.459223,-1.327766,-0.022186,1.295374,1.294526
227.000000,33.983097,75.410685,-1.328990,-0.026458,1.295452,1.294271
227.050000,33.995037,75.362132,-1.330388,-0.028910,1.295534,1.294066
227.100000,34.006906,75.313561,-1.331844,-0.028606,1.295708,1.293538
227.150000,34.018707,75.264974,-1.333203,-0.024855,1.295735,1.293265
227.200000,34.030447,75.216371,-1.334283,-0.017457,1.295566,1.293434
227.250000,34.042145,75.167759,-1.334909,-0.006888,1.294763,1.292644
227.300000,34.053827,75.119143,-1.334947,0.005705,1.293158,1.293437
227.350000,34.065523,75.070530,-1.334336,0.018636,1.292065,1.294735
227.400000,34.077264,75.021928,-1.333106,0.029985,1.291561,1.295239
227.450000,34.089077,74.973344,-1.331383,0.037968,1.291218,1.295582
227.500000,34.100982,74.924782,-1.329370,0.041316,1.291027,1.296068
227.550000,34.112986,74.876244,-1.327317,0.039527,1.291409,1.296186
227.600000,34.125086,74.827730,-1.325478,0.032945,1.291942,1.295858
227.650000,34.137266,74.779236,-1.324070,0.022635,1.294058,1.295335
227.700000,34.149500,74.730756,-1.323242,0.010090,1.295806,1.294989
227.750000,34.161759,74.682282,-1.323068,-0.003143,1.296351,1.294649
227.800000,34.174010,74.633806,-1.323547,-0.015769,1.296633,1.294367
227.850000,34.186223,74.585321,-1.324625,-0.026905,1.296051,1.294300
227.900000,34.198371,74.536819,-1.326212,-0.036055,1.295124,1.294009
227.950000,34.210431,74.488296,-1.328200,-0.042914,1.293664,1.293579
228.000000,34.222388,74.439746,-1.330469,-0.047150,1.292938,1.292123
228.050000,34.234231,74.391169,-1.332875,-0.048271,1.293152,1.291048
228.100000,34.245957,74.342563,-1.335247,-0.045681,1.293358,1.287184
228.150000,34.257572,74.293931,-1.337389,-0.038946,1.293424,1.283396
228.200000,34.269094,74.245277,-1.339090,-0.028144,1.289774,1.282685
228.250000,34.280547,74.196606,-1.340164,-0.014173,1.286203,1.283088
228.300000,34.291965,74.147927,-1.340492,0.001189,1.284931,1.286171
228.350000,34.303386,74.099249,-1.340061,0.015520,1.282810,1.288650
228.400000,34.314845,74.050580,-1.338988,0.026301,1.280060,1.289418
228.450000,34.326367,74.001926,-1.337504,0.031583,1.278907,1.288671
228.500000,34.337965,73.953290,-1.335911,0.030560,1.279068,1.287732
228.550000,34.349637,73.904671,-1.334520,0.023849,1.286502,1.287092
228.600000,34.361366,73.856066,-1.333573,0.013353,1.292066,1.287948
228.650000,34.373128,73.807469,-1.333196,0.001762,1.292815,1.288798
228.700000,34.384894,73.758873,-1.333372,-0.008171,1.293294,1.288901
228.750000,34.396641,73.710273,-1.333961,-0.014296,1.293477,1.289278
228.800000,34.408354,73.661664,-1.334738,-0.015545,1.294798,1.291453
228.850000,34.420029,73.613046,-1.335455,-0.012053,1.295417,1.293319
228.900000,34.431676,73.564422,-1.335899,-0.004966,1.294950,1.293950
228.950000,34.443310,73.515794,-1.335930,0.003957,1.293848,1.294402
229.000000,34.454954,73.467169,-1.335506,0.012839,1.293061,1.294739
229.050000,34.466630,73.418551,-1.334669,0.020090,1.292251,1.294899
229.100000,34.478353,73.369945,-1.333532,0.024688,1.291738,1.295198
229.150000,34.490137,73.321353,-1.332239,0.026263,1.291769,1.295331
229.200000,34.501984,73.272777,-1.330941,0.025058,1.291460,1.295227
229.250000,34.513891,73.224216,-1.329760,0.021752,1.291326,1.295074
229.300000,34.525851,73.175667,-1.328780,0.017257,1.291604,1.294264
229.350000,34.537853,73.127129,-1.328037,0.012487,1.292093,1.293644
229.400000,34.549886,73.078598,-1.327525,0.008174,1.292370,1.293530
229.450000,34.561938,73.030073,-1.327208,0.004735,1.292352,1.294493
229.500000,34.574002,72.981550,-1.327039,0.002217,1.292344,1.295156
229.550000,34.586071,72.933028,-1.326979,0.000324,1.292322,1.295178
229.600000,34.598141,72.884507,-1.327007,-0.001486,1.296378,1.295197
229.650000,34.610208,72.835985,-1.327135,-0.003843,1.299174,1.295226
229.700000,34.622265,72.787461,-1.327405,-0.007285,1.299126,1.295038
229.750000,34.634304,72.738932,-1.327881,-0.012073,1.296423,1.294861
229.800000,34.646314,72.690395,-1.328628,-0.018066,1.294685,1.294715
229.850000,34.658280,72.641848,-1.329695,-0.024690,1.294997,1.291629
229.900000,34.670186,72.593287,-1.331092,-0.031022,1.295348,1.289352
229.950000,34.682016,72.544706,-1.332778,-0.035989,1.295670,1.288262
230.000000,34.693760,72.496105,-1.334660,-0.038641,1.294203,1.285774
230.050000,34.705410,72.447481,-1.336604,-0.038396,1.289714,1.284522
230.100000,34.716967,72.398835,-1.338462,-0.035206,1.287177,1.284487
230.150000,34.728439,72.350169,-1.340094,-0.029573,1.286846,1.284654
230.200000,34.739839,72.301486,-1.341401,-0.022411,1.286477,1.285023
230.250000,34.751184,72.252790,-1.342331,-0.014811,1.286172,1.286922
230.300000,34.762493,72.204086,-1.342890,-0.007760,1.285958,1.288242
230.350000,34.773783,72.155377,-1.343123,-0.001922,1.285888,1.288312
230.400000,34.785068,72.106667,-1.343100,0.002483,1.285890,1.289491
230.450000,34.796359,72.057959,-1.342890,0.005686,1.286140,1.290297
230.500000,34.807664,72.009254,-1.342539,0.008269,1.288550,1.290234
230.550000,34.818990,71.960553,-1.342061,0.010975,1.290081,1.290219
230.600000,34.830341,71.911859,-1.341430,0.014502,1.290085,1.290628
230.650000,34.841729,71.863173,-1.340594,0.019275,1.290978,1.291910
230.700000,34.853163,71.814498,-1.339487,0.025285,1.292793,1.292706
230.750000,34.864659,71.765837,-1.338057,0.031995,1.293421,1.294277
230.800000,34.876233,71.717195,-1.336293,0.038400,1.293090,1.295510
230.850000,34.887900,71.668576,-1.334240,0.043181,1.292359,1.295887
230.900000,34.899672,71.619981,-1.332014,0.044997,1.291815,1.295064
230.950000,34.911552,71.571413,-1.329793,0.042805,1.291425,1.293200
231.000000,34.923536,71.522870,-1.327792,0.036147,1.291379,1.292221
231.050000,34.935607,71.474349,-1.326231,0.025325,1.291795,1.292926
231.100000,34.947739,71.425844,-1.325297,0.011410,1.292279,1.293457
231.150000,34.959899,71.377345,-1.325106,-0.003907,1.292792,1.293344
231.200000,34.972049,71.328844,-1.325678,-0.018604,1.293369,1.293699
231.250000,34.984155,71.280331,-1.326931,-0.030686,1.293872,1.294436
231.300000,34.996187,71.231800,-1.328690,-0.038543,1.299307,1.294626
231.350000,35.008125,71.183247,-1.330717,-0.041225,1.302956,1.298143
231.400000,35.019964,71.134668,-1.332745,-0.038597,1.302884,1.300834
231.450000,35.031710,71.086068,-1.334518,-0.031304,1.302586,1.301214
231.500000,35.043380,71.037449,-1.335832,-0.020587,1.302090,1.301710
231.550000,35.055001,70.988818,-1.336554,-0.007999,1.301608,1.302192
231.600000,35.066602,70.940182,-1.336630,0.004909,1.301189,1.303024
231.650000,35.078214,70.891549,-1.336077,0.016873,1.300941,1.303559
231.700000,35.089868,70.842926,-1.334966,0.027047,1.300842,1.303246
231.750000,35.101587,70.794319,-1.333400,0.035059,1.300725,1.303075
231.800000,35.113391,70.745732,-1.331488,0.040915,1.300637,1.301157
231.850000,35.125294,70.697170,-1.329333,0.044855,1.300584,1.299521
231.900000,35.137305,70.648634,-1.327023,0.047177,1.299113,1.299312
231.950000,35.149432,70.600127,-1.324634,0.048082,1.296292,1.299279
232.000000,35.161674,70.551649,-1.322234,0.047564,1.295046,1.297719
232.050000,35.174032,70.503200,-1.319899,0.045403,1.294633,1.296654
232.100000,35.186499,70.454779,-1.317720,0.041212,1.293333,1.296723
232.150000,35.199066,70.406384,-1.315809,0.034592,1.292630,1.296592
232.200000,35.211716,70.358011,-1.314295,0.025318,1.292764,1.296336
232.250000,35.224427,70.309654,-1.313310,0.013515,1.293079,1.296021
232.300000,35.237171,70.261305,-1.312968,-0.000227,1.296109,1.295588
232.350000,35.249913,70.212956,-1.313343,-0.014861,1.298397,1.295103
232.400000,35.262621,70.164598,-1.314446,-0.028991,1.298903,1.294656
232.450000,35.275258,70.116221,-1.316214,-0.041099,1.299299,1.294301
232.500000,35.287796,70.067819,-1.318510,-0.049807,1.299621,1.293979
232.550000,35.300214,70.019385,-1.321137,-0.054126,1.299767,1.293951
232.600000,35.312502,69.970919,-1.323861,-0.053654,1.299754,1.294046
232.650000,35.324660,69.922419,-1.326445,-0.048640,1.299550,1.296138
232.700000,35.336700,69.873891,-1.328679,-0.039954,1.298535,1.297875
232.750000,35.348644,69.825338,-1.330411,-0.028928,1.295954,1.298335
232.800000,35.360517,69.776768,-1.331564,-0.017135,1.294382,1.295885
232.850000,35.372349,69.728188,-1.332137,-0.006117,1.292916,1.294262
232.900000,35.384166,69.679605,-1.332203,0.002858,1.291871,1.294529
232.950000,35.395989,69.631023,-1.331888,0.008976,1.291705,1.295580
233.000000,35.407833,69.582446,-1.331345,0.011985,1.291673,1.296286
233.050000,35.419707,69.533876,-1.330726,0.012184,1.291763,1.296237
233.100000,35.431610,69.485314,-1.330153,0.010287,1.294230,1.297016
233.150000,35.443538,69.436757,-1.329711,0.007239,1.297423,1.297434
233.200000,35.455483,69.388205,-1.329431,0.003966,1.298555,1.297245
233.250000,35.467438,69.339655,-1.329307,0.001164,1.298642,1.297158
233.300000,35.479396,69.291106,-1.329304,-0.000825,1.298624,1.297176
233.350000,35.491352,69.242557,-1.329380,-0.002012,1.299149,1.298243
233.400000,35.503303,69.194006,-1.329499,-0.002657,1.299456,1.299044
233.450000,35.515248,69.145454,-1.329643,-0.003071,1.299371,1.299129
233.500000,35.527185,69.096900,-1.329806,-0.003459,1.299382,1.299118
233.550000,35.539114,69.048344,-1.329988,-0.003840,1.298156,1.298988
233.600000,35.551033,68.999785,-1.330188,-0.004087,1.297401,1.298799
233.650000,35.562943,68.951224,-1.330394,-0.004072,1.297071,1.294649
233.700000,35.574843,68.902661,-1.330592,-0.003838,1.296727,1.291873
233.750000,35.586733,68.854095,-1.330779,-0.003689,1.296573,1.292027
233.800000,35.598615,68.805528,-1.330970,-0.004155,1.295729,1.292282
233.850000,35.610486,68.756957,-1.331210,-0.005812,1.295096,1.291974
233.900000,35.622343,68.708383,-1.331572,-0.009044,1.292825,1.291517
233.950000,35.634178,68.659804,-1.332135,-0.013825,1.291462,1.291238
234.000000,35.645979,68.611217,-1.332967,-0.019637,1.291832,1.290868
234.050000,35.657732,68.562618,-1.334098,-0.025554,1.292234,1.291527
234.100000,35.669424,68.514004,-1.335508,-0.030462,1.292473,1.292027
234.150000,35.681041,68.465372,-1.337117,-0.033343,1.292588,1.291912
234.200000,35.692578,68.416722,-1.338807,-0.033515,1.295641,1.291923
234.250000,35.704034,68.368052,-1.340431,-0.030763,1.297597,1.292103
234.300000,35.715415,68.319364,-1.341849,-0.025344,1.297349,1.293352
234.350000,35.726734,68.270662,-1.342940,-0.017895,1.296295,1.294280
234.400000,35.738010,68.221950,-1.343624,-0.009275,1.295469,1.296004
234.450000,35.749264,68.173233,-1.343866,-0.000421,1.295214,1.297286
234.500000,35.760516,68.124516,-1.343676,0.007761,1.297134,1.297604
234.550000,35.771787,68.075803,-1.343109,0.014473,1.298438,1.297862
234.600000,35.783093,68.027098,-1.342257,0.019060,1.298281,1.298019
234.650000,35.794445,67.978404,-1.341238,0.021037,1.298179,1.298121
234.700000,35.805849,67.929721,-1.340191,0.020111,1.298203,1.298097
234.750000,35.817300,67.881050,-1.339265,0.016224,1.298311,1.297989
234.800000,35.828791,67.832389,-1.338604,0.009584,1.298482,1.297818
234.850000,35.840305,67.783732,-1.338334,0.000717,1.298678,1.297622
234.900000,35.851821,67.735077,-1.338549,-0.009534,1.297047,1.297369
234.950000,35.863313,67.686415,-1.339290,-0.020050,1.296105,1.296995
235.000000,35.874757,67.637742,-1.340539,-0.029533,1.296511,1.296236
235.050000,35.886129,67.589053,-1.342212,-0.036699,1.296836,1.293957
235.100000,35.897412,67.540343,-1.344164,-0.040484,1.297043,1.292557
235.150000,35.908597,67.491610,-1.346208,-0.040243,1.296322,1.292512
235.200000,35.919684,67.442855,-1.348135,-0.035872,1.295436,1.293041
235.250000,35.930685,67.394080,-1.349748,-0.027820,1.294928,1.293672
235.300000,35.941617,67.345289,-1.350882,-0.016958,1.294487,1.294113
235.350000,35.952509,67.296490,-1.351423,-0.004383,1.294079,1.294638
235.400000,35.963390,67.247688,-1.351314,0.008808,1.293740,1.295060
235.450000,35.974292,67.198892,-1.350547,0.021690,1.293665,1.295311
235.500000,35.985247,67.150106,-1.349158,0.033575,1.293590,1.295510
235.550000,35.996284,67.101340,-1.347209,0.044002,1.293464,1.295518
235.600000,36.007428,67.052597,-1.344781,0.052652,1.294074,1.295592
235.650000,36.018700,67.003885,-1.341970,0.059285,1.294379,1.295821
235.700000,36.030116,66.955205,-1.338881,0.063728,1.294170,1.296030
235.750000,36.041687,66.906563,-1.335626,0.065923,1.293136,1.296122
235.800000,36.053418,66.857958,-1.332316,0.066017,1.292466,1.296134
235.850000,36.065309,66.809393,-1.329046,0.064425,1.292613,1.295634
235.900000,36.077356,66.760866,-1.325885,0.061833,1.292840,1.294807
235.950000,36.089553,66.712376,-1.322863,0.059107,1.293062,1.293749
236.000000,36.101894,66.663923,-1.319964,0.057125,1.293220,1.293180
236.050000,36.114373,66.615506,-1.317131,0.056587,1.291947,1.293098
236.100000,36.126990,66.567123,-1.314282,0.057873,1.290924,1.293765
236.150000,36.139746,66.518778,-1.311321,0.060996,1.290775,1.294325
236.200000,36.152650,66.470472,-1.308162,0.065668,1.290450,1.295181
236.250000,36.165713,66.422208,-1.304740,0.071470,1.290120,1.295880
236.300000,36.178948,66.373992,-1.301006,0.078055,1.289650,1.296114
236.350000,36.192371,66.325827,-1.296926,0.085292,1.289204,1.296278
236.400000,36.206000,66.277721,-1.292466,0.093300,1.289133,1.294911
236.450000,36.219853,66.229678,-1.287582,0.102330,1.289204,1.293188
236.500000,36.233952,66.181707,-1.282218,0.112549,1.288978,1.292745
236.550000,36.248321,66.133816,-1.276314,0.123809,1.288636,1.292964
236.600000,36.262985,66.086015,-1.269832,0.135537,1.286784,1.293458
236.650000,36.277974,66.038314,-1.262768,0.146769,1.285257,1.295402
236.700000,36.293312,65.990725,-1.255177,0.156399,1.284730,1.296870
236.750000,36.309021,65.943257,-1.247162,0.163473,1.284408,1.297132
236.800000,36.325117,65.895919,-1.238869,0.167453,1.284486,1.296836
236.850000,36.341609,65.848717,-1.230457,0.168305,1.285290,1.294962
236.900000,36.358497,65.801655,-1.222074,0.166399,1.285930,1.293670
236.950000,36.375776,65.754736,-1.213845,0.162267,1.286145,1.293455
237.000000,36.393435,65.707958,-1.205870,0.156373,1.289011,1.293680
237.050000,36.411459,65.661320,-1.198227,0.149016,1.290854,1.293946
237.100000,36.429830,65.614817,-1.190984,0.140426,1.287609,1.295167
237.150000,36.448526,65.568444,-1.184194,0.130989,1.285536,1.296996
237.200000,36.467526,65.522195,-1.177885,0.121473,1.287234,1.297437
237.250000,36.486807,65.476062,-1.172031,0.113102,1.288717,1.296883
237.300000,36.506349,65.430038,-1.166538,0.107369,1.289346,1.291960
237.350000,36.526137,65.384121,-1.161240,0.105670,1.291163,1.288668
237.400000,36.546169,65.338309,-1.155907,0.108849,1.292065,1.288735
237.450000,36.566450,65.292607,-1.150293,0.116854,1.291633,1.289167
237.500000,36.586999,65.247025,-1.144174,0.128682,1.288066,1.292615
237.550000,36.607840,65.201575,-1.137400,0.142591,1.285004,1.295177
237.600000,36.629005,65.156276,-1.129916,0.156590,1.284149,1.295751
237.650000,36.650523,65.111143,-1.121764,0.168967,1.283810,1.295251
237.700000,36.672422,65.066194,-1.113054,0.178727,1.284346,1.294813
237.750000,36.694722,65.021442,-1.103926,0.185781,1.284853,1.294747
237.800000,36.717435,64.976899,-1.094501,0.190847,1.286215,1.293986
237.850000,36.740573,64.932575,-1.084849,0.195131,1.287191,1.293409
237.900000,36.764143,64.888478,-1.074980,0.199875,1.287243,1.293357
237.950000,36.788152,64.844620,-1.064843,0.205969,1.287089,1.294898
238.000000,36.812611,64.801011,-1.054361,0.213693,1.286790,1.296110
238.050000,36.837535,64.757666,-1.043458,0.222664,1.286410,1.297095
238.100000,36.862941,64.714601,-1.032092,0.231972,1.286049,1.298154
238.150000,36.888843,64.671834,-1.020273,0.240440,1.285772,1.298689
238.200000,36.915258,64.629381,-1.008075,0.246923,1.285532,1.299150
238.250000,36.942195,64.587257,-0.995619,0.250572,1.285381,1.300150
238.300000,36.969657,64.545474,-0.983060,0.250986,1.285378,1.300622
238.350000,36.997641,64.504039,-0.970561,0.248242,1.285639,1.300423
238.400000,37.026137,64.462954,-0.958270,0.242810,1.287605,1.300151
238.450000,37.055129,64.422217,-0.946305,0.235388,1.288896,1.299904
238.500000,37.084599,64.381825,-0.934746,0.226735,1.291646,1.300846
238.550000,37.114524,64.341769,-0.923638,0.217522,1.294381,1.301837
238.600000,37.144884,64.302041,-0.912994,0.208268,1.295090,1.302010
238.650000,37.175656,64.262632,-0.902806,0.199348,1.294260,1.301913
238.700000,37.206819,64.223531,-0.893050,0.191060,1.293896,1.301704
238.750000,37.238354,64.184730,-0.883687,0.183712,1.294095,1.301505
238.800000,37.270244,64.146220,-0.874660,0.177714,1.294279,1.301135
238.850000,37.302475,64.107995,-0.865889,0.173614,1.293492,1.297650
238.900000,37.335038,64.070052,-0.857264,0.172077,1.290066,1.293875
238.950000,37.367926,64.032390,-0.848637,0.173805,1.285399,1.292779
239.000000,37.401140,63.995017,-0.839831,0.179376,1.283166,1.292799
239.050000,37.434688,63.957942,-0.830645,0.189035,1.282826,1.292624
239.100000,37.468586,63.921187,-0.820878,0.202479,1.282114,1.292687
239.150000,37.502855,63.884777,-0.810362,0.218703,1.280958,1.293167
239.200000,37.537519,63.848744,-0.798997,0.235989,1.280095,1.293805
239.250000,37.572606,63.813123,-0.786783,0.252074,1.279363,1.294537
239.300000,37.608139,63.777946,-0.773841,0.264522,1.278675,1.295979
239.350000,37.644134,63.743242,-0.760410,0.271195,1.278495,1.296857
239.400000,37.680595,63.709028,-0.746818,0.270715,1.278740,1.297391
239.450000,37.717515,63.675310,-0.733438,0.262745,1.282052,1.297296
239.500000,37.754875,63.642079,-0.720632,0.248047,1.284941,1.296820
239.550000,37.792643,63.609314,-0.708699,0.228261,1.289888,1.296822
239.600000,37.830783,63.576982,-0.697841,0.205534,1.292798,1.297329
239.650000,37.869253,63.545044,-0.688151,0.182117,1.293364,1.298638
239.700000,37.908012,63.513457,-0.679608,0.160062,1.293833,1.299541
239.750000,37.947023,63.482182,-0.672101,0.141048,1.295359,1.299490
239.800000,37.986254,63.451183,-0.665443,0.126357,1.296315,1.298866
239.850000,38.025680,63.420433,-0.659394,0.116908,1.296632,1.298368
239.900000,38.065286,63.389915,-0.653673,0.113291,1.296835,1.298165
239.950000,38.105065,63.359622,-0.647982,0.115763,1.296819,1.297925
240.000000,38.145019,63.329561,-0.642017,0.124207,1.294128,1.297529
240.050000,38.185159,63.299749,-0.635489,0.138094,1.291420,1.297684
240.100000,38.225505,63.270215,-0.628149,0.156466,1.290177,1.298231
240.150000,38.266080,63.240998,-0.619802,0.177999,1.289462,1.298838
240.200000,38.306914,63.212144,-0.610330,0.201110,1.288051,1.299479
240.250000,38.348036,63.183701,-0.599695,0.224123,1.287803,1.299426
240.300000,38.389474,63.155721,-0.587943,0.245451,1.287692,1.299608
240.350000,38.431252,63.128251,-0.575192,0.263778,1.287258,1.300042
240.400000,38.473389,63.101334,-0.561619,0.278221,1.286854,1.300446
240.450000,38.515895,63.075005,-0.547428,0.288444,1.287457,1.300687
240.500000,38.558777,63.049292,-0.532827,0.294687,1.287854,1.300746
240.550000,38.602032,63.024213,-0.518001,0.297670,1.288033,1.301937
240.600000,38.645656,62.999780,-0.503089,0.298393,1.288297,1.302403
240.650000,38.689640,62.976001,-0.488177,0.297863,1.288503,1.302197
240.700000,38.733972,62.952879,-0.473308,0.296847,1.288577,1.302649
240.750000,38.778643,62.930418,-0.458493,0.295719,1.288462,1.304489
240.800000,38.823641,62.908620,-0.443737,0.294472,1.288232,1.305468
240.850000,38.868956,62.887486,-0.429051,0.292879,1.288059,1.305641
240.900000,38.914574,62.867019,-0.414457,0.290703,1.288728,1.305636
240.950000,38.960486,62.847216,-0.399989,0.287881,1.289951,1.305415
241.000000,39.006678,62.828077,-0.385675,0.284570,1.290611,1.305089
241.050000,39.053137,62.809596,-0.371534,0.281075,1.290840,1.303990
241.100000,39.099851,62.791770,-0.357565,0.277691,1.290905,1.305239
241.150000,39.146809,62.774595,-0.343760,0.274566,1.290815,1.305042
241.200000,39.193998,62.758066,-0.330105,0.271673,1.290726,1.303564
241.250000,39.241407,62.742179,-0.316592,0.268863,1.291147,1.303126
241.300000,39.289025,62.726931,-0.303219,0.266046,1.292811,1.303719
241.350000,39.336842,62.712318,-0.289985,0.263319,1.296037,1.303835
241.400000,39.384847,62.698336,-0.276879,0.261052,1.297365,1.303024
241.450000,39.433031,62.684982,-0.263864,0.259842,1.297535,1.302565
241.500000,39.481384,62.672255,-0.250869,0.260363,1.294059,1.302496
241.550000,39.529899,62.660159,-0.237794,0.263137,1.287072,1.301680
241.600000,39.578569,62.648703,-0.224521,0.268279,1.284560,1.299766
241.650000,39.627388,62.637900,-0.210941,0.275282,1.284410,1.299190
241.700000,39.676351,62.627771,-0.196987,0.282901,1.284141,1.299459
241.750000,39.725453,62.618335,-0.182674,0.289169,1.285436,1.302987
241.800000,39.774685,62.609610,-0.168130,0.291627,1.287097,1.304885
241.850000,39.824040,62.601602,-0.153607,0.287731,1.287336,1.306787
241.900000,39.873504,62.594304,-0.139481,0.275395,1.287296,1.307504
241.950000,39.923065,62.587686,-0.126206,0.253551,1.287623,1.307177
242.000000,39.972704,62.581695,-0.114256,0.222543,1.288390,1.306410
242.050000,40.022408,62.576256,-0.104052,0.184234,1.291391,1.303619
242.100000,40.072159,62.571275,-0.095886,0.141761,1.294574,1.300176
242.150000,40.121944,62.566647,-0.089872,0.098973,1.297080,1.297870
242.200000,40.171752,62.562265,-0.085929,0.059723,1.298576,1.296384
242.250000,40.221573,62.558034,-0.083797,0.027153,1.299405,1.295495
242.300000,40.271399,62.553871,-0.083086,0.003181,1.299165,1.295244
242.350000,40.321226,62.549718,-0.083347,-0.011716,1.298172,1.295257
242.400000,40.371051,62.545537,-0.084141,-0.018396,1.297615,1.295485
242.450000,40.420872,62.541311,-0.085098,-0.018670,1.297270,1.296110
242.500000,40.470689,62.537039,-0.085953,-0.014822,1.296801,1.296629
242.550000,40.520503,62.532731,-0.086558,-0.009132,1.296378,1.296601
242.600000,40.570315,62.528399,-0.086872,-0.003577,1.296148,1.296442
242.650000,40.620127,62.524059,-0.086943,0.000275,1.295846,1.296373
242.700000,40.669938,62.519718,-0.086890,0.001173,1.295695,1.296264
242.750000,40.719749,62.515380,-0.086886,-0.001929,1.295703,1.296197
242.800000,40.769560,62.511036,-0.087156,-0.009955,1.295334,1.296216
242.850000,40.819369,62.506667,-0.087964,-0.023566,1.294878,1.297783
242.900000,40.869172,62.502238,-0.089595,-0.042847,1.294161,1.298338
242.950000,40.918966,62.497701,-0.092315,-0.066905,1.294314,1.297886
243.000000,40.968745,62.492998,-0.096318,-0.093571,1.295170,1.294716
243.050000,41.018500,62.488062,-0.101653,-0.119434,1.296384,1.286830
243.100000,41.068226,62.482830,-0.108179,-0.140308,1.297720,1.282658
243.150000,41.117914,62.477251,-0.115543,-0.152106,1.299736,1.281449
243.200000,41.167558,62.471296,-0.123210,-0.151899,1.300673,1.281068
243.250000,41.217155,62.464966,-0.130545,-0.138812,1.300239,1.281561
243.300000,41.266708,62.458294,-0.136931,-0.114410,1.298984,1.282816
243.350000,41.316222,62.451339,-0.141884,-0.082413,1.295518,1.284376
243.400000,41.365707,62.444181,-0.145145,-0.047800,1.286256,1.286062
243.450000,41.415175,62.436904,-0.146710,-0.015604,1.282144,1.287356
243.500000,41.464636,62.429587,-0.146806,0.010226,1.281611,1.287889
243.550000,41.514102,62.422294,-0.145815,0.027554,1.284270,1.288695
243.600000,41.563577,62.415068,-0.144177,0.036202,1.287679,1.288702
243.650000,41.613065,62.407931,-0.142298,0.037563,1.291463,1.289203
243.700000,41.662566,62.400885,-0.140490,0.033875,1.292863,1.292278
243.750000,41.712079,62.393924,-0.138946,0.027443,1.293052,1.293348
243.800000,41.761601,62.387030,-0.137756,0.020068,1.291528,1.293316
243.850000,41.811131,62.380185,-0.136936,0.012778,1.289345,1.290471
243.900000,41.860664,62.373373,-0.136471,0.005908,1.288790,1.289210
243.950000,41.910200,62.366575,-0.136341,-0.000624,1.288818,1.289182
244.000000,41.959736,62.359776,-0.136532,-0.006974,1.288814,1.293075
244.050000,42.009269,62.352959,-0.137034,-0.013085,1.291310,1.296008
244.100000,42.058798,62.346110,-0.137830,-0.018585,1.295009,1.296295
244.150000,42.108320,62.339216,-0.138873,-0.022831,1.297530,1.295972
244.200000,42.157834,62.332265,-0.140083,-0.025119,1.298244,1.295756
244.250000,42.207340,62.325252,-0.141347,-0.024908,1.298248,1.295752
244.300000,42.256837,62.318178,-0.142535,-0.022029,1.297435,1.295646
244.350000,42.306327,62.311050,-0.143516,-0.016743,1.296220,1.295773
244.400000,42.355810,62.303881,-0.144185,-0.009694,1.295619,1.296081
244.450000,42.405290,62.296688,-0.144474,-0.001728,1.295312,1.297660
244.500000,42.454769,62.289490,-0.144358,0.006330,1.296416,1.301183
244.550000,42.504251,62.282309,-0.143850,0.013857,1.299085,1.302547
244.600000,42.553737,62.275161,-0.142985,0.020563,1.301427,1.302657
244.650000,42.603231,62.268064,-0.141805,0.026464,1.302011,1.302689
244.700000,42.652734,62.261033,-0.140346,0.031801,1.302011,1.300499
244.750000,42.702248,62.254080,-0.138628,0.036874,1.300477,1.297873
244.800000,42.751775,62.247218,-0.136659,0.041874,1.296609,1.296929
244.850000,42.801316,62.240460,-0.134442,0.046772,1.294222,1.296959
244.900000,42.850873,62.233818,-0.131988,0.051278,1.293656,1.297144
244.950000,42.900447,62.227303,-0.129329,0.054881,1.293437,1.297363
245.000000,42.950038,62.220924,-0.126524,0.056973,1.293326,1.298322
245.050000,42.999648,62.214686,-0.123663,0.057024,1.293234,1.298766
245.100000,43.049274,62.208588,-0.120856,0.054724,1.293390,1.298681
245.150000,43.098918,62.202627,-0.118223,0.050125,1.293692,1.297701
245.200000,43.148576,62.196789,-0.115869,0.043690,1.293931,1.293352
245.250000,43.198247,62.191060,-0.113867,0.036250,1.294205,1.291424
245.300000,43.247927,62.185421,-0.112241,0.028881,1.291204,1.288743
245.350000,43.297617,62.179854,-0.110959,0.022686,1.289390,1.287433
245.400000,43.347312,62.174343,-0.109940,0.018550,1.289237,1.287263
245.450000,43.397013,62.168879,-0.109068,0.016886,1.289301,1.287199
245.500000,43.446718,62.163457,-0.108220,0.017480,1.289958,1.287319
245.550000,43.496428,62.158079,-0.107302,0.019461,1.291543,1.289943
245.600000,43.546143,62.152750,-0.106277,0.021459,1.291888,1.291212
245.650000,43.595864,62.147473,-0.105181,0.021946,1.291635,1.293938
245.700000,43.645590,62.142250,-0.104125,0.019672,1.291427,1.295173
245.750000,43.695322,62.137076,-0.103263,0.014098,1.291693,1.295118
245.800000,43.745057,62.131937,-0.102755,0.005664,1.292137,1.292290
245.850000,43.794793,62.126811,-0.102714,-0.004214,1.292710,1.290690
245.900000,43.844529,62.121675,-0.103163,-0.013489,1.293280,1.289342
245.950000,43.894261,62.116506,-0.104019,-0.020050,1.293855,1.288445
246.000000,43.943988,62.111288,-0.105104,-0.022389,1.294049,1.288251
246.050000,43.993709,62.106015,-0.106190,-0.020094,1.293767,1.291855
246.100000,44.043425,62.100692,-0.107061,-0.014032,1.293595,1.296233
246.150000,44.093137,62.095335,-0.107571,-0.006132,1.293762,1.298299
246.200000,44.142848,62.089963,-0.107688,0.001163,1.294027,1.299038
246.250000,44.192559,62.084593,-0.107502,0.005543,1.294435,1.299290
246.300000,44.242271,62.079235,-0.107202,0.005433,1.294685,1.298578
246.350000,44.291984,62.073891,-0.107032,0.000307,1.295043,1.297957
246.400000,44.341698,62.068546,-0.107235,-0.009280,1.295563,1.297225
246.450000,44.391409,62.063179,-0.108002,-0.021934,1.296565,1.296630
246.500000,44.441114,62.057756,-0.109442,-0.035812,1.297226,1.296174
246.550000,44.490809,62.052245,-0.111569,-0.049014,1.297597,1.295803
246.600000,44.540491,62.046612,-0.114306,-0.059894,1.298175,1.295013
246.650000,44.590156,62.040831,-0.117505,-0.067276,1.298748,1.294069
246.700000,44.639801,62.034884,-0.120973,-0.070546,1.298908,1.293721
246.750000,44.689425,62.028762,-0.124500,-0.069685,1.298889,1.293216
246.800000,44.739027,62.022468,-0.127890,-0.065249,1.298771,1.292493
246.850000,44.788608,62.016013,-0.130990,-0.058305,1.298508,1.292492
246.900000,44.838171,62.009413,-0.133708,-0.050256,1.298159,1.292841
246.950000,44.887717,62.002689,-0.136025,-0.042593,1.297737,1.293192
247.000000,44.937248,61.995858,-0.137994,-0.036567,1.289646,1.292129
247.050000,44.986767,61.988937,-0.139717,-0.032908,1.286243,1.289918
247.100000,45.036274,61.981934,-0.141320,-0.031667,1.286365,1.284791
247.150000,45.085770,61.974852,-0.142910,-0.032311,1.286869,1.282531
247.200000,45.135254,61.967691,-0.144564,-0.034008,1.287461,1.281939
247.250000,45.184726,61.960445,-0.146315,-0.036036,1.287684,1.281716
247.300000,45.234185,61.953110,-0.148168,-0.038080,1.287464,1.287879
247.350000,45.283630,61.945680,-0.150126,-0.040316,1.286273,1.290819
247.400000,45.333060,61.938151,-0.152210,-0.043212,1.285500,1.291300
247.450000,45.382474,61.930515,-0.154464,-0.047187,1.285496,1.287200
247.500000,45.431869,61.922763,-0.156945,-0.052299,1.285962,1.285038
247.550000,45.481244,61.914881,-0.159703,-0.058148,1.286793,1.284348
247.600000,45.530595,61.906855,-0.162759,-0.064045,1.290234,1.283869
247.650000,45.579921,61.898672,-0.166098,-0.069336,1.295596,1.290465
247.700000,45.629218,61.890318,-0.169679,-0.073721,1.297773,1.298391
247.750000,45.678484,61.881782,-0.173460,-0.077385,1.298537,1.300742
247.800000,45.727717,61.873056,-0.177416,-0.080877,1.299532,1.300917
247.850000,45.776914,61.864130,-0.181556,-0.084833,1.299909,1.300749
247.900000,45.826073,61.854996,-0.185913,-0.089639,1.300078,1.297901
247.950000,45.875190,61.845642,-0.190531,-0.095244,1.303066,1.295251
248.000000,45.924262,61.836053,-0.195441,-0.101160,1.305023,1.294373
248.050000,45.973285,61.826217,-0.200639,-0.106668,1.306057,1.294039
248.100000,46.022254,61.816120,-0.206090,-0.111094,1.306400,1.293900
248.150000,46.071167,61.805751,-0.211727,-0.114057,1.306384,1.293916
248.200000,46.120021,61.795103,-0.217475,-0.115583,1.302699,1.294054
248.250000,46.168811,61.784173,-0.223271,-0.116052,1.299650,1.293805
248.300000,46.217538,61.772961,-0.229074,-0.116025,1.298928,1.293772
248.350000,46.266199,61.761466,-0.234875,-0.116024,1.298813,1.293674
248.400000,46.314792,61.749689,-0.240682,-0.116380,1.298967,1.292936
248.450000,46.363316,61.737629,-0.246519,-0.117167,1.299140,1.292560
248.500000,46.411768,61.725285,-0.252403,-0.118256,1.299207,1.292422
248.550000,46.460147,61.712655,-0.258346,-0.119452,1.298383,1.292364
248.600000,46.508449,61.699736,-0.264348,-0.120621,1.297961,1.289736
248.650000,46.556672,61.686526,-0.270408,-0.121777,1.297924,1.288676
248.700000,46.604814,61.673023,-0.276529,-0.123106,1.297911,1.288689
248.750000,46.652872,61.659223,-0.282726,-0.124902,1.297909,1.288691
248.800000,46.700843,61.645124,-0.289031,-0.127504,1.298320,1.289420
248.850000,46.748723,61.630719,-0.295493,-0.131220,1.298560,1.289640
248.900000,46.796508,61.616000,-0.302174,-0.136304,1.298675,1.289525
248.950000,46.844190,61.600955,-0.309147,-0.142936,1.298883,1.289317
249.000000,46.891764,61.585569,-0.316492,-0.151212,1.299092,1.288394
249.050000,46.939221,61.569824,-0.324292,-0.161088,1.296417,1.287999
249.100000,46.986548,61.553697,-0.332620,-0.172280,1.294849,1.287880
249.150000,47.033736,61.537163,-0.341528,-0.184150,1.292560,1.287723
249.200000,47.080769,61.520196,-0.351027,-0.195655,1.291895,1.287290
249.250000,47.127633,61.502769,-0.361065,-0.205402,1.292319,1.282983
249.300000,47.174317,61.484862,-0.371516,-0.211913,1.292802,1.280998
249.350000,47.220808,61.466463,-0.382188,-0.213985,1.293113,1.280687
249.400000,47.267101,61.447568,-0.392841,-0.211116,1.294069,1.280738
249.450000,47.313191,61.428186,-0.403235,-0.203799,1.294094,1.281106
249.500000,47.359082,61.408336,-0.413181,-0.193560,1.293489,1.281711
249.550000,47.404779,61.388042,-0.422588,-0.182720,1.292748,1.282452
249.600000,47.450288,61.367332,-0.431489,-0.173890,1.291853,1.283057
249.650000,47.495615,61.346226,-0.440046,-0.169376,1.291380,1.284649
249.700000,47.540761,61.324736,-0.448517,-0.170676,1.291460,1.286778
249.750000,47.585722,61.302860,-0.457208,-0.178215,1.292122,1.287068
249.800000,47.630485,61.280584,-0.466421,-0.191367,1.292894,1.286406
249.850000,47.675033,61.257880,-0.476405,-0.208758,1.295715,1.285691
249.900000,47.719342,61.234712,-0.487331,-0.228686,1.297695,1.286905
249.950000,47.763382,61.211039,-0.499284,-0.249526,1.298572,1.287292
250.000000,47.807124,61.186818,-0.512275,-0.269989,1.299863,1.287012
250.050000,47.850535,61.162009,-0.526261,-0.289134,1.301436,1.286641
250.100000,47.893583,61.136576,-0.541157,-0.306257,1.302482,1.286285
250.150000,47.936237,61.110486,-0.556844,-0.320638,1.304443,1.285927
250.200000,47.978468,61.083717,-0.573163,-0.331390,1.305435,1.285539
250.250000,48.020249,61.056253,-0.589909,-0.337443,1.305923,1.285225
250.300000,48.061562,61.028088,-0.606817,-0.337729,1.306184,1.285016
250.350000,48.102394,60.999231,-0.623580,-0.331526,1.306470,1.284060
250.400000,48.142743,60.969702,-0.639870,-0.318824,1.306373,1.283927
250.450000,48.182617,60.939534,-0.655380,-0.300591,1.305761,1.284315
250.500000,48.222033,60.908771,-0.669879,-0.278806,1.302606,1.285069
250.550000,48.261016,60.877461,-0.683255,-0.256200,1.298820,1.286050
250.600000,48.299595,60.845654,-0.695541,-0.235780,1.293684,1.286977
250.650000,48.337795,60.813394,-0.706916,-0.220225,1.291807,1.287542
250.700000,48.375638,60.780714,-0.717673,-0.211367,1.291474,1.287751
250.750000,48.413131,60.747635,-0.728169,-0.209859,1.290932,1.287587
250.800000,48.450275,60.714164,-0.738765,-0.215167,1.290551,1.285403
250.850000,48.487056,60.680294,-0.749767,-0.225825,1.290951,1.282582
250.900000,48.523452,60.646010,-0.761397,-0.239908,1.291200,1.278992
250.950000,48.559433,60.611293,-0.773777,-0.255506,1.291579,1.277113
251.000000,48.594969,60.576118,-0.786944,-0.271098,1.291884,1.275930
251.050000,48.630024,60.540465,-0.800868,-0.285646,1.291506,1.275636
251.100000,48.664567,60.504316,-0.815480,-0.298466,1.291396,1.275604
251.150000,48.698567,60.467655,-0.830676,-0.308925,1.291981,1.276170
251.200000,48.731997,60.430474,-0.846319,-0.316173,1.292377,1.276507
251.250000,48.764836,60.392770,-0.862220,-0.319051,1.295480,1.276218
251.300000,48.797070,60.354548,-0.878130,-0.316307,1.297531,1.275820
251.350000,48.828696,60.315821,-0.893743,-0.307019,1.297952,1.276656
251.400000,48.859726,60.276614,-0.908725,-0.291122,1.298587,1.277556
251.450000,48.890182,60.236960,-0.922770,-0.269767,1.298048,1.278764
251.500000,48.920101,60.196900,-0.935658,-0.245305,1.296909,1.285685
251.550000,48.949527,60.156475,-0.947310,-0.220931,1.294895,1.291884
251.600000,48.978503,60.115728,-0.957815,-0.199986,1.293747,1.293753
251.650000,49.007069,60.074691,-0.967417,-0.185248,1.293291,1.294209
251.700000,49.035253,60.033391,-0.976474,-0.178382,1.293368,1.293740
251.750000,49.063066,59.991841,-0.985392,-0.179734,1.298882,1.293218
251.800000,49.090503,59.950041,-0.994567,-0.188501,1.301052,1.292605
251.850000,49.117544,59.907984,-1.004335,-0.203136,1.301665,1.292035
251.900000,49.144155,59.865654,-1.014943,-0.221810,1.302118,1.291582
251.950000,49.170295,59.823032,-1.026549,-0.242743,1.302465,1.290841
252.000000,49.195916,59.780095,-1.039225,-0.264307,1.302817,1.290383
252.050000,49.220968,59.736823,-1.052961,-0.284944,1.302811,1.289993
252.100000,49.245401,59.693200,-1.067672,-0.302990,1.303183,1.288011
252.150000,49.269171,59.649211,-1.083181,-0.316601,1.303785,1.285425
252.200000,49.292243,59.604853,-1.099221,-0.323888,1.304175,1.284226
252.250000,49.314596,59.560128,-1.115433,-0.323244,1.304443,1.283378
252.300000,49.336224,59.515047,-1.131395,-0.313803,1.303186,1.283232
252.350000,49.357144,59.469634,-1.146669,-0.295812,1.302360,1.283740
252.400000,49.377392,59.423917,-1.160860,-0.270793,1.299011,1.284755
252.450000,49.397019,59.377931,-1.173679,-0.241361,1.293861,1.285871
252.500000,49.416091,59.331711,-1.184985,-0.210793,1.291982,1.286918
252.550000,49.434673,59.285292,-1.194805,-0.182420,1.290921,1.287818
252.600000,49.452830,59.238706,-1.203320,-0.159065,1.290384,1.288477
252.650000,49.470615,59.191975,-1.210834,-0.142603,1.290099,1.288801
252.700000,49.488064,59.145119,-1.217715,-0.133801,1.290082,1.288818
252.750000,49.505198,59.098146,-1.224341,-0.132369,1.290287,1.287803
252.800000,49.522019,59.051061,-1.231057,-0.137214,1.295163,1.287280
252.850000,49.538516,59.003861,-1.238140,-0.146779,1.296921,1.286822
252.900000,49.554666,58.956541,-1.245784,-0.159364,1.297351,1.288479
252.950000,49.570437,58.909093,-1.254098,-0.173382,1.297348,1.288709
253.000000,49.585797,58.861511,-1.263120,-0.187483,1.297038,1.288393
253.050000,49.600711,58.813787,-1.272827,-0.200618,1.297195,1.287535
253.100000,49.615145,58.765916,-1.283150,-0.212023,1.297549,1.287051
253.150000,49.629072,58.717894,-1.293990,-0.221238,1.297841,1.284475
253.200000,49.642467,58.669722,-1.305232,-0.228064,1.297995,1.283805
253.250000,49.655312,58.621400,-1.316757,-0.232581,1.298219,1.283826
253.300000,49.667595,58.572932,-1.328455,-0.235065,1.299591,1.283901
253.350000,49.679308,58.524324,-1.340236,-0.235927,1.299784,1.288280
253.400000,49.690447,58.475580,-1.352027,-0.235564,1.301717,1.289336
253.450000,49.701011,58.426709,-1.363776,-0.234254,1.300198,1.289329
253.500000,49.711002,58.377717,-1.375437,-0.232061,1.298387,1.289313
253.550000,49.720424,58.328613,-1.386964,-0.228845,1.297811,1.289259
253.600000,49.729285,58.279404,-1.398298,-0.224306,1.297705,1.289295
253.650000,49.737593,58.230100,-1.409365,-0.218129,1.297673,1.289327
253.700000,49.745363,58.180707,-1.420078,-0.210140,1.300005,1.289476
253.750000,49.752615,58.131236,-1.430349,-0.200471,1.302923,1.289726
253.800000,49.759370,58.081694,-1.440106,-0.189673,1.303448,1.292155
253.850000,49.765656,58.032091,-1.449316,-0.178710,1.303118,1.292982
253.900000,49.771497,57.982433,-1.458001,-0.168883,1.302401,1.293450
253.950000,49.776918,57.932728,-1.466253,-0.161576,1.297163,1.292078
254.000000,49.781937,57.882980,-1.474228,-0.158005,1.295908,1.291494
254.050000,49.786561,57.833195,-1.482136,-0.158924,1.295899,1.291318
254.100000,49.790789,57.783374,-1.490204,-0.164464,1.296107,1.291093
254.150000,49.794606,57.733520,-1.498654,-0.174102,1.298859,1.290588
254.200000,49.797988,57.683634,-1.507667,-0.186797,1.302314,1.291084
254.250000,49.800903,57.633719,-1.517362,-0.201224,1.303286,1.291231
254.300000,49.803316,57.583778,-1.527793,-0.216030,1.303594,1.291090
254.350000,49.805190,57.533813,-1.538948,-0.230039,1.303905,1.290795
254.400000,49.806489,57.483830,-1.550764,-0.242332,1.304124,1.290576
254.450000,49.807184,57.433834,-1.563136,-0.252232,1.304330,1.290370
254.500000,49.807248,57.383834,-1.575932,-0.259171,1.304479,1.290221
254.550000,49.806666,57.333838,-1.588988,-0.262569,1.304574,1.290042
254.600000,49.805428,57.283853,-1.602110,-0.261733,1.304623,1.289977
254.650000,49.803537,57.233889,-1.615067,-0.255853,1.304456,1.289976
254.700000,49.801009,57.183953,-1.627586,-0.244145,1.301740,1.290041
254.750000,49.797874,57.134051,-1.639363,-0.226071,1.299578,1.289692
254.800000,49.794176,57.084188,-1.650076,-0.201639,1.297560,1.289138
254.850000,49.789976,57.034365,-1.659426,-0.171647,1.295699,1.289669
254.900000,49.785351,56.984579,-1.667174,-0.137811,1.294547,1.290313
254.950000,49.780382,56.934827,-1.673190,-0.102708,1.293384,1.291246
255.000000,49.775158,56.885100,-1.677486,-0.069467,1.293153,1.291532
255.050000,49.769759,56.835393,-1.680239,-0.041350,1.292389,1.292311
255.100000,49.764256,56.785696,-1.681775,-0.021173,1.291761,1.292939
255.150000,49.758697,56.736006,-1.682543,-0.010829,1.291466,1.293234
255.200000,49.753109,56.686320,-1.683052,-0.010877,1.291508,1.292682
255.250000,49.747492,56.636636,-1.683805,-0.020433,1.291806,1.292124
255.300000,49.741822,56.586959,-1.685226,-0.037296,1.292518,1.291127
255.350000,49.736058,56.537292,-1.687606,-0.058362,1.293477,1.290123
255.400000,49.730149,56.487642,-1.691069,-0.080196,1.296896,1.289085
255.450000,49.724042,56.438017,-1.695575,-0.099674,1.301168,1.288294
255.500000,49.717689,56.388422,-1.700944,-0.114460,1.302066,1.287934
255.550000,49.711054,56.338864,-1.706907,-0.123285,1.302002,1.288254
255.600000,49.704115,56.289348,-1.713156,-0.125885,1.301035,1.288329
255.650000,49.696866,56.239876,-1.719390,-0.122746,1.295408,1.288680
255.700000,49.689315,56.190450,-1.725341,-0.114710,1.291556,1.286275
255.750000,49.681482,56.141067,-1.730788,-0.102656,1.290692,1.283139
255.800000,49.673395,56.091726,-1.735547,-0.087331,1.290474,1.282826
255.850000,49.665095,56.042419,-1.739473,-0.069375,1.290204,1.283096
255.900000,49.656623,55.993142,-1.742449,-0.049432,1.291176,1.286388
255.950000,49.648030,55.943886,-1.744396,-0.028321,1.290830,1.291053
256.000000,49.639368,55.894642,-1.745281,-0.007091,1.290203,1.292297
256.050000,49.630687,55.845402,-1.745130,0.012988,1.289652,1.293701
256.100000,49.622038,55.796155,-1.744033,0.030558,1.289264,1.294492
256.150000,49.613463,55.746896,-1.742148,0.044304,1.288917,1.294883
256.200000,49.604996,55.697618,-1.739696,0.053138,1.288574,1.295568
256.250000,49.596659,55.648318,-1.736942,0.056319,1.290316,1.296614
256.300000,49.588458,55.598995,-1.734177,0.053526,1.292494,1.297465
256.350000,49.580389,55.549651,-1.731698,0.044916,1.294570,1.297280
256.400000,49.572428,55.500288,-1.729782,0.031089,1.295169,1.297699
256.450000,49.564544,55.450914,-1.728665,0.013066,1.295723,1.297277
256.500000,49.556691,55.401535,-1.728525,-0.007800,1.296277,1.296723
256.550000,49.548819,55.352158,-1.729464,-0.029874,1.297974,1.295453
256.600000,49.540873,55.302794,-1.731497,-0.051339,1.298729,1.294771
256.650000,49.532801,55.253449,-1.734547,-0.070321,1.299334,1.294166
256.700000,49.524557,55.204134,-1.738445,-0.085028,1.299834,1.293666
256.750000,49.516104,55.154853,-1.742939,-0.093991,1.299635,1.293268
256.800000,49.507422,55.105613,-1.747717,-0.096276,1.299013,1.293104
256.850000,49.498505,55.056415,-1.752438,-0.091680,1.297494,1.289466
256.900000,49.489364,55.007257,-1.756769,-0.080802,1.292443,1.286396
256.950000,49.480026,54.958137,-1.760427,-0.064922,1.291070,1.286530
257.000000,49.470529,54.909047,-1.763204,-0.045772,1.290202,1.287227
257.050000,49.460920,54.859979,-1.764981,-0.025155,1.289490,1.289791
257.100000,49.451249,54.810923,-1.765724,-0.004610,1.289009,1.290591
257.150000,49.441567,54.761870,-1.765465,0.014789,1.288667,1.290933
257.200000,49.431920,54.712809,-1.764278,0.032486,1.288234,1.290426
257.250000,49.422353,54.663733,-1.762253,0.048254,1.288031,1.290469
257.300000,49.412903,54.614634,-1.759491,0.061974,1.287864,1.290636
257.350000,49.403606,54.565506,-1.756101,0.073349,1.289185,1.291709
257.400000,49.394487,54.516345,-1.752213,0.081799,1.291265,1.292257
257.450000,49.385569,54.467146,-1.747993,0.086528,1.291317,1.299338
257.500000,49.376862,54.417910,-1.743647,0.086738,1.292103,1.300723
257.550000,49.368368,54.368637,-1.739414,0.081964,1.292301,1.300870
257.600000,49.360075,54.319330,-1.735541,0.072344,1.292632,1.300568
257.650000,49.351959,54.269993,-1.732252,0.058749,1.293195,1.300005
257.700000,49.343987,54.220632,-1.729708,0.042711,1.297018,1.298749
257.750000,49.336121,54.171255,-1.727986,0.026146,1.301114,1.298080
257.800000,49.328320,54.121867,-1.727063,0.010994,1.302217,1.297483
257.850000,49.320546,54.072475,-1.726827,-0.001164,1.302549,1.297151
257.900000,49.312771,54.023084,-1.727103,-0.009373,1.300432,1.297044
257.950000,49.304974,53.973695,-1.727686,-0.013407,1.299202,1.296785
258.000000,49.297145,53.924312,-1.728375,-0.013717,1.295668,1.295340
258.050000,49.289282,53.874934,-1.729007,-0.011249,1.292835,1.294199
258.100000,49.281392,53.825561,-1.729473,-0.007213,1.292282,1.294218
258.150000,49.273484,53.776190,-1.729725,-0.002840,1.292167,1.294333
258.200000,49.265569,53.726820,-1.729773,0.000807,1.294737,1.295442
258.250000,49.257656,53.677450,-1.729673,0.003006,1.295006,1.295794
258.300000,49.249750,53.628080,-1.729505,0.003492,1.294901,1.295899
258.350000,49.241852,53.578707,-1.729352,0.002469,1.287361,1.289237
258.400000,49.233959,53.529334,-1.729273,0.000564,1.285741,1.287518
258.450000,49.226068,53.479961,-1.729294,-0.001371,1.286016,1.287084
258.500000,49.218174,53.430588,-1.729394,-0.002533,1.286325,1.286775
258.550000,49.210275,53.381216,-1.729522,-0.002426,1.293387,1.286899
258.600000,49.202369,53.331845,-1.729613,-0.001050,1.295869,1.291619
258.650000,49.194461,53.282474,-1.729613,0.001154,1.296332,1.297556
258.700000,49.186556,53.233103,-1.729497,0.003476,1.296043,1.298757
258.750000,49.178659,53.183730,-1.729276,0.005277,1.295889,1.298911
258.800000,49.170775,53.134356,-1.728985,0.006254,1.295430,1.294752
258.850000,49.162907,53.084979,-1.728663,0.006552,1.295681,1.293719
258.900000,49.155054,53.035599,-1.728332,0.006682,1.295950,1.293450
258.950000,49.147219,52.986217,-1.727985,0.007263,1.296017,1.296888
259.000000,49.139401,52.936832,-1.727588,0.008746,1.298944,1.298573
259.050000,49.131605,52.887444,-1.727092,0.011217,1.299253,1.298947
259.100000,49.123837,52.838051,-1.726454,0.014361,1.298938,1.299262
259.150000,49.116105,52.788652,-1.725656,0.017598,1.298730,1.299470
259.200000,49.108416,52.739247,-1.724707,0.020268,1.296551,1.297033
259.250000,49.100776,52.689834,-1.723651,0.021805,1.295270,1.296589
259.300000,49.093190,52.640413,-1.722556,0.021811,1.295276,1.296424
259.350000,49.085658,52.590984,-1.721504,0.020020,1.295404,1.296296
259.400000,49.078174,52.541547,-1.720592,0.016220,1.296008,1.296205
259.450000,49.070730,52.492104,-1.719924,0.010224,1.299299,1.299755
259.500000,49.063311,52.442657,-1.719613,0.001923,1.299862,1.300338
259.550000,49.055896,52.393210,-1.719772,-0.008533,1.299959,1.300241
259.600000,49.048459,52.343767,-1.720495,-0.020558,1.289159,1.294543
259.650000,49.040972,52.294330,-1.721833,-0.033013,1.287751,1.288020
259.700000,49.033403,52.244907,-1.723770,-0.044292,1.288424,1.285365
259.750000,49.025726,52.195499,-1.726203,-0.052604,1.290494,1.284559
259.800000,49.017919,52.146113,-1.728942,-0.056393,1.292987,1.284194
259.850000,49.009976,52.096748,-1.731738,-0.054751,1.293230,1.288972
259.900000,49.001898,52.047404,-1.734315,-0.047668,1.292778,1.290222
259.950000,48.993704,51.998080,-1.736422,-0.036039,1.292104,1.290896
260.000000,48.985422,51.948771,-1.737867,-0.021415,1.290877,1.288959
260.050000,48.977087,51.899471,-1.738546,-0.005641,1.290368,1.288932
260.100000,48.968738,51.850173,-1.738446,0.009503,1.290016,1.289198
260.150000,48.960412,51.800871,-1.737638,0.022557,1.289814,1.290071
260.200000,48.952141,51.751560,-1.736252,0.032457,1.289655,1.295476
260.250000,48.943949,51.702235,-1.734465,0.038551,1.293034,1.299722
260.300000,48.935851,51.652895,-1.732475,0.040549,1.295316,1.301150
260.350000,48.927852,51.603539,-1.730486,0.038513,1.295500,1.301400
260.400000,48.919947,51.554168,-1.728691,0.032847,1.295648,1.301252
260.450000,48.912122,51.504784,-1.727254,0.024275,1.296042,1.298977
260.500000,48.904357,51.455391,-1.726298,0.013750,1.296576,1.298124
260.550000,48.896625,51.405992,-1.725894,0.002322,1.297374,1.297668
260.600000,48.888900,51.356593,-1.726062,-0.009037,1.299655,1.297840
260.650000,48.881152,51.307197,-1.726779,-0.019512,1.300079,1.299019
260.700000,48.873357,51.257808,-1.727984,-0.028480,1.300081,1.299219
260.750000,48.865491,51.208431,-1.729588,-0.035438,1.300148,1.299152
260.800000,48.857539,51.159067,-1.731480,-0.039953,1.300389,1.296089
260.850000,48.849489,51.109719,-1.733530,-0.041680,1.299889,1.293716
260.900000,48.841337,51.060388,-1.735593,-0.040449,1.297468,1.290942
260.950000,48.833086,51.011074,-1.737524,-0.036453,1.295761,1.290642
261.000000,48.824746,50.961774,-1.739199,-0.030323,1.294119,1.290969
261.050000,48.816331,50.912488,-1.740538,-0.023109,1.293466,1.292289
261.100000,48.807859,50.863211,-1.741516,-0.016036,1.292774,1.292955
261.150000,48.799347,50.813940,-1.742166,-0.010164,1.291052,1.293280
261.200000,48.790810,50.764675,-1.742566,-0.006054,1.289621,1.290888
261.250000,48.782257,50.715412,-1.742802,-0.003582,1.289644,1.289743
261.300000,48.773696,50.666150,-1.742940,-0.002037,1.290077,1.289223
261.350000,48.765129,50.616889,-1.743002,-0.000417,1.290389,1.288911
261.400000,48.756562,50.567629,-1.742962,0.002134,1.291504,1.289848
261.450000,48.748000,50.518367,-1.742763,0.005990,1.292674,1.294242
261.500000,48.739453,50.469103,-1.742345,0.010884,1.292447,1.295609
261.550000,48.730933,50.419834,-1.741672,0.016044,1.291962,1.296138
261.600000,48.722453,50.370559,-1.740756,0.020483,1.291176,1.296411
261.650000,48.714022,50.321275,-1.739654,0.023373,1.291076,1.296424
261.700000,48.705649,50.271981,-1.738457,0.024288,1.291233,1.296267
261.750000,48.697335,50.222677,-1.737261,0.023288,1.295875,1.296240
261.800000,48.689078,50.173363,-1.736155,0.020804,1.297567,1.298324
261.850000,48.680872,50.124041,-1.735196,0.017449,1.297802,1.300308
261.900000,48.672709,50.074712,-1.734414,0.013821,1.298202,1.300625
261.950000,48.664580,50.025377,-1.733809,0.010386,1.298298,1.300602
262.000000,48.656477,49.976038,-1.733365,0.007462,1.297870,1.296929
262.050000,48.648392,49.926696,-1.733050,0.005231,1.297874,1.295970
262.100000,48.640321,49.877352,-1.732827,0.003776,1.298024,1.295776
262.150000,48.632259,49.828006,-1.732659,0.003046,1.298106,1.295694
262.200000,48.624205,49.778659,-1.732513,0.002820,1.298681,1.295632
262.250000,48.616158,49.729311,-1.732376,0.002699,1.298641,1.295759
262.300000,48.608117,49.679962,-1.732252,0.002163,1.298476,1.295924
262.350000,48.600081,49.630612,-1.732177,0.000732,1.297965,1.295752
262.400000,48.592047,49.581262,-1.732201,-0.001845,1.290830,1.288595
262.450000,48.584008,49.531912,-1.732380,-0.005419,1.286674,1.286057
262.500000,48.575956,49.482565,-1.732750,-0.009427,1.286476,1.285524
262.550000,48.567881,49.433221,-1.733312,-0.012976,1.286856,1.285144
262.600000,48.559773,49.383883,-1.734019,-0.015093,1.290429,1.284901
262.650000,48.551630,49.334550,-1.734777,-0.014964,1.290984,1.287135
262.700000,48.543450,49.285224,-1.735464,-0.012154,1.290707,1.287793
262.750000,48.535241,49.235903,-1.735943,-0.006705,1.290402,1.289976
262.800000,48.527015,49.186584,-1.736096,0.000854,1.290038,1.292455
262.850000,48.518793,49.137265,-1.735839,0.009563,1.289914,1.292886
262.900000,48.510593,49.087941,-1.735145,0.018148,1.289725,1.296917
262.950000,48.502438,49.038611,-1.734057,0.025168,1.292296,1.301578
263.000000,48.494344,48.989270,-1.732687,0.029198,1.296141,1.302700
263.050000,48.486322,48.939918,-1.731216,0.029111,1.296559,1.303026
263.100000,48.478369,48.890555,-1.729866,0.024296,1.296572,1.303028
263.150000,48.470476,48.841182,-1.728873,0.014871,1.296992,1.302608
263.200000,48.462618,48.791803,-1.728448,0.001670,1.297546,1.301285
263.250000,48.454764,48.742424,-1.728746,-0.013877,1.298199,1.295890
263.300000,48.446876,48.693050,-1.729844,-0.030059,1.298804,1.294496
263.350000,48.438913,48.643688,-1.731729,-0.045186,1.299897,1.294171
263.400000,48.430840,48.594344,-1.734312,-0.057820,1.300239,1.293961
263.450000,48.422625,48.545023,-1.737442,-0.066887,1.300298,1.293902
263.500000,48.414247,48.495730,-1.740918,-0.071633,1.300391,1.293809
263.550000,48.405693,48.446468,-1.744514,-0.071591,1.298601,1.293548
263.600000,48.396964,48.397235,-1.747984,-0.066572,1.298264,1.290802
263.650000,48.388073,48.348032,-1.751082,-0.056768,1.296818,1.290330
263.700000,48.379043,48.298854,-1.753586,-0.042914,1.296349,1.290551
263.750000,48.369908,48.249696,-1.755326,-0.026371,1.294285,1.293725
263.800000,48.360708,48.200550,-1.756213,-0.009037,1.291029,1.295121
263.850000,48.351486,48.151407,-1.756260,0.006954,1.289773,1.296027
263.900000,48.342280,48.102262,-1.755582,0.019722,1.285785,1.296683
263.950000,48.333121,48.053108,-1.754373,0.028085,1.284480,1.294173
264.000000,48.324031,48.003942,-1.752860,0.031853,1.284709,1.289972
264.050000,48.315017,47.954761,-1.751257,0.031783,1.285291,1.288809
264.100000,48.306081,47.905566,-1.749725,0.029252,1.289512,1.288262
264.150000,48.297217,47.856358,-1.748347,0.025779,1.290344,1.288313
264.200000,48.288416,47.807138,-1.747139,0.022579,1.290188,1.293213
264.250000,48.279672,47.757909,-1.746069,0.020348,1.289931,1.294269
264.300000,48.270977,47.708671,-1.745083,0.019235,1.292699,1.295603
264.350000,48.262331,47.659424,-1.744128,0.019061,1.293203,1.296908
264.400000,48.253731,47.610169,-1.743166,0.019492,1.294658,1.296924
264.450000,48.245179,47.560906,-1.742175,0.020204,1.296228,1.296768
264.500000,48.236677,47.511634,-1.741147,0.020899,1.297135,1.296834
264.550000,48.228227,47.462353,-1.740091,0.021307,1.297122,1.297235
264.600000,48.219829,47.413064,-1.739027,0.021185,1.296826,1.297574
264.650000,48.211483,47.363765,-1.737985,0.020421,1.296643,1.297757
264.700000,48.203187,47.314458,-1.736994,0.019120,1.294730,1.297534
264.750000,48.194938,47.265143,-1.736075,0.017663,1.294708,1.294117
264.800000,48.186733,47.215821,-1.735219,0.016599,1.295092,1.292610
264.850000,48.178569,47.166492,-1.734397,0.016403,1.296999,1.292224
264.900000,48.170446,47.117156,-1.733561,0.017194,1.300242,1.292162
264.950000,48.162366,47.067814,-1.732668,0.018560,1.300461,1.292525
265.000000,48.154331,47.018463,-1.731712,0.019621,1.299910,1.293090
265.050000,48.146344,46.969105,-1.730734,0.019339,1.284600,1.293623
265.100000,48.138404,46.919740,-1.729819,0.016972,1.282034,1.292043
265.150000,48.130506,46.870368,-1.729077,0.012440,1.282374,1.288351
265.200000,48.122638,46.820991,-1.728600,0.006465,1.283009,1.287191
265.250000,48.114786,46.771611,-1.728429,0.000397,1.288114,1.286527
265.300000,48.106935,46.722231,-1.728530,-0.004224,1.293368,1.288523
265.350000,48.099075,46.672853,-1.728798,-0.006123,1.296056,1.293264
265.400000,48.091200,46.623477,-1.729078,-0.004663,1.296104,1.296090
265.450000,48.083315,46.574102,-1.729203,0.000081,1.295696,1.296804
265.500000,48.075431,46.524728,-1.729022,0.007443,1.293991,1.297143
265.550000,48.067565,46.475351,-1.728430,0.016434,1.293511,1.296962
265.600000,48.059740,46.425967,-1.727371,0.025992,1.293396,1.297004
265.650000,48.051979,46.376573,-1.725841,0.035141,1.293340,1.297060
265.700000,48.044305,46.327165,-1.723882,0.043028,1.294582,1.297698
265.750000,48.036736,46.277741,-1.721577,0.048909,1.296461,1.299214
265.800000,48.029288,46.228299,-1.719042,0.052160,1.296512,1.299688
265.850000,48.021968,46.178838,-1.716420,0.052319,1.296393,1.299807
265.900000,48.014776,46.129358,-1.713872,0.049215,1.296431,1.298573
265.950000,48.007705,46.079860,-1.711556,0.043045,1.293848,1.296339
266.000000,48.000740,46.030348,-1.709612,0.034407,1.293798,1.294663
266.050000,47.993860,45.980823,-1.708142,0.024213,1.294174,1.294126
266.100000,47.987040,45.931291,-1.707198,0.013529,1.294500,1.293800
266.150000,47.980254,45.881753,-1.706777,0.003375,1.296674,1.294530
266.200000,47.973476,45.832215,-1.706834,-0.005478,1.297280,1.294420
266.250000,47.966685,45.782678,-1.707292,-0.012605,1.297397,1.294303
266.300000,47.959864,45.733146,-1.708062,-0.017981,1.297441,1.294088
266.350000,47.952998,45.683619,-1.709063,-0.021897,1.295286,1.292115
266.400000,47.946078,45.634100,-1.710234,-0.024839,1.285545,1.289456
266.450000,47.939097,45.584590,-1.711538,-0.027273,1.283848,1.288725
266.500000,47.932048,45.535090,-1.712958,-0.029471,1.283798,1.288702
266.550000,47.924927,45.485599,-1.714479,-0.031340,1.286296,1.288595
266.600000,47.917728,45.436120,-1.716075,-0.032369,1.291688,1.288907
266.650000,47.910450,45.386653,-1.717682,-0.031693,1.292786,1.290080
266.700000,47.903094,45.337197,-1.719191,-0.028292,1.292891,1.290209
266.750000,47.895669,45.287751,-1.720441,-0.021262,1.288313,1.290176
266.800000,47.888193,45.238313,-1.721239,-0.010134,1.284607,1.288139
266.850000,47.880692,45.188879,-1.721382,0.004884,1.283767,1.285998
266.900000,47.873204,45.139443,-1.720699,0.022795,1.283254,1.286146
266.950000,47.865773,45.089998,-1.719085,0.041876,1.283706,1.286805
267.000000,47.858445,45.040538,-1.716535,0.059938,1.285938,1.287496
267.050000,47.851265,44.991056,-1.713157,0.074740,1.289410,1.295171
267.100000,47.844268,44.941548,-1.709161,0.084437,1.291623,1.300076
267.150000,47.837478,44.892012,-1.704830,0.088019,1.291870,1.300730
267.200000,47.830905,44.842446,-1.700473,0.085518,1.292156,1.300444
267.250000,47.824543,44.792852,-1.696370,0.078019,1.292669,1.299076
267.300000,47.818373,44.743234,-1.692726,0.067369,1.293387,1.296588
267.350000,47.812371,44.693596,-1.689646,0.055766,1.293909,1.294679
267.400000,47.806507,44.643941,-1.687123,0.045310,1.294278,1.293780
267.450000,47.800757,44.594272,-1.685058,0.037668,1.294361,1.293639
267.500000,47.795101,44.544593,-1.683280,0.033976,1.294321,1.293679
267.550000,47.789531,44.494905,-1.681573,0.034874,1.294440,1.295955
267.600000,47.784048,44.445206,-1.679699,0.040710,1.294350,1.296450
267.650000,47.778669,44.395496,-1.677406,0.051633,1.294299,1.296501
267.700000,47.773419,44.345773,-1.674441,0.067604,1.294145,1.294602
267.750000,47.768338,44.296032,-1.670560,0.088200,1.293914,1.294486
267.800000,47.763477,44.246268,-1.665556,0.112350,1.292784,1.295017
267.850000,47.758897,44.196479,-1.659299,0.138106,1.291854,1.295846
267.900000,47.754660,44.146658,-1.651776,0.162600,1.290851,1.296849
267.950000,47.750826,44.096806,-1.643137,0.182307,1.289907,1.297879
268.000000,47.747445,44.046920,-1.633714,0.193542,1.289525,1.303511
268.050000,47.744544,43.997004,-1.624010,0.193150,1.289426,1.304732
268.100000,47.742121,43.947063,-1.614660,0.179186,1.289726,1.304474
268.150000,47.740142,43.897102,-1.606353,0.151410,1.290571,1.303629
268.200000,47.738538,43.847128,-1.599745,0.111521,1.291784,1.302416
268.250000,47.737211,43.797146,-1.595355,0.063098,1.293250,1.300260
268.300000,47.736041,43.747159,-1.593488,0.011254,1.294283,1.298081
268.350000,47.734900,43.697172,-1.594165,-0.037885,1.295664,1.296363
268.400000,47.733666,43.647188,-1.597089,-0.077918,1.295303,1.289525
268.450000,47.732243,43.597208,-1.601659,-0.103022,1.295782,1.279963
268.500000,47.730567,43.547236,-1.607015,-0.108899,1.294671,1.278099
268.550000,47.728625,43.497274,-1.612140,-0.093620,1.294202,1.273708
268.600000,47.726454,43.447321,-1.615992,-0.058133,1.291032,1.272267
268.650000,47.724143,43.397374,-1.617648,-0.006302,1.287790,1.272567
268.700000,47.721818,43.347428,-1.616441,0.055613,1.266093,1.274272
268.750000,47.719633,43.297476,-1.612057,0.119922,1.260054,1.276302
268.800000,47.717745,43.247512,-1.604573,0.178708,1.256959,1.277760
268.850000,47.716300,43.197533,-1.594441,0.225062,1.255238,1.279001
268.900000,47.715413,43.147540,-1.582412,0.254133,1.254440,1.279147
268.950000,47.715156,43.097541,-1.569410,0.263814,1.254421,1.278465
269.000000,47.715553,43.047543,-1.556391,0.254920,1.255769,1.277821
269.050000,47.716583,42.997553,-1.544208,0.230855,1.260085,1.276693
269.100000,47.718187,42.947579,-1.533491,0.196815,1.263324,1.275198
269.150000,47.720282,42.897623,-1.524593,0.158781,1.286042,1.274170
269.200000,47.722774,42.847685,-1.517568,0.122449,1.291662,1.274085
269.250000,47.725574,42.797764,-1.512215,0.092365,1.292691,1.278088
269.300000,47.728607,42.747856,-1.508147,0.071350,1.292996,1.281142
269.350000,47.731821,42.697959,-1.504880,0.060346,1.293260,1.286363
269.400000,47.735189,42.648073,-1.501930,0.058606,1.293305,1.295917
269.450000,47.738704,42.598196,-1.498878,0.064208,1.295044,1.299067
269.500000,47.742381,42.548332,-1.495417,0.074703,1.294832,1.300298
269.550000,47.746245,42.498481,-1.491362,0.087722,1.294341,1.300859
269.600000,47.750327,42.448648,-1.486635,0.101409,1.294014,1.301186
269.650000,47.754662,42.398836,-1.481233,0.114615,1.293832,1.301368
269.700000,47.759282,42.349050,-1.475195,0.126792,1.293763,1.301702
269.750000,47.764217,42.299294,-1.468578,0.137773,1.293688,1.303759
269.800000,47.769495,42.249574,-1.461443,0.147478,1.293489,1.304211
269.850000,47.775138,42.199893,-1.453860,0.155695,1.293111,1.304589
269.900000,47.781168,42.150258,-1.445912,0.162030,1.292827,1.304873
269.950000,47.787598,42.100673,-1.437705,0.166019,1.292551,1.305149
270.000000,47.794440,42.051144,-1.429364,0.167339,1.291988,1.305179
270.050000,47.801694,42.001673,-1.421024,0.166028,1.290241,1.303930
270.100000,47.809359,41.952264,-1.412803,0.162607,1.289661,1.302362
270.150000,47.817425,41.902919,-1.404784,0.158054,1.289787,1.298458
270.200000,47.825880,41.853639,-1.396993,0.153581,1.290084,1.297716
270.250000,47.834714,41.804425,-1.389399,0.150324,1.290404,1.295261
270.300000,47.843918,41.755280,-1.381921,0.148970,1.290581,1.294819
270.350000,47.853489,41.706204,-1.374464,0.149517,1.290051,1.292766
270.400000,47.863427,41.657202,-1.366949,0.151194,1.285910,1.290352
270.450000,47.873734,41.608276,-1.359352,0.152645,1.279924,1.290494
270.500000,47.884414,41.559430,-1.351723,0.152327,1.277806,1.290834
270.550000,47.895465,41.510666,-1.344183,0.148972,1.277543,1.291135
270.600000,47.906878,41.461986,-1.336899,0.142031,1.277764,1.290936
270.650000,47.918635,41.413388,-1.330044,0.131866,1.278251,1.290449
270.700000,47.930712,41.364869,-1.323751,0.119679,1.288246,1.289928
270.750000,47.943079,41.316422,-1.318078,0.107207,1.290786,1.289318
270.800000,47.955706,41.268043,-1.312996,0.096236,1.291351,1.290012
270.850000,47.968567,41.219725,-1.308392,0.088220,1.291415,1.290622
270.900000,47.981641,41.171465,-1.304096,0.084000,1.290518,1.291403
270.950000,47.994920,41.123260,-1.299911,0.083752,1.290239,1.291661
271.000000,48.008401,41.075112,-1.295648,0.087108,1.290116,1.291784
271.050000,48.022092,41.027023,-1.291143,0.093364,1.290094,1.291985
271.100000,48.036009,40.978999,-1.286272,0.101674,1.289951,1.293223
271.150000,48.050170,40.931046,-1.280953,0.111176,1.289760,1.294167
271.200000,48.064597,40.883173,-1.275148,0.121049,1.288052,1.295411
271.250000,48.079313,40.835387,-1.268858,0.130522,1.287635,1.296660
271.300000,48.094341,40.787699,-1.262120,0.138874,1.287264,1.297674
271.350000,48.109699,40.740116,-1.255007,0.145471,1.286782,1.297949
271.400000,48.125402,40.692646,-1.247620,0.149801,1.286332,1.298099
271.450000,48.141459,40.645295,-1.240080,0.151558,1.286273,1.297141
271.500000,48.157874,40.598066,-1.232518,0.150664,1.286347,1.295518
271.550000,48.174644,40.550962,-1.225064,0.147260,1.287061,1.295267
271.600000,48.191759,40.503982,-1.217837,0.141655,1.287373,1.295027
271.650000,48.209206,40.457125,-1.210935,0.134255,1.288857,1.295071
271.700000,48.226967,40.410386,-1.204439,0.125477,1.289153,1.296115
271.750000,48.245020,40.363759,-1.198406,0.115731,1.289356,1.296044
271.800000,48.263343,40.317237,-1.192876,0.105425,1.290800,1.295859
271.850000,48.281911,40.270813,-1.187865,0.095013,1.291139,1.295661
271.900000,48.300699,40.224477,-1.183365,0.085036,1.291361,1.294539
271.950000,48.319685,40.178222,-1.179338,0.076131,1.291681,1.294119
272.000000,48.338847,40.132039,-1.175715,0.068980,1.293537,1.293703
272.050000,48.358168,40.085924,-1.172391,0.064189,1.292383,1.293487
272.100000,48.377639,40.039870,-1.169238,0.062163,1.290786,1.293474
272.150000,48.397253,39.993878,-1.166116,0.062975,1.290514,1.293676
272.200000,48.417013,39.947948,-1.162890,0.066316,1.290413,1.296398
272.250000,48.436925,39.902084,-1.159448,0.071507,1.290199,1.296901
272.300000,48.457002,39.856292,-1.155722,0.077589,1.288542,1.297207
272.350000,48.477255,39.810578,-1.151695,0.083475,1.289536,1.294353
272.400000,48.497699,39.764948,-1.147402,0.088123,1.288151,1.293837
272.450000,48.518344,39.719409,-1.142927,0.090707,1.286472,1.293977
272.500000,48.539194,39.673964,-1.138385,0.090718,1.286306,1.293634
272.550000,48.560249,39.628613,-1.133911,0.088024,1.286461,1.292898
272.600000,48.581503,39.583355,-1.129633,0.082872,1.286682,1.292618
272.650000,48.602943,39.538186,-1.125661,0.075818,1.286964,1.292156
272.700000,48.624555,39.493098,-1.122072,0.067659,1.287524,1.291936
272.750000,48.646319,39.448083,-1.118896,0.059380,1.288126,1.291644
272.800000,48.668217,39.403133,-1.116112,0.052091,1.290479,1.290944
272.850000,48.690232,39.358241,-1.113641,0.046939,1.290905,1.290605
272.900000,48.712353,39.313401,-1.111350,0.045001,1.291155,1.290345
272.950000,48.734577,39.268611,-1.109057,0.047077,1.292070,1.287718
273.000000,48.756907,39.223874,-1.106553,0.053487,1.289262,1.287454
273.050000,48.779358,39.179198,-1.103627,0.063880,1.288598,1.287802
273.100000,48.801952,39.134594,-1.100106,0.077207,1.288027,1.292070
273.150000,48.824718,39.090078,-1.095883,0.091842,1.286477,1.293843
273.200000,48.847689,39.045667,-1.090937,0.105920,1.285715,1.296208
273.250000,48.870893,39.001377,-1.085341,0.117689,1.286116,1.296886
273.300000,48.894357,38.957225,-1.079244,0.125868,1.288054,1.299378
273.350000,48.918097,38.913220,-1.072844,0.129771,1.289475,1.299418
273.400000,48.942121,38.869370,-1.066358,0.129276,1.289861,1.299139
273.450000,48.966427,38.825675,-1.060002,0.124583,1.290100,1.296009
273.500000,48.991003,38.782132,-1.053979,0.116010,1.287399,1.295509
273.550000,49.015830,38.738731,-1.048475,0.103854,1.287064,1.295536
273.600000,49.040882,38.695460,-1.043660,0.088446,1.286205,1.295491
273.650000,49.066124,38.652299,-1.039685,0.070343,1.287354,1.295150
273.700000,49.091518,38.609228,-1.036660,0.050518,1.287992,1.294608
273.750000,49.117020,38.566220,-1.034636,0.030438,1.288814,1.292520
273.800000,49.142588,38.523252,-1.033581,0.011914,1.296052,1.289128
273.850000,49.168182,38.480299,-1.033371,-0.003207,1.297441,1.288159
273.900000,49.193771,38.437343,-1.033798,-0.013452,1.297668,1.287932
273.950000,49.219333,38.394371,-1.034597,-0.018008,1.295049,1.289104
274.000000,49.244857,38.351377,-1.035481,-0.016851,1.292618,1.290387
274.050000,49.270346,38.308362,-1.036179,-0.010645,1.291903,1.290817
274.100000,49.295814,38.265334,-1.036466,-0.000500,1.291487,1.291213
274.150000,49.321281,38.222306,-1.036176,0.012305,1.291465,1.291416
274.200000,49.346775,38.179293,-1.035208,0.026531,1.292129,1.291675
274.250000,49.372326,38.136315,-1.033519,0.041061,1.291940,1.291960
274.300000,49.397965,38.093389,-1.031117,0.054929,1.291558,1.292975
274.350000,49.423722,38.050533,-1.028059,0.067283,1.290032,1.293483
274.400000,49.449621,38.007764,-1.024437,0.077370,1.289643,1.295023
274.450000,49.475686,37.965095,-1.020382,0.084575,1.289412,1.296021
274.500000,49.501929,37.922536,-1.016050,0.088444,1.289095,1.296134
274.550000,49.528360,37.880093,-1.011613,0.088704,1.289119,1.296081
274.600000,49.554978,37.837767,-1.007256,0.085258,1.288444,1.295942
274.650000,49.581774,37.795554,-1.003163,0.078141,1.289303,1.295268
274.700000,49.608735,37.753445,-0.999515,0.067496,1.289620,1.294980
274.750000,49.635837,37.711428,-0.996481,0.053571,1.292152,1.294168
274.800000,49.663050,37.669482,-0.994216,0.036811,1.292694,1.294350
274.850000,49.690340,37.627586,-0.992843,0.017941,1.293049,1.294051
274.900000,49.717668,37.585715,-0.992440,-0.001922,1.293574,1.292982
274.950000,49.744991,37.543841,-0.993022,-0.021277,1.294174,1.290967
275.000000,49.772271,37.501939,-0.994517,-0.038328,1.294964,1.288859
275.050000,49.799472,37.459985,-0.996766,-0.051276,1.295785,1.288096
275.100000,49.826566,37.417962,-0.999526,-0.058620,1.296167,1.287733
275.150000,49.853539,37.375861,-1.002493,-0.059522,1.296233,1.287667
275.200000,49.880388,37.333682,-1.005345,-0.053999,1.295923,1.287977
275.250000,49.907124,37.291430,-1.007781,-0.042968,1.295321,1.291206
275.300000,49.933771,37.249123,-1.009565,-0.028078,1.293937,1.294766
275.350000,49.960358,37.206778,-1.010555,-0.011399,1.293168,1.295642
275.400000,49.986921,37.164417,-1.010716,0.004895,1.292122,1.296044
275.450000,50.013494,37.122063,-1.010118,0.018825,1.292372,1.296362
275.500000,50.040106,37.079733,-1.008918,0.028817,1.292236,1.296564
275.550000,50.066777,37.037441,-1.007341,0.033825,1.293254,1.296724
275.600000,50.093519,36.995193,-1.005648,0.033439,1.293249,1.298029
275.650000,50.120329,36.952989,-1.004103,0.027948,1.293273,1.299033
275.700000,50.147198,36.910821,-1.002937,0.018351,1.293607,1.298793
275.750000,50.174105,36.868678,-1.002316,0.006267,1.294182,1.298218
275.800000,50.201025,36.826544,-1.002317,-0.006326,1.295479,1.292934
275.850000,50.227931,36.784401,-1.002915,-0.017441,1.296231,1.291769
275.900000,50.254802,36.742235,-1.003995,-0.025485,1.296556,1.291444
275.950000,50.281621,36.700036,-1.005380,-0.029583,1.296498,1.291502
276.000000,50.308378,36.657798,-1.006869,-0.029651,1.295189,1.293173
276.050000,50.335073,36.615520,-1.008275,-0.026265,1.294726,1.293674
276.100000,50.361713,36.573209,-1.009445,-0.020333,1.294422,1.294702
276.150000,50.388310,36.530870,-1.010275,-0.012758,1.294217,1.294983
276.200000,50.414881,36.488514,-1.010702,-0.004224,1.293748,1.294999
276.250000,50.441443,36.446153,-1.010688,0.004804,1.293760,1.294216
276.300000,50.468015,36.403798,-1.010222,0.013870,1.293686,1.294214
276.350000,50.494617,36.361462,-1.009315,0.022312,1.294019,1.294334
276.400000,50.521265,36.319155,-1.008027,0.029093,1.293689,1.294711
276.450000,50.547974,36.276887,-1.006470,0.032924,1.293094,1.295759
276.500000,50.574751,36.234661,-1.004822,0.032608,1.288349,1.296293
276.550000,50.601596,36.192479,-1.003309,0.027494,1.287814,1.296386
276.600000,50.628497,36.150333,-1.002166,0.017855,1.288353,1.293853
276.650000,50.655436,36.108210,-1.001589,0.004977,1.290331,1.283422
276.700000,50.682384,36.066094,-1.001689,-0.009074,1.293392,1.281592
276.750000,50.709314,36.023965,-1.002469,-0.022011,1.294287,1.280913
276.800000,50.736199,35.981808,-1.003824,-0.031901,1.293704,1.288475
276.850000,50.763017,35.939609,-1.005571,-0.037644,1.293959,1.290119
276.900000,50.789756,35.897360,-1.007499,-0.039115,1.293667,1.290533
276.950000,50.816414,35.855059,-1.009410,-0.037005,1.292894,1.290853
277.000000,50.842995,35.812709,-1.011151,-0.032448,1.292537,1.290800
277.050000,50.869507,35.770317,-1.012629,-0.026575,1.292830,1.290923
277.100000,50.895962,35.727889,-1.013800,-0.020244,1.292553,1.290885
277.150000,50.922375,35.685435,-1.014655,-0.013932,1.292039,1.290907
277.200000,50.948758,35.642962,-1.015199,-0.007848,1.291587,1.290860
277.250000,50.975124,35.600479,-1.015447,-0.002130,1.291893,1.290961
277.300000,51.001486,35.557993,-1.015424,0.002991,1.291310,1.291228
277.350000,51.027854,35.515511,-1.015169,0.007137,1.290892,1.291880
277.400000,51.054236,35.473038,-1.014741,0.009854,1.290743,1.292148
277.450000,51.080639,35.430577,-1.014222,0.010766,1.291070,1.291830
277.500000,51.107064,35.388131,-1.013706,0.009715,1.290821,1.291264
277.550000,51.133509,35.345697,-1.013288,0.006821,1.291050,1.289953
277.600000,51.159969,35.303271,-1.013053,0.002456,1.291320,1.289580
277.650000,51.186433,35.260849,-1.013062,-0.002882,1.291508,1.289392
277.700000,51.212891,35.218423,-1.013350,-0.008658,1.289668,1.288332
277.750000,51.239331,35.175986,-1.013926,-0.014377,1.287515,1.290094
277.800000,51.265741,35.133530,-1.014776,-0.019574,1.287412,1.290188
277.850000,51.292109,35.091048,-1.015862,-0.023789,1.291373,1.290032
277.900000,51.318427,35.048535,-1.017124,-0.026575,1.291982,1.289183
277.950000,51.344689,35.005987,-1.018482,-0.027554,1.292138,1.289596
278.000000,51.370893,34.963403,-1.019838,-0.026531,1.292453,1.289528
278.050000,51.397041,34.920785,-1.021094,-0.023563,1.292336,1.289664
278.100000,51.423139,34.878137,-1.022161,-0.018958,1.291208,1.289342
278.150000,51.449197,34.835464,-1.022966,-0.013147,1.290712,1.290322
278.200000,51.475227,34.792774,-1.023459,-0.006502,1.289763,1.290702
278.250000,51.501243,34.750076,-1.023602,0.000833,1.289022,1.290110
278.300000,51.527262,34.707379,-1.023359,0.008947,1.289062,1.289938
278.350000,51.553299,34.664693,-1.022688,0.018002,1.289236,1.290398
278.400000,51.579376,34.622032,-1.021541,0.027947,1.289171,1.290619
278.450000,51.605512,34.579406,-1.019887,0.038232,1.289447,1.290987
278.500000,51.631729,34.536831,-1.017736,0.047717,1.288914,1.294938
278.550000,51.658047,34.494318,-1.015167,0.054829,1.288261,1.295939
278.600000,51.684481,34.451877,-1.012338,0.057982,1.287855,1.297251
278.650000,51.711036,34.409511,-1.009476,0.056084,1.288383,1.299989
278.700000,51.737708,34.367219,-1.006838,0.048952,1.294483,1.299926
278.750000,51.764483,34.324992,-1.004669,0.037447,1.297779,1.299215
278.800000,51.791336,34.282815,-1.003146,0.023260,1.298803,1.298397
278.850000,51.818238,34.240669,-1.002352,0.008463,1.301727,1.296561
278.900000,51.845158,34.198535,-1.002270,-0.005051,1.302300,1.295828
278.950000,51.872068,34.156394,-1.002802,-0.015985,1.302344,1.295756
279.000000,51.898945,34.114233,-1.003803,-0.023771,1.302090,1.295828
279.050000,51.925773,34.072039,-1.005115,-0.028465,1.299034,1.296057
279.100000,51.952542,34.029809,-1.006592,-0.030395,1.298640,1.296431
279.150000,51.979247,33.987538,-1.008104,-0.029880,1.298697,1.296403
279.200000,52.005890,33.945227,-1.009532,-0.027026,1.300062,1.296216
279.250000,52.032476,33.902881,-1.010758,-0.021817,1.300366,1.296034
279.300000,52.059016,33.860507,-1.011666,-0.014318,1.300343,1.294788
279.350000,52.085526,33.818113,-1.012152,-0.004958,1.300080,1.294557
279.400000,52.112027,33.775713,-1.012144,0.005328,1.296626,1.295075
279.450000,52.138538,33.733321,-1.011630,0.015203,1.291560,1.295673
279.500000,52.165081,33.690948,-1.010665,0.023207,1.289120,1.295596
279.550000,52.191672,33.648605,-1.009373,0.028208,1.288284,1.295763
279.600000,52.218322,33.606299,-1.007918,0.029722,1.288378,1.295622
279.650000,52.245035,33.564033,-1.006466,0.028062,1.288766,1.293512
279.700000,52.271806,33.521803,-1.005155,0.024207,1.292473,1.291801
279.750000,52.298627,33.479606,-1.004062,0.019446,1.293234,1.291266
279.800000,52.325490,33.437435,-1.003203,0.014974,1.293332,1.291168
279.850000,52.352385,33.395285,-1.002541,0.011574,1.293316,1.291366
279.900000,52.379304,33.353150,-1.002018,0.009483,1.292066,1.291818
279.950000,52.406244,33.311028,-1.001570,0.008512,1.291790,1.292010
280.000000,52.433202,33.268918,-1.001153,0.008229,1.291685,1.292115
280.050000,52.460177,33.226819,-1.000743,0.008207,1.291818,1.291982
280.100000,52.487170,33.184731,-1.000334,0.008129,1.291956,1.291844
280.150000,52.514179,33.142654,-0.999935,0.007792,1.293704,1.294172
280.200000,52.541205,33.100587,-0.999564,0.007016,1.294557,1.295282
280.250000,52.568245,33.058530,-0.999249,0.005543,1.294498,1.297042
280.300000,52.595297,33.016480,-0.999031,0.003061,1.294420,1.297280
280.350000,52.622355,32.974433,-0.998970,-0.000727,1.291730,1.297434
280.400000,52.649411,32.932386,-0.999133,-0.005901,1.291509,1.297391
280.450000,52.676454,32.890331,-0.999583,-0.012196,1.291788,1.297112
280.500000,52.703472,32.848259,-1.000361,-0.018942,1.293554,1.291179
280.550000,52.730449,32.806161,-1.001465,-0.025168,1.294082,1.290218
280.600000,52.757375,32.764030,-1.002843,-0.029805,1.294322,1.289978
280.650000,52.784238,32.721859,-1.004392,-0.031952,1.294412,1.289888
280.700000,52.811034,32.679646,-1.005974,-0.031057,1.292952,1.290714
280.750000,52.837766,32.637392,-1.007433,-0.027046,1.292557,1.291043
280.800000,52.864441,32.595102,-1.008622,-0.020279,1.292349,1.291251
280.850000,52.891074,32.552786,-1.009420,-0.011468,1.292067,1.291352
280.900000,52.917683,32.510454,-1.009747,-0.001540,1.291847,1.291190
280.950000,52.944289,32.468120,-1.009574,0.008468,1.291136,1.291411
281.000000,52.970912,32.425798,-1.008922,0.017527,1.290804,1.291696
281.050000,52.997572,32.383498,-1.007863,0.024661,1.289787,1.291898
281.100000,53.024283,32.341231,-1.006514,0.029056,1.289452,1.292148
281.150000,53.051055,32.299002,-1.005027,0.030149,1.289380,1.292220
281.200000,53.077889,32.256813,-1.003573,0.027691,1.289233,1.292186
281.250000,53.104781,32.214661,-1.002328,0.021829,1.289397,1.292003
281.300000,53.131718,32.172537,-1.001449,0.013060,1.289721,1.291317
281.350000,53.158682,32.130431,-1.001065,0.002162,1.291104,1.290439
281.400000,53.185651,32.088327,-1.001257,-0.009961,1.292413,1.290001
281.450000,53.212598,32.046211,-1.002065,-0.022393,1.292838,1.289662
281.500000,53.239498,32.004063,-1.003484,-0.034306,1.293051,1.289449
281.550000,53.266327,31.961871,-1.005469,-0.044954,1.293178,1.289322
281.600000,53.293061,31.919618,-1.007937,-0.053616,1.293353,1.289328
281.650000,53.319682,31.877294,-1.010772,-0.059526,1.293683,1.289198
281.700000,53.346178,31.834892,-1.013815,-0.061880,1.293935,1.286521
281.750000,53.372544,31.792409,-1.016869,-0.059922,1.294113,1.286087
281.800000,53.398784,31.749847,-1.019707,-0.053166,1.294092,1.286108
281.850000,53.424912,31.707217,-1.022088,-0.041662,1.292156,1.286233
281.900000,53.450952,31.664533,-1.023792,-0.026182,1.291472,1.286728
281.950000,53.476937,31.621816,-1.024659,-0.008292,1.287456,1.287937
282.000000,53.502904,31.579087,-1.024621,0.009822,1.284811,1.288931
282.050000,53.528892,31.536371,-1.023728,0.025686,1.283939,1.292196
282.100000,53.554933,31.493688,-1.022150,0.036997,1.283500,1.292900
282.150000,53.581051,31.451052,-1.020161,0.042044,1.284327,1.292526
282.200000,53.607257,31.408470,-1.018094,0.040018,1.286499,1.292303
282.250000,53.633546,31.365939,-1.016301,0.031115,1.287058,1.291309
282.300000,53.659900,31.323448,-1.015100,0.016446,1.289006,1.289928
282.350000,53.686288,31.280978,-1.014736,-0.002217,1.289774,1.289226
282.400000,53.712671,31.238505,-1.015357,-0.022764,1.290456,1.288635
282.450000,53.739005,31.196002,-1.017004,-0.043083,1.291121,1.288069
282.500000,53.765249,31.153443,-1.019619,-0.061326,1.291670,1.287530
282.550000,53.791362,31.110804,-1.023062,-0.076108,1.292976,1.287130
282.600000,53.817315,31.068067,-1.027140,-0.086605,1.294447,1.286388
282.650000,53.843083,31.025219,-1.031629,-0.092591,1.295377,1.285161
282.700000,53.868654,30.982252,-1.036313,-0.094400,1.295407,1.285093
282.750000,53.894022,30.939166,-1.041001,-0.092854,1.296041,1.285184
282.800000,53.919191,30.895962,-1.045555,-0.089140,1.297492,1.285350
282.850000,53.944167,30.852647,-1.049901,-0.084623,1.299710,1.291907
282.900000,53.968960,30.809227,-1.054032,-0.080682,1.300354,1.299765
282.950000,53.993577,30.765706,-1.058007,-0.078477,1.300209,1.303594
283.000000,54.018022,30.722090,-1.061933,-0.078806,1.300268,1.303922
283.050000,54.042294,30.678376,-1.065948,-0.082007,1.300524,1.303676
283.100000,54.066386,30.634563,-1.070191,-0.087956,1.300861,1.297531
283.150000,54.090284,30.590644,-1.074788,-0.096128,1.301125,1.296584
283.200000,54.113971,30.546611,-1.079832,-0.105705,1.301275,1.296425
283.250000,54.137425,30.502453,-1.085365,-0.115646,1.302131,1.296205
283.300000,54.160623,30.458160,-1.091377,-0.124770,1.303128,1.296271
283.350000,54.183545,30.413724,-1.097797,-0.131842,1.304982,1.295972
283.400000,54.206174,30.369138,-1.104493,-0.135714,1.306946,1.296607
283.450000,54.228502,30.324400,-1.111283,-0.135555,1.307310,1.296490
283.500000,54.250527,30.279512,-1.117958,-0.131100,1.307330,1.296470
283.550000,54.272258,30.234482,-1.124316,-0.122895,1.307018,1.294781
283.600000,54.293713,30.189319,-1.130201,-0.112353,1.303542,1.295055
283.650000,54.314914,30.144036,-1.135551,-0.101626,1.301612,1.295778
283.700000,54.335883,30.098646,-1.140416,-0.093195,1.300014,1.296376
283.750000,54.356640,30.053158,-1.144970,-0.089342,1.299515,1.300519
283.800000,54.377192,30.007577,-1.149480,-0.091584,1.299448,1.300952
283.850000,54.397532,29.961901,-1.154264,-0.100264,1.299829,1.300571
283.900000,54.417642,29.916124,-1.159620,-0.114416,1.300483,1.299006
283.950000,54.437489,29.870231,-1.165772,-0.131954,1.301304,1.292260
284.000000,54.457032,29.824209,-1.172824,-0.150152,1.299419,1.290844
284.050000,54.476230,29.778041,-1.180739,-0.166260,1.294394,1.284468
284.100000,54.495045,29.731716,-1.189358,-0.178130,1.294068,1.283549
284.150000,54.513448,29.685226,-1.198439,-0.184686,1.294110,1.282393
284.200000,54.531423,29.638569,-1.207718,-0.186067,1.293502,1.282532
284.250000,54.548963,29.591747,-1.216965,-0.183520,1.293046,1.282954
284.300000,54.566075,29.544766,-1.226031,-0.178996,1.292566,1.283434
284.350000,54.582764,29.497634,-1.234871,-0.174632,1.292171,1.283829
284.400000,54.599041,29.450357,-1.243540,-0.172286,1.292532,1.285119
284.450000,54.614909,29.402942,-1.252170,-0.173166,1.294126,1.285051
284.500000,54.630365,29.355391,-1.260936,-0.177743,1.294525,1.284775
284.550000,54.645397,29.307704,-1.270017,-0.185755,1.296125,1.285474
284.600000,54.659984,29.259879,-1.279566,-0.196396,1.296519,1.286661
284.650000,54.674100,29.211913,-1.289684,-0.208447,1.296732,1.286844
284.700000,54.687716,29.163803,-1.300406,-0.220421,1.299375,1.286621
284.750000,54.700802,29.115545,-1.311687,-0.230657,1.299844,1.287371
284.800000,54.713331,29.067140,-1.323396,-0.237461,1.300262,1.287038
284.850000,54.725286,29.018591,-1.335324,-0.239320,1.301027,1.286643
284.900000,54.736661,28.969902,-1.347198,-0.235227,1.301258,1.274586
284.950000,54.747465,28.921083,-1.358714,-0.224965,1.301110,1.273790
285.000000,54.757721,28.872146,-1.369580,-0.209312,1.299116,1.274484
285.050000,54.767465,28.823105,-1.379568,-0.189968,1.298106,1.285707
285.100000,54.776744,28.773973,-1.388550,-0.169244,1.295193,1.287362
285.150000,54.785606,28.724765,-1.396518,-0.149559,1.294274,1.292499
285.200000,54.794098,28.675492,-1.403575,-0.132927,1.293787,1.293220
285.250000,54.802262,28.626162,-1.409906,-0.120609,1.293614,1.293386
285.300000,54.810126,28.576785,-1.415739,-0.112996,1.293013,1.291752
285.350000,54.817710,28.527363,-1.421302,-0.109796,1.293189,1.288057
285.400000,54.825021,28.477901,-1.426799,-0.110339,1.293126,1.287595
285.450000,54.832058,28.428398,-1.432401,-0.113926,1.292731,1.287596
285.500000,54.838813,28.378857,-1.438246,-0.120037,1.292663,1.287170
285.550000,54.845269,28.329275,-1.444453,-0.128352,1.292626,1.287640
285.600000,54.851406,28.279653,-1.451124,-0.138637,1.293171,1.287035
285.650000,54.857198,28.229990,-1.458351,-0.150526,1.296512,1.286675
285.700000,54.862616,28.180284,-1.466198,-0.163413,1.297220,1.286180
285.750000,54.867628,28.130536,-1.474693,-0.176419,1.297645,1.285568
285.800000,54.872201,28.080746,-1.483819,-0.188559,1.296984,1.285187
285.850000,54.876305,28.030915,-1.493511,-0.199003,1.297236,1.281869
285.900000,54.879914,27.981045,-1.503673,-0.207338,1.297471,1.281429
285.950000,54.883006,27.931141,-1.514203,-0.213762,1.297524,1.281376
286.000000,54.885565,27.881206,-1.525025,-0.219071,1.298438,1.284310
286.050000,54.887577,27.831247,-1.536112,-0.224401,1.298333,1.290023
286.100000,54.889028,27.781268,-1.547490,-0.230797,1.299811,1.290582
286.150000,54.889902,27.731275,-1.559224,-0.238657,1.299868,1.296094
286.200000,54.890179,27.681276,-1.571372,-0.247290,1.300204,1.296096
286.250000,54.889838,27.631277,-1.583925,-0.254755,1.299163,1.295531
286.300000,54.888861,27.581287,-1.596752,-0.258108,1.298072,1.286977
286.350000,54.887242,27.531313,-1.609566,-0.254070,1.297874,1.280185
286.400000,54.884993,27.481364,-1.621930,-0.239962,1.297852,1.279279
286.450000,54.882148,27.431445,-1.633308,-0.214634,1.297251,1.279849
286.500000,54.878771,27.381559,-1.643163,-0.179066,1.296076,1.281024
286.550000,54.874950,27.331705,-1.651058,-0.136432,1.294336,1.283145
286.600000,54.870789,27.281878,-1.656762,-0.091600,1.291745,1.287660
286.650000,54.866400,27.232072,-1.660303,-0.050208,1.290082,1.289418
286.700000,54.861882,27.182276,-1.661987,-0.017562,1.288974,1.290526
286.750000,54.857315,27.132485,-1.662353,0.002341,1.286883,1.290996
286.800000,54.852750,27.082694,-1.662091,0.007502,1.286847,1.290953
286.850000,54.848197,27.032902,-1.661933,-0.001820,1.285857,1.290416
286.900000,54.843636,26.983110,-1.662547,-0.023265,1.288252,1.289475
286.950000,54.839014,26.933324,-1.664442,-0.052886,1.289545,1.288255
287.000000,54.834259,26.883551,-1.667907,-0.085846,1.289189,1.287083
287.050000,54.829291,26.833798,-1.672985,-0.117210,1.290210,1.287041
287.100000,54.824034,26.784075,-1.679490,-0.142731,1.292625,1.286205
287.150000,54.818426,26.734391,-1.687054,-0.159449,1.293139,1.285570
287.200000,54.812425,26.684752,-1.695204,-0.166132,1.293182,1.285518
287.250000,54.806015,26.635165,-1.703450,-0.163332,1.292818,1.285882
287.300000,54.799204,26.585631,-1.711369,-0.153138,1.291191,1.284730
287.350000,54.792015,26.536150,-1.718667,-0.138590,1.289096,1.285649
287.400000,54.784483,26.486721,-1.725208,-0.123009,1.288274,1.285850
287.450000,54.776647,26.437339,-1.731013,-0.109306,1.288007,1.286093
287.500000,54.768540,26.388000,-1.736231,-0.099544,1.288008,1.282829
287.550000,54.760185,26.338703,-1.741083,-0.094725,1.288356,1.282536
287.600000,54.751595,26.289447,-1.745817,-0.094831,1.289624,1.282428
287.650000,54.742771,26.240232,-1.750659,-0.098992,1.289898,1.292958
287.700000,54.733701,26.191061,-1.755774,-0.105717,1.292869,1.293313
287.750000,54.724372,26.141939,-1.761246,-0.113176,1.293326,1.292974
287.800000,54.714766,26.092871,-1.767064,-0.119513,1.293852,1.288412
287.850000,54.704867,26.043860,-1.773136,-0.123260,1.294372,1.286959
287.900000,54.694668,25.994912,-1.779313,-0.123717,1.297197,1.285738
287.950000,54.684167,25.946027,-1.785441,-0.121280,1.294137,1.285016
288.000000,54.673371,25.897206,-1.791411,-0.117460,1.293430,1.285570
288.050000,54.662287,25.848450,-1.797211,-0.114608,1.289921,1.286288
288.100000,54.650923,25.799759,-1.802955,-0.115251,1.288095,1.287812
288.150000,54.639277,25.751134,-1.808864,-0.121339,1.287891,1.288009
288.200000,54.627333,25.702581,-1.815231,-0.133546,1.288346,1.287554
288.250000,54.615064,25.654110,-1.822339,-0.150942,1.289435,1.285308
288.300000,54.602429,25.605733,-1.830387,-0.171097,1.292536,1.284190
288.350000,54.589380,25.557466,-1.839433,-0.190694,1.293606,1.283194
288.400000,54.575873,25.509325,-1.849361,-0.206316,1.297089,1.282417
288.450000,54.561873,25.461325,-1.859908,-0.215347,1.297504,1.282096
288.500000,54.547359,25.413477,-1.870712,-0.216553,1.297344,1.282546
288.550000,54.532331,25.365789,-1.881388,-0.210279,1.299970,1.288171
288.600000,54.516804,25.318261,-1.891604,-0.198198,1.300353,1.289115
288.650000,54.500809,25.270889,-1.901130,-0.182728,1.300128,1.289858
288.700000,54.484382,25.223664,-1.909857,-0.166337,1.301511,1.296944
288.750000,54.467562,25.176578,-1.917789,-0.150976,1.304064,1.297455
288.800000,54.450386,25.129621,-1.925007,-0.137798,1.304241,1.297554
288.850000,54.432886,25.082784,-1.931630,-0.127174,1.305498,1.297470
288.900000,54.415088,25.036059,-1.937782,-0.119002,1.305656,1.296760
288.950000,54.397011,24.989441,-1.943582,-0.113050,1.305451,1.296851
289.000000,54.378671,24.942926,-1.949138,-0.109238,1.305177,1.296636
289.050000,54.360076,24.896512,-1.954560,-0.107712,1.303594,1.296940
289.100000,54.341230,24.850200,-1.959969,-0.108712,1.302314,1.297212
289.150000,54.322132,24.803991,-1.965494,-0.112342,1.295163,1.297127
289.200000,54.302773,24.757890,-1.971260,-0.118365,1.294900,1.292912
289.250000,54.283142,24.711906,-1.977372,-0.126142,1.295074,1.287362
289.300000,54.263221,24.666046,-1.983894,-0.134767,1.295518,1.286782
289.350000,54.242991,24.620321,-1.990846,-0.143289,1.295683,1.286519
289.400000,54.222434,24.574742,-1.998203,-0.150973,1.295755,1.286445
289.450000,54.201535,24.529320,-2.005914,-0.157439,1.295756,1.286444
289.500000,54.180278,24.484063,-2.013917,-0.162690,1.295549,1.286456
289.550000,54.158655,24.438980,-2.022160,-0.167003,1.295581,1.286419
289.600000,54.136656,24.394080,-2.030605,-0.170785,1.295678,1.286322
289.650000,54.114275,24.349369,-2.039236,-0.174423,1.295755,1.286245
289.700000,54.091505,24.304855,-2.048051,-0.178193,1.295865,1.286135
289.750000,54.068338,24.260545,-2.057060,-0.182190,1.297301,1.286070
289.800000,54.044770,24.216449,-2.066273,-0.186308,1.297557,1.288490
289.850000,54.020791,24.172573,-2.075685,-0.190202,1.297650,1.288450
289.900000,53.996396,24.128928,-2.085273,-0.193287,1.297768,1.288332
289.950000,53.971582,24.085520,-2.094976,-0.194804,1.298020,1.289455
290.000000,53.946347,24.042356,-2.104695,-0.193921,1.299148,1.288057
290.050000,53.920695,23.999437,-2.114294,-0.189965,1.299851,1.286661
290.100000,53.894638,23.956764,-2.123610,-0.182631,1.299796,1.286507
290.150000,53.868193,23.914329,-2.132481,-0.172180,1.299518,1.286782
290.200000,53.841385,23.872124,-2.140774,-0.159478,1.299131,1.287268
290.250000,53.814242,23.830133,-2.148407,-0.145854,1.298514,1.293310
290.300000,53.786793,23.788341,-2.155374,-0.132812,1.297827,1.293974
290.350000,53.759066,23.746733,-2.161734,-0.121649,1.297402,1.294398
290.400000,53.731086,23.705295,-2.167603,-0.113133,1.297281,1.294519
290.450000,53.702871,23.664017,-2.173114,-0.107353,1.297191,1.293621
290.500000,53.674434,23.622891,-2.178392,-0.103776,1.297483,1.292428
290.550000,53.645783,23.581913,-2.183524,-0.101510,1.297681,1.289156
290.600000,53.616925,23.541082,-2.188552,-0.099637,1.296629,1.288393
290.650000,53.587864,23.500394,-2.193481,-0.097491,1.294340,1.289177
290.700000,53.558605,23.459849,-2.198288,-0.094792,1.294039,1.292525
290.750000,53.529155,23.419443,-2.202948,-0.091611,1.293799,1.293987
290.800000,53.499519,23.379172,-2.207443,-0.088198,1.295109,1.294174
290.850000,53.469707,23.339032,-2.211769,-0.084827,1.296596,1.294187
290.900000,53.439724,23.299019,-2.215931,-0.081677,1.296732,1.291498
290.950000,53.409578,23.259129,-2.219945,-0.078860,1.296837,1.291363
291.000000,53.379275,23.219358,-2.223828,-0.076478,1.296800,1.290312
291.050000,53.348820,23.179703,-2.227607,-0.074701,1.295172,1.290444
291.100000,53.318217,23.140163,-2.231318,-0.073722,1.294917,1.290683
291.150000,53.287468,23.100736,-2.235002,-0.073646,1.297590,1.291966
291.200000,53.256573,23.061423,-2.238700,-0.074305,1.297609,1.295749
291.250000,53.225533,23.022224,-2.242437,-0.075151,1.297959,1.295540
291.300000,53.194346,22.983143,-2.246198,-0.075297,1.298244,1.295256
291.350000,53.163012,22.944179,-2.249924,-0.073726,1.298575,1.289088
291.400000,53.131536,22.905329,-2.253509,-0.069652,1.298671,1.288929
291.450000,53.099926,22.866589,-2.256822,-0.062814,1.298143,1.289160
291.500000,53.068195,22.827948,-2.259735,-0.053686,1.296258,1.294110
291.550000,53.036361,22.789392,-2.262162,-0.043415,1.295659,1.299095
291.600000,53.004442,22.750905,-2.264087,-0.033558,1.295119,1.301759
291.650000,52.972459,22.712473,-2.265567,-0.025670,1.296251,1.302035
291.700000,52.940426,22.674082,-2.266730,-0.020888,1.297343,1.304223
291.750000,52.908351,22.635726,-2.267743,-0.019674,1.299815,1.304161
291.800000,52.876237,22.597402,-2.268776,-0.021680,1.302810,1.301883
291.850000,52.844082,22.559113,-2.269966,-0.025931,1.303170,1.301530
291.900000,52.811876,22.520867,-2.271391,-0.031072,1.303427,1.301273
291.950000,52.779611,22.482670,-2.273062,-0.035768,1.302177,1.298861
292.000000,52.747279,22.444531,-2.274933,-0.039057,1.302368,1.298632
292.050000,52.714872,22.406454,-2.276924,-0.040587,1.301931,1.298772
292.100000,52.682389,22.368443,-2.278956,-0.040676,1.300505,1.299007
292.150000,52.649829,22.330498,-2.280978,-0.040177,1.300154,1.299247
292.200000,52.617192,22.292619,-2.282986,-0.040158,1.299977,1.298631
292.250000,52.584479,22.254805,-2.285029,-0.041557,1.299838,1.297970
292.300000,52.551687,22.217060,-2.287188,-0.044833,1.300239,1.297858
292.350000,52.518810,22.179390,-2.289554,-0.049809,1.300526,1.297574
292.400000,52.485839,22.141801,-2.292191,-0.055685,1.301010,1.297090
292.450000,52.452763,22.104304,-2.295114,-0.061228,1.301354,1.296746
292.500000,52.419573,22.066908,-2.298271,-0.065038,1.300207,1.296606
292.550000,52.386263,22.029620,-2.301544,-0.065863,1.300352,1.298131
292.600000,52.352831,21.992440,-2.304761,-0.062777,1.301399,1.299972
292.650000,52.319285,21.955365,-2.307715,-0.055342,1.301248,1.300152
292.700000,52.285636,21.918381,-2.310191,-0.043671,1.301113,1.300386
292.750000,52.251909,21.881470,-2.311996,-0.028482,1.300773,1.298054
292.800000,52.218129,21.844606,-2.312986,-0.011116,1.300433,1.295595
292.850000,52.184329,21.807761,-2.313102,0.006500,1.299906,1.296094
292.900000,52.150540,21.770905,-2.312389,0.022014,1.299223,1.296777
292.950000,52.116791,21.734014,-2.311012,0.032998,1.296405,1.297515
293.000000,52.083101,21.697069,-2.309250,0.037408,1.290400,1.298053
293.050000,52.049477,21.660062,-2.307460,0.034114,1.289066,1.298046
293.100000,52.015914,21.623001,-2.306025,0.023235,1.288191,1.295938
293.150000,51.982393,21.585903,-2.305286,0.006254,1.289038,1.293378
293.200000,51.948882,21.548794,-2.305486,-0.014282,1.290168,1.289755
293.250000,51.915344,21.511710,-2.306725,-0.035290,1.291230,1.288769
293.300000,51.881742,21.474685,-2.308954,-0.053815,1.293073,1.288215
293.350000,51.848042,21.437748,-2.311990,-0.067583,1.293348,1.290430
293.400000,51.814218,21.400925,-2.315562,-0.075274,1.293609,1.294155
293.450000,51.780259,21.364226,-2.319360,-0.076583,1.294264,1.294428
293.500000,51.746161,21.327657,-2.323075,-0.071952,1.296264,1.294617
293.550000,51.711933,21.291209,-2.326433,-0.062319,1.296058,1.295536
293.600000,51.677593,21.254867,-2.329213,-0.048850,1.296638,1.295755
293.650000,51.643165,21.218608,-2.331255,-0.032807,1.297561,1.296624
293.700000,51.608677,21.182405,-2.332463,-0.015523,1.298427,1.297062
293.750000,51.574162,21.146230,-2.332812,0.001586,1.300876,1.297698
293.800000,51.539649,21.110051,-2.332345,0.017049,1.300360,1.298240
293.850000,51.505166,21.073845,-2.331183,0.029431,1.299917,1.298683
293.900000,51.470735,21.037589,-2.329508,0.037526,1.299685,1.298915
293.950000,51.436371,21.001269,-2.327555,0.040543,1.298282,1.298930
294.000000,51.402079,20.964882,-2.325583,0.038314,1.296659,1.298459
294.050000,51.367855,20.928430,-2.323839,0.031391,1.296808,1.297400
294.100000,51.333687,20.891926,-2.322528,0.021023,1.295417,1.296998
294.150000,51.299558,20.855386,-2.321777,0.008985,1.290705,1.288903
294.200000,51.265444,20.818830,-2.321620,-0.002691,1.290927,1.287383
294.250000,51.231327,20.782279,-2.321991,-0.012110,1.290900,1.281450
294.300000,51.197189,20.745747,-2.322741,-0.017870,1.290889,1.280122
294.350000,51.163019,20.709245,-2.323672,-0.019342,1.288783,1.279242
294.400000,51.128815,20.672775,-2.324576,-0.016782,1.288509,1.279491
294.450000,51.094581,20.636332,-2.325276,-0.011206,1.283719,1.279918
294.500000,51.060328,20.599908,-2.325660,-0.004122,1.281648,1.280564
294.550000,51.026067,20.563491,-2.325691,0.002886,1.278665,1.283435
294.600000,50.991810,20.527070,-2.325406,0.008474,1.278522,1.283777
294.650000,50.957569,20.490635,-2.324900,0.011772,1.278667,1.283633
294.700000,50.923348,20.454180,-2.324295,0.012397,1.288470,1.286421
294.750000,50.889149,20.417705,-2.323726,0.010341,1.290099,1.289362
294.800000,50.854968,20.381213,-2.323321,0.005827,1.291069,1.297155
294.850000,50.820797,20.344712,-2.323195,-0.000784,1.291253,1.297245
294.900000,50.786624,20.308212,-2.323438,-0.008940,1.294903,1.298355
294.950000,50.752435,20.271728,-2.324106,-0.017822,1.295151,1.299735
295.000000,50.718214,20.235275,-2.325207,-0.026211,1.297134,1.299649
295.050000,50.683945,20.198865,-2.326677,-0.032561,1.299202,1.299184
295.100000,50.649618,20.162510,-2.328372,-0.035184,1.308513,1.299105
295.150000,50.615229,20.126215,-2.330068,-0.032633,1.308804,1.301374
295.200000,50.580782,20.089973,-2.331488,-0.024119,1.308600,1.304474
295.250000,50.546293,20.053772,-2.332339,-0.009863,1.308029,1.305071
295.300000,50.511788,20.017587,-2.332368,0.008759,1.307337,1.305763
295.350000,50.477299,19.981386,-2.331417,0.029280,1.304864,1.306551
295.400000,50.442863,19.945135,-2.329472,0.048499,1.303704,1.304622
295.450000,50.408513,19.908801,-2.326684,0.062999,1.300130,1.303609
295.500000,50.374276,19.872362,-2.323361,0.069836,1.299236,1.304067
295.550000,50.340163,19.835806,-2.319934,0.067195,1.289464,1.303620
295.600000,50.306171,19.799139,-2.316879,0.054923,1.288918,1.302892
295.650000,50.272277,19.762380,-2.314636,0.034719,1.289851,1.295202
295.700000,50.238445,19.725564,-2.313520,0.009903,1.289247,1.291982
295.750000,50.204632,19.688731,-2.313654,-0.015268,1.290705,1.285333
295.800000,50.170791,19.651923,-2.314950,-0.036549,1.291796,1.282616
295.850000,50.136886,19.615175,-2.317132,-0.050699,1.291668,1.280547
295.900000,50.102890,19.578511,-2.319807,-0.056216,1.289694,1.277739
295.950000,50.068794,19.541940,-2.322552,-0.053539,1.286612,1.278404
296.000000,50.034601,19.505459,-2.325011,-0.044785,1.285685,1.279315
296.050000,50.000328,19.469053,-2.326956,-0.032984,1.284954,1.284417
296.100000,49.965995,19.432704,-2.328311,-0.021212,1.284446,1.285152
296.150000,49.931623,19.396392,-2.329136,-0.011806,1.284970,1.285325
296.200000,49.897228,19.360102,-2.329578,-0.005920,1.288129,1.289424
296.250000,49.862822,19.323823,-2.329813,-0.003470,1.289542,1.289151
296.300000,49.828408,19.287550,-2.329985,-0.003454,1.290854,1.292416
296.350000,49.793988,19.251283,-2.330182,-0.004427,1.294987,1.292188
296.400000,49.759560,19.215024,-2.330418,-0.005013,1.295131,1.293162
296.450000,49.725123,19.178774,-2.330651,-0.004275,1.295051,1.295633
296.500000,49.690679,19.142530,-2.330804,-0.001847,1.300633,1.299704
296.550000,49.656233,19.106289,-2.330798,0.002082,1.300788,1.300009
296.600000,49.621790,19.070044,-2.330572,0.006959,1.303431,1.301642
296.650000,49.587360,19.033787,-2.330098,0.012037,1.303358,1.302934
296.700000,49.552951,18.997509,-2.329383,0.016523,1.303379,1.303517
296.750000,49.518572,18.961204,-2.328478,0.019678,1.303219,1.304376
296.800000,49.484229,18.924865,-2.327465,0.020855,1.303151,1.304449
296.850000,49.449922,18.888491,-2.326454,0.019570,1.300181,1.304636
296.900000,49.415650,18.852084,-2.325574,0.015582,1.300137,1.304364
296.950000,49.381406,18.815652,-2.324959,0.008999,1.298169,1.303151
297.000000,49.347178,18.779204,-2.324725,0.000348,1.296606,1.299925
297.050000,49.312950,18.742757,-2.324952,-0.009413,1.297005,1.296713
297.100000,49.278705,18.706325,-2.325661,-0.018965,1.296176,1.294146
297.150000,49.244425,18.669925,-2.326806,-0.026793,1.296437,1.293466
297.200000,49.210099,18.633570,-2.328261,-0.031415,1.295438,1.292773
297.250000,49.175716,18.597269,-2.329838,-0.031633,1.292876,1.291052
297.300000,49.141277,18.561020,-2.331300,-0.026808,1.292258,1.288364
297.350000,49.106792,18.524816,-2.332398,-0.017081,1.290611,1.286910
297.400000,49.072276,18.488640,-2.332913,-0.003474,1.287623,1.284910
297.450000,49.037755,18.452469,-2.332695,0.012175,1.285546,1.285364
297.500000,49.003256,18.416278,-2.331703,0.027508,1.284465,1.286137
297.550000,48.968806,18.380040,-2.330012,0.040118,1.283694,1.286906
297.600000,48.934427,18.343735,-2.327806,0.048080,1.283247,1.289936
297.650000,48.900134,18.307348,-2.325343,0.050425,1.283347,1.291542
297.700000,48.865931,18.270877,-2.322899,0.047296,1.284359,1.291038
297.750000,48.831813,18.234326,-2.320719,0.039857,1.297666,1.292044
297.800000,48.797767,18.197708,-2.318976,0.029861,1.298599,1.291400
297.850000,48.763776,18.161039,-2.317751,0.019139,1.298972,1.291028
297.900000,48.729820,18.124337,-2.317044,0.009145,1.300604,1.298638
297.950000,48.695882,18.087620,-2.316797,0.000740,1.301280,1.301300
298.000000,48.661945,18.050901,-2.316923,-0.005774,1.301794,1.301601
298.050000,48.627998,18.014191,-2.317328,-0.010414,1.302720,1.301575
298.100000,48.594033,17.977498,-2.317920,-0.013247,1.303144,1.302051
298.150000,48.560044,17.940827,-2.318606,-0.014194,1.303398,1.301901
298.200000,48.526029,17.904180,-2.319288,-0.013049,1.303618,1.303371
298.250000,48.491992,17.867554,-2.319855,-0.009622,1.303697,1.304296
298.300000,48.457937,17.830944,-2.320196,-0.004023,1.303591,1.304409
298.350000,48.423876,17.794341,-2.320219,0.003122,1.303346,1.304654
298.400000,48.389820,17.757732,-2.319877,0.010574,1.302561,1.300373
298.450000,48.355783,17.721106,-2.319197,0.016597,1.300580,1.300830
298.500000,48.321776,17.684452,-2.318299,0.019301,1.294917,1.301218
298.550000,48.287803,17.647767,-2.317389,0.017081,1.293172,1.301339
298.600000,48.253859,17.611054,-2.316733,0.009109,1.293319,1.301181
298.650000,48.219930,17.574327,-2.316613,-0.004342,1.291260,1.300756
298.700000,48.185992,17.537609,-2.317266,-0.021806,1.291169,1.299936
298.750000,48.152014,17.500929,-2.318832,-0.040823,1.287643,1.299085
298.800000,48.117961,17.464317,-2.321313,-0.058433,1.287401,1.290654
298.850000,48.083803,17.427804,-2.324569,-0.071753,1.286970,1.280395
298.900000,48.049515,17.391412,-2.328329,-0.078625,1.287246,1.277967
298.950000,48.015088,17.355152,-2.332245,-0.077977,1.285922,1.278185
299.000000,47.980521,17.319026,-2.335946,-0.070003,1.285451,1.278649
299.050000,47.945830,17.283018,-2.339096,-0.055973,1.284735,1.282547
299.100000,47.911039,17.247107,-2.341443,-0.037876,1.286867,1.283615
299.150000,47.876181,17.211261,-2.342839,-0.017945,1.286327,1.284670
299.200000,47.841291,17.175447,-2.343244,0.001736,1.287305,1.285186
299.250000,47.806404,17.139630,-2.342712,0.019518,1.288401,1.285889
299.300000,47.771550,17.103780,-2.341367,0.034281,1.288853,1.288927
299.350000,47.736757,17.067871,-2.339373,0.045436,1.292085,1.292279
299.400000,47.702044,17.031884,-2.336917,0.052809,1.296188,1.292489
299.450000,47.667426,16.995807,-2.334182,0.056554,1.298554,1.293329
299.500000,47.632909,16.959633,-2.331342,0.057032,1.300187,1.301361
299.550000,47.598494,16.923362,-2.328547,0.054755,1.305371,1.303690
299.600000,47.564178,16.886997,-2.325920,0.050301,1.313202,1.304353
299.650000,47.529953,16.850546,-2.323556,0.044277,1.313367,1.304432
299.700000,47.495808,16.814020,-2.321517,0.037257,1.313590,1.306896
299.750000,47.461732,16.777431,-2.319842,0.029736,1.307984,1.306846
299.800000,47.427710,16.740791,-2.318547,0.022067,1.308151,1.306649
299.850000,47.393728,16.704113,-2.317635,0.014437,1.308367,1.303747
299.900000,47.359773,16.667411,-2.317103,0.006812,1.302647,1.303485
299.950000,47.325830,16.630697,-2.316958,-0.000992,1.301214,1.302300
300.000000,47.291885,16.593985,-2.317213,-0.009218,1.299242,1.302269
300.050000,47.257923,16.557289,-2.317893,-0.017983,1.292841,1.301399
300.100000,47.223929,16.520624,-2.319019,-0.027049,1.292501,1.301301
300.150000,47.189884,16.484005,-2.320588,-0.035717,1.291905,1.292547
300.200000,47.155775,16.447445,-2.322551,-0.042777,1.289741,1.291874
300.250000,47.121589,16.410959,-2.324789,-0.046762,1.287836,1.284017
300.300000,47.087319,16.374550,-2.327116,-0.046267,1.287782,1.283620
300.350000,47.052966,16.338220,-2.329284,-0.040421,1.287361,1.283343
300.400000,47.018541,16.301958,-2.331025,-0.029213,1.286782,1.283719
300.450000,46.984065,16.265745,-2.332098,-0.013672,1.285693,1.284310
300.500000,46.949565,16.229554,-2.332334,0.004244,1.284919,1.285081
300.550000,46.915073,16.193357,-2.331678,0.022012,1.284139,1.285861
300.600000,46.880619,16.157122,-2.330202,0.036975,1.283515,1.287878
300.650000,46.846231,16.120825,-2.328105,0.046907,1.283151,1.288249
300.700000,46.811926,16.084450,-2.325673,0.050350,1.283865,1.289127
300.750000,46.777711,16.047990,-2.323241,0.046892,1.286309,1.289478
300.800000,46.743580,16.011451,-2.321138,0.037185,1.286766,1.289731
300.850000,46.709515,15.974851,-2.319637,0.022840,1.287236,1.290458
300.900000,46.675491,15.938212,-2.318912,0.006154,1.287792,1.290505
300.950000,46.641479,15.901563,-2.319015,-0.010265,1.291659,1.289826
301.000000,46.607449,15.864931,-2.319869,-0.023912,1.299774,1.289889
301.050000,46.573376,15.828337,-2.321289,-0.032839,1.301585,1.290007
301.100000,46.539245,15.791799,-2.323010,-0.035985,1.305938,1.292033
301.150000,46.505050,15.755320,-2.324745,-0.033389,1.305687,1.300974
301.200000,46.470796,15.718897,-2.326234,-0.026155,1.305074,1.301626
301.250000,46.436495,15.682518,-2.327293,-0.016211,1.304524,1.303968
301.300000,46.402164,15.646166,-2.327846,-0.005893,1.303417,1.304486
301.350000,46.367823,15.609826,-2.327930,0.002516,1.300572,1.304839
301.400000,46.333484,15.573482,-2.327686,0.007225,1.297995,1.303323
301.450000,46.299158,15.537127,-2.327324,0.007244,1.296671,1.303135
301.500000,46.264843,15.500761,-2.327079,0.002521,1.296243,1.301466
301.550000,46.230531,15.464392,-2.327168,-0.006069,1.295855,1.300949
301.600000,46.196208,15.428033,-2.327741,-0.016890,1.294927,1.298787
301.650000,46.161854,15.391704,-2.328859,-0.027825,1.291921,1.290828
301.700000,46.127451,15.355422,-2.330470,-0.036615,1.292345,1.288463
301.750000,46.092982,15.319202,-2.332417,-0.041238,1.292366,1.288135
301.800000,46.058440,15.283051,-2.334455,-0.040243,1.292359,1.287843
301.850000,46.023827,15.246969,-2.336287,-0.033021,1.289850,1.286368
301.900000,45.989157,15.210941,-2.337611,-0.019905,1.289377,1.283638
301.950000,45.954452,15.174947,-2.338164,-0.002193,1.285463,1.284252
302.000000,45.919744,15.138956,-2.337768,0.018059,1.284653,1.283553
302.050000,45.885069,15.102934,-2.336360,0.038243,1.282989,1.284216
302.100000,45.850461,15.066846,-2.334013,0.055611,1.281264,1.284840
302.150000,45.815953,15.030664,-2.330932,0.067618,1.280784,1.287607
302.200000,45.781564,14.994367,-2.327432,0.072352,1.280493,1.289899
302.250000,45.747305,14.957949,-2.323900,0.068885,1.282541,1.291345
302.300000,45.713169,14.921415,-2.320741,0.057471,1.286787,1.292095
302.350000,45.679136,14.884784,-2.318313,0.039612,1.288606,1.291490
302.400000,45.645175,14.848088,-2.316877,0.017818,1.290501,1.292190
302.450000,45.611246,14.811362,-2.316552,-0.004808,1.300666,1.291303
302.500000,45.577309,14.774643,-2.317301,-0.025165,1.304450,1.291836
302.550000,45.543328,14.737965,-2.318949,-0.040746,1.304960,1.292736
302.600000,45.509273,14.701355,-2.321220,-0.050073,1.305162,1.294233
302.650000,45.475129,14.664829,-2.323796,-0.052909,1.305562,1.298923
302.700000,45.440890,14.628391,-2.326371,-0.050110,1.306367,1.304813
302.750000,45.406561,14.592038,-2.328707,-0.043291,1.305931,1.308359
302.800000,45.372154,14.555759,-2.330646,-0.034286,1.305454,1.309344
302.850000,45.337686,14.519539,-2.332121,-0.024707,1.304379,1.309524
302.900000,45.303172,14.483362,-2.333130,-0.015641,1.303163,1.309640
302.950000,45.268630,14.447211,-2.333710,-0.007576,1.303156,1.309146
303.000000,45.234073,14.411075,-2.333913,-0.000535,1.301274,1.297669
303.050000,45.199516,14.374939,-2.333785,0.005649,1.297425,1.297688
303.100000,45.164968,14.338794,-2.333366,0.011111,1.295549,1.297358
303.150000,45.130441,14.302630,-2.332693,0.015812,1.293711,1.297295
303.200000,45.095941,14.266439,-2.331808,0.019558,1.291734,1.296674
303.250000,45.061477,14.230214,-2.330765,0.022167,1.291376,1.295928
303.300000,45.027053,14.193952,-2.329619,0.023662,1.290648,1.295955
303.350000,44.992671,14.157649,-2.328418,0.024387,1.288551,1.293266
303.400000,44.958334,14.121304,-2.327184,0.024957,1.286526,1.292285
303.450000,44.924042,14.084916,-2.325909,0.026081,1.285738,1.287083
303.500000,44.889798,14.048484,-2.324551,0.028233,1.285813,1.281606
303.550000,44.855605,14.012002,-2.323060,0.031405,1.284185,1.281721
303.600000,44.821470,13.975467,-2.321400,0.035007,1.282063,1.282142
303.650000,44.787399,13.938873,-2.319576,0.037948,1.281616,1.284079
303.700000,44.753397,13.902214,-2.317653,0.038948,1.281362,1.288823
303.750000,44.719465,13.865490,-2.315758,0.036862,1.281295,1.291297
303.800000,44.685600,13.828705,-2.314062,0.030961,1.284483,1.293499
303.850000,44.651791,13.791869,-2.312760,0.021080,1.290620,1.294058
303.900000,44.618020,13.754997,-2.312044,0.007567,1.291135,1.294363
303.950000,44.584261,13.718114,-2.312075,-0.008803,1.293167,1.294028
304.000000,44.550486,13.681247,-2.312969,-0.026969,1.295552,1.295336
304.050000,44.516661,13.644425,-2.314783,-0.045616,1.297939,1.295852
304.100000,44.482752,13.607679,-2.317505,-0.063235,1.298345,1.301536
304.150000,44.448728,13.571041,-2.321040,-0.078153,1.301462,1.300930
304.200000,44.414563,13.534535,-2.325212,-0.088726,1.303516,1.300180
304.250000,44.380237,13.498178,-2.329770,-0.093581,1.308540,1.300445
304.300000,44.345744,13.461981,-2.334407,-0.091888,1.308851,1.303939
304.350000,44.311087,13.425941,-2.338794,-0.083553,1.308371,1.311512
304.400000,44.276282,13.390045,-2.342613,-0.069229,1.307671,1.312229
304.450000,44.241353,13.354267,-2.345598,-0.050141,1.307000,1.312900
304.500000,44.206336,13.318577,-2.347547,-0.027825,1.306453,1.304365
304.550000,44.171271,13.282934,-2.348340,-0.003870,1.306174,1.303628
304.600000,44.136198,13.247299,-2.347931,0.020215,1.305648,1.302655
304.650000,44.101160,13.211628,-2.346350,0.043026,1.305129,1.302373
304.700000,44.066199,13.175883,-2.343693,0.063243,1.303475,1.302827
304.750000,44.031350,13.140028,-2.340123,0.079568,1.295944,1.302369
304.800000,43.996643,13.104037,-2.335862,0.090857,1.289728,1.300484
304.850000,43.962097,13.067890,-2.331184,0.096271,1.289106,1.299396
304.900000,43.927724,13.031579,-2.326389,0.095503,1.287022,1.299281
304.950000,43.893523,12.995106,-2.321778,0.088938,1.285581,1.295924
305.000000,43.859483,12.958482,-2.317613,0.077653,1.283218,1.294585
305.050000,43.825585,12.921728,-2.314090,0.063254,1.283884,1.290018
305.100000,43.791802,12.884867,-2.311322,0.047493,1.284536,1.285166
305.150000,43.758108,12.847925,-2.309336,0.031913,1.285070,1.284630
305.200000,43.724472,12.810930,-2.308102,0.017450,1.288180,1.284318
305.250000,43.690869,12.773905,-2.307558,0.004309,1.288467,1.287531
305.300000,43.657275,12.736872,-2.307650,-0.007970,1.288767,1.291031
305.350000,43.623666,12.699853,-2.308354,-0.020201,1.289660,1.291239
305.400000,43.590019,12.662868,-2.309687,-0.033127,1.291546,1.291653
305.450000,43.556311,12.625939,-2.311690,-0.046980,1.292683,1.292116
305.500000,43.522516,12.589089,-2.314396,-0.061265,1.294070,1.296727
305.550000,43.488608,12.552343,-2.317796,-0.074708,1.298150,1.300947
305.600000,43.454564,12.515723,-2.321802,-0.085540,1.298735,1.301065
305.650000,43.420366,12.479248,-2.326237,-0.091869,1.308773,1.300825
305.700000,43.386001,12.442928,-2.330838,-0.092189,1.309977,1.300923
305.750000,43.351472,12.406766,-2.335286,-0.085728,1.309741,1.303059
305.800000,43.316791,12.370749,-2.339246,-0.072658,1.309292,1.303508
305.850000,43.281980,12.334858,-2.342413,-0.054029,1.308599,1.304702
305.900000,43.247073,12.299059,-2.344553,-0.031542,1.307896,1.305703
305.950000,43.212111,12.263315,-2.345521,-0.007184,1.306032,1.306468
306.000000,43.177136,12.227583,-2.345272,0.017121,1.305426,1.307073
306.050000,43.142191,12.191822,-2.343849,0.039803,1.304420,1.307579
306.100000,43.107316,12.155993,-2.341360,0.059750,1.303627,1.307372
306.150000,43.072548,12.120060,-2.337959,0.076312,1.302771,1.307429
306.200000,43.037916,12.083996,-2.333822,0.089128,1.301705,1.307589
306.250000,43.003443,12.047779,-2.329145,0.097955,1.299917,1.303848
306.300000,42.969148,12.011395,-2.324135,0.102467,1.286700,1.288900
306.350000,42.935037,11.974837,-2.319017,0.102213,1.286593,1.289004
306.400000,42.901112,11.938107,-2.314046,0.096651,1.284993,1.288806
306.450000,42.867364,11.901215,-2.309496,0.085312,1.284535,1.288463
306.500000,42.833771,11.864181,-2.305662,0.068059,1.284182,1.287509
306.550000,42.800303,11.827034,-2.302828,0.045286,1.280269,1.286924
306.600000,42.766917,11.789813,-2.301244,0.018068,1.281025,1.283175
306.650000,42.733565,11.752562,-2.301088,-0.011846,1.281955,1.282247
306.700000,42.700190,11.715332,-2.302440,-0.042236,1.283911,1.281301
306.750000,42.666737,11.678171,-2.305262,-0.070637,1.288173,1.281234
306.800000,42.633155,11.641128,-2.309398,-0.094746,1.288914,1.282897
306.850000,42.599399,11.604242,-2.314584,-0.112693,1.290612,1.284417
306.900000,42.565438,11.567545,-2.320485,-0.123309,1.299038,1.284187
306.950000,42.531254,11.531056,-2.326724,-0.126218,1.299462,1.290348
307.000000,42.496843,11.494781,-2.332925,-0.121795,1.299211,1.292907
307.050000,42.462213,11.458715,-2.338746,-0.111017,1.300650,1.295450
307.100000,42.427385,11.422840,-2.343902,-0.095215,1.300274,1.295863
307.150000,42.392387,11.387131,-2.348178,-0.075815,1.302400,1.301119
307.200000,42.357256,11.351553,-2.351427,-0.054142,1.304559,1.302648
307.250000,42.322028,11.316071,-2.353562,-0.031263,1.304224,1.304277
307.300000,42.286745,11.280643,-2.354544,-0.007989,1.303769,1.304932
307.350000,42.251448,11.245230,-2.354367,0.015067,1.303503,1.305297
307.400000,42.216177,11.209790,-2.353056,0.037354,1.303100,1.305700
307.450000,42.180972,11.174285,-2.350666,0.058234,1.302506,1.306198
307.500000,42.145870,11.138678,-2.347286,0.076949,1.302077,1.307322
307.550000,42.110904,11.102937,-2.343046,0.092633,1.301261,1.307939
307.600000,42.076104,11.067036,-2.338117,0.104474,1.300839,1.308357
307.650000,42.041489,11.030955,-2.332708,0.111882,1.300583,1.307916
307.700000,42.007076,10.994681,-2.327045,0.114597,1.300615,1.307636
307.750000,41.972870,10.958213,-2.321362,0.112717,1.300926,1.299674
307.800000,41.938869,10.921554,-2.315879,0.106541,1.301273,1.299280
307.850000,41.905062,10.884715,-2.310805,0.096429,1.295934,1.297750
307.900000,41.871432,10.847714,-2.306327,0.082628,1.295038,1.296456
307.950000,41.837955,10.810576,-2.302629,0.065304,1.295059,1.295534
308.000000,41.804597,10.773330,-2.299879,0.044659,1.294345,1.295231
308.050000,41.771322,10.736010,-2.298232,0.021201,1.292424,1.293976
308.100000,41.738086,10.698655,-2.297805,-0.004109,1.293196,1.293188
308.150000,41.704843,10.661307,-2.298652,-0.029785,1.294113,1.290290
308.200000,41.671544,10.624009,-2.300748,-0.054002,1.295363,1.289437
308.250000,41.638145,10.586799,-2.303971,-0.074897,1.296066,1.288742
308.300000,41.604609,10.549714,-2.308118,-0.090926,1.297378,1.288433
308.350000,41.570907,10.512780,-2.312921,-0.101146,1.298091,1.289038
308.400000,41.537020,10.476015,-2.318085,-0.105370,1.298168,1.292240
308.450000,41.502941,10.439427,-2.323323,-0.104091,1.299009,1.292391
308.500000,41.468674,10.403017,-2.328384,-0.098344,1.298836,1.292567
308.550000,41.434228,10.366774,-2.333079,-0.089416,1.298851,1.292849
308.600000,41.399622,10.330685,-2.337279,-0.078577,1.298511,1.293196
308.650000,41.364875,10.294732,-2.340915,-0.066851,1.298714,1.293714
308.700000,41.330007,10.258895,-2.343957,-0.054840,1.299338,1.296025
308.750000,41.295042,10.223154,-2.346395,-0.042698,1.305921,1.296079
308.800000,41.260000,10.187488,-2.348218,-0.030215,1.305972,1.296036
308.850000,41.224905,10.151874,-2.349399,-0.017012,1.305886,1.297080
308.900000,41.189780,10.116290,-2.349895,-0.002802,1.305563,1.304205
308.950000,41.154650,10.080711,-2.349655,0.012415,1.298000,1.297881
309.000000,41.119542,10.045110,-2.348638,0.028228,1.297511,1.306908
309.050000,41.084485,10.009459,-2.346837,0.043829,1.297092,1.298708
309.100000,41.049506,9.973732,-2.344287,0.058131,1.296695,1.299091
309.150000,41.014629,9.937904,-2.341084,0.069959,1.295162,1.299110
309.200000,40.979877,9.901955,-2.337377,0.078267,1.292112,1.299186
309.250000,40.945265,9.865872,-2.333363,0.082284,1.291922,1.299177
309.300000,40.910801,9.829648,-2.329262,0.081686,1.291956,1.299033
309.350000,40.876483,9.793284,-2.325304,0.076616,1.292139,1.297761
309.400000,40.842304,9.756791,-2.321696,0.067679,1.292414,1.297466
309.450000,40.808247,9.720183,-2.318607,0.055861,1.292866,1.295024
309.500000,40.774292,9.683480,-2.316151,0.042381,1.292328,1.294562
309.550000,40.740416,9.646706,-2.314377,0.028552,1.291683,1.294184
309.600000,40.706591,9.609883,-2.313273,0.015633,1.290760,1.291767
309.650000,40.672797,9.573033,-2.312766,0.004683,1.289619,1.285777
309.700000,40.639011,9.536174,-2.312738,-0.003545,1.289851,1.285149
309.750000,40.605221,9.499321,-2.313045,-0.008702,1.290089,1.284911
309.800000,40.571414,9.462481,-2.313537,-0.010960,1.290132,1.284872
309.850000,40.537589,9.425660,-2.314087,-0.011015,1.290024,1.285448
309.900000,40.503743,9.388856,-2.314614,-0.010050,1.292809,1.289931
309.950000,40.469879,9.352070,-2.315103,-0.009534,1.292442,1.294268
310.000000,40.435997,9.315301,-2.315613,-0.010896,1.292173,1.295530
310.050000,40.402094,9.278551,-2.316263,-0.015147,1.292508,1.295501
310.100000,40.368162,9.241827,-2.317204,-0.022504,1.292795,1.296142
310.150000,40.334188,9.205142,-2.318571,-0.032182,1.296986,1.295728
310.200000,40.300155,9.168512,-2.320436,-0.042412,1.298743,1.295387
310.250000,40.266045,9.131954,-2.322766,-0.050755,1.299535,1.297799
310.300000,40.231843,9.095481,-2.325402,-0.054606,1.309355,1.301356
310.350000,40.197544,9.059100,-2.328067,-0.051905,1.309644,1.302156
310.400000,40.163153,9.022806,-2.330409,-0.041739,1.309418,1.302363
310.450000,40.128689,8.986582,-2.332073,-0.024771,1.308005,1.301875
310.500000,40.094180,8.950400,-2.332775,-0.003280,1.306204,1.301753
310.550000,40.059666,8.914223,-2.332377,0.019159,1.301718,1.302137
310.600000,40.025186,8.878013,-2.330936,0.038401,1.296557,1.303143
310.650000,39.990774,8.841740,-2.328708,0.050621,1.295850,1.303793
310.700000,39.956450,8.805382,-2.326109,0.053220,1.292597,1.301946
310.750000,39.922220,8.768935,-2.323638,0.045516,1.287933,1.301549
310.800000,39.888071,8.732414,-2.321774,0.028978,1.288633,1.290763
310.850000,39.853973,8.695844,-2.320874,0.006998,1.289556,1.289510
310.900000,39.819888,8.659263,-2.321097,-0.015844,1.290438,1.285858
310.950000,39.785775,8.622708,-2.322366,-0.034821,1.291534,1.284435
311.000000,39.751600,8.586210,-2.324392,-0.046120,1.292134,1.281333
311.050000,39.717344,8.549788,-2.326741,-0.047709,1.291110,1.279744
311.100000,39.683005,8.513446,-2.328929,-0.039705,1.286658,1.280529
311.150000,39.648595,8.477169,-2.330528,-0.024212,1.284562,1.281641
311.200000,39.614142,8.440933,-2.331250,-0.004652,1.283444,1.282998
311.250000,39.579682,8.404706,-2.330987,0.015134,1.282648,1.286975
311.300000,39.545248,8.368452,-2.329812,0.031792,1.283949,1.287490
311.350000,39.510869,8.332146,-2.327937,0.043121,1.285845,1.288493
311.400000,39.476568,8.295768,-2.325649,0.048309,1.288867,1.288410
311.450000,39.442353,8.259308,-2.323244,0.047845,1.289135,1.293888
311.500000,39.408224,8.222767,-2.320969,0.043107,1.290374,1.294334
311.550000,39.374173,8.186154,-2.318995,0.035867,1.291080,1.294224
311.600000,39.340187,8.149480,-2.317403,0.027799,1.291501,1.294270
311.650000,39.306253,8.112759,-2.316205,0.020125,1.301409,1.297102
311.700000,39.272355,8.076003,-2.315366,0.013450,1.303011,1.303810
311.750000,39.238483,8.039224,-2.314837,0.007725,1.304583,1.303840
311.800000,39.204625,8.002432,-2.314583,0.002416,1.304491,1.305730
311.850000,39.170772,7.965636,-2.314604,-0.003269,1.304461,1.307339
311.900000,39.136912,7.928846,-2.314937,-0.010061,1.304472,1.307267
311.950000,39.103033,7.892074,-2.315647,-0.018360,1.301537,1.305543
312.000000,39.069120,7.855333,-2.316806,-0.027987,1.300215,1.305350
312.050000,39.035156,7.818639,-2.318459,-0.038124,1.297985,1.304816
312.100000,39.001122,7.782010,-2.320597,-0.047378,1.298552,1.296571
312.150000,38.967002,7.745461,-2.323135,-0.054060,1.298939,1.290246
312.200000,38.932784,7.709003,-2.325900,-0.056487,1.298059,1.289916
312.250000,38.898466,7.672641,-2.328650,-0.053429,1.296936,1.289093
312.300000,38.864052,7.636369,-2.331097,-0.044375,1.291320,1.289346
312.350000,38.829559,7.600171,-2.332951,-0.029727,1.288647,1.289390
312.400000,38.795014,7.564024,-2.333964,-0.010781,1.285838,1.287546
312.450000,38.760450,7.527895,-2.333972,0.010455,1.285225,1.286955
312.500000,38.725904,7.491747,-2.332920,0.031610,1.284517,1.286183
312.550000,38.691416,7.455546,-2.330870,0.050324,1.283875,1.286825
312.600000,38.657017,7.419259,-2.327994,0.064658,1.283325,1.287422
312.650000,38.622734,7.382863,-2.324540,0.073396,1.283139,1.290961
312.700000,38.588583,7.346343,-2.320799,0.076179,1.283430,1.290889
312.750000,38.554570,7.309695,-2.317057,0.073445,1.297243,1.292362
312.800000,38.520690,7.272923,-2.313565,0.066195,1.297747,1.292232
312.850000,38.486932,7.236040,-2.310518,0.055652,1.298294,1.297179
312.900000,38.453275,7.199064,-2.308051,0.042982,1.301551,1.298950
312.950000,38.419698,7.162016,-2.306249,0.029118,1.301786,1.298845
313.000000,38.386174,7.124919,-2.305152,0.014754,1.302007,1.300693
313.050000,38.352678,7.087797,-2.304771,0.000496,1.302274,1.300426
313.100000,38.319183,7.050675,-2.305084,-0.013008,1.302679,1.300021
313.150000,38.285664,7.013574,-2.306036,-0.025024,1.303119,1.299579
313.200000,38.252100,6.976514,-2.307533,-0.034843,1.303813,1.298787
313.250000,38.218472,6.939512,-2.309456,-0.042027,1.304222,1.298352
313.300000,38.184766,6.902580,-2.311673,-0.046617,1.302426,1.298373
313.350000,38.150976,6.865726,-2.314069,-0.049197,1.302115,1.298537
313.400000,38.117095,6.828955,-2.316566,-0.050700,1.298373,1.298957
313.450000,38.083121,6.792271,-2.319134,-0.052011,1.293186,1.299387
313.500000,38.049052,6.755674,-2.321772,-0.053535,1.291220,1.299448
313.550000,38.014885,6.719169,-2.324485,-0.054943,1.290930,1.297563
313.600000,37.980619,6.682758,-2.327240,-0.055247,1.291671,1.296208
313.650000,37.946252,6.646441,-2.329952,-0.053173,1.292094,1.287495
313.700000,37.911790,6.610214,-2.332475,-0.047678,1.289476,1.276024
313.750000,37.877243,6.574069,-2.334627,-0.038370,1.288754,1.276666
313.800000,37.842627,6.537988,-2.336228,-0.025606,1.282471,1.277714
313.850000,37.807966,6.501952,-2.337127,-0.010333,1.281716,1.284086
313.900000,37.773287,6.465933,-2.337227,0.006321,1.281339,1.284572
313.950000,37.738620,6.429903,-2.336486,0.023321,1.281481,1.285247
314.000000,37.703994,6.393833,-2.334907,0.039813,1.288939,1.286193
314.050000,37.669440,6.357694,-2.332536,0.055008,1.290967,1.286259
314.100000,37.634984,6.321461,-2.329461,0.067937,1.292061,1.286896
314.150000,37.600651,6.285113,-2.325827,0.077354,1.291283,1.291396
314.200000,37.566458,6.248632,-2.321843,0.081896,1.291066,1.296710
314.250000,37.532412,6.212014,-2.317782,0.080446,1.291444,1.301099
314.300000,37.498512,6.175261,-2.313954,0.072591,1.294117,1.301144
314.350000,37.464744,6.138387,-2.310665,0.058893,1.298175,1.300830
314.400000,37.431083,6.101415,-2.308170,0.040867,1.299456,1.299847
314.450000,37.397497,6.064374,-2.306632,0.020632,1.300337,1.299163
314.500000,37.363950,6.027299,-2.306107,0.000416,1.300938,1.298552
314.550000,37.330404,5.990223,-2.306547,-0.017947,1.300535,1.298296
314.600000,37.296825,5.953176,-2.307828,-0.033238,1.296495,1.298195
314.650000,37.263186,5.916183,-2.309783,-0.044901,1.296462,1.297567
314.700000,37.229465,5.879266,-2.312227,-0.052817,1.292479,1.297073
314.750000,37.195648,5.842437,-2.314976,-0.057083,1.291412,1.289127
314.800000,37.161727,5.805703,-2.317850,-0.057816,1.290399,1.286393
314.850000,37.127701,5.769067,-2.320675,-0.055140,1.290226,1.286035
314.900000,37.093575,5.732523,-2.323286,-0.049257,1.288030,1.285791
314.950000,37.059359,5.696064,-2.325533,-0.040586,1.285282,1.283818
315.000000,37.025071,5.659673,-2.327294,-0.029837,1.284855,1.284245
315.050000,36.990728,5.623333,-2.328490,-0.018010,1.284564,1.284598
315.100000,36.956353,5.587024,-2.329097,-0.006288,1.287940,1.285001
315.150000,36.921966,5.550726,-2.329150,0.004145,1.288414,1.286999
315.200000,36.887586,5.514421,-2.328737,0.012306,1.288686,1.287520
315.250000,36.853228,5.478097,-2.327988,0.017613,1.288897,1.287755
315.300000,36.818900,5.441743,-2.327046,0.020032,1.289037,1.290804
315.350000,36.784609,5.405355,-2.326042,0.020110,1.289355,1.293055
315.400000,36.750353,5.368933,-2.325068,0.018866,1.292152,1.296848
315.450000,36.716132,5.332478,-2.324158,0.017535,1.292733,1.296393
315.500000,36.681943,5.295994,-2.323291,0.017178,1.299846,1.296939
315.550000,36.647786,5.259479,-2.322404,0.018323,1.304141,1.297849
315.600000,36.613663,5.222934,-2.321428,0.020715,1.306129,1.301315
315.650000,36.579578,5.186352,-2.320326,0.023365,1.305569,1.304531
315.700000,36.545535,5.149731,-2.319121,0.024788,1.305123,1.304940
315.750000,36.511536,5.113069,-2.317911,0.023529,1.302548,1.305217
315.800000,36.477580,5.076368,-2.316857,0.018595,1.300495,1.305101
315.850000,36.443657,5.039636,-2.316144,0.009869,1.294797,1.304581
315.900000,36.409751,5.002888,-2.315943,-0.001851,1.294053,1.304044
315.950000,36.375842,4.966144,-2.316364,-0.014984,1.294394,1.303355
316.000000,36.341904,4.929425,-2.317428,-0.027554,1.294675,1.293982
316.050000,36.307918,4.892753,-2.319059,-0.037627,1.295101,1.290958
316.100000,36.273863,4.856143,-2.321094,-0.043690,1.295159,1.288398
316.150000,36.239730,4.819606,-2.323311,-0.044916,1.292683,1.288272
316.200000,36.205516,4.783145,-2.325467,-0.041227,1.290244,1.288038
316.250000,36.171229,4.746753,-2.327330,-0.033249,1.289934,1.287199
316.300000,36.136881,4.710418,-2.328714,-0.022102,1.288286,1.284793
316.350000,36.102495,4.674119,-2.329497,-0.009203,1.286574,1.285226
316.400000,36.068091,4.637837,-2.329626,0.004014,1.286165,1.285637
316.450000,36.033695,4.601548,-2.329118,0.016281,1.285758,1.286173
316.500000,35.999328,4.565231,-2.328043,0.026678,1.286146,1.287749
316.550000,35.965008,4.528870,-2.326508,0.034678,1.288638,1.290977
316.600000,35.930751,4.492449,-2.324638,0.040119,1.288776,1.291809
316.650000,35.896567,4.455961,-2.322557,0.043086,1.291342,1.294366
316.700000,35.862460,4.419400,-2.320385,0.043745,1.292004,1.294317
316.750000,35.828433,4.382764,-2.318235,0.042198,1.296030,1.297668
316.800000,35.794482,4.346058,-2.316220,0.038394,1.300097,1.299521
316.850000,35.760601,4.309287,-2.314455,0.032165,1.300107,1.300608
316.900000,35.726779,4.272462,-2.313066,0.023332,1.300277,1.301323
316.950000,35.692999,4.235599,-2.312185,0.011877,1.300508,1.301096
317.000000,35.659240,4.198716,-2.311934,-0.001861,1.301045,1.300755
317.050000,35.625477,4.161837,-2.312408,-0.017105,1.301528,1.300235
317.100000,35.591683,4.124987,-2.313651,-0.032593,1.301977,1.297520
317.150000,35.557829,4.088192,-2.315635,-0.046725,1.302141,1.296960
317.200000,35.523890,4.051474,-2.318249,-0.057759,1.296284,1.290809
317.250000,35.489846,4.014854,-2.321298,-0.064115,1.296687,1.289970
317.300000,35.455687,3.978342,-2.324521,-0.064683,1.294863,1.289173
317.350000,35.421412,3.941938,-2.327616,-0.059034,1.291625,1.288527
317.400000,35.387031,3.905635,-2.330283,-0.047562,1.289961,1.287291
317.450000,35.352565,3.869412,-2.332258,-0.031389,1.287057,1.287310
317.500000,35.318044,3.833242,-2.333349,-0.012238,1.284413,1.287975
317.550000,35.283500,3.797093,-2.333458,0.007877,1.283382,1.288314
317.600000,35.248971,3.760930,-2.332587,0.026886,1.282935,1.288565
317.650000,35.214489,3.724723,-2.330840,0.042948,1.282567,1.288933
317.700000,35.180084,3.688442,-2.328398,0.054617,1.282232,1.289268
317.750000,35.145776,3.652069,-2.325506,0.061008,1.281978,1.289522
317.800000,35.111578,3.615593,-2.322432,0.061860,1.281873,1.289655
317.850000,35.077492,3.579013,-2.319444,0.057567,1.282883,1.290329
317.900000,35.043510,3.542336,-2.316777,0.049065,1.283327,1.290651
317.950000,35.009617,3.505576,-2.314609,0.037639,1.288649,1.289998
318.000000,34.975792,3.468753,-2.313051,0.024689,1.297232,1.290040
318.050000,34.942013,3.431889,-2.312148,0.011444,1.299296,1.297804
318.100000,34.908256,3.395005,-2.311891,-0.001150,1.299416,1.297693
318.150000,34.874496,3.358123,-2.312232,-0.012484,1.299473,1.298139
318.200000,34.840715,3.321261,-2.313099,-0.022143,1.299626,1.298700
318.250000,34.806893,3.284436,-2.314398,-0.029781,1.299864,1.300032
318.300000,34.773016,3.247661,-2.316018,-0.034981,1.305649,1.299751
318.350000,34.739077,3.210944,-2.317827,-0.037303,1.305944,1.299454
318.400000,34.705070,3.174290,-2.319671,-0.036402,1.305954,1.299225
318.450000,34.670997,3.137697,-2.321388,-0.032246,1.300454,1.297834
318.500000,34.636866,3.101159,-2.322827,-0.025286,1.300066,1.297526
318.550000,34.602689,3.064663,-2.323872,-0.016484,1.299558,1.297458
318.600000,34.568483,3.028195,-2.324463,-0.007179,1.295198,1.296927
318.650000,34.534263,2.991739,-2.324612,0.001178,1.292965,1.294751
318.700000,34.500045,2.955282,-2.324397,0.007382,1.290069,1.292824
318.750000,34.465839,2.918813,-2.323943,0.010712,1.289675,1.292757
318.800000,34.431652,2.882327,-2.323397,0.011098,1.288142,1.290319
318.850000,34.397485,2.845823,-2.322893,0.009034,1.288069,1.288075
318.900000,34.363333,2.809303,-2.322532,0.005416,1.287909,1.284991
318.950000,34.329191,2.772774,-2.322365,0.001257,1.288060,1.284840
319.000000,34.295052,2.736243,-2.322397,-0.002529,1.288136,1.284841
319.050000,34.260909,2.699717,-2.322593,-0.005278,1.288218,1.289291
319.100000,34.226756,2.663198,-2.322891,-0.006608,1.288379,1.289701
319.150000,34.192591,2.626691,-2.323215,-0.006356,1.292971,1.289832
319.200000,34.158416,2.590194,-2.323488,-0.004526,1.293053,1.289975
319.250000,34.124232,2.553704,-2.323632,-0.001221,1.293048,1.291693
319.300000,34.090047,2.517216,-2.323580,0.003333,1.293043,1.294168
319.350000,34.055868,2.480723,-2.323278,0.008749,1.292972,1.295010
319.400000,34.021705,2.444214,-2.322698,0.014444,1.297648,1.295368
319.450000,33.987568,2.407680,-2.321845,0.019652,1.297449,1.302563
319.500000,33.953467,2.371114,-2.320765,0.023516,1.297903,1.302865
319.550000,33.919409,2.334508,-2.319544,0.025267,1.299108,1.305792
319.600000,33.885395,2.297859,-2.318301,0.024412,1.299089,1.305811
319.650000,33.851426,2.261170,-2.317168,0.020873,1.299201,1.305599
319.700000,33.817495,2.224446,-2.316269,0.015054,1.298437,1.300263
319.750000,33.783590,2.187697,-2.315700,0.007723,1.298828,1.299869
319.800000,33.749700,2.150935,-2.315511,-0.000148,1.299000,1.299427
319.850000,33.715809,2.114173,-2.315706,-0.007649,1.298906,1.294897
319.900000,33.681905,2.077424,-2.316250,-0.014091,1.292993,1.294622
319.950000,33.647975,2.040699,-2.317081,-0.019121,1.291811,1.284351
320.000000,33.614011,2.004005,-2.318125,-0.022613,1.289785,1.283940
320.050000,33.580005,1.967350,-2.319305,-0.024568,1.285645,1.283437
320.100000,33.545955,1.930735,-2.320544,-0.024945,1.285684,1.282216
320.150000,33.511860,1.894163,-2.321758,-0.023602,1.282368,1.279324
320.200000,33.477723,1.857631,-2.322858,-0.020390,1.282431,1.278759
320.250000,33.443548,1.821133,-2.323752,-0.015313,1.281917,1.278683
320.300000,33.409346,1.784660,-2.324354,-0.008765,1.281654,1.278946
320.350000,33.375129,1.748203,-2.324614,-0.001671,1.281343,1.279295
320.400000,33.340908,1.711748,-2.324541,0.004555,1.280965,1.282052
320.450000,33.306694,1.675287,-2.324221,0.008210,1.280583,1.283602
320.500000,33.272495,1.638812,-2.323820,0.007731,1.280577,1.288915
320.550000,33.238308,1.602326,-2.323572,0.002119,1.284134,1.291000
320.600000,33.204123,1.565838,-2.323733,-0.008636,1.285068,1.292199
320.650000,33.169921,1.529365,-2.324533,-0.023375,1.287546,1.294035
320.700000,33.135677,1.492933,-2.326114,-0.039857,1.295732,1.297013
320.750000,33.101360,1.456569,-2.328490,-0.055119,1.305444,1.296090
320.800000,33.066944,1.420298,-2.331522,-0.066068,1.306427,1.297178
320.850000,33.032411,1.384140,-2.334930,-0.070086,1.306682,1.297262
320.900000,32.997753,1.348100,-2.338326,-0.065624,1.306644,1.299956
320.950000,32.962980,1.312172,-2.341282,-0.052486,1.306120,1.300560
321.000000,32.928115,1.276333,-2.343394,-0.031933,1.306411,1.305011
321.050000,32.893194,1.240548,-2.344355,-0.006461,1.305516,1.307184
321.100000,32.858262,1.204775,-2.344000,0.020604,1.304638,1.308062
321.150000,32.823366,1.168966,-2.342342,0.045630,1.303712,1.308988
321.200000,32.788551,1.133078,-2.339566,0.065292,1.302893,1.309807
321.250000,32.753851,1.097080,-2.336002,0.077089,1.302459,1.310207
321.300000,32.719287,1.060950,-2.332077,0.079781,1.301233,1.309469
321.350000,32.684865,1.024686,-2.328240,0.073559,1.297735,1.307470
321.400000,32.650574,0.988297,-2.324900,0.059971,1.294491,1.305332
321.450000,32.616392,0.951806,-2.322361,0.041534,1.295402,1.294762
321.500000,32.582284,0.915246,-2.320792,0.021242,1.295975,1.292183
321.550000,32.548216,0.878649,-2.320213,0.001972,1.295814,1.290070
321.600000,32.514152,0.842047,-2.320515,-0.013939,1.295349,1.289640
321.650000,32.480065,0.805468,-2.321490,-0.024968,1.295185,1.289127
321.700000,32.445933,0.768930,-2.322878,-0.030449,1.291518,1.288165
321.750000,32.411747,0.732443,-2.324404,-0.030519,1.291377,1.287325
321.800000,32.377507,0.696006,-2.325819,-0.026007,1.287624,1.285858
321.850000,32.343220,0.659614,-2.326927,-0.018296,1.286423,1.286077
321.900000,32.308901,0.623252,-2.327614,-0.009195,1.285985,1.286504
321.950000,32.274564,0.586906,-2.327861,-0.000714,1.282700,1.289187
322.000000,32.240226,0.550562,-2.327746,0.005229,1.280367,1.290833
322.050000,32.205896,0.514211,-2.327433,0.007214,1.280077,1.291123
322.100000,32.171578,0.477848,-2.327135,0.004638,1.280188,1.291076
322.150000,32.137267,0.441478,-2.327070,-0.002087,1.284177,1.290625
322.200000,32.102951,0.405112,-2.327412,-0.011609,1.290042,1.290265
322.250000,32.068614,0.368767,-2.328252,-0.021987,1.295419,1.290592
322.300000,32.034238,0.332459,-2.329583,-0.031198,1.295844,1.290786
322.350000,31.999806,0.296205,-2.331306,-0.037646,1.297589,1.290758
322.400000,31.965306,0.260014,-2.333262,-0.040553,1.300337,1.295907
322.450000,31.930734,0.223892,-2.335278,-0.040024,1.302244,1.301556
322.500000,31.896091,0.187838,-2.337203,-0.036953,1.301960,1.301850
322.550000,31.861381,0.151849,-2.338942,-0.032619,1.301991,1.302321
322.600000,31.826613,0.115916,-2.340466,-0.028346,1.302109,1.302802
322.650000,31.791794,0.080033,-2.341801,-0.025079,1.302582,1.302918
322.700000,31.756929,0.044193,-2.343008,-0.023233,1.302532,1.302968
322.750000,31.722023,0.008395,-2.344154,-0.022600,1.302680,1.302820
322.800000,31.687075,-0.027364,-2.345282,-0.022539,1.302950,1.302498
322.850000,31.652088,-0.063083,-2.346402,-0.022234,1.303082,1.299631
322.900000,31.617061,-0.098764,-2.347484,-0.021031,1.303944,1.299393
322.950000,31.581997,-0.134408,-2.348478,-0.018731,1.304206,1.295863
323.000000,31.546899,-0.170020,-2.349341,-0.015767,1.303982,1.299888
323.050000,31.511774,-0.205603,-2.350063,-0.013166,1.303650,1.303943
323.100000,31.476625,-0.241163,-2.350700,-0.012359,1.302969,1.304231
323.150000,31.441452,-0.276701,-2.351378,-0.014825,1.302747,1.304415
323.200000,31.406253,-0.312211,-2.352289,-0.021714,1.300717,1.304350
323.250000,31.371013,-0.347682,-2.353667,-0.033503,1.299145,1.304155
323.300000,31.335713,-0.383092,-2.355750,-0.049876,1.299737,1.303552
323.350000,31.300323,-0.418413,-2.358740,-0.069736,1.302227,1.300511
323.400000,31.264810,-0.453610,-2.362770,-0.091489,1.305072,1.299715
323.450000,31.229136,-0.488644,-2.367893,-0.113403,1.305731,1.298369
323.500000,31.193265,-0.523476,-2.374080,-0.134034,1.306312,1.297774
323.550000,31.157161,-0.558067,-2.381246,-0.152552,1.306577,1.296805
323.600000,31.120796,-0.592382,-2.389282,-0.168883,1.305863,1.296562
323.650000,31.084142,-0.626389,-2.398097,-0.183695,1.305886,1.292889
323.700000,31.047178,-0.660059,-2.407644,-0.198205,1.305944,1.291632
323.750000,31.009881,-0.693360,-2.417944,-0.213857,1.306033,1.290361
323.800000,30.972230,-0.726260,-2.429089,-0.232055,1.304487,1.287245
323.850000,30.934199,-0.758719,-2.441235,-0.253877,1.302002,1.286846
323.900000,30.895757,-0.790692,-2.454576,-0.279885,1.300466,1.286273
323.950000,30.856871,-0.822123,-2.469322,-0.310022,1.300304,1.284188
324.000000,30.817502,-0.852946,-2.485660,-0.343559,1.301105,1.282982
324.050000,30.777609,-0.883088,-2.503727,-0.379148,1.301913,1.278587
324.100000,30.737151,-0.912468,-2.523581,-0.414969,1.303010,1.277464
324.150000,30.696093,-0.941002,-2.545183,-0.448957,1.303975,1.275825
324.200000,30.654406,-0.968610,-2.568391,-0.479131,1.304976,1.274955
324.250000,30.612070,-0.995212,-2.592973,-0.503872,1.308276,1.274424
324.300000,30.569079,-1.020741,-2.618632,-0.522158,1.308533,1.274167
324.350000,30.525437,-1.045142,-2.645036,-0.533631,1.308668,1.274062
324.400000,30.481161,-1.068371,-2.671850,-0.538568,1.309015,1.274672
324.450000,30.436276,-1.090402,-2.698766,-0.537770,1.309042,1.281849
324.500000,30.390815,-1.111219,-2.725527,-0.532481,1.310913,1.285003
324.550000,30.344818,-1.130820,-2.751950,-0.524340,1.310977,1.285291
324.600000,30.298322,-1.149209,-2.777939,-0.515347,1.310727,1.287373
324.650000,30.251367,-1.166393,-2.803509,-0.507727,1.310304,1.287796
324.700000,30.203992,-1.182378,-2.828782,-0.503648,1.309696,1.288404
324.750000,30.156228,-1.197165,-2.853978,-0.504730,1.309045,1.288814
324.800000,30.108106,-1.210739,-2.879373,-0.511556,1.306951,1.288849
324.850000,30.059652,-1.223077,-2.905236,-0.523244,1.307533,1.288267
324.900000,30.010892,-1.234143,-2.931755,-0.537459,1.308850,1.287083
324.950000,29.961852,-1.243894,-2.958972,-0.550768,1.312666,1.283738
325.000000,29.912563,-1.252293,-2.986750,-0.559483,1.313527,1.278967
325.050000,29.863058,-1.259311,-3.014780,-0.560603,1.313645,1.275457
325.100000,29.813376,-1.264942,-3.042639,-0.552655,1.312136,1.274204
325.150000,29.763558,-1.269200,-3.069879,-0.536040,1.308154,1.265379
325.200000,29.713643,-1.272124,-3.096114,-0.512820,1.305976,1.266498
325.250000,29.663670,-1.273767,-3.121089,-0.486060,1.304269,1.270427
325.300000,29.613672,-1.274196,3.138478,-0.458932,1.303499,1.287306
325.350000,29.563677,-1.273478,3.116167,-0.434002,1.303474,1.293326
325.400000,29.513710,-1.271673,3.095012,-0.412812,1.305004,1.293565
325.450000,29.463790,-1.268837,3.074809,-0.395883,1.313309,1.293591
325.500000,29.413937,-1.265012,3.055350,-0.383035,1.313333,1.293567
325.550000,29.364166,-1.260233,3.036440,-0.373840,1.312595,1.293678
325.600000,29.314493,-1.254523,3.017907,-0.368003,1.309625,1.293875
325.650000,29.264933,-1.247900,2.999581,-0.365570,1.309291,1.294361
325.700000,29.215504,-1.240371,2.981286,-0.366831,1.309093,1.295207
325.750000,29.166220,-1.231935,2.962829,-0.372064,1.310031,1.295207
325.800000,29.117102,-1.222584,2.944011,-0.381193,1.314115,1.294886
325.850000,29.068172,-1.212297,2.924651,-0.393548,1.314548,1.293771
325.900000,29.019454,-1.201050,2.904619,-0.407806,1.315095,1.291615
325.950000,28.970975,-1.188811,2.883864,-0.422152,1.315366,1.289226
326.000000,28.922765,-1.175552,2.862430,-0.434632,1.315039,1.288148
326.050000,28.874854,-1.161249,2.840456,-0.443549,1.314085,1.285780
326.100000,28.827272,-1.145888,2.818150,-0.447787,1.310064,1.285794
326.150000,28.780046,-1.129466,2.795759,-0.447014,1.309055,1.285945
326.200000,28.733198,-1.111994,2.773525,-0.441648,1.308753,1.286133
326.250000,28.686747,-1.093493,2.751654,-0.432708,1.308188,1.286080
326.300000,28.640707,-1.073991,2.730292,-0.421563,1.307071,1.286429
326.350000,28.595088,-1.053524,2.709512,-0.409685,1.306743,1.286757
326.400000,28.549898,-1.032126,2.689316,-0.398437,1.306001,1.286992
326.450000,28.505143,-1.009833,2.669643,-0.388905,1.304419,1.287397
326.500000,28.460831,-0.986672,2.650388,-0.381768,1.303901,1.288877
326.550000,28.416968,-0.962670,2.631425,-0.377169,1.303042,1.288508
326.600000,28.373567,-0.937844,2.612635,-0.374647,1.303575,1.286541
326.650000,28.330638,-0.912210,2.593940,-0.373131,1.303069,1.285364
326.700000,28.288195,-0.885779,2.575326,-0.371069,1.303971,1.284704
326.750000,28.246249,-0.858566,2.556864,-0.366702,1.303234,1.282790
326.800000,28.204809,-0.830589,2.538712,-0.358459,1.303222,1.281046
326.850000,28.163877,-0.801874,2.521091,-0.345344,1.302839,1.280874
326.900000,28.123446,-0.772458,2.504255,-0.327217,1.300551,1.281411
326.950000,28.083501,-0.742384,2.488437,-0.304839,1.296401,1.282199
327.000000,28.044019,-0.711706,2.473817,-0.279669,1.295533,1.283067
327.050000,28.004970,-0.680478,2.460489,-0.253490,1.294847,1.283918
327.100000,27.966319,-0.648759,2.448461,-0.227960,1.295763,1.284761
327.150000,27.928033,-0.616600,2.437666,-0.204303,1.298868,1.285824
327.200000,27.890077,-0.584052,2.427993,-0.183180,1.300388,1.286251
327.250000,27.852422,-0.551157,2.419307,-0.164796,1.300634,1.286701
327.300000,27.815039,-0.517953,2.411472,-0.149150,1.300457,1.288635
327.350000,27.777905,-0.484471,2.404351,-0.136278,1.300605,1.291214
327.400000,27.741001,-0.450736,2.397801,-0.126387,1.301252,1.293325
327.450000,27.704310,-0.416768,2.391664,-0.119791,1.301187,1.300652
327.500000,27.667824,-0.382580,2.385769,-0.116706,1.302233,1.307560
327.550000,27.631539,-0.348180,2.379942,-0.116996,1.304805,1.307510
327.600000,27.595456,-0.313568,2.374027,-0.120017,1.310415,1.307104
327.650000,27.559582,-0.278739,2.367913,-0.124662,1.314322,1.305117
327.700000,27.523925,-0.243688,2.361554,-0.129562,1.314758,1.300942
327.750000,27.488496,-0.208406,2.354970,-0.133418,1.312822,1.300851
327.800000,27.453303,-0.172889,2.348240,-0.135278,1.306729,1.300503
327.850000,27.418351,-0.137135,2.341479,-0.134666,1.304054,1.298930
327.900000,27.383640,-0.101147,2.334811,-0.131555,1.302810,1.297590
327.950000,27.349166,-0.064932,2.328357,-0.126183,1.301762,1.297507
328.000000,27.314921,-0.028500,2.322222,-0.118853,1.299086,1.296889
328.050000,27.280893,0.008135,2.316498,-0.109783,1.298425,1.296079
328.100000,27.247066,0.044955,2.311269,-0.099069,1.298341,1.293459
328.150000,27.213422,0.081943,2.306614,-0.086810,1.297112,1.289225
328.200000,27.179939,0.119076,2.302608,-0.073244,1.295378,1.288986
328.250000,27.146592,0.156331,2.299303,-0.058934,1.297455,1.289543
328.300000,27.113355,0.193685,2.296714,-0.044827,1.296996,1.290504
328.350000,27.080201,0.231113,2.294802,-0.032188,1.296621,1.292127
328.400000,27.047109,0.268595,2.293456,-0.022386,1.296461,1.296120
328.450000,27.014058,0.306114,2.292506,-0.016572,1.296228,1.298072
328.500000,26.981040,0.343660,2.291731,-0.015341,1.296096,1.298204
328.550000,26.948050,0.381233,2.290905,-0.018453,1.296236,1.298064
328.600000,26.915096,0.418837,2.289835,-0.024751,1.296669,1.296950
328.650000,26.882189,0.456481,2.288406,-0.032283,1.297222,1.294678
328.700000,26.849342,0.494179,2.286618,-0.038674,1.297888,1.293813
328.750000,26.816568,0.531939,2.284586,-0.041639,1.298721,1.292479
328.800000,26.783872,0.569767,2.282527,-0.039534,1.299027,1.292315
328.850000,26.751250,0.607660,2.280717,-0.031793,1.299133,1.292567
328.900000,26.718688,0.645603,2.279425,-0.019109,1.297256,1.293194
328.950000,26.686162,0.683577,2.278857,-0.003305,1.292997,1.293933
329.000000,26.653641,0.721556,2.279108,0.013052,1.291140,1.294775
329.050000,26.621097,0.759515,2.280136,0.027251,1.290268,1.295432
329.100000,26.588501,0.797429,2.281772,0.037041,1.289956,1.295744
329.150000,26.555835,0.835284,2.283756,0.041098,1.290326,1.295573
329.200000,26.523093,0.873072,2.285793,0.039260,1.291749,1.294821
329.250000,26.490277,0.910796,2.287605,0.032465,1.292622,1.294378
329.300000,26.457400,0.948467,2.288987,0.022460,1.293131,1.293812
329.350000,26.424481,0.986101,2.289830,0.011326,1.293365,1.294175
329.400000,26.391541,1.023717,2.290128,0.001029,1.293452,1.295948
329.450000,26.358599,1.061331,2.289965,-0.006981,1.293654,1.295746
329.500000,26.325669,1.098956,2.289475,-0.011988,1.293550,1.295566
329.550000,26.292762,1.136601,2.288811,-0.014032,1.293128,1.294646
329.600000,26.259880,1.174268,2.288108,-0.013765,1.292958,1.292588
329.650000,26.227025,1.211958,2.287456,-0.012191,1.292768,1.291019
329.700000,26.194192,1.249667,2.286894,-0.010365,1.292608,1.290892
329.750000,26.161379,1.287394,2.286412,-0.009127,1.292496,1.291118
329.800000,26.128584,1.325136,2.285967,-0.008931,1.292519,1.291153
329.850000,26.095805,1.362892,2.285503,-0.009814,1.292695,1.290177
329.900000,26.063045,1.400665,2.284973,-0.011456,1.292849,1.289252
329.950000,26.030307,1.438457,2.284352,-0.013340,1.293010,1.288789
330.000000,25.997593,1.476270,2.283642,-0.014925,1.293110,1.289190
330.050000,25.964908,1.514108,2.282870,-0.015765,1.293088,1.289865
330.100000,25.932253,1.551971,2.282081,-0.015565,1.292954,1.291646
330.150000,25.899627,1.589860,2.281331,-0.014182,1.292872,1.291728
330.200000,25.867028,1.627771,2.280681,-0.011592,1.293400,1.291739
330.250000,25.834451,1.665702,2.280189,-0.007874,1.294750,1.291750
330.300000,25.801888,1.703645,2.279907,-0.003243,1.294765,1.291167
330.350000,25.769331,1.741593,2.279873,0.001908,1.294648,1.289852
330.400000,25.736771,1.779538,2.280099,0.006989,1.293523,1.290098
330.450000,25.704198,1.817472,2.280562,0.011249,1.290525,1.290393
330.500000,25.671603,1.855388,2.281202,0.013919,1.289079,1.290621
330.550000,25.638983,1.893281,2.281922,0.014396,1.288980,1.290720
330.600000,25.606335,1.931151,2.282605,0.012444,1.289059,1.290528
330.650000,25.573665,1.969001,2.283133,0.008311,1.289296,1.289891
330.700000,25.540978,2.006837,2.283412,0.002718,1.289850,1.289305
330.750000,25.508287,2.044670,2.283396,-0.003301,1.290986,1.288729
330.800000,25.475602,2.082507,2.283090,-0.008643,1.291860,1.287640
330.850000,25.442932,2.120359,2.282553,-0.012434,1.292073,1.287087
330.900000,25.410287,2.158230,2.281876,-0.014249,1.291621,1.286197
330.950000,25.377668,2.196125,2.281157,-0.014207,1.289012,1.286342
331.000000,25.345076,2.234042,2.280476,-0.012867,1.285572,1.286628
331.050000,25.312508,2.271981,2.279880,-0.011002,1.285284,1.286916
331.100000,25.279961,2.309937,2.279375,-0.009277,1.285826,1.287081
331.150000,25.247431,2.347909,2.278945,-0.007993,1.288268,1.287083
331.200000,25.214917,2.385893,2.278570,-0.007006,1.290212,1.286873
331.250000,25.182416,2.423889,2.278246,-0.005828,1.290832,1.286468
331.300000,25.149926,2.461895,2.277997,-0.003914,1.291063,1.286237
331.350000,25.117444,2.499906,2.277870,-0.000974,1.291050,1.289704
331.400000,25.084963,2.537919,2.277914,0.002806,1.290710,1.298790
331.450000,25.052477,2.575928,2.278155,0.006769,1.290179,1.299321
331.500000,25.019978,2.613926,2.278582,0.009990,1.289780,1.299607
331.550000,24.987460,2.651907,2.279132,0.011614,1.289771,1.299244
331.600000,24.954920,2.689870,2.279713,0.011187,1.290114,1.296564
331.650000,24.922360,2.727815,2.280221,0.008847,1.290383,1.290379
331.700000,24.889783,2.765745,2.280577,0.005293,1.290695,1.288762
331.750000,24.857195,2.803667,2.280745,0.001584,1.291059,1.288541
331.800000,24.824605,2.841587,2.280747,-0.001175,1.291220,1.288380
331.850000,24.792017,2.879508,2.280653,-0.002141,1.291344,1.288256
331.900000,24.759432,2.917432,2.280565,-0.000955,1.291292,1.288563
331.950000,24.726850,2.955358,2.280588,0.002166,1.291123,1.290196
332.000000,24.694262,2.993280,2.280802,0.006485,1.291079,1.292321
332.050000,24.661663,3.031191,2.281241,0.010925,1.290851,1.292747
332.100000,24.629043,3.069085,2.281881,0.014306,1.290813,1.293202
332.150000,24.596396,3.106955,2.282642,0.015594,1.290945,1.293025
332.200000,24.563720,3.144800,2.283401,0.014145,1.292326,1.293458
332.250000,24.531017,3.182623,2.284014,0.009841,1.296524,1.294527
332.300000,24.498296,3.220430,2.284347,0.003137,1.298314,1.297186
332.350000,24.465570,3.258231,2.284303,-0.005025,1.298742,1.296758
332.400000,24.432853,3.296041,2.283839,-0.013392,1.299196,1.296049
332.450000,24.400161,3.333873,2.282977,-0.020658,1.299522,1.295078
332.500000,24.367508,3.371739,2.281804,-0.025696,1.299662,1.294938
332.550000,24.334903,3.409646,2.280451,-0.027740,1.299624,1.295541
332.600000,24.302351,3.447597,2.279079,-0.026472,1.299513,1.297087
332.650000,24.269848,3.485592,2.277852,-0.022026,1.299325,1.297275
332.700000,24.237387,3.523622,2.276918,-0.014915,1.299335,1.297491
332.750000,24.204954,3.561676,2.276390,-0.005975,1.299757,1.297643
332.800000,24.172533,3.599739,2.276334,0.003719,1.299534,1.297866
332.850000,24.140104,3.637797,2.276758,0.012940,1.299178,1.298222
332.900000,24.107651,3.675834,2.277605,0.020406,1.298572,1.298517
332.950000,24.075159,3.713837,2.278757,0.024952,1.296380,1.298197
333.000000,24.042620,3.751801,2.280046,0.025755,1.292728,1.297472
333.050000,24.010033,3.789723,2.281272,0.022530,1.292760,1.297440
333.100000,23.977404,3.827609,2.282243,0.015687,1.293027,1.297173
333.150000,23.944746,3.865470,2.282800,0.006319,1.294098,1.296497
333.200000,23.912075,3.903320,2.282857,-0.003962,1.296179,1.295308
333.250000,23.879413,3.941177,2.282413,-0.013359,1.296847,1.294381
333.300000,23.846775,3.979055,2.281555,-0.020285,1.297421,1.293455
333.350000,23.814175,4.016966,2.280436,-0.023716,1.297132,1.292668
333.400000,23.781620,4.054916,2.279240,-0.023405,1.296667,1.293105
333.450000,23.749108,4.092903,2.278145,-0.019866,1.295234,1.294184
333.500000,23.716634,4.130922,2.277288,-0.014182,1.294069,1.294631
333.550000,23.684187,4.168964,2.276743,-0.007651,1.293752,1.294948
333.600000,23.651755,4.207018,2.276520,-0.001432,1.293595,1.294964
333.650000,23.619325,4.245075,2.276584,0.003709,1.293589,1.294639
333.700000,23.586889,4.283126,2.276871,0.007509,1.293708,1.294592
333.750000,23.554438,4.321165,2.277317,0.010144,1.293825,1.294475
333.800000,23.521968,4.359187,2.277874,0.012047,1.293862,1.294860
333.850000,23.489476,4.397190,2.278517,0.013682,1.293848,1.296037
333.900000,23.456957,4.435171,2.279242,0.015353,1.293766,1.296334
333.950000,23.424409,4.473126,2.280054,0.017107,1.293701,1.296399
334.000000,23.391829,4.511054,2.280952,0.018719,1.293557,1.296148
334.050000,23.359213,4.548952,2.281918,0.019772,1.293332,1.295368
334.100000,23.326560,4.586817,2.282914,0.019802,1.293214,1.295486
334.150000,23.293870,4.624650,2.283878,0.018438,1.293164,1.295170
334.200000,23.261145,4.662453,2.284735,0.015531,1.293214,1.294158
334.250000,23.228390,4.700231,2.285410,0.011203,1.293289,1.294011
334.300000,23.195615,4.737991,2.285839,0.005826,1.293565,1.293735
334.350000,23.162829,4.775741,2.285983,-0.000074,1.294481,1.293495
334.400000,23.130043,4.813491,2.285831,-0.005945,1.296401,1.292989
334.450000,23.097268,4.851251,2.285395,-0.011334,1.296587,1.292013
334.500000,23.064515,4.889029,2.284708,-0.015945,1.296635,1.291965
334.550000,23.031791,4.926834,2.283814,-0.019643,1.296593,1.291979
334.600000,22.999105,4.964670,2.282758,-0.022381,1.296537,1.291963
334.650000,22.966461,5.002543,2.281591,-0.024116,1.295708,1.291920
334.700000,22.933862,5.040455,2.280363,-0.024726,1.293225,1.291753
334.750000,22.901310,5.078407,2.279137,-0.023984,1.292321,1.291550
334.800000,22.868803,5.116398,2.277989,-0.021593,1.292292,1.291508
334.850000,22.836338,5.154424,2.277007,-0.017267,1.292697,1.291440
334.900000,22.803905,5.192478,2.276293,-0.010869,1.293769,1.291231
334.950000,22.771492,5.230549,2.275949,-0.002520,1.293622,1.291378
335.000000,22.739084,5.268624,2.276065,0.007331,1.293362,1.291638
335.050000,22.706661,5.306687,2.276696,0.017918,1.291666,1.291563
335.100000,22.674205,5.344721,2.277855,0.028269,1.287790,1.291331
335.150000,22.641695,5.382710,2.279507,0.037422,1.287408,1.292792
335.200000,22.609114,5.420637,2.281570,0.044645,1.287163,1.293037
335.250000,22.576449,5.458492,2.283938,0.049637,1.287519,1.293103
335.300000,22.543691,5.496266,2.286502,0.052600,1.288940,1.293013
335.350000,22.510833,5.533954,2.289175,0.054141,1.290031,1.292794
335.400000,22.477874,5.571553,2.291905,0.055024,1.290849,1.292551
335.450000,22.444811,5.609061,2.294676,0.055865,1.290930,1.292498
335.500000,22.411643,5.646476,2.297494,0.056831,1.290823,1.292874
335.550000,22.378370,5.683798,2.300357,0.057515,1.290530,1.293586
335.600000,22.344989,5.721023,2.303230,0.056986,1.290063,1.293640
335.650000,22.311503,5.758153,2.306022,0.054052,1.289677,1.293410
335.700000,22.277917,5.795194,2.308585,0.047633,1.289388,1.293412
335.750000,22.244243,5.832154,2.310725,0.037149,1.289623,1.292980
335.800000,22.210501,5.869052,2.312240,0.022801,1.290079,1.292021
335.850000,22.176718,5.905912,2.312960,0.005672,1.290674,1.291426
335.900000,22.142924,5.942763,2.312789,-0.012367,1.291335,1.290765
335.950000,22.109153,5.979635,2.311739,-0.028958,1.292293,1.290539
336.000000,22.075434,6.016555,2.309946,-0.041647,1.294872,1.291067
336.050000,22.041793,6.053544,2.307660,-0.048342,1.298573,1.291626
336.100000,22.008239,6.090614,2.305219,-0.047722,1.300149,1.293556
336.150000,21.974774,6.127763,2.303002,-0.039532,1.301135,1.296198
336.200000,21.941381,6.164978,2.301369,-0.024716,1.300622,1.301378
336.250000,21.908033,6.202233,2.300604,-0.005340,1.299893,1.302107
336.300000,21.874695,6.239496,2.300867,0.015697,1.299024,1.302892
336.350000,21.841328,6.276734,2.302158,0.035161,1.297435,1.303729
336.400000,21.807896,6.313913,2.304320,0.050068,1.294757,1.304139
336.450000,21.774372,6.351010,2.307068,0.058308,1.292766,1.303297
336.500000,21.740741,6.388009,2.310039,0.059077,1.292638,1.301609
336.550000,21.707001,6.424909,2.312871,0.053064,1.292816,1.298333
336.600000,21.673164,6.461720,2.315268,0.042229,1.292306,1.292057
336.650000,21.639250,6.498461,2.317056,0.029262,1.291433,1.287136
336.700000,21.605283,6.535151,2.318198,0.016854,1.291106,1.284254
336.750000,21.571284,6.571813,2.318777,0.006995,1.290225,1.283399
336.800000,21.537272,6.608462,2.318948,0.000551,1.287858,1.283542
336.850000,21.503258,6.645110,2.318880,-0.002764,1.287439,1.284188
336.900000,21.469249,6.681763,2.318705,-0.004008,1.287645,1.286081
336.950000,21.435248,6.718422,2.318495,-0.004387,1.289103,1.289683
337.000000,21.401254,6.755088,2.318269,-0.004643,1.290219,1.293870
337.050000,21.367269,6.791763,2.318032,-0.004667,1.293278,1.297301
337.100000,21.333293,6.828445,2.317816,-0.003543,1.297450,1.296914
337.150000,21.299322,6.865133,2.317712,0.000087,1.303062,1.297019
337.200000,21.265351,6.901821,2.317878,0.007411,1.303652,1.298666
337.250000,21.231366,6.938495,2.318516,0.018909,1.304635,1.300350
337.300000,21.197346,6.975137,2.319826,0.034060,1.304113,1.301794
337.350000,21.163263,7.011721,2.321959,0.051422,1.303229,1.305546
337.400000,21.129086,7.048217,2.324976,0.069024,1.302317,1.309183
337.450000,21.094784,7.084594,2.328839,0.084900,1.301492,1.310008
337.500000,21.060328,7.120826,2.333421,0.097575,1.301052,1.310080
337.550000,21.025696,7.156891,2.338539,0.106288,1.300776,1.309651
337.600000,20.990873,7.192771,2.343989,0.110963,1.301539,1.309234
337.650000,20.955852,7.228457,2.349579,0.111936,1.301696,1.308504
337.700000,20.920632,7.263948,2.355133,0.109632,1.301737,1.308463
337.750000,20.885219,7.299245,2.360497,0.104335,1.301716,1.308484
337.800000,20.849622,7.334357,2.365524,0.096166,1.301668,1.308532
337.850000,20.813858,7.369298,2.370073,0.085273,1.301704,1.308496
337.900000,20.777944,7.404087,2.374016,0.072118,1.301953,1.308247
337.950000,20.741906,7.438746,2.377263,0.057715,1.302426,1.307774
338.000000,20.705768,7.473301,2.379789,0.043673,1.303089,1.306485
338.050000,20.669555,7.507777,2.381661,0.031992,1.303823,1.303407
338.100000,20.633285,7.542194,2.383048,0.024586,1.304344,1.300871
338.150000,20.596973,7.576566,2.384201,0.022778,1.304392,1.299753
338.200000,20.560622,7.610896,2.385414,0.026823,1.303908,1.297921
338.250000,20.524223,7.645176,2.386959,0.035702,1.302019,1.297870
338.300000,20.487763,7.679391,2.389029,0.047242,1.297835,1.297467
338.350000,20.451222,7.713520,2.391687,0.058549,1.296604,1.296125
338.400000,20.414582,7.747542,2.394843,0.066688,1.293626,1.296590
338.450000,20.377829,7.781443,2.398278,0.069377,1.290084,1.296560
338.500000,20.340960,7.815216,2.401685,0.065594,1.287579,1.295721
338.550000,20.303981,7.848869,2.404746,0.055868,1.286200,1.293757
338.600000,20.266908,7.882419,2.407207,0.042199,1.286995,1.292105
338.650000,20.229765,7.915891,2.408944,0.027601,1.288601,1.291157
338.700000,20.192575,7.949312,2.409996,0.015379,1.291865,1.290365
338.750000,20.155359,7.982703,2.410555,0.008341,1.294564,1.289965
338.800000,20.118129,8.016078,2.410929,0.008126,1.295004,1.291069
338.850000,20.080884,8.049437,2.411472,0.014843,1.294477,1.294023
338.900000,20.043614,8.082768,2.412501,0.027102,1.293990,1.294710
338.950000,20.006298,8.116047,2.414234,0.042401,1.293701,1.295499
339.000000,19.968912,8.149248,2.416748,0.057751,1.292959,1.296241
339.050000,19.931430,8.182340,2.419974,0.070384,1.292466,1.297049
339.100000,19.893832,8.215301,2.423720,0.078328,1.292297,1.298404
339.150000,19.856107,8.248116,2.427725,0.080755,1.292676,1.299683
339.200000,19.818249,8.280778,2.431717,0.078056,1.293913,1.300345
339.250000,19.780265,8.313293,2.435470,0.071589,1.295247,1.299911
339.300000,19.742165,8.345672,2.438844,0.063266,1.296321,1.299479
339.350000,19.703963,8.377930,2.441795,0.055026,1.297079,1.299065
339.400000,19.665672,8.410083,2.444368,0.048352,1.298224,1.297715
339.450000,19.627303,8.442142,2.446664,0.043977,1.297447,1.293788
339.500000,19.588864,8.474118,2.448799,0.041809,1.292662,1.290856
339.550000,19.550358,8.506012,2.450869,0.041130,1.285899,1.291201
339.600000,19.511786,8.537827,2.452922,0.040960,1.285587,1.292776
339.650000,19.473149,8.569563,2.454961,0.040457,1.285495,1.296005
339.700000,19.434448,8.601221,2.456956,0.039186,1.286061,1.295812
339.750000,19.395685,8.632804,2.458868,0.037174,1.289219,1.295276
339.800000,19.356863,8.664314,2.460666,0.034713,1.294229,1.294471
339.850000,19.317987,8.695757,2.462336,0.032041,1.294378,1.293891
339.900000,19.279061,8.727137,2.463867,0.029089,1.294105,1.292894
339.950000,19.240089,8.758461,2.465235,0.025400,1.293340,1.293160
340.000000,19.201077,8.789736,2.466388,0.020338,1.292846,1.293913
340.050000,19.162034,8.820971,2.467243,0.013485,1.292323,1.295135
340.100000,19.122970,8.852180,2.467712,0.005064,1.292580,1.295135
340.150000,19.083898,8.883379,2.467738,-0.003854,1.294371,1.294865
340.200000,19.044832,8.914585,2.467341,-0.011489,1.298204,1.294096
340.250000,19.005784,8.945814,2.466634,-0.015839,1.298819,1.293366
340.300000,18.966760,8.977073,2.465826,-0.015395,1.299128,1.292772
340.350000,18.927759,9.008361,2.465173,-0.009765,1.298933,1.292967
340.400000,18.888774,9.039668,2.464915,0.000006,1.296948,1.294205
340.450000,18.849788,9.070975,2.465207,0.011626,1.292132,1.296450
340.500000,18.810784,9.102259,2.466068,0.022157,1.289436,1.297364
340.550000,18.771745,9.133500,2.467371,0.028880,1.288891,1.297909
340.600000,18.732662,9.164685,2.468875,0.030055,1.288929,1.297554
340.650000,18.693533,9.195813,2.470288,0.025349,1.289599,1.295093
340.700000,18.654365,9.226891,2.471334,0.015755,1.290464,1.290699
340.750000,18.615173,9.257939,2.471814,0.003133,1.291066,1.287361
340.800000,18.575976,9.288981,2.471629,-0.010449,1.291116,1.286855
340.850000,18.536796,9.320043,2.470778,-0.023257,1.290944,1.286783
340.900000,18.497651,9.351151,2.469330,-0.034147,1.290308,1.286992
340.950000,18.458559,9.382325,2.467400,-0.042517,1.290195,1.287105
341.000000,18.419533,9.413582,2.465120,-0.048061,1.290511,1.286990
341.050000,18.380583,9.444932,2.462638,-0.050551,1.291374,1.286827
341.100000,18.341711,9.476381,2.460113,-0.049782,1.292178,1.286608
341.150000,18.302917,9.507925,2.457709,-0.045726,1.293032,1.285968
341.200000,18.264195,9.539558,2.455585,-0.038772,1.292857,1.286344
341.250000,18.225535,9.571265,2.453863,-0.029913,1.291080,1.287786
341.300000,18.186922,9.603030,2.452602,-0.020700,1.287482,1.289433
341.350000,18.148341,9.634835,2.451775,-0.012935,1.286919,1.291058
341.400000,18.109782,9.666666,2.451266,-0.008237,1.288008,1.294080
341.450000,18.071236,9.698512,2.450893,-0.007576,1.293118,1.296483
341.500000,18.032703,9.730374,2.450447,-0.011022,1.297573,1.297227
341.550000,17.994188,9.762258,2.449739,-0.017770,1.298051,1.296749
341.600000,17.955701,9.794176,2.448639,-0.026393,1.298535,1.295920
341.650000,17.917256,9.826145,2.447093,-0.035280,1.298899,1.294413
341.700000,17.878868,9.858182,2.445125,-0.043035,1.298276,1.293229
341.750000,17.840548,9.890300,2.442818,-0.048751,1.296208,1.292448
341.800000,17.802307,9.922512,2.440285,-0.052078,1.295466,1.292488
341.850000,17.764150,9.954823,2.437645,-0.053120,1.294521,1.292579
341.900000,17.726078,9.987235,2.435003,-0.052220,1.294753,1.292693
341.950000,17.688091,10.019747,2.432446,-0.049775,1.296534,1.292747
342.000000,17.650184,10.052352,2.430044,-0.046127,1.298860,1.292840
342.050000,17.612353,10.085045,2.427848,-0.041563,1.298965,1.292821
342.100000,17.574590,10.117816,2.425897,-0.036421,1.299181,1.292848
342.150000,17.536887,10.150656,2.424209,-0.031173,1.299043,1.293374
342.200000,17.499235,10.183554,2.422773,-0.026456,1.298803,1.295435
342.250000,17.461626,10.216503,2.421546,-0.022972,1.298476,1.298324
342.300000,17.424056,10.249495,2.420450,-0.021274,1.298269,1.299223
342.350000,17.386521,10.282527,2.419389,-0.021533,1.298289,1.300911
342.400000,17.349021,10.315599,2.418272,-0.023369,1.298509,1.300749
342.450000,17.311561,10.348716,2.417041,-0.025837,1.298994,1.299714
342.500000,17.274143,10.381881,2.415695,-0.027612,1.299393,1.297607
342.550000,17.236771,10.415097,2.414307,-0.027288,1.299624,1.296684
342.600000,17.199444,10.448364,2.413013,-0.023725,1.299583,1.294210
342.650000,17.162156,10.481675,2.411992,-0.016297,1.298730,1.292292
342.700000,17.124894,10.515015,2.411441,-0.004977,1.294809,1.291754
342.750000,17.087641,10.548365,2.411546,0.009732,1.288723,1.291577
342.800000,17.050371,10.581696,2.412454,0.026977,1.288220,1.291648
342.850000,17.013056,10.614976,2.414268,0.045705,1.287666,1.290989
342.900000,16.975665,10.648171,2.417032,0.064772,1.287350,1.290287
342.950000,16.938167,10.681245,2.420734,0.082951,1.286997,1.289003
343.000000,16.900532,10.714163,2.425298,0.098935,1.286526,1.289474
343.050000,16.862735,10.746895,2.430579,0.111420,1.286020,1.290327
343.100000,16.824756,10.779417,2.436374,0.119283,1.285624,1.292473
343.150000,16.786585,10.811712,2.442430,0.121867,1.285401,1.295044
343.200000,16.748219,10.843774,2.448482,0.119260,1.285599,1.295288
343.250000,16.709662,10.875608,2.454291,0.112433,1.286291,1.294693
343.300000,16.670928,10.907225,2.459685,0.103174,1.287055,1.292746
343.350000,16.632030,10.938642,2.464600,0.093760,1.288057,1.289601
343.400000,16.592986,10.969875,2.469088,0.086516,1.289435,1.288365
343.450000,16.553807,11.000940,2.473309,0.083374,1.289543,1.288257
343.500000,16.514498,11.031839,2.477503,0.085573,1.289373,1.289038
343.550000,16.475057,11.062570,2.481952,0.093573,1.287848,1.290975
343.600000,16.435471,11.093115,2.486944,0.107185,1.284659,1.292647
343.650000,16.395722,11.123447,2.492745,0.125744,1.285298,1.295751
343.700000,16.355783,11.153528,2.499579,0.148297,1.287510,1.296149
343.750000,16.315622,11.183311,2.507619,0.173668,1.287217,1.296583
343.800000,16.275203,11.212745,2.516970,0.200424,1.286709,1.297091
343.850000,16.234491,11.241772,2.527661,0.226840,1.285879,1.297862
343.900000,16.193453,11.270335,2.539625,0.250924,1.284367,1.299115
343.950000,16.152060,11.298382,2.552693,0.270599,1.282158,1.301131
344.000000,16.110292,11.325867,2.566597,0.284009,1.280395,1.302717
344.050000,16.068138,11.352757,2.580987,0.289889,1.279345,1.302855
344.100000,16.025600,11.379035,2.595471,0.287859,1.279495,1.302464
344.150000,15.982689,11.404698,2.609665,0.278582,1.280975,1.301214
344.200000,15.939425,11.429762,2.623243,0.263683,1.284169,1.300075
344.250000,15.895834,11.454254,2.635981,0.245536,1.285380,1.298868
344.300000,15.851946,11.478209,2.647784,0.226904,1.286066,1.296596
344.350000,15.807789,11.501664,2.658700,0.210584,1.286656,1.295152
344.400000,15.763387,11.524653,2.668907,0.199057,1.287010,1.294466
344.450000,15.718758,11.547198,2.678699,0.194226,1.287242,1.293927
344.500000,15.673912,11.569307,2.688441,0.197207,1.287208,1.293892
344.550000,15.628849,11.590972,2.698535,0.208224,1.286943,1.294157
344.600000,15.583563,11.612165,2.709371,0.226599,1.286485,1.294647
344.650000,15.538040,11.632844,2.721283,0.250838,1.285768,1.295558
344.700000,15.492260,11.652949,2.734514,0.278857,1.285263,1.296843
344.750000,15.446204,11.672413,2.749194,0.308266,1.285162,1.298133
344.800000,15.399854,11.691166,2.765331,0.336698,1.284326,1.299174
344.850000,15.353195,11.709135,2.782824,0.362057,1.283738,1.300665
344.900000,15.306218,11.726258,2.801474,0.382657,1.283467,1.302833
344.950000,15.258923,11.742480,2.821008,0.397226,1.283725,1.303002
345.000000,15.211315,11.757760,2.841101,0.404832,1.284476,1.304185
345.050000,15.163407,11.772075,2.861388,0.404852,1.284318,1.306482
345.100000,15.115221,11.785417,2.881479,0.397063,1.283072,1.306578
345.150000,15.066779,11.797802,2.900991,0.381879,1.280964,1.306368
345.200000,15.018109,11.809260,2.919580,0.360613,1.281004,1.304682
345.250000,14.969241,11.819840,2.936996,0.335623,1.280307,1.300068
345.300000,14.920203,11.829598,2.953131,0.310191,1.279716,1.294794
345.350000,14.871019,11.838594,2.968054,0.288046,1.279970,1.292130
345.400000,14.821710,11.846880,2.982023,0.272661,1.280777,1.291323
345.450000,14.772293,11.854492,2.995443,0.266465,1.281094,1.291112
345.500000,14.722778,11.861443,3.008806,0.270234,1.280771,1.292767
345.550000,14.673175,11.867724,3.022591,0.282826,1.279875,1.295618
345.600000,14.623487,11.873301,3.037176,0.301379,1.278660,1.296640
345.650000,14.573720,11.878129,3.052763,0.321889,1.277602,1.297698
345.700000,14.523883,11.882156,3.069340,0.340043,1.276714,1.298586
345.750000,14.473984,11.885335,3.086690,0.352083,1.276196,1.299104
345.800000,14.424037,11.887637,3.104436,0.355471,1.276469,1.299163
345.850000,14.374057,11.889051,3.122109,0.349221,1.279304,1.299569
345.900000,14.324060,11.889594,3.139235,0.333850,1.283259,1.300141
345.950000,14.274061,11.889304,-3.127793,0.311027,1.284014,1.299386
346.000000,14.224072,11.888236,-3.112919,0.283083,1.283008,1.297823
346.050000,14.174104,11.886462,-3.099522,0.252530,1.280787,1.295548
346.100000,14.124161,11.884056,-3.087673,0.221708,1.281483,1.294112
346.150000,14.074249,11.881097,-3.077331,0.192606,1.282124,1.292861
346.200000,14.024368,11.877658,-3.068370,0.166798,1.283128,1.292054
346.250000,13.974516,11.873801,-3.060594,0.145447,1.284275,1.291449
346.300000,13.924695,11.869582,-3.053757,0.129331,1.284637,1.290886
346.350000,13.874902,11.865040,-3.047587,0.118811,1.284877,1.290523
346.400000,13.825136,11.860202,-3.041803,0.113784,1.284980,1.289920
346.450000,13.775399,11.855080,-3.036143,0.113624,1.284895,1.288898
346.500000,13.725692,11.849675,-3.030390,0.117173,1.284667,1.288633
346.550000,13.676018,11.843978,-3.024395,0.122825,1.284345,1.288955
346.600000,13.626379,11.837977,-3.018101,0.128712,1.283953,1.289347
346.650000,13.576780,11.831656,-3.011543,0.133009,1.283580,1.290452
346.700000,13.527225,11.825006,-3.004839,0.134259,1.283705,1.292691
346.750000,13.477714,11.818024,-2.998167,0.131679,1.286545,1.295268
346.800000,13.428251,11.810716,-2.991722,0.125323,1.290399,1.297001
346.850000,13.378835,11.803100,-2.985674,0.116065,1.290881,1.296519
346.900000,13.329463,11.795196,-2.980136,0.105374,1.291469,1.295892
346.950000,13.280134,11.787033,-2.975136,0.094970,1.291918,1.295305
347.000000,13.230845,11.778635,-2.970616,0.086436,1.292163,1.294937
347.050000,13.181592,11.770024,-2.966453,0.080911,1.292718,1.294807
347.100000,13.132374,11.761214,-2.962479,0.078928,1.293763,1.294940
347.150000,13.083192,11.752209,-2.958514,0.080438,1.294480,1.295291
347.200000,13.034046,11.743006,-2.954395,0.084974,1.295102,1.295679
347.250000,12.984940,11.733593,-2.949985,0.091878,1.295571,1.297059
347.300000,12.935878,11.723955,-2.945183,0.100541,1.295403,1.298697
347.350000,12.886864,11.714071,-2.939912,0.110577,1.295226,1.299068
347.400000,12.837907,11.703915,-2.934109,0.121890,1.294349,1.299553
347.450000,12.789012,11.693461,-2.927705,0.134659,1.292971,1.299790
347.500000,12.740188,11.682678,-2.920620,0.149212,1.292667,1.300033
347.550000,12.691447,11.671531,-2.912756,0.165864,1.292457,1.300243
347.600000,12.642799,11.659979,-2.904004,0.184731,1.292173,1.300527
347.650000,12.594261,11.647979,-2.894256,0.205563,1.291705,1.300800
347.700000,12.545848,11.635480,-2.883429,0.227693,1.290273,1.300987
347.750000,12.497581,11.622431,-2.871482,0.250084,1.287863,1.301426
347.800000,12.449481,11.608779,-2.858432,0.271499,1.285765,1.301946
347.850000,12.401570,11.594476,-2.844359,0.290746,1.283459,1.302526
347.900000,12.353873,11.579478,-2.829396,0.306919,1.281839,1.302843
347.950000,12.306411,11.563750,-2.813712,0.319523,1.280944,1.302196
348.000000,12.259206,11.547267,-2.797491,0.328485,1.280915,1.299436
348.050000,12.212278,11.530011,-2.780908,0.334030,1.279801,1.296927
348.100000,12.165645,11.511973,-2.764127,0.336506,1.278083,1.296917
348.150000,12.119321,11.493155,-2.747293,0.336242,1.278670,1.297024
348.200000,12.073321,11.473560,-2.730534,0.333508,1.279847,1.298044
348.250000,12.027653,11.453201,-2.713970,0.328589,1.279978,1.299374
348.300000,11.982327,11.432095,-2.697698,0.321897,1.279819,1.299181
348.350000,11.937345,11.410262,-2.681795,0.314074,1.280101,1.298899
348.400000,11.892712,11.387726,-2.666295,0.305977,1.280685,1.298566
348.450000,11.848429,11.364509,-2.651189,0.298549,1.283577,1.298169
348.500000,11.804498,11.340634,-2.636421,0.292589,1.286796,1.297862
348.550000,11.760920,11.316118,-2.621905,0.288544,1.286846,1.297796
348.600000,11.717701,11.290976,-2.607542,0.286362,1.286744,1.297956
348.650000,11.674847,11.265218,-2.593250,0.285509,1.286559,1.298739
348.700000,11.632364,11.238851,-2.578984,0.285122,1.285510,1.299861
348.750000,11.590262,11.211880,-2.564743,0.284262,1.284304,1.300096
348.800000,11.548547,11.184314,-2.550573,0.282162,1.285174,1.300177
348.850000,11.507225,11.156163,-2.536547,0.278404,1.286433,1.300514
348.900000,11.466299,11.127439,-2.522753,0.272995,1.287565,1.302229
348.950000,11.425769,11.098159,-2.509264,0.266314,1.290560,1.303912
349.000000,11.385632,11.068343,-2.496130,0.258999,1.292791,1.304059
349.050000,11.345885,11.038009,-2.483363,0.251825,1.292937,1.304802
349.100000,11.306523,11.007176,-2.470936,0.245590,1.293110,1.305190
349.150000,11.267542,10.975863,-2.458783,0.241034,1.293259,1.305262
349.200000,11.228942,10.944082,-2.446803,0.238755,1.293877,1.305410
349.250000,11.190724,10.911843,-2.434873,0.239135,1.294056,1.305356
349.300000,11.152895,10.879148,-2.422855,0.242262,1.293932,1.305358
349.350000,11.115464,10.845998,-2.410615,0.247870,1.294363,1.305626
349.400000,11.078448,10.812385,-2.398043,0.255354,1.294050,1.306050
349.450000,11.041863,10.778303,-2.385066,0.263850,1.294235,1.306987
349.500000,11.005732,10.743742,-2.371657,0.272377,1.294554,1.308046
349.550000,10.970074,10.708691,-2.357838,0.280016,1.293760,1.308298
349.600000,10.934911,10.673145,-2.343675,0.286051,1.292321,1.307039
349.650000,10.900259,10.637100,-2.329259,0.290045,1.291036,1.304454
349.700000,10.866134,10.600556,-2.314697,0.291853,1.289999,1.303025
349.750000,10.832545,10.563518,-2.300099,0.291572,1.288904,1.302692
349.800000,10.799500,10.525995,-2.285562,0.289516,1.286409,1.302384
349.850000,10.767001,10.487997,-2.271163,0.286192,1.284233,1.301967
349.900000,10.735049,10.449538,-2.256950,0.282322,1.286243,1.301856
349.950000,10.703644,10.410632,-2.242926,0.278839,1.288626,1.301581
350.000000,10.672783,10.371292,-2.229048,0.276796,1.288869,1.301138
350.050000,10.642471,10.331528,-2.215216,0.277200,1.289059,1.300841
350.100000,10.612713,10.291348,-2.201288,0.280742,1.289168,1.299137
350.150000,10.583522,10.250754,-2.187100,0.287545,1.289079,1.297421
350.200000,10.554918,10.209744,-2.172499,0.297006,1.288700,1.297800
350.250000,10.526926,10.168314,-2.157381,0.307848,1.288114,1.303508
350.300000,10.499575,10.126458,-2.141717,0.318381,1.287477,1.309823
350.350000,10.472894,10.084172,-2.125567,0.326929,1.286586,1.310331
350.400000,10.446907,10.041455,-2.109064,0.332278,1.286010,1.310490
350.450000,10.421633,9.998313,-2.092384,0.333968,1.286194,1.307892
350.500000,10.397083,9.954755,-2.075708,0.332342,1.286725,1.304920
350.550000,10.373259,9.910796,-2.059179,0.328325,1.287334,1.304466
350.600000,10.350161,9.866451,-2.042890,0.323050,1.287622,1.304178
350.650000,10.327782,9.821739,-2.026877,0.317507,1.287706,1.304094
350.700000,10.306115,9.776677,-2.011135,0.312328,1.287601,1.304593
350.750000,10.285155,9.731283,-1.995635,0.307817,1.287431,1.305169
350.800000,10.264896,9.685571,-1.980342,0.304155,1.287934,1.305213
350.850000,10.245334,9.639556,-1.965205,0.301632,1.290020,1.305077
350.900000,10.226469,9.593252,-1.950157,0.300796,1.291705,1.304394
350.950000,10.208303,9.546669,-1.935094,0.302415,1.291997,1.303703
351.000000,10.190843,9.499816,-1.919874,0.307257,1.293176,1.303583
351.050000,10.174106,9.452701,-1.904322,0.315784,1.294040,1.304469
351.100000,10.158115,9.405327,-1.888250,0.327934,1.293613,1.305638
351.150000,10.142903,9.357697,-1.871491,0.343024,1.290187,1.306356
351.200000,10.128510,9.309813,-1.853925,0.359870,1.286814,1.309190
351.250000,10.114982,9.261678,-1.835499,0.377040,1.286271,1.311729
351.300000,10.102363,9.213297,-1.816234,0.393125,1.285893,1.312107
351.350000,10.090697,9.164677,-1.796214,0.406943,1.285680,1.312320
351.400000,10.080023,9.115829,-1.775578,0.417596,1.285567,1.311383
351.450000,10.070370,9.066770,-1.754502,0.424378,1.285436,1.310353
351.500000,10.061760,9.017517,-1.733196,0.426640,1.285383,1.309845
351.550000,10.054202,8.968091,-1.711902,0.423671,1.285327,1.309359
351.600000,10.047692,8.918517,-1.690903,0.414709,1.285282,1.309056
351.650000,10.042211,8.868818,-1.670514,0.399101,1.283627,1.308566
351.700000,10.037722,8.819020,-1.651079,0.376563,1.282522,1.307815
351.750000,10.034170,8.769147,-1.632939,0.347472,1.283132,1.306520
351.800000,10.031485,8.719219,-1.616397,0.313074,1.285810,1.304766
351.850000,10.029582,8.669255,-1.601669,0.275528,1.289182,1.302242
351.900000,10.028367,8.619270,-1.588845,0.237748,1.291745,1.300009
351.950000,10.027746,8.569274,-1.577853,0.203056,1.293479,1.298721
352.000000,10.027634,8.519274,-1.568456,0.174723,1.294412,1.297788
352.050000,10.027960,8.469275,-1.560264,0.155456,1.295049,1.297151
352.100000,10.028676,8.419280,-1.552773,0.146973,1.295337,1.296919
352.150000,10.029760,8.369292,-1.545424,0.149731,1.294471,1.297382
352.200000,10.031219,8.319313,-1.537669,0.162878,1.292718,1.299173
352.250000,10.033087,8.269348,-1.529031,0.184446,1.291370,1.300830
352.300000,10.035415,8.219402,-1.519154,0.211722,1.290410,1.301790
352.350000,10.038273,8.169484,-1.507827,0.241718,1.290375,1.302724
352.400000,10.041733,8.119604,-1.494985,0.271605,1.290308,1.303492
352.450000,10.045871,8.069775,-1.480699,0.299031,1.289713,1.304652
352.500000,10.050752,8.020014,-1.465136,0.322276,1.287926,1.305854
352.550000,10.056434,7.970338,-1.448538,0.340252,1.286610,1.306390
352.600000,10.062959,7.920766,-1.431185,0.352404,1.285934,1.306609
352.650000,10.070357,7.871316,-1.413373,0.358612,1.283739,1.306796
352.700000,10.078639,7.822007,-1.395396,0.359114,1.280374,1.306677
352.750000,10.087805,7.772854,-1.377526,0.354472,1.281052,1.305564
352.800000,10.097840,7.723871,-1.360001,0.345573,1.282830,1.304670
352.850000,10.108719,7.675069,-1.343006,0.333581,1.285530,1.303429
352.900000,10.120411,7.626455,-1.326663,0.319841,1.287638,1.302597
352.950000,10.132878,7.578035,-1.311025,0.305746,1.289039,1.301890
353.000000,10.146085,7.529810,-1.296075,0.292568,1.290004,1.301296
353.050000,10.159995,7.481784,-1.281741,0.281329,1.290215,1.301026
353.100000,10.174581,7.433959,-1.267907,0.272706,1.290394,1.299087
353.150000,10.189817,7.386337,-1.254433,0.266981,1.287488,1.297722
353.200000,10.205688,7.338923,-1.241174,0.264011,1.284501,1.296872
353.250000,10.222183,7.291722,-1.228003,0.263266,1.283825,1.296316
353.300000,10.239299,7.244743,-1.214830,0.263891,1.283338,1.296463
353.350000,10.257033,7.197993,-1.201611,0.264850,1.283211,1.296569
353.400000,10.275384,7.151483,-1.188355,0.265134,1.282907,1.296692
353.450000,10.294351,7.105220,-1.175117,0.263969,1.282608,1.296310
353.500000,10.313926,7.059211,-1.161981,0.260981,1.282728,1.295872
353.550000,10.334099,7.013461,-1.149041,0.256245,1.283012,1.295588
353.600000,10.354857,6.967974,-1.136373,0.250188,1.282089,1.294691
353.650000,10.376182,6.922749,-1.124030,0.243392,1.281553,1.294047
353.700000,10.398056,6.877788,-1.112036,0.236378,1.281728,1.293872
353.750000,10.420460,6.833088,-1.100391,0.229446,1.281721,1.294673
353.800000,10.443375,6.788648,-1.089089,0.222649,1.285023,1.296766
353.850000,10.466783,6.744466,-1.078126,0.215887,1.287289,1.297672
353.900000,10.490667,6.700540,-1.067501,0.209084,1.291229,1.299103
353.950000,10.515009,6.656865,-1.057216,0.202352,1.293784,1.300653
354.000000,10.539792,6.613439,-1.047258,0.196098,1.294036,1.301172
354.050000,10.564999,6.570258,-1.037590,0.190996,1.294243,1.301157
354.100000,10.590618,6.527320,-1.028132,0.187861,1.294385,1.302370
354.150000,10.616639,6.484625,-1.018767,0.187438,1.294226,1.303066
354.200000,10.643060,6.442175,-1.009346,0.190181,1.294094,1.303315
354.250000,10.669883,6.399979,-0.999707,0.196081,1.293965,1.303635
354.300000,10.697119,6.358048,-0.989704,0.204609,1.293587,1.304013
354.350000,10.724783,6.316398,-0.979226,0.214811,1.293896,1.306678
354.400000,10.752892,6.275048,-0.968218,0.225503,1.293959,1.308441
354.450000,10.781466,6.234017,-0.956685,0.235548,1.293649,1.308751
354.500000,10.810521,6.193325,-0.944683,0.244100,1.293028,1.307505
354.550000,10.840070,6.152991,-0.932301,0.250736,1.292367,1.305910
354.600000,10.870122,6.113030,-0.919635,0.255430,1.291819,1.303030
354.650000,10.900682,6.073456,-0.906780,0.258376,1.290898,1.300673
354.700000,10.931751,6.034281,-0.893818,0.259725,1.289748,1.299220
354.750000,10.963325,5.995511,-0.880831,0.259331,1.289296,1.298263
354.800000,10.995400,5.957155,-0.867917,0.256624,1.285434,1.296571
354.850000,11.027963,5.919212,-0.855213,0.250672,1.282939,1.295709
354.900000,11.060999,5.881681,-0.842908,0.240424,1.281905,1.295330
354.950000,11.094484,5.844549,-0.831239,0.225100,1.281499,1.294621
355.000000,11.128383,5.807795,-0.820467,0.204596,1.281913,1.293860
355.050000,11.162657,5.771390,-0.810836,0.179754,1.282649,1.292860
355.100000,11.197256,5.735295,-0.802522,0.152421,1.284009,1.289864
355.150000,11.232129,5.699464,-0.795587,0.125239,1.285234,1.287766
355.200000,11.267226,5.663852,-0.789951,0.101204,1.285737,1.286881
355.250000,11.302504,5.628419,-0.785383,0.083101,1.285008,1.285607
355.300000,11.337929,5.593134,-0.781531,0.072923,1.284664,1.284936
355.350000,11.373484,5.557979,-0.777973,0.071424,1.284646,1.284954
355.400000,11.409165,5.522952,-0.774284,0.077896,1.284304,1.285296
355.450000,11.444982,5.488065,-0.770109,0.090239,1.283668,1.285932
355.500000,11.480956,5.453339,-0.765228,0.105344,1.282825,1.288052
355.550000,11.517113,5.418804,-0.759590,0.119728,1.281972,1.289692
355.600000,11.553475,5.384485,-0.753311,0.130285,1.281308,1.290392
355.650000,11.590060,5.350403,-0.746642,0.134997,1.281023,1.293043
355.700000,11.626873,5.316569,-0.739897,0.133363,1.281272,1.294511
355.750000,11.663911,5.282980,-0.733375,0.126443,1.282279,1.294041
355.800000,11.701160,5.249626,-0.727290,0.116444,1.290237,1.293179
355.850000,11.738602,5.216489,-0.721732,0.106018,1.294872,1.294158
355.900000,11.776220,5.183551,-0.716660,0.097462,1.295247,1.295137
355.950000,11.813999,5.150797,-0.711941,0.092117,1.295443,1.295798
356.000000,11.851928,5.118218,-0.707403,0.090133,1.295207,1.296778
356.050000,11.890003,5.085811,-0.702896,0.090645,1.294728,1.300167
356.100000,11.928225,5.053576,-0.698326,0.092249,1.294370,1.302030
356.150000,11.966596,5.021518,-0.693677,0.093559,1.294625,1.302096
356.200000,12.005116,4.989640,-0.688989,0.093615,1.295166,1.301606
356.250000,12.043784,4.957943,-0.684338,0.092041,1.295916,1.299885
356.300000,12.082598,4.926423,-0.679805,0.088924,1.296401,1.298899
356.350000,12.121552,4.895076,-0.675462,0.084535,1.296220,1.298759
356.400000,12.160637,4.863894,-0.671366,0.079070,1.296015,1.298785
356.450000,12.199846,4.832867,-0.667569,0.072538,1.295390,1.300117
356.500000,12.239166,4.801982,-0.664128,0.064810,1.295054,1.300846
356.550000,12.278587,4.771224,-0.661106,0.055803,1.295169,1.300731
356.600000,12.318093,4.740576,-0.658563,0.045654,1.295871,1.300350
356.650000,12.357668,4.710019,-0.656549,0.034788,1.296705,1.299181
356.700000,12.397297,4.679530,-0.655084,0.023857,1.297260,1.297954
356.750000,12.436963,4.649089,-0.654154,0.013543,1.298101,1.297092
356.800000,12.476649,4.618675,-0.653714,0.004373,1.298526,1.296774
356.850000,12.516341,4.588270,-0.653698,-0.003412,1.298584,1.297102
356.900000,12.556029,4.557858,-0.654037,-0.009849,1.298502,1.297334
356.950000,12.595702,4.527426,-0.654668,-0.015146,1.298481,1.296998
357.000000,12.635352,4.496965,-0.655539,-0.019518,1.298716,1.296649
357.050000,12.674972,4.466465,-0.656608,-0.023053,1.298866,1.296084
357.100000,12.714557,4.435920,-0.657832,-0.025665,1.298156,1.295773
357.150000,12.754103,4.405323,-0.659158,-0.027107,1.297785,1.295715
357.200000,12.793607,4.374674,-0.660522,-0.027051,1.297844,1.296042
357.250000,12.833070,4.343971,-0.661839,-0.025190,1.297806,1.296422
357.300000,12.872495,4.313219,-0.663013,-0.021321,1.297713,1.296651
357.350000,12.911887,4.282425,-0.663943,-0.015401,1.298898,1.297108
357.400000,12.951255,4.251601,-0.664529,-0.007611,1.299516,1.297384
357.450000,12.990612,4.220762,-0.664686,0.001616,1.299341,1.297752
357.500000,13.029971,4.189926,-0.664359,0.011554,1.298224,1.298140
357.550000,13.069348,4.159113,-0.663536,0.021201,1.297472,1.298492
357.600000,13.108758,4.128341,-0.662261,0.029353,1.297110,1.298890
357.650000,13.148212,4.097627,-0.660640,0.034738,1.298138,1.299211
357.700000,13.187720,4.066982,-0.658841,0.036243,1.298701,1.299399
357.750000,13.227282,4.036407,-0.657079,0.033139,1.298723,1.299763
357.800000,13.266895,4.005897,-0.655591,0.025283,1.298927,1.299773
357.850000,13.306546,3.975438,-0.654606,0.013231,1.298261,1.299412
357.900000,13.346217,3.945004,-0.654306,-0.001808,1.297250,1.298566
357.950000,13.385885,3.914566,-0.654801,-0.018139,1.297281,1.297433
358.000000,13.425525,3.884093,-0.656109,-0.033871,1.297790,1.296710
358.050000,13.465114,3.853552,-0.658154,-0.047262,1.298242,1.296129
358.100000,13.504632,3.822919,-0.660785,-0.057050,1.296643,1.293226
358.150000,13.544061,3.792174,-0.663802,-0.062662,1.295660,1.289684
358.200000,13.583395,3.761305,-0.666998,-0.064286,1.293598,1.288675
358.250000,13.622630,3.730311,-0.670190,-0.062738,1.292200,1.289000
358.300000,13.661767,3.699194,-0.673247,-0.059199,1.291858,1.289342
358.350000,13.700812,3.667961,-0.676101,-0.054873,1.291586,1.289614
358.400000,13.739771,3.636621,-0.678737,-0.050673,1.291473,1.289727
358.450000,13.778650,3.605182,-0.681177,-0.047062,1.293428,1.289636
358.500000,13.817456,3.573652,-0.683451,-0.044040,1.294602,1.289498
358.550000,13.856192,3.542037,-0.685584,-0.041311,1.294704,1.289396
358.600000,13.894862,3.510342,-0.687581,-0.038526,1.294728,1.290336
358.650000,13.933471,3.478572,-0.689433,-0.035494,1.294585,1.291015
358.700000,13.972024,3.446734,-0.691128,-0.032284,1.293807,1.291729
358.750000,14.010526,3.414833,-0.692663,-0.029160,1.293252,1.292569
358.800000,14.048981,3.382877,-0.694050,-0.026414,1.293083,1.294073
358.850000,14.087393,3.350869,-0.695311,-0.024136,1.295581,1.296716
358.900000,14.125767,3.318816,-0.696466,-0.022070,1.297472,1.297713
358.950000,14.164106,3.286720,-0.697511,-0.019621,1.297822,1.297578
359.000000,14.202413,3.254586,-0.698411,-0.016040,1.298024,1.296926
359.050000,14.240695,3.222422,-0.699091,-0.010724,1.297579,1.295580
359.100000,14.278959,3.190238,-0.699458,-0.003538,1.296727,1.295188
359.150000,14.317218,3.158047,-0.699428,0.004996,1.296067,1.295633
359.200000,14.355485,3.125866,-0.698958,0.013725,1.295187,1.298825
359.250000,14.393774,3.093710,-0.698076,0.021122,1.294826,1.300795
359.300000,14.432096,3.061595,-0.696886,0.025709,1.294683,1.301117
359.350000,14.470460,3.029529,-0.695558,0.026496,1.294628,1.301172
359.400000,14.508865,2.997513,-0.694291,0.023281,1.294868,1.300932
359.450000,14.547308,2.965542,-0.693273,0.016726,1.295311,1.300104
359.500000,14.585777,2.933602,-0.692643,0.008155,1.295385,1.299365
359.550000,14.624259,2.901678,-0.692461,-0.000823,1.295617,1.294129
359.600000,14.662740,2.869753,-0.692709,-0.008741,1.294223,1.291207
359.650000,14.701207,2.837812,-0.693306,-0.014599,1.293357,1.291143
359.700000,14.739651,2.805842,-0.694135,-0.017996,1.293235,1.291329
359.750000,14.778067,2.773838,-0.695074,-0.019050,1.292093,1.291607
359.800000,14.816452,2.741798,-0.696015,-0.018161,1.291442,1.291822
359.850000,14.854808,2.709723,-0.696870,-0.015745,1.292285,1.291914
359.900000,14.893139,2.677618,-0.697573,-0.012092,1.291076,1.291890
359.950000,14.931451,2.645489,-0.698065,-0.007357,1.291970,1.291314
360.000000,14.969751,2.613347,-0.698297,-0.001727,1.292968,1.291032
360.050000,15.008048,2.581202,-0.698232,0.004375,1.291166,1.289301
360.100000,15.046352,2.549065,-0.697865,0.010149,1.288434,1.288589
360.150000,15.084672,2.516947,-0.697239,0.014476,1.286111,1.289061
360.200000,15.123016,2.484856,-0.696455,0.016169,1.285184,1.290186
360.250000,15.161384,2.452797,-0.695670,0.014377,1.287087,1.292309
360.300000,15.199776,2.420764,-0.695066,0.008972,1.288394,1.293134
360.350000,15.238182,2.388749,-0.694809,0.000765,1.291807,1.293454
360.400000,15.276589,2.356735,-0.695001,-0.008544,1.297768,1.293193
360.450000,15.314982,2.324704,-0.695644,-0.016726,1.300360,1.293089
360.500000,15.353349,2.292642,-0.696625,-0.021565,1.300722,1.292529
360.550000,15.391682,2.260539,-0.697732,-0.021471,1.300872,1.292577
360.600000,15.429981,2.228396,-0.698699,-0.015940,1.300657,1.293043
360.650000,15.468254,2.196222,-0.699265,-0.005759,1.298895,1.293584
360.700000,15.506519,2.164038,-0.699242,0.007133,1.297477,1.295093
360.750000,15.544794,2.131867,-0.698556,0.020088,1.296677,1.296323
360.800000,15.583102,2.099734,-0.697273,0.030408,1.296067,1.300016
360.850000,15.621459,2.067659,-0.695581,0.036020,1.296126,1.303087
360.900000,15.659872,2.035653,-0.693747,0.036005,1.296417,1.303583
360.950000,15.698343,2.003715,-0.692049,0.030813,1.296837,1.302135
361.000000,15.736862,1.971837,-0.690710,0.022102,1.297532,1.300868
361.050000,15.775417,1.940001,-0.689851,0.012236,1.297340,1.299068
361.100000,15.813991,1.908188,-0.689466,0.003598,1.296782,1.296655
361.150000,15.852571,1.876383,-0.689448,-0.002046,1.296101,1.294050
361.200000,15.891149,1.844575,-0.689620,-0.003956,1.295557,1.293343
361.250000,15.929720,1.812759,-0.689798,-0.002447,1.295025,1.293875
361.300000,15.968288,1.780938,-0.689835,0.001409,1.294469,1.295909
361.350000,16.006858,1.749121,-0.689646,0.006291,1.294159,1.297041
361.400000,16.045438,1.717315,-0.689208,0.011111,1.295689,1.297053
361.450000,16.084035,1.685531,-0.688544,0.015272,1.296743,1.296857
361.500000,16.122657,1.653776,-0.687692,0.018648,1.296975,1.295147
361.550000,16.161308,1.622057,-0.686688,0.021345,1.296156,1.294180
361.600000,16.199993,1.590380,-0.685566,0.023365,1.295549,1.294251
361.650000,16.238715,1.558747,-0.684365,0.024438,1.295251,1.294549
361.700000,16.277475,1.527162,-0.683143,0.024052,1.294883,1.294917
361.750000,16.316273,1.495623,-0.681987,0.021727,1.294628,1.298833
361.800000,16.355106,1.464126,-0.680998,0.017339,1.296527,1.303212
361.850000,16.393965,1.432663,-0.680274,0.011336,1.297984,1.304116
361.900000,16.432842,1.401221,-0.679871,0.004711,1.301424,1.303437
361.950000,16.471727,1.369789,-0.679793,-0.001324,1.303572,1.298912
362.000000,16.510610,1.338355,-0.679981,-0.005767,1.303840,1.296460
362.050000,16.549484,1.306909,-0.680342,-0.008201,1.300238,1.296660
362.100000,16.588345,1.275448,-0.680778,-0.008908,1.297075,1.297155
362.150000,16.627192,1.243969,-0.681221,-0.008648,1.296189,1.297739
362.200000,16.666025,1.212474,-0.681642,-0.008234,1.295945,1.298055
362.250000,16.704846,1.180963,-0.682049,-0.008091,1.296071,1.297929
362.300000,16.743654,1.149436,-0.682452,-0.008023,1.296459,1.297284
362.350000,16.782449,1.117893,-0.682841,-0.007327,1.296877,1.296723
362.400000,16.821233,1.086336,-0.683164,-0.005196,1.297190,1.294998
362.450000,16.860008,1.054770,-0.683336,-0.001248,1.296996,1.292864
362.500000,16.898782,1.023201,-0.683271,0.004094,1.294912,1.292483
362.550000,16.937563,0.991640,-0.682927,0.009574,1.291718,1.293177
362.600000,16.976358,0.960098,-0.682338,0.013471,1.290139,1.293861
362.650000,17.015174,0.928581,-0.681624,0.014249,1.289772,1.295577
362.700000,17.054012,0.897092,-0.680965,0.011237,1.289803,1.296297
362.750000,17.092868,0.865624,-0.680542,0.005026,1.290364,1.295736
362.800000,17.131732,0.834165,-0.680478,-0.002623,1.291238,1.289915
362.850000,17.170591,0.802702,-0.680787,-0.009326,1.292123,1.285185
362.900000,17.209437,0.771221,-0.681366,-0.012937,1.291589,1.282926
362.950000,17.248262,0.739716,-0.682023,-0.012341,1.290890,1.282410
363.000000,17.287068,0.708187,-0.682549,-0.007857,1.289159,1.283113
363.050000,17.325862,0.676642,-0.682782,-0.001114,1.287602,1.286926
363.100000,17.364654,0.645096,-0.682664,0.005622,1.286714,1.292343
363.150000,17.403454,0.613560,-0.682250,0.010314,1.286339,1.295904
363.200000,17.442271,0.582044,-0.681676,0.011894,1.289177,1.296494
363.250000,17.481106,0.550551,-0.681099,0.010569,1.293921,1.294207
363.300000,17.519958,0.519078,-0.680639,0.007575,1.297078,1.292522
363.350000,17.558822,0.487619,-0.680339,0.004559,1.298034,1.292066
363.400000,17.597692,0.456170,-0.680163,0.002859,1.297033,1.292167
363.450000,17.636568,0.424727,-0.680027,0.003023,1.296093,1.294793
363.500000,17.675449,0.393289,-0.679841,0.004741,1.295392,1.297222
363.550000,17.714337,0.361861,-0.679546,0.007140,1.294890,1.298010
363.600000,17.753236,0.330447,-0.679132,0.009297,1.294992,1.298037
363.650000,17.792149,0.299051,-0.678628,0.010652,1.296247,1.297817
363.700000,17.831080,0.267675,-0.678077,0.011182,1.297116,1.296777
363.750000,17.870027,0.236321,-0.677514,0.011287,1.297431,1.296069
363.800000,17.908993,0.204989,-0.676947,0.011461,1.297016,1.295199
363.850000,17.947976,0.173680,-0.676363,0.011991,1.294843,1.294857
363.900000,17.986979,0.142394,-0.675745,0.012780,1.293549,1.295151
363.950000,18.026001,0.111133,-0.675088,0.013396,1.293246,1.295454
364.000000,18.065044,0.079897,-0.674416,0.013286,1.293521,1.295564
364.050000,18.104108,0.048688,-0.673776,0.012028,1.294278,1.295471
364.100000,18.143190,0.017502,-0.673230,0.009510,1.294770,1.294908
364.150000,18.182287,-0.013665,-0.672838,0.005965,1.295034,1.294016
364.200000,18.221394,-0.044821,-0.672640,0.001857,1.294403,1.293562
364.250000,18.260503,-0.075974,-0.672652,-0.002291,1.294024,1.293476
364.300000,18.299609,-0.107130,-0.672864,-0.006052,1.293245,1.293484
364.350000,18.338705,-0.138299,-0.673249,-0.009195,1.292794,1.294084
364.400000,18.377788,-0.169485,-0.673774,-0.011688,1.293952,1.294404
364.450000,18.416851,-0.200694,-0.674411,-0.013660,1.294740,1.294324
364.500000,18.455894,-0.231930,-0.675137,-0.015352,1.294868,1.294232
364.550000,18.494913,-0.263196,-0.675947,-0.017079,1.294881,1.292421
364.600000,18.533905,-0.294495,-0.676851,-0.019188,1.293729,1.291286
364.650000,18.572866,-0.325831,-0.677876,-0.022023,1.291828,1.291252
364.700000,18.611794,-0.357211,-0.679066,-0.025820,1.290667,1.291283
364.750000,18.650680,-0.388641,-0.680472,-0.030640,1.290450,1.291379
364.800000,18.689518,-0.420130,-0.682141,-0.036259,1.290650,1.293305
364.850000,18.728299,-0.451690,-0.684100,-0.042149,1.295052,1.294351
364.900000,18.767014,-0.483331,-0.686347,-0.047510,1.297629,1.294171
364.950000,18.805654,-0.515065,-0.688830,-0.051397,1.297800,1.294000
365.000000,18.844211,-0.546897,-0.691453,-0.052889,1.297646,1.291650
365.050000,18.882685,-0.578830,-0.694076,-0.051271,1.297505,1.290395
365.100000,18.921078,-0.610862,-0.696533,-0.046198,1.297393,1.290507
365.150000,18.959396,-0.642982,-0.698651,-0.037791,1.296778,1.291122
365.200000,18.997654,-0.675174,-0.700276,-0.026646,1.296159,1.291677
365.250000,19.035869,-0.707417,-0.701294,-0.013752,1.295694,1.293454
365.300000,19.074062,-0.739687,-0.701646,-0.000304,1.295158,1.294742
365.350000,19.112254,-0.771956,-0.701335,0.012520,1.294704,1.296222
365.400000,19.150467,-0.804203,-0.700416,0.023801,1.294392,1.297108
365.450000,19.188717,-0.836403,-0.698983,0.033036,1.294298,1.297202
365.500000,19.227021,-0.868541,-0.697141,0.040166,1.294295,1.297205
365.550000,19.265389,-0.900602,-0.694990,0.045460,1.293838,1.297149
365.600000,19.303829,-0.932576,-0.692614,0.049274,1.293168,1.297083
365.650000,19.342348,-0.964455,-0.690080,0.051787,1.293387,1.297062
365.700000,19.380950,-0.996235,-0.687456,0.052800,1.293508,1.297192
365.750000,19.419634,-1.027912,-0.684830,0.051718,1.293309,1.301371
365.800000,19.458401,-1.059490,-0.682325,0.047708,1.293765,1.303777
365.850000,19.497242,-1.090976,-0.680110,0.040018,1.296000,1.303890
365.900000,19.536146,-1.122384,-0.678378,0.028324,1.297297,1.303703
365.950000,19.575094,-1.153738,-0.677326,0.012993,1.295824,1.303185
366.000000,19.614063,-1.185066,-0.677110,-0.004839,1.295465,1.295048
366.050000,19.653023,-1.216404,-0.677816,-0.023419,1.296265,1.289942
366.100000,19.691947,-1.247787,-0.679431,-0.040672,1.296870,1.289230
366.150000,19.730808,-1.279250,-0.681835,-0.054589,1.296703,1.288883
366.200000,19.769583,-1.310817,-0.684820,-0.063540,1.294739,1.288762
366.250000,19.808258,-1.342507,-0.688108,-0.066534,1.293798,1.288702
366.300000,19.846828,-1.374325,-0.691389,-0.063298,1.293749,1.288751
366.350000,19.885297,-1.406264,-0.694361,-0.054287,1.293543,1.288957
366.400000,19.923680,-1.438307,-0.696757,-0.040576,1.292878,1.288915
366.450000,19.961998,-1.470427,-0.698378,-0.023693,1.292126,1.288632
366.500000,20.000278,-1.502593,-0.699110,-0.005401,1.288322,1.288929
366.550000,20.038550,-1.534769,-0.698926,0.012537,1.285975,1.289525
366.600000,20.076841,-1.566921,-0.697884,0.028577,1.285557,1.289943
366.650000,20.115178,-1.599019,-0.696111,0.041531,1.284796,1.292761
366.700000,20.153581,-1.631038,-0.693785,0.050578,1.284419,1.294281
366.750000,20.192065,-1.662960,-0.691114,0.055196,1.284950,1.294265
366.800000,20.230636,-1.694776,-0.688331,0.055024,1.288439,1.294212
366.850000,20.269294,-1.726486,-0.685681,0.049787,1.290201,1.294199
366.900000,20.308031,-1.758101,-0.683422,0.039339,1.290255,1.293630
366.950000,20.346829,-1.789640,-0.681815,0.023836,1.290381,1.292769
367.000000,20.385664,-1.821133,-0.681096,0.003979,1.289587,1.292219
367.050000,20.424506,-1.852618,-0.681454,-0.018809,1.289693,1.291507
367.100000,20.463318,-1.884140,-0.682984,-0.042401,1.290631,1.290569
367.150000,20.502063,-1.915744,-0.685666,-0.064255,1.296501,1.290298
367.200000,20.540707,-1.947472,-0.689349,-0.081915,1.300014,1.289950
367.250000,20.579221,-1.979357,-0.693774,-0.093586,1.300394,1.291538
367.300000,20.617586,-2.011422,-0.698617,-0.098568,1.300504,1.294493
367.350000,20.655793,-2.043674,-0.703549,-0.097399,1.300143,1.295957
367.400000,20.693842,-2.076112,-0.708297,-0.091639,1.299521,1.297674
367.450000,20.731743,-2.108724,-0.712683,-0.083378,1.298986,1.299845
367.500000,20.769508,-2.141493,-0.716632,-0.074670,1.298678,1.300722
367.550000,20.807150,-2.174403,-0.720167,-0.067076,1.298323,1.299787
367.600000,20.844681,-2.207440,-0.723369,-0.061504,1.298516,1.298110
367.650000,20.882111,-2.240592,-0.726350,-0.058317,1.298581,1.297361
367.700000,20.919443,-2.273853,-0.729235,-0.057679,1.297313,1.293391
367.750000,20.956679,-2.307222,-0.732157,-0.059889,1.296614,1.286512
367.800000,20.993814,-2.340703,-0.735272,-0.065582,1.295368,1.283971
367.850000,21.030839,-2.374305,-0.738776,-0.075656,1.292285,1.283253
367.900000,21.067736,-2.408048,-0.742910,-0.090924,1.287627,1.281654
367.950000,21.104479,-2.441960,-0.747943,-0.111674,1.286052,1.279779
368.000000,21.141032,-2.476076,-0.754141,-0.137266,1.285700,1.278502
368.050000,21.177349,-2.510442,-0.761709,-0.165981,1.286228,1.277372
368.100000,21.213380,-2.545109,-0.770741,-0.195197,1.287381,1.276478
368.150000,21.249071,-2.580125,-0.781188,-0.221850,1.288364,1.275636
368.200000,21.284372,-2.615534,-0.792848,-0.243072,1.289008,1.276357
368.250000,21.319241,-2.651370,-0.805391,-0.256812,1.290546,1.277181
368.300000,21.353648,-2.687649,-0.818416,-0.262262,1.292358,1.277416
368.350000,21.387576,-2.724375,-0.831514,-0.260005,1.292662,1.277868
368.400000,21.421025,-2.761540,-0.844339,-0.251838,1.292160,1.279030
368.450000,21.454004,-2.799122,-0.856658,-0.240370,1.292163,1.283932
368.500000,21.486528,-2.837097,-0.868376,-0.228477,1.294991,1.286599
368.550000,21.518617,-2.875442,-0.879540,-0.218795,1.297309,1.290632
368.600000,21.550283,-2.914137,-0.890316,-0.213308,1.297725,1.292675
368.650000,21.581535,-2.953167,-0.900946,-0.213104,1.299243,1.292544
368.700000,21.612368,-2.992528,-0.911701,-0.218323,1.301276,1.292283
368.750000,21.642769,-3.032224,-0.922841,-0.228238,1.303716,1.293099
368.800000,21.672715,-3.072265,-0.934568,-0.241441,1.305425,1.293704
368.850000,21.702175,-3.112664,-0.947002,-0.256090,1.306251,1.293482
368.900000,21.731115,-3.153437,-0.960166,-0.270181,1.307687,1.293046
368.950000,21.759503,-3.194597,-0.973983,-0.281830,1.308593,1.292607
369.000000,21.787308,-3.236153,-0.988292,-0.289533,1.309988,1.292283
369.050000,21.814509,-3.278106,-1.002868,-0.292381,1.310599,1.293946
369.100000,21.841095,-3.320452,-1.017460,-0.290170,1.311321,1.294954
369.150000,21.867064,-3.363179,-1.031823,-0.283401,1.312148,1.295294
369.200000,21.892425,-3.406270,-1.045753,-0.273141,1.312062,1.296617
369.250000,21.917196,-3.449703,-1.059110,-0.260779,1.311630,1.297470
369.300000,21.941398,-3.493455,-1.071825,-0.247774,1.311153,1.298829
369.350000,21.965057,-3.537504,-1.083900,-0.235410,1.309566,1.299542
369.400000,21.988195,-3.581828,-1.095391,-0.224657,1.308760,1.299740
369.450000,22.010833,-3.626409,-1.106397,-0.216104,1.308300,1.298087
369.500000,22.032988,-3.671233,-1.117036,-0.209988,1.308081,1.297319
369.550000,22.054671,-3.716287,-1.127430,-0.206251,1.307778,1.297348
369.600000,22.075888,-3.761562,-1.137691,-0.204604,1.306690,1.296053
369.650000,22.096640,-3.807052,-1.147912,-0.204574,1.305508,1.295439
369.700000,22.116926,-3.852752,-1.158161,-0.205557,1.305224,1.295376
369.750000,22.136741,-3.898658,-1.168471,-0.206844,1.305120,1.292940
369.800000,22.156081,-3.944766,-1.178838,-0.207700,1.304668,1.291751
369.850000,22.174940,-3.991073,-1.189224,-0.207450,1.303326,1.289984
369.900000,22.193319,-4.037573,-1.199560,-0.205600,1.302770,1.289230
369.950000,22.211219,-4.084259,-1.209758,-0.201918,1.301674,1.288946
370.000000,22.228647,-4.131123,-1.219727,-0.196486,1.301073,1.288927
370.050000,22.245614,-4.178156,-1.229387,-0.189632,1.300781,1.289219
370.100000,22.262134,-4.225348,-1.238677,-0.181808,1.299412,1.289689
370.150000,22.278224,-4.272689,-1.247560,-0.173422,1.298653,1.290601
370.200000,22.293904,-4.320167,-1.256015,-0.164715,1.296522,1.290969
370.250000,22.309192,-4.367772,-1.264029,-0.155771,1.295557,1.291459
370.300000,22.324109,-4.415495,-1.271590,-0.146668,1.296297,1.291596
370.350000,22.338675,-4.463326,-1.278698,-0.137706,1.296586,1.291197
370.400000,22.352912,-4.511257,-1.285376,-0.129636,1.296330,1.291270
370.450000,22.366837,-4.559278,-1.291696,-0.123710,1.295908,1.292109
370.500000,22.380464,-4.607385,-1.297803,-0.121457,1.293986,1.292823
370.550000,22.393798,-4.655575,-1.303917,-0.124246,1.292958,1.293242
370.600000,22.406832,-4.703846,-1.310310,-0.132710,1.292958,1.293242
370.650000,22.419544,-4.752203,-1.317260,-0.146311,1.293504,1.292696
370.700000,22.431902,-4.800652,-1.324984,-0.163198,1.294484,1.291716
370.750000,22.443864,-4.849200,-1.333579,-0.180506,1.294119,1.286710
370.800000,22.455388,-4.897854,-1.342987,-0.195013,1.294402,1.282352
370.850000,22.466439,-4.946617,-1.352995,-0.203964,1.294804,1.281196
370.900000,22.476992,-4.995491,-1.363278,-0.205792,1.298497,1.281283
370.950000,22.487043,-5.044470,-1.373472,-0.200474,1.299556,1.284368
371.000000,22.496603,-5.093548,-1.383247,-0.189456,1.298755,1.287158
371.050000,22.505698,-5.142714,-1.392375,-0.175158,1.295995,1.288759
371.100000,22.514363,-5.191957,-1.400761,-0.160314,1.294622,1.289478
371.150000,22.522632,-5.241269,-1.408439,-0.147324,1.294303,1.289797
371.200000,22.530537,-5.290640,-1.415548,-0.137856,1.295137,1.289879
371.250000,22.538100,-5.340064,-1.422289,-0.132721,1.296040,1.289783
371.300000,22.545335,-5.389538,-1.428884,-0.131990,1.296300,1.290123
371.350000,22.552243,-5.439059,-1.435545,-0.135262,1.298287,1.291910
371.400000,22.558815,-5.488625,-1.442458,-0.141907,1.301104,1.293842
371.450000,22.565035,-5.538236,-1.449773,-0.151214,1.302070,1.294230
371.500000,22.570879,-5.587894,-1.457605,-0.162396,1.302251,1.294049
371.550000,22.576320,-5.637597,-1.466024,-0.174508,1.300807,1.293655
371.600000,22.581327,-5.687345,-1.475049,-0.186318,1.300272,1.291518
371.650000,22.585871,-5.737139,-1.484626,-0.196278,1.300593,1.288636
371.700000,22.589926,-5.786974,-1.494620,-0.202623,1.300989,1.287511
371.750000,22.593478,-5.836848,-1.504806,-0.203638,1.301313,1.287187
371.800000,22.596522,-5.886755,-1.514884,-0.198046,1.303602,1.287101
371.850000,22.599073,-5.936690,-1.524507,-0.185403,1.304559,1.289389
371.900000,22.601162,-5.986646,-1.533333,-0.166396,1.304109,1.290791
371.950000,22.602836,-6.036618,-1.541085,-0.142909,1.303230,1.291670
372.000000,22.604154,-6.086601,-1.547607,-0.117805,1.301223,1.292679
372.050000,22.605176,-6.136590,-1.552899,-0.094468,1.299850,1.294863
372.100000,22.605961,-6.186584,-1.557135,-0.076174,1.298560,1.296141
372.150000,22.606555,-6.236580,-1.560634,-0.065467,1.294695,1.296737
372.200000,22.606983,-6.286579,-1.563815,-0.063666,1.293461,1.296739
372.250000,22.607251,-6.336578,-1.567129,-0.070662,1.297650,1.296262
372.300000,22.607341,-6.386578,-1.570986,-0.085014,1.299852,1.295548
372.350000,22.607218,-6.436578,-1.575699,-0.104347,1.300708,1.294692
372.400000,22.606833,-6.486576,-1.581447,-0.125887,1.301441,1.293959
372.450000,22.606134,-6.536571,-1.588277,-0.147060,1.302060,1.293197
372.500000,22.605068,-6.586560,-1.596116,-0.165939,1.302503,1.292697
372.550000,22.603588,-6.636538,-1.604819,-0.181484,1.302756,1.292444
372.600000,22.601655,-6.686501,-1.614212,-0.193512,1.302647,1.292410
372.650000,22.599239,-6.736442,-1.624126,-0.202434,1.302405,1.292451
372.700000,22.596318,-6.786357,-1.634420,-0.208869,1.301161,1.291338
372.750000,22.592877,-6.836238,-1.644983,-0.213253,1.300839,1.290473
372.800000,22.588904,-6.886080,-1.655714,-0.215583,1.300985,1.289927
372.850000,22.584394,-6.935876,-1.666503,-0.215395,1.301208,1.289375
372.900000,22.579349,-6.985621,-1.677204,-0.211966,1.301417,1.289083
372.950000,22.573778,-7.035310,-1.687641,-0.204703,1.301482,1.289235
373.000000,22.567699,-7.084939,-1.697616,-0.193548,1.301280,1.289520
373.050000,22.561140,-7.134507,-1.706951,-0.179253,1.300754,1.289828
373.100000,22.554138,-7.184014,-1.715523,-0.163433,1.297028,1.289626
373.150000,22.546731,-7.233463,-1.723310,-0.148303,1.294230,1.289083
373.200000,22.538958,-7.282855,-1.730404,-0.136204,1.293219,1.288436
373.250000,22.530847,-7.332192,-1.737008,-0.129042,1.292608,1.288401
373.300000,22.522417,-7.381477,-1.743399,-0.127813,1.292530,1.288370
373.350000,22.513671,-7.430706,-1.749876,-0.132366,1.292884,1.290635
373.400000,22.504599,-7.479876,-1.756701,-0.141473,1.294300,1.291000
373.450000,22.495179,-7.528980,-1.764058,-0.153182,1.295243,1.290357
373.500000,22.485383,-7.578011,-1.772022,-0.165342,1.295787,1.287554
373.550000,22.475182,-7.626960,-1.780567,-0.176121,1.296308,1.284223
373.600000,22.464552,-7.675817,-1.789594,-0.184396,1.296264,1.283390
373.650000,22.453471,-7.724573,-1.798964,-0.189874,1.296050,1.283550
373.700000,22.441929,-7.773223,-1.808546,-0.192958,1.298023,1.283771
373.750000,22.429918,-7.821759,-1.818238,-0.194420,1.298704,1.286605
373.800000,22.417436,-7.870176,-1.827977,-0.195029,1.296637,1.287611
373.850000,22.404483,-7.918469,-1.837735,-0.195232,1.298010,1.287838
373.900000,22.391058,-7.966633,-1.847494,-0.195020,1.298898,1.288169
373.950000,22.377165,-8.014664,-1.857223,-0.193974,1.296967,1.288175
374.000000,22.362807,-8.062558,-1.866867,-0.191460,1.296320,1.288080
374.050000,22.347992,-8.110313,-1.876338,-0.186935,1.296736,1.287149
374.100000,22.332731,-8.157927,-1.885527,-0.180185,1.296771,1.286929
374.150000,22.317042,-8.205402,-1.894328,-0.171528,1.295701,1.286745
374.200000,22.300947,-8.252740,-1.902665,-0.161797,1.295029,1.286824
374.250000,22.284469,-8.299947,-1.910513,-0.152216,1.294581,1.287367
374.300000,22.267632,-8.347027,-1.917913,-0.144105,1.294165,1.287835
374.350000,22.250456,-8.393984,-1.924966,-0.138580,1.293419,1.288137
374.400000,22.232955,-8.440821,-1.931821,-0.136277,1.293277,1.288493
374.450000,22.215134,-8.487538,-1.938644,-0.137252,1.294339,1.288449
374.500000,22.196992,-8.534130,-1.945588,-0.141017,1.295700,1.288067
374.550000,22.178522,-8.580594,-1.952774,-0.146766,1.296643,1.286245
374.600000,22.159712,-8.626921,-1.960280,-0.153619,1.297020,1.285480
374.650000,22.140546,-8.673102,-1.968140,-0.160835,1.297708,1.285460
374.700000,22.121010,-8.719127,-1.976360,-0.167896,1.297955,1.285445
374.750000,22.101088,-8.764987,-1.984921,-0.174444,1.297976,1.287652
374.800000,22.080766,-8.810671,-1.993790,-0.180129,1.297787,1.288316
374.850000,22.060035,-8.856170,-2.002912,-0.184464,1.297258,1.287849
374.900000,22.038885,-8.901477,-2.012204,-0.186785,1.297219,1.287581
374.950000,22.017313,-8.946584,-2.021546,-0.186336,1.298098,1.287373
375.000000,21.995323,-8.991489,-2.030784,-0.182507,1.298960,1.287336
375.050000,21.972924,-9.036191,-2.039741,-0.175107,1.299446,1.286606
375.100000,21.950135,-9.080696,-2.048247,-0.164574,1.299214,1.286686
375.150000,21.926981,-9.125012,-2.056171,-0.152071,1.298705,1.289587
375.200000,21.903491,-9.169150,-2.063455,-0.139358,1.295574,1.290983
375.250000,21.879694,-9.213124,-2.070141,-0.128507,1.294199,1.289855
375.300000,21.855613,-9.256943,-2.076371,-0.121516,1.293705,1.290469
375.350000,21.831266,-9.300615,-2.082379,-0.119882,1.293575,1.290075
375.400000,21.806657,-9.344139,-2.088455,-0.124306,1.293730,1.288920
375.450000,21.781777,-9.387509,-2.094899,-0.134514,1.294112,1.288288
375.500000,21.756605,-9.430711,-2.101975,-0.149317,1.294670,1.288030
375.550000,21.731110,-9.473723,-2.109868,-0.166804,1.295324,1.287476
375.600000,21.705258,-9.516521,-2.118656,-0.184698,1.297710,1.286817
375.650000,21.679012,-9.559079,-2.128303,-0.200741,1.298853,1.286247
375.700000,21.652341,-9.601371,-2.138667,-0.213042,1.299237,1.285712
375.750000,21.625222,-9.643378,-2.149527,-0.220364,1.299326,1.284896
375.800000,21.597643,-9.685083,-2.160617,-0.222228,1.299248,1.284752
375.850000,21.569602,-9.726481,-2.171670,-0.218941,1.298473,1.284394
375.900000,21.541111,-9.767569,-2.182448,-0.211465,1.297995,1.285035
375.950000,21.512187,-9.808354,-2.192777,-0.201242,1.297050,1.285544
376.000000,21.482854,-9.848846,-2.202560,-0.189948,1.296400,1.286834
376.050000,21.453138,-9.889057,-2.211785,-0.179250,1.295990,1.287737
376.100000,21.423063,-9.929000,-2.220520,-0.170572,1.295669,1.288359
376.150000,21.392647,-9.968685,-2.228892,-0.164905,1.296814,1.288578
376.200000,21.361905,-10.008118,-2.237066,-0.162684,1.297223,1.288577
376.250000,21.330842,-10.047298,-2.245212,-0.163749,1.297352,1.288067
376.300000,21.299460,-10.086223,-2.253480,-0.167412,1.296314,1.287691
376.350000,21.267752,-10.124884,-2.261974,-0.172574,1.296110,1.286957
376.400000,21.235712,-10.163269,-2.270738,-0.177931,1.294888,1.286639
376.450000,21.203332,-10.201368,-2.279747,-0.182179,1.293757,1.285969
376.500000,21.170607,-10.239171,-2.288918,-0.184229,1.293624,1.285141
376.550000,21.137535,-10.276671,-2.298122,-0.183388,1.293338,1.284880
376.600000,21.104122,-10.313867,-2.307208,-0.179471,1.292274,1.283453
376.650000,21.070376,-10.350762,-2.316027,-0.172831,1.290861,1.282760
376.700000,21.036313,-10.387364,-2.324463,-0.164326,1.288945,1.282339
376.750000,21.001950,-10.423685,-2.332452,-0.155168,1.287565,1.282521
376.800000,20.967307,-10.459738,-2.339995,-0.146757,1.287082,1.281666
376.850000,20.932399,-10.495535,-2.347165,-0.140476,1.286871,1.281529
376.900000,20.897241,-10.531086,-2.354099,-0.137501,1.286729,1.281671
376.950000,20.861838,-10.566394,-2.360984,-0.138656,1.286704,1.281696
377.000000,20.826191,-10.601455,-2.368037,-0.144282,1.286815,1.280586
377.050000,20.790291,-10.636258,-2.375480,-0.154195,1.288330,1.281078
377.100000,20.754124,-10.670782,-2.383512,-0.167640,1.290374,1.282497
377.150000,20.717668,-10.705001,-2.392277,-0.183341,1.293996,1.282862
377.200000,20.680900,-10.738885,-2.401851,-0.199627,1.295391,1.282794
377.250000,20.643795,-10.772400,-2.412214,-0.214607,1.295888,1.282412
377.300000,20.606334,-10.805516,-2.423256,-0.226436,1.296590,1.282714
377.350000,20.568501,-10.838206,-2.434780,-0.233617,1.297289,1.283162
377.400000,20.530289,-10.870453,-2.446526,-0.235249,1.297706,1.283226
377.450000,20.491702,-10.902249,-2.458212,-0.231201,1.297913,1.283785
377.500000,20.452750,-10.933598,-2.469566,-0.222115,1.297608,1.284681
377.550000,20.413452,-10.964513,-2.480365,-0.209235,1.297296,1.285415
377.600000,20.373834,-10.995015,-2.490457,-0.194105,1.297157,1.287823
377.650000,20.333922,-11.025132,-2.499767,-0.178244,1.296774,1.289917
377.700000,20.293742,-11.054891,-2.508293,-0.162897,1.296525,1.291567
377.750000,20.253322,-11.084322,-2.516082,-0.148955,1.297835,1.291423
377.800000,20.212683,-11.113450,-2.523223,-0.137056,1.296716,1.291379
377.850000,20.171845,-11.142299,-2.529832,-0.127779,1.297634,1.291472
377.900000,20.130823,-11.170886,-2.536057,-0.121810,1.295643,1.291746
377.950000,20.089628,-11.199222,-2.542083,-0.119959,1.294584,1.290496
378.000000,20.048262,-11.227310,-2.548136,-0.123009,1.294266,1.289083
378.050000,20.006724,-11.255141,-2.554473,-0.131406,1.291711,1.288785
378.100000,19.965004,-11.282699,-2.561361,-0.144978,1.291395,1.287778
378.150000,19.923084,-11.309952,-2.569038,-0.162768,1.292014,1.286516
378.200000,19.880944,-11.336863,-2.577676,-0.183120,1.292871,1.282628
378.250000,19.838559,-11.363387,-2.587353,-0.203956,1.293785,1.281072
378.300000,19.795906,-11.389477,-2.598040,-0.223175,1.294185,1.280558
378.350000,19.752965,-11.415091,-2.609610,-0.239025,1.294481,1.280219
378.400000,19.709721,-11.440191,-2.621864,-0.250330,1.295426,1.280456
378.450000,19.666167,-11.464748,-2.634557,-0.256530,1.296353,1.280557
378.500000,19.622303,-11.488746,-2.647431,-0.257574,1.295851,1.281328
378.550000,19.578133,-11.512177,-2.660235,-0.253760,1.296277,1.282348
378.600000,19.533670,-11.535047,-2.672736,-0.245593,1.296299,1.282701
378.650000,19.488930,-11.557371,-2.684734,-0.233739,1.297742,1.282926
378.700000,19.443932,-11.579170,-2.696064,-0.219030,1.297860,1.284353
378.750000,19.398698,-11.600475,-2.706609,-0.202506,1.297901,1.286113
378.800000,19.353252,-11.621322,-2.716308,-0.185405,1.298004,1.287193
378.850000,19.307613,-11.641746,-2.725165,-0.169045,1.297076,1.288404
378.900000,19.261804,-11.661783,-2.733249,-0.154673,1.295968,1.289053
378.950000,19.215840,-11.681464,-2.740685,-0.143254,1.295453,1.289447
379.000000,19.169737,-11.700815,-2.747635,-0.135340,1.294998,1.289503
379.050000,19.123503,-11.719853,-2.754281,-0.131077,1.293013,1.289389
379.100000,19.077145,-11.738587,-2.760803,-0.130345,1.292012,1.289168
379.150000,19.030666,-11.757018,-2.767372,-0.132956,1.292007,1.288673
379.200000,18.984065,-11.775139,-2.774154,-0.138844,1.292049,1.288871
379.250000,18.937339,-11.792935,-2.781314,-0.148098,1.292045,1.288955
379.300000,18.890483,-11.810383,-2.789022,-0.160788,1.291981,1.289259
379.350000,18.843487,-11.827454,-2.797446,-0.176664,1.292130,1.289170
379.400000,18.796343,-11.844109,-2.806726,-0.194851,1.292620,1.288680
379.450000,18.749038,-11.860304,-2.816938,-0.213699,1.294152,1.285782
379.500000,18.701563,-11.875992,-2.828062,-0.230920,1.295276,1.282232
379.550000,18.653910,-11.891133,-2.839954,-0.244017,1.296348,1.280974
379.600000,18.606077,-11.905692,-2.852352,-0.250894,1.298304,1.280548
379.650000,18.558065,-11.919652,-2.864915,-0.250433,1.299086,1.284318
379.700000,18.509883,-11.933011,-2.877274,-0.242872,1.299273,1.288770
379.750000,18.461542,-11.945785,-2.889112,-0.229822,1.299236,1.294285
379.800000,18.413058,-11.958003,-2.900215,-0.213984,1.298541,1.296059
379.850000,18.364446,-11.969701,-2.910526,-0.198611,1.297873,1.296727
379.900000,18.315720,-11.980915,-2.920149,-0.186963,1.297486,1.293535
379.950000,18.266890,-11.991672,-2.929341,-0.181768,1.297277,1.289341
380.000000,18.217965,-12.001983,-2.938474,-0.184855,1.297292,1.288508
380.050000,18.168946,-12.011838,-2.947984,-0.196894,1.297509,1.288291
380.100000,18.119832,-12.021210,-2.958306,-0.217230,1.297981,1.287819
380.150000,18.070619,-12.030045,-2.969812,-0.243869,1.298715,1.287085
380.200000,18.021302,-12.038280,-2.982739,-0.273565,1.300420,1.286117
380.250000,17.971876,-12.045839,-2.997139,-0.302157,1.301814,1.284886
380.300000,17.922343,-12.052653,-3.012845,-0.325136,1.303061,1.282075
380.350000,17.872705,-12.058662,-3.029471,-0.338381,1.304394,1.280902
380.400000,17.822974,-12.063834,-3.046452,-0.338968,1.304934,1.280632
380.450000,17.773162,-12.068166,-3.063119,-0.325756,1.305340,1.281090
380.500000,17.723286,-12.071689,-3.078799,-0.299634,1.304412,1.287432
380.550000,17.673363,-12.074467,-3.092905,-0.263262,1.302990,1.289910
380.600000,17.623408,-12.076589,-3.105018,-0.220464,1.302058,1.291427
380.650000,17.573433,-12.078161,-3.114921,-0.175431,1.300339,1.294182
380.700000,17.523446,-12.079293,-3.122599,-0.131964,1.299216,1.295736
380.750000,17.473452,-12.080095,-3.128206,-0.092985,1.298339,1.296828
380.800000,17.423455,-12.080662,-3.132016,-0.060324,1.297163,1.297450
380.850000,17.373457,-12.081077,-3.134370,-0.034802,1.296379,1.297954
380.900000,17.323458,-12.081403,-3.135628,-0.016513,1.296001,1.298719
380.950000,17.273459,-12.081686,-3.136146,-0.005148,1.295883,1.299168
381.000000,17.223460,-12.081954,-3.136261,-0.000317,1.295478,1.299370
381.050000,17.173460,-12.082221,-3.136291,-0.001702,1.295180,1.299453
381.100000,17.123461,-12.082481,-3.136540,-0.009091,1.294668,1.299344
381.150000,17.073462,-12.082717,-3.137306,-0.022296,1.294470,1.299095
381.200000,17.023462,-12.082897,-3.138869,-0.040978,1.294393,1.298687
381.250000,16.973462,-12.082972,-3.141490,-0.064506,1.294841,1.297823
381.300000,16.923462,-12.082886,3.137798,-0.091864,1.295532,1.297068
381.350000,16.873463,-12.082569,3.132468,-0.121660,1.296286,1.296314
381.400000,16.823467,-12.081948,3.125622,-0.152243,1.300001,1.295455
381.450000,16.773477,-12.080947,3.117265,-0.181878,1.301584,1.293996
381.500000,16.723498,-12.079492,3.107484,-0.208959,1.302288,1.293128
381.550000,16.673537,-12.077516,3.096442,-0.232171,1.302781,1.289249
381.600000,16.623602,-12.074961,3.084357,-0.250594,1.302895,1.288252
381.650000,16.573704,-12.071782,3.071482,-0.263675,1.303053,1.288047
381.700000,16.523851,-12.067947,3.058093,-0.271171,1.303201,1.284428
381.750000,16.474055,-12.063438,3.044469,-0.273035,1.303235,1.283765
381.800000,16.424324,-12.058251,3.030892,-0.269336,1.303226,1.283774
381.850000,16.374668,-12.052396,3.017635,-0.260278,1.302416,1.287647
381.900000,16.325093,-12.045896,3.004956,-0.246270,1.300728,1.288594
381.950000,16.275601,-12.038788,2.993084,-0.228065,1.300204,1.288896
382.000000,16.226193,-12.031116,2.982202,-0.206867,1.299683,1.289246
382.050000,16.176867,-12.022935,2.972419,-0.184355,1.296901,1.287981
382.100000,16.127618,-12.014298,2.963749,-0.162551,1.295746,1.288454
382.150000,16.078442,-12.005261,2.956107,-0.143516,1.294921,1.289279
382.200000,16.029331,-11.995870,2.949309,-0.128978,1.295769,1.300082
382.250000,15.980283,-11.986161,2.943103,-0.119932,1.297428,1.302858
382.300000,15.931294,-11.976156,2.937211,-0.116421,1.301147,1.302897
382.350000,15.882365,-11.965866,2.931376,-0.117554,1.302100,1.301643
382.400000,15.833497,-11.955287,2.925401,-0.121768,1.302624,1.300976
382.450000,15.784694,-11.944411,2.919178,-0.127311,1.302214,1.297954
382.500000,15.735961,-11.933224,2.912676,-0.132724,1.299338,1.289789
382.550000,15.687304,-11.921715,2.905924,-0.137213,1.297631,1.288653
382.600000,15.638727,-11.909872,2.898972,-0.140763,1.298186,1.288860
382.650000,15.590234,-11.897687,2.891853,-0.143980,1.296867,1.289129
382.700000,15.541830,-11.885154,2.884561,-0.147763,1.296533,1.289009
382.750000,15.493521,-11.872263,2.877049,-0.152895,1.296719,1.286974
382.800000,15.445311,-11.859002,2.869239,-0.159724,1.295403,1.286447
382.850000,15.397209,-11.845357,2.861050,-0.168008,1.292704,1.285364
382.900000,15.349224,-11.831308,2.852429,-0.176900,1.292566,1.284244
382.950000,15.301364,-11.816835,2.843376,-0.185096,1.292383,1.283886
383.000000,15.253640,-11.801921,2.833964,-0.191080,1.292599,1.283601
383.050000,15.206061,-11.786552,2.824341,-0.193391,1.292521,1.281000
383.100000,15.158632,-11.770726,2.814719,-0.190938,1.292573,1.280527
383.150000,15.111355,-11.754448,2.805349,-0.183234,1.292862,1.280584
383.200000,15.064230,-11.737739,2.796490,-0.170559,1.294512,1.280981
383.250000,15.017248,-11.720630,2.788366,-0.153957,1.297280,1.286148
383.300000,14.970399,-11.703161,2.781134,-0.135105,1.297040,1.287994
383.350000,14.923670,-11.685375,2.774856,-0.116012,1.296410,1.290859
383.400000,14.877044,-11.667318,2.769494,-0.098691,1.294981,1.291751
383.450000,14.830508,-11.649030,2.764916,-0.084831,1.293726,1.292093
383.500000,14.784051,-11.630544,2.760920,-0.075575,1.291221,1.292222
383.550000,14.737665,-11.611881,2.757259,-0.071438,1.291989,1.292240
383.600000,14.691346,-11.593052,2.753680,-0.072321,1.292231,1.292169
383.650000,14.645096,-11.574053,2.749943,-0.077657,1.292439,1.290486
383.700000,14.598920,-11.554875,2.745847,-0.086569,1.292757,1.289943
383.750000,14.552828,-11.535496,2.741238,-0.098067,1.293955,1.289613
383.800000,14.506832,-11.515891,2.736011,-0.111199,1.295482,1.289260
383.850000,14.460946,-11.496030,2.730104,-0.125148,1.295967,1.288585
383.900000,14.415185,-11.475883,2.723494,-0.139259,1.296293,1.287859
383.950000,14.369565,-11.455418,2.716187,-0.152977,1.296537,1.286780
384.000000,14.324103,-11.434604,2.708217,-0.165712,1.296716,1.286135
384.050000,14.278815,-11.413415,2.699650,-0.176734,1.296862,1.285938
384.100000,14.233715,-11.391828,2.690597,-0.185080,1.297233,1.285567
384.150000,14.188817,-11.369825,2.681219,-0.189617,1.297962,1.285187
384.200000,14.144128,-11.347398,2.671733,-0.189232,1.300875,1.284943
384.250000,14.099653,-11.324551,2.662408,-0.183150,1.302401,1.287991
384.300000,14.055389,-11.301299,2.653532,-0.171231,1.303499,1.291347
384.350000,14.011324,-11.277671,2.645383,-0.154176,1.303205,1.292282
384.400000,13.967443,-11.253704,2.638182,-0.133506,1.302460,1.293040
384.450000,13.923722,-11.229445,2.632058,-0.111302,1.301530,1.293970
384.500000,13.880137,-11.204943,2.627033,-0.089792,1.296899,1.295274
384.550000,13.836663,-11.180245,2.623024,-0.070904,1.295779,1.295921
384.600000,13.793277,-11.155392,2.619863,-0.055972,1.295579,1.295596
384.650000,13.749962,-11.130416,2.617335,-0.045662,1.299510,1.295531
384.700000,13.706704,-11.105341,2.615203,-0.040123,1.300791,1.295247
384.750000,13.663498,-11.080177,2.613232,-0.039229,1.300873,1.295227
384.800000,13.620341,-11.054928,2.611194,-0.042782,1.300623,1.295477
384.850000,13.577239,-11.029586,2.608873,-0.050499,1.293953,1.295664
384.900000,13.534202,-11.004133,2.606074,-0.061858,1.293098,1.295602
384.950000,13.491244,-10.978548,2.602638,-0.075823,1.293527,1.293245
385.000000,13.448384,-10.952799,2.598476,-0.090770,1.294250,1.292250
385.050000,13.405641,-10.926857,2.593588,-0.104576,1.295134,1.290226
385.100000,13.363033,-10.900692,2.588087,-0.115066,1.300217,1.289369
385.150000,13.320576,-10.874284,2.582183,-0.120570,1.301166,1.289034
385.200000,13.278278,-10.847622,2.576143,-0.120415,1.301012,1.289188
385.250000,13.236141,-10.820706,2.570240,-0.115155,1.298756,1.289776
385.300000,13.194158,-10.793550,2.564692,-0.106395,1.297684,1.293603
385.350000,13.152321,-10.766170,2.559622,-0.096296,1.296938,1.297662
385.400000,13.110616,-10.738590,2.555043,-0.086961,1.296540,1.298460
385.450000,13.069032,-10.710827,2.550878,-0.079907,1.296573,1.298427
385.500000,13.027559,-10.682898,2.546993,-0.075809,1.298905,1.297942
385.550000,12.986193,-10.654812,2.543242,-0.074531,1.301468,1.297654
385.600000,12.944932,-10.626571,2.539500,-0.075381,1.301918,1.297394
385.650000,12.903779,-10.598174,2.535683,-0.077398,1.301856,1.297444
385.700000,12.862735,-10.569618,2.531759,-0.079575,1.299717,1.297560
385.750000,12.821805,-10.540900,2.527743,-0.080970,1.295679,1.297539
385.800000,12.780992,-10.512016,2.523696,-0.080732,1.295363,1.292675
385.850000,12.740295,-10.482968,2.519718,-0.078140,1.295570,1.291830
385.900000,12.699712,-10.453763,2.515938,-0.072734,1.295698,1.288535
385.950000,12.659234,-10.424410,2.512501,-0.064464,1.295585,1.288215
386.000000,12.618851,-10.394928,2.509536,-0.053870,1.294787,1.288661
386.050000,12.578547,-10.365337,2.507135,-0.042078,1.293910,1.290722
386.100000,12.538306,-10.335662,2.505318,-0.030678,1.293335,1.292609
386.150000,12.498110,-10.305924,2.504022,-0.021379,1.292867,1.293761
386.200000,12.457947,-10.276143,2.503107,-0.015624,1.292577,1.294739
386.250000,12.417809,-10.246329,2.502372,-0.014241,1.292590,1.295337
386.300000,12.377692,-10.216485,2.501596,-0.017257,1.293045,1.295131
386.350000,12.337601,-10.186606,2.500576,-0.023930,1.293577,1.294711
386.400000,12.297547,-10.156679,2.499159,-0.032990,1.294238,1.294238
386.450000,12.257542,-10.126685,2.497263,-0.042941,1.294639,1.293861
386.500000,12.217602,-10.096606,2.494877,-0.052420,1.294853,1.293647
386.550000,12.177740,-10.066423,2.492052,-0.060428,1.293474,1.293530
386.600000,12.137969,-10.036119,2.488874,-0.066451,1.293318,1.293482
386.650000,12.098299,-10.005684,2.485447,-0.070421,1.293311,1.293489
386.700000,12.058736,-9.975111,2.481866,-0.072623,1.295688,1.289265
386.750000,12.019284,-9.944393,2.478210,-0.073482,1.297090,1.288754
386.800000,11.979945,-9.913532,2.474536,-0.073396,1.297208,1.288792
386.850000,11.940719,-9.882526,2.470886,-0.072547,1.297021,1.288979
386.900000,11.901606,-9.851379,2.467299,-0.070826,1.296972,1.293605
386.950000,11.862603,-9.820093,2.463828,-0.067856,1.297044,1.294156
387.000000,11.823707,-9.788676,2.460548,-0.063184,1.297209,1.293991
387.050000,11.784909,-9.757136,2.457549,-0.056552,1.297398,1.289401
387.100000,11.746200,-9.725488,2.454926,-0.048184,1.297270,1.288930
387.150000,11.707568,-9.693746,2.452746,-0.038933,1.296764,1.289436
387.200000,11.668997,-9.661929,2.451020,-0.030179,1.296115,1.294487
387.250000,11.630476,-9.630053,2.449685,-0.023456,1.295450,1.295750
387.300000,11.591992,-9.598132,2.448609,-0.019943,1.295085,1.296115
387.350000,11.553540,-9.566171,2.447620,-0.019984,1.295243,1.295957
387.400000,11.515121,-9.534171,2.446556,-0.022867,1.295829,1.295371
387.450000,11.476739,-9.502127,2.445313,-0.026971,1.295634,1.290635
387.500000,11.438400,-9.470032,2.443880,-0.030252,1.292730,1.289348
387.550000,11.400109,-9.437879,2.442344,-0.030889,1.291333,1.288330
387.600000,11.361867,-9.405668,2.440864,-0.027889,1.290996,1.288404
387.650000,11.323669,-9.373405,2.439623,-0.021389,1.290424,1.288888
387.700000,11.285506,-9.341101,2.438767,-0.012634,1.289706,1.289418
387.750000,11.247362,-9.308773,2.438362,-0.003575,1.289108,1.289992
387.800000,11.209225,-9.276438,2.438370,0.003702,1.288668,1.291752
387.850000,11.171083,-9.244109,2.438662,0.007585,1.288478,1.292122
387.900000,11.132929,-9.211793,2.439047,0.007396,1.289089,1.292304
387.950000,11.094764,-9.179491,2.439330,0.003542,1.289774,1.291991
388.000000,11.056594,-9.147195,2.439359,-0.002599,1.292333,1.291492
388.050000,11.018427,-9.114895,2.439067,-0.009104,1.293131,1.290969
388.100000,10.980276,-9.082577,2.438484,-0.014042,1.293551,1.290549
388.150000,10.942146,-9.050233,2.437724,-0.016014,1.293673,1.290427
388.200000,10.904041,-9.017859,2.436951,-0.014520,1.293476,1.291241
388.250000,10.865960,-8.985459,2.436330,-0.010044,1.293089,1.291799
388.300000,10.827894,-8.953039,2.435978,-0.003854,1.292579,1.292761
388.350000,10.789835,-8.920613,2.435943,0.002448,1.292118,1.293282
388.400000,10.751772,-8.888190,2.436194,0.007442,1.291850,1.293726
388.450000,10.713698,-8.855782,2.436645,0.010339,1.291839,1.293761
388.500000,10.675607,-8.823392,2.437188,0.011190,1.292908,1.293572
388.550000,10.637498,-8.791024,2.437741,0.010813,1.293396,1.293204
388.600000,10.599371,-8.758676,2.438272,0.010419,1.293772,1.292652
388.650000,10.561228,-8.726348,2.438807,0.011137,1.293109,1.292411
388.700000,10.523066,-8.694042,2.439419,0.013514,1.292559,1.292225
388.750000,10.484882,-8.661762,2.440185,0.017262,1.292174,1.292526
388.800000,10.446670,-8.629515,2.441148,0.021293,1.291653,1.293047
388.850000,10.408425,-8.597309,2.442286,0.024066,1.290101,1.293455
388.900000,10.370141,-8.565148,2.443499,0.024139,1.289627,1.294477
388.950000,10.331819,-8.533032,2.444630,0.020705,1.289639,1.294561
389.000000,10.293464,-8.500955,2.445505,0.013961,1.291178,1.294166
389.050000,10.255087,-8.468905,2.445987,0.005110,1.291995,1.292449
389.100000,10.216702,-8.436865,2.446015,-0.003958,1.293790,1.288926
389.150000,10.178323,-8.404817,2.445630,-0.011251,1.294441,1.285947
389.200000,10.139962,-8.372748,2.444957,-0.015294,1.294569,1.285531
389.250000,10.101624,-8.340651,2.444175,-0.015587,1.292168,1.285732
389.300000,10.063311,-8.308525,2.443460,-0.012711,1.289302,1.286802
389.350000,10.025018,-8.276375,2.442936,-0.008087,1.287445,1.287399
389.400000,9.986737,-8.244209,2.442648,-0.003422,1.287913,1.288548
389.450000,9.948463,-8.212037,2.442564,-0.000092,1.287753,1.289299
389.500000,9.910189,-8.179863,2.442601,0.001350,1.287839,1.292342
389.550000,9.871914,-8.147692,2.442672,0.001340,1.293689,1.292368
389.600000,9.833636,-8.115524,2.442733,0.001081,1.297171,1.292182
389.650000,9.795356,-8.083358,2.442806,0.002006,1.297908,1.291792
389.700000,9.757072,-8.051196,2.442979,0.005158,1.297941,1.291759
389.750000,9.718780,-8.019045,2.443368,0.010639,1.295635,1.292040
389.800000,9.680471,-7.986914,2.444067,0.017474,1.294646,1.292754
389.850000,9.642133,-7.954817,2.445102,0.023817,1.289473,1.294494
389.900000,9.603758,-7.922765,2.446393,0.027526,1.288384,1.295644
389.950000,9.565340,-7.890764,2.447765,0.026872,1.288245,1.295855
390.000000,9.526879,-7.858814,2.448979,0.021150,1.288475,1.295625
390.050000,9.488386,-7.826904,2.449794,0.010982,1.293568,1.295022
390.100000,9.449875,-7.795015,2.450030,-0.001793,1.294929,1.294271
390.150000,9.411368,-7.763122,2.449619,-0.014580,1.295701,1.292970
390.200000,9.372883,-7.731201,2.448629,-0.024740,1.296261,1.290754
390.250000,9.334437,-7.699234,2.447241,-0.030272,1.296179,1.290004
390.300000,9.296038,-7.667211,2.445711,-0.030326,1.295729,1.290107
390.350000,9.257686,-7.635130,2.444306,-0.025345,1.295196,1.290604
390.400000,9.219375,-7.603001,2.443243,-0.016854,1.294587,1.291478
390.450000,9.181091,-7.570840,2.442644,-0.006962,1.293935,1.295687
390.500000,9.142818,-7.538666,2.442529,0.002280,1.293954,1.296674
390.550000,9.104542,-7.506495,2.442827,0.009379,1.294487,1.296741
390.600000,9.066251,-7.474342,2.443412,0.013713,1.297361,1.296668
390.650000,9.027939,-7.442215,2.444148,0.015465,1.297998,1.296402
390.700000,8.989602,-7.410117,2.444923,0.015335,1.298311,1.296001
390.750000,8.951241,-7.378048,2.445661,0.014112,1.296280,1.295819
390.800000,8.912857,-7.346006,2.446324,0.012325,1.295909,1.295891
390.850000,8.874454,-7.313987,2.446886,0.010120,1.295009,1.296087
390.900000,8.836035,-7.281988,2.447325,0.007400,1.293890,1.296317
390.950000,8.797603,-7.250003,2.447615,0.004145,1.292017,1.296587
391.000000,8.759166,-7.218026,2.447738,0.000744,1.291991,1.296409
391.050000,8.720726,-7.186051,2.447707,-0.001878,1.292353,1.296047
391.100000,8.682290,-7.154072,2.447594,-0.002416,1.292860,1.295540
391.150000,8.643856,-7.122090,2.447532,0.000323,1.293332,1.289085
391.200000,8.605422,-7.090109,2.447702,0.006868,1.293354,1.288246
391.250000,8.566976,-7.058141,2.448281,0.016626,1.291187,1.288741
391.300000,8.528503,-7.026207,2.449389,0.027799,1.289989,1.290503
391.350000,8.489986,-6.994325,2.451032,0.037778,1.288936,1.292280
391.400000,8.451410,-6.962515,2.453085,0.043886,1.288255,1.295334
391.450000,8.412765,-6.930789,2.455303,0.044215,1.288093,1.296599
391.500000,8.374051,-6.899146,2.457382,0.038263,1.291229,1.297534
391.550000,8.335277,-6.867577,2.459029,0.027110,1.294227,1.296835
391.600000,8.296462,-6.836060,2.460041,0.013066,1.297358,1.294470
391.650000,8.257625,-6.804568,2.460340,-0.001059,1.298396,1.292712
391.700000,8.218790,-6.773075,2.459987,-0.012773,1.298767,1.292233
391.750000,8.179974,-6.741557,2.459143,-0.020545,1.297015,1.292312
391.800000,8.141190,-6.710001,2.458017,-0.024056,1.296454,1.293439
391.850000,8.102443,-6.678399,2.456806,-0.024007,1.296008,1.295577
391.900000,8.063734,-6.646751,2.455659,-0.021677,1.295671,1.296129
391.950000,8.025059,-6.615061,2.454656,-0.018366,1.295909,1.296155
392.000000,7.986413,-6.583336,2.453821,-0.015011,1.296351,1.296102
392.050000,7.947791,-6.551582,2.453146,-0.012025,1.296557,1.295943
392.100000,7.909188,-6.519804,2.452612,-0.009397,1.296688,1.296605
392.150000,7.870600,-6.488008,2.452204,-0.006928,1.296477,1.295955
392.200000,7.832023,-6.456199,2.451919,-0.004464,1.296343,1.295957
392.250000,7.793454,-6.424381,2.451758,-0.001998,1.296111,1.296189
392.300000,7.754887,-6.392560,2.451717,0.000344,1.295923,1.296377
392.350000,7.716320,-6.360739,2.451788,0.002476,1.295986,1.296490
392.400000,7.677749,-6.328922,2.451962,0.004486,1.296552,1.298061
392.450000,7.639171,-6.297115,2.452242,0.006722,1.299231,1.298573
392.500000,7.600582,-6.265320,2.452650,0.009690,1.299710,1.298490
392.550000,7.561977,-6.233545,2.453235,0.013852,1.299772,1.298428
392.600000,7.523350,-6.201797,2.454061,0.019343,1.299724,1.298476
392.650000,7.484692,-6.170086,2.455187,0.025768,1.299494,1.298706
392.700000,7.445994,-6.138425,2.456636,0.032162,1.299058,1.299142
392.750000,7.407245,-6.106826,2.458373,0.037165,1.298582,1.303403
392.800000,7.368437,-6.075298,2.460295,0.039397,1.298282,1.304394
392.850000,7.329569,-6.043846,2.462236,0.037859,1.298168,1.304532
392.900000,7.290641,-6.012466,2.464001,0.032320,1.298366,1.304158
392.950000,7.251664,-5.981149,2.465403,0.023406,1.298851,1.303649
393.000000,7.212650,-5.949877,2.466305,0.012472,1.298865,1.300730
393.050000,7.173617,-5.918630,2.466647,0.001194,1.298255,1.296103
393.100000,7.134582,-5.887385,2.466450,-0.008921,1.298488,1.293539
393.150000,7.095560,-5.856123,2.465797,-0.016984,1.297916,1.293180
393.200000,7.056565,-5.824828,2.464794,-0.022910,1.296920,1.293288
393.250000,7.017605,-5.793490,2.463534,-0.027325,1.296536,1.293564
393.300000,6.978688,-5.762098,2.462070,-0.031186,1.296245,1.297200
393.350000,6.939819,-5.730645,2.460409,-0.035291,1.296942,1.297751
393.400000,6.901007,-5.699124,2.458533,-0.039819,1.297238,1.297562
393.450000,6.862257,-5.667525,2.456432,-0.044166,1.298743,1.297113
393.500000,6.823577,-5.635841,2.454147,-0.047067,1.299396,1.296604
393.550000,6.784971,-5.604068,2.451786,-0.047050,1.299821,1.291865
393.600000,6.746439,-5.572204,2.449524,-0.043006,1.298499,1.291193
393.650000,6.707975,-5.540258,2.447571,-0.034665,1.296913,1.291442
393.700000,6.669566,-5.508247,2.446125,-0.022808,1.296046,1.292154
393.750000,6.631193,-5.476192,2.445324,-0.009077,1.295198,1.297581
393.800000,6.592835,-5.444120,2.445210,0.004504,1.294413,1.301717
393.850000,6.554470,-5.412056,2.445732,0.016141,1.294008,1.302492
393.900000,6.516079,-5.380022,2.446762,0.024735,1.293921,1.302579
393.950000,6.477650,-5.348035,2.448141,0.030065,1.294322,1.302178
394.000000,6.439172,-5.316105,2.449715,0.032598,1.294774,1.293271
394.050000,6.400644,-5.284237,2.451362,0.033085,1.292948,1.291927
394.100000,6.362063,-5.252433,2.452995,0.032114,1.292574,1.292026
394.150000,6.323431,-5.220691,2.454548,0.029873,1.294326,1.293092
394.200000,6.284752,-5.189006,2.455953,0.026167,1.294188,1.298455
394.250000,6.246032,-5.157371,2.457130,0.020700,1.294143,1.301975
394.300000,6.207279,-5.125776,2.457987,0.013405,1.295467,1.302090
394.350000,6.168506,-5.094207,2.458443,0.004675,1.297819,1.301554
394.400000,6.129725,-5.062646,2.458445,-0.004637,1.298662,1.296800
394.450000,6.090952,-5.031077,2.457992,-0.013431,1.299048,1.294443
394.500000,6.052199,-4.999482,2.457135,-0.020672,1.298834,1.294113
394.550000,6.013479,-4.967848,2.455970,-0.025687,1.298750,1.295559
394.600000,5.974799,-4.936164,2.454615,-0.028241,1.298626,1.295874
394.650000,5.936163,-4.904426,2.453190,-0.028493,1.299380,1.298113
394.700000,5.897572,-4.872634,2.451804,-0.026756,1.299632,1.298532
394.750000,5.859024,-4.840791,2.450548,-0.023326,1.300001,1.298815
394.800000,5.820512,-4.808903,2.449503,-0.018312,1.300039,1.298861
394.850000,5.782029,-4.776980,2.448748,-0.011708,1.300011,1.298537
394.900000,5.743565,-4.745034,2.448363,-0.003529,1.299992,1.297099
394.950000,5.705106,-4.713083,2.448420,0.005953,1.299800,1.296220
395.000000,5.666637,-4.681143,2.448969,0.016058,1.299500,1.294728
395.050000,5.628143,-4.649233,2.450013,0.025630,1.292427,1.294973
395.100000,5.589609,-4.617373,2.451491,0.033260,1.291042,1.297130
395.150000,5.551022,-4.585576,2.453271,0.037557,1.290664,1.297736
395.200000,5.512376,-4.553850,2.455161,0.037602,1.292803,1.297797
395.250000,5.473672,-4.522196,2.456944,0.033250,1.293249,1.297651
395.300000,5.434915,-4.490606,2.458417,0.025300,1.293651,1.297249
395.350000,5.396119,-4.459065,2.459438,0.015355,1.294291,1.296609
395.400000,5.357299,-4.427553,2.459958,0.005459,1.292729,1.291746
395.450000,5.318470,-4.396052,2.460027,-0.002443,1.292929,1.290671
395.500000,5.279644,-4.364548,2.459782,-0.007011,1.293032,1.290568
395.550000,5.240828,-4.333031,2.459400,-0.007859,1.292851,1.291981
395.600000,5.202024,-4.301499,2.459055,-0.005615,1.292408,1.296993
395.650000,5.163229,-4.269956,2.458868,-0.001713,1.291943,1.298057
395.700000,5.124436,-4.238410,2.458877,0.002046,1.292576,1.298393
395.750000,5.085641,-4.206868,2.459033,0.003967,1.296801,1.298524
395.800000,5.046840,-4.175332,2.459212,0.002866,1.297386,1.298250
395.850000,5.008035,-4.143802,2.459251,-0.001690,1.297655,1.297945
395.900000,4.969233,-4.112267,2.458982,-0.009371,1.297963,1.294116
395.950000,4.930447,-4.080714,2.458273,-0.019201,1.296834,1.293181
396.000000,4.891691,-4.049124,2.457050,-0.029808,1.295396,1.292907
396.050000,4.852981,-4.017476,2.455311,-0.039655,1.295507,1.293121
396.100000,4.814335,-3.985751,2.453131,-0.047297,1.295727,1.294557
396.150000,4.775762,-3.953937,2.450650,-0.051551,1.298095,1.295750
396.200000,4.737271,-3.922024,2.448059,-0.051668,1.300642,1.295859
396.250000,4.698862,-3.890012,2.445570,-0.047429,1.300893,1.295907
396.300000,4.660528,-3.857910,2.443393,-0.039206,1.300631,1.296169
396.350000,4.622257,-3.825734,2.441708,-0.027905,1.300166,1.295578
396.400000,4.584030,-3.793505,2.440635,-0.014823,1.298005,1.295922
396.450000,4.545827,-3.761248,2.440229,-0.001433,1.297319,1.296381
396.500000,4.507627,-3.728987,2.440468,0.010886,1.294839,1.296836
396.550000,4.469410,-3.696747,2.441273,0.021075,1.294331,1.297597
396.600000,4.431159,-3.664547,2.442520,0.028517,1.294271,1.297729
396.650000,4.392862,-3.632401,2.444067,0.033042,1.295933,1.298180
396.700000,4.354513,-3.600317,2.445771,0.034814,1.296236,1.298164
396.750000,4.316109,-3.568299,2.447501,0.034130,1.296247,1.298153
396.800000,4.277651,-3.536347,2.449142,0.031280,1.296297,1.297575
396.850000,4.239143,-3.504454,2.450589,0.026386,1.295375,1.296841
396.900000,4.200593,-3.472612,2.451740,0.019461,1.295367,1.296369
396.950000,4.162013,-3.440807,2.452494,0.010475,1.295462,1.296238
397.000000,4.123417,-3.409022,2.452750,-0.000427,1.295643,1.296057
397.050000,4.084821,-3.377235,2.452425,-0.012719,1.295853,1.295847
397.100000,4.046246,-3.345424,2.451474,-0.025362,1.296277,1.296831
397.150000,4.007711,-3.313564,2.449916,-0.036787,1.297700,1.296568
397.200000,3.969233,-3.281635,2.447860,-0.045099,1.298303,1.296097
397.250000,3.930827,-3.249619,2.445508,-0.048442,1.298762,1.295638
397.300000,3.892498,-3.217512,2.443143,-0.045469,1.296094,1.287834
397.350000,3.854240,-3.185320,2.441094,-0.035780,1.295064,1.286996
397.400000,3.816039,-3.153061,2.439681,-0.020127,1.290988,1.287667
397.450000,3.777870,-3.120763,2.439158,-0.000370,1.289264,1.290256
397.500000,3.739701,-3.088466,2.439668,0.020887,1.288248,1.292949
397.550000,3.701498,-3.056208,2.441216,0.040862,1.286914,1.294574
397.600000,3.663231,-3.024027,2.443676,0.057137,1.286369,1.295131
397.650000,3.624873,-2.991955,2.446822,0.068088,1.286305,1.295195
397.700000,3.586407,-2.960012,2.450365,0.073022,1.287018,1.295099
397.750000,3.547825,-2.928208,2.454008,0.072068,1.287356,1.293258
397.800000,3.509131,-2.896542,2.457471,0.065918,1.287666,1.292734
397.850000,3.470332,-2.865003,2.460518,0.055519,1.286694,1.292560
397.900000,3.431447,-2.833572,2.462961,0.041888,1.286823,1.292277
397.950000,3.392497,-2.802221,2.464665,0.026041,1.287036,1.292945
398.000000,3.353506,-2.770921,2.465545,0.009054,1.287377,1.293428
398.050000,3.314501,-2.739638,2.465574,-0.007883,1.291439,1.294219
398.100000,3.275507,-2.708341,2.464786,-0.023446,1.296184,1.293817
398.150000,3.236550,-2.676998,2.463284,-0.036339,1.297252,1.292014
398.200000,3.197650,-2.645586,2.461229,-0.045466,1.299349,1.291337
398.250000,3.158820,-2.614086,2.458825,-0.050216,1.299618,1.291282
398.300000,3.120068,-2.582490,2.456294,-0.050565,1.299531,1.291369
398.350000,3.081396,-2.550797,2.453842,-0.047119,1.296792,1.291729
398.400000,3.042798,-2.519013,2.451635,-0.040912,1.296110,1.294910
398.450000,3.004265,-2.487151,2.449779,-0.033182,1.295785,1.296673
398.500000,2.965785,-2.455225,2.448323,-0.025035,1.296152,1.298123
398.550000,2.927345,-2.423250,2.447266,-0.017287,1.298815,1.298328
398.600000,2.888932,-2.391243,2.446577,-0.010377,1.299101,1.298399
398.650000,2.850537,-2.359215,2.446209,-0.004442,1.299468,1.298385
398.700000,2.812149,-2.327178,2.446113,0.000510,1.299426,1.298474
398.750000,2.773760,-2.295142,2.446240,0.004445,1.299024,1.298436
398.800000,2.735364,-2.263115,2.446534,0.007199,1.298711,1.298601
398.850000,2.696957,-2.231101,2.446930,0.008500,1.295648,1.298657
398.900000,2.658537,-2.199102,2.447350,0.008095,1.295100,1.298800
398.950000,2.620104,-2.167119,2.447705,0.005927,1.295173,1.297758
399.000000,2.581662,-2.135148,2.447914,0.002290,1.295266,1.297534
399.050000,2.543216,-2.103180,2.447920,-0.002124,1.298508,1.296230
399.100000,2.504774,-2.071208,2.447708,-0.006310,1.299151,1.295849
399.150000,2.466341,-2.039225,2.447317,-0.009170,1.299468,1.292714
399.200000,2.427923,-2.007224,2.446837,-0.009817,1.292686,1.288985
399.250000,2.389520,-1.975205,2.446389,-0.007824,1.291776,1.288524
399.300000,2.351129,-1.943172,2.446102,-0.003391,1.291491,1.288809
399.350000,2.312743,-1.911132,2.446081,0.002718,1.291115,1.288657
399.400000,2.274353,-1.879098,2.446382,0.009388,1.287522,1.289096
399.450000,2.235948,-1.847082,2.447007,0.015509,1.286674,1.289526
399.500000,2.197518,-1.815095,2.447906,0.020317,1.286402,1.290150
399.550000,2.159057,-1.783147,2.449007,0.023568,1.286544,1.291729
399.600000,2.120557,-1.751244,2.450238,0.025513,1.290069,1.294066
399.650000,2.082017,-1.719390,2.451543,0.026608,1.295855,1.293976
399.700000,2.043435,-1.687587,2.452888,0.027170,1.296704,1.293532
399.750000,2.004810,-1.655836,2.454246,0.027062,1.296475,1.293725
399.800000,1.966143,-1.624137,2.455568,0.025673,1.294175,1.294704
399.850000,1.927435,-1.592488,2.456769,0.022135,1.292010,1.295194
399.900000,1.888692,-1.560881,2.457726,0.015835,1.291137,1.296567
399.950000,1.849925,-1.529304,2.458299,0.006824,1.291965,1.297508
400.000000,1.811147,-1.497739,2.458377,-0.003878,1.292709,1.296991
400.050000,1.772376,-1.466168,2.457918,-0.014458,1.299624,1.296152
400.100000,1.733627,-1.434569,2.456981,-0.022747,1.301147,1.295453
400.150000,1.694913,-1.402926,2.455728,-0.026938,1.301380,1.294692
400.200000,1.656241,-1.371233,2.454387,-0.026170,1.301294,1.294706
400.250000,1.617609,-1.339490,2.453199,-0.020876,1.300790,1.294329
400.300000,1.579010,-1.307708,2.452353,-0.012688,1.295008,1.294091
400.350000,1.540432,-1.275901,2.451936,-0.003960,1.292048,1.294667
400.400000,1.501860,-1.244085,2.451916,0.002951,1.291406,1.295799
400.450000,1.463284,-1.212275,2.452158,0.006337,1.291310,1.295990
400.500000,1.424698,-1.180476,2.452468,0.005635,1.291590,1.295799
400.550000,1.386105,-1.148688,2.452655,0.001481,1.292063,1.295337
400.600000,1.347509,-1.116901,2.452582,-0.004581,1.292680,1.293311
400.650000,1.308920,-1.085106,2.452201,-0.010643,1.293200,1.291102
400.700000,1.270348,-1.053291,2.451553,-0.015066,1.292709,1.289101
400.750000,1.231800,-1.021447,2.450746,-0.016944,1.292573,1.288927
400.800000,1.193278,-0.989572,2.449909,-0.016280,1.290816,1.289275
400.850000,1.154782,-0.957665,2.449151,-0.013835,1.290150,1.289750
400.900000,1.116308,-0.925732,2.448536,-0.010723,1.289760,1.291725
400.950000,1.077851,-0.893778,2.448071,-0.007941,1.290006,1.293543
401.000000,1.039406,-0.861808,2.447724,-0.006036,1.292560,1.293618
401.050000,1.000972,-0.829827,2.447451,-0.004978,1.293274,1.293314
401.100000,0.962546,-0.797836,2.447218,-0.004354,1.293553,1.290934
401.150000,0.924126,-0.765837,2.447017,-0.003685,1.293697,1.289886
401.200000,0.885713,-0.733831,2.446855,-0.002759,1.293410,1.289914
401.250000,0.847304,-0.701819,2.446742,-0.001783,1.292772,1.290176
401.300000,0.808897,-0.669804,2.446666,-0.001318,1.291590,1.292631
401.350000,0.770494,-0.637786,2.446586,-0.001969,1.291984,1.293649
401.400000,0.732093,-0.605764,2.446441,-0.004007,1.292493,1.293659
401.450000,0.693699,-0.573734,2.446165,-0.007115,1.293706,1.293551
401.500000,0.655317,-0.541691,2.445729,-0.010343,1.295949,1.292948
401.550000,0.616951,-0.509628,2.445157,-0.012387,1.298285,1.292488
401.600000,0.578604,-0.477541,2.444540,-0.012019,1.298780,1.291780
401.650000,0.540276,-0.445433,2.444016,-0.008604,1.298734,1.290797
401.700000,0.501961,-0.413308,2.443734,-0.002399,1.295006,1.291049
401.750000,0.463650,-0.381179,2.443807,0.005459,1.293949,1.291299
401.800000,0.425331,-0.349061,2.444276,0.013299,1.293309,1.292243
401.850000,0.386990,-0.316968,2.445101,0.019501,1.290452,1.293035
401.900000,0.348618,-0.284911,2.446174,0.023113,1.289490,1.293270
401.950000,0.310210,-0.252899,2.447363,0.024206,1.288756,1.292536
402.000000,0.271763,-0.220932,2.448568,0.023872,1.288263,1.291869
402.050000,0.233278,-0.189012,2.449758,0.023750,1.288224,1.291336
402.100000,0.194755,-0.157137,2.450979,0.025301,1.288561,1.290499
402.150000,0.156191,-0.125312,2.452333,0.029083,1.288953,1.290487
402.200000,0.117581,-0.093544,2.453914,0.034321,1.287961,1.291099
402.250000,0.078917,-0.061841,2.455750,0.039031,1.287088,1.292177
402.300000,0.040191,-0.030213,2.457751,0.040635,1.286138,1.293074
402.350000,0.001402,0.001337,2.459705,0.036952,1.285737,1.293551
