s,x,y,w_left,w_right
0.0000,-0.0018,0.0069,1.2880,1.2913
0.0500,-0.0408,0.0382,1.2880,1.2913
0.1000,-0.0803,0.0688,1.2908,1.2913
0.1500,-0.1202,0.0990,1.2908,1.2886
0.2000,-0.1599,0.1294,1.2945,1.2886
0.2500,-0.1992,0.1603,1.2945,1.2886
0.3000,-0.2379,0.1919,1.2945,1.2886
0.3500,-0.2761,0.2242,1.2945,1.2886
0.4000,-0.3141,0.2567,1.2910,1.2902
0.4500,-0.3521,0.2892,1.2910,1.2927
0.5000,-0.3905,0.3213,1.2910,1.2946
0.5500,-0.4293,0.3528,1.3013,1.2952
0.6000,-0.4682,0.3841,1.3015,1.2946
0.6500,-0.5071,0.4155,1.3015,1.2946
0.7000,-0.5457,0.4473,1.3015,1.2946
0.7500,-0.5840,0.4796,1.2971,1.2946
0.8000,-0.6219,0.5122,1.2932,1.2946
0.8500,-0.6597,0.5449,1.2932,1.2940
0.9000,-0.6976,0.5775,1.2932,1.2946
0.9500,-0.7356,0.6100,1.2932,1.2946
1.0000,-0.7737,0.6423,1.2956,1.2966
1.0501,-0.8120,0.6745,1.2979,1.2966
1.1001,-0.8504,0.7066,1.2979,1.2966
1.1501,-0.8888,0.7386,1.2979,1.2966
1.2001,-0.9271,0.7707,1.2955,1.2953
1.2501,-0.9654,0.8028,1.2955,1.2953
1.3001,-1.0038,0.8349,1.2947,1.2966
1.3501,-1.0423,0.8668,1.2947,1.2981
1.4001,-1.0810,0.8985,1.2947,1.2995
1.4501,-1.1200,0.9298,1.2957,1.3009
1.5001,-1.1592,0.9607,1.2975,1.3009
1.5501,-1.1988,0.9913,1.3010,1.3009
1.6001,-1.2386,1.0217,1.3010,1.3009
1.6501,-1.2783,1.0520,1.3010,1.2995
1.7001,-1.3179,1.0825,1.2962,1.2941
1.7501,-1.3573,1.1134,1.2952,1.2941
1.8001,-1.3963,1.1446,1.2946,1.2938
1.8501,-1.4351,1.1762,1.2946,1.2941
1.9001,-1.4738,1.2078,1.2940,1.2941
1.9501,-1.5125,1.2395,1.2940,1.2941
2.0001,-1.5512,1.2711,1.2952,1.2938
2.0501,-1.5899,1.3028,1.2965,1.2936
2.1001,-1.6284,1.3347,1.2965,1.2920
2.1501,-1.6667,1.3668,1.2965,1.2918
2.2001,-1.7047,1.3994,1.2935,1.2918
2.2501,-1.7424,1.4322,1.2935,1.2918
2.3001,-1.7801,1.4651,1.2918,1.2936
2.3501,-1.8178,1.4979,1.2918,1.2939
2.4001,-1.8558,1.5304,1.2918,1.2939
2.4501,-1.8942,1.5625,1.2963,1.2963
2.5001,-1.9328,1.5943,1.2965,1.2963
2.5501,-1.9714,1.6260,1.2965,1.2963
2.6001,-2.0100,1.6578,1.2965,1.2962
2.6501,-2.0484,1.6898,1.2965,1.2962
2.7001,-2.0868,1.7219,1.2963,1.2962
2.7501,-2.1251,1.7540,1.2961,1.2964
2.8001,-2.1634,1.7861,1.2961,1.2966
2.8501,-2.2020,1.8179,1.2959,1.2966
2.9001,-2.2408,1.8494,1.2959,1.2966
2.9501,-2.2798,1.8807,1.2959,1.2966
3.0001,-2.3190,1.9118,1.2963,1.2966
3.0502,-2.3580,1.9431,1.2963,1.2965
3.1002,-2.3968,1.9746,1.2963,1.2952
3.1502,-2.4352,2.0066,1.2940,1.2925
3.2002,-2.4734,2.0389,1.2895,1.2925
3.2502,-2.5115,2.0713,1.2895,1.2925
3.3002,-2.5497,2.1036,1.2895,1.2959
3.3502,-2.5883,2.1353,1.2895,1.2959
3.4002,-2.6273,2.1666,1.2901,1.2959
3.4502,-2.6666,2.1976,1.2911,1.2940
3.5002,-2.7059,2.2284,1.2931,1.2902
3.5502,-2.7450,2.2596,1.2931,1.2896
3.6002,-2.7837,2.2913,1.2931,1.2896
3.6502,-2.8219,2.3236,1.2931,1.2896
3.7002,-2.8598,2.3562,1.2931,1.2896
3.7502,-2.8976,2.3889,1.2931,1.2947
3.8002,-2.9356,2.4214,1.2931,1.2992
3.8502,-2.9740,2.4535,1.2961,1.2992
3.9002,-3.0126,2.4852,1.2994,1.2992
3.9502,-3.0513,2.5169,1.2994,1.2991
4.0002,-3.0899,2.5487,1.2994,1.2962
4.0502,-3.1283,2.5807,1.2994,1.2944
4.1002,-3.1665,2.6130,1.2973,1.2944
4.1502,-3.2045,2.6455,1.2973,1.2944
4.2002,-3.2423,2.6782,1.2966,1.2957
4.2502,-3.2800,2.7110,1.2961,1.2957
4.3002,-3.3178,2.7437,1.2966,1.2957
4.3502,-3.3558,2.7762,1.2966,1.2964
4.4002,-3.3940,2.8085,1.2966,1.2964
4.4502,-3.4323,2.8407,1.2966,1.2964
4.5002,-3.4706,2.8728,1.2966,1.2959
4.5502,-3.5090,2.9048,1.2966,1.2944
4.6002,-3.5475,2.9368,1.2945,1.2944
4.6502,-3.5860,2.9687,1.2945,1.2944
4.7002,-3.6247,3.0003,1.2945,1.2966
4.7502,-3.6636,3.0317,1.2945,1.2966
4.8002,-3.7029,3.0627,1.2948,1.2975
4.8502,-3.7424,3.0934,1.2948,1.2975
4.9002,-3.7822,3.1236,1.2965,1.2975
4.9502,-3.8221,3.1537,1.2965,1.2937
5.0002,-3.8621,3.1838,1.2965,1.2891
5.0503,-3.9018,3.2142,1.2958,1.2891
5.1003,-3.9411,3.2450,1.2942,1.2891
5.1503,-3.9802,3.2762,1.2919,1.2891
5.2003,-4.0191,3.3077,1.2917,1.2900
5.2503,-4.0579,3.3392,1.2917,1.2904
5.3003,-4.0966,3.3709,1.2917,1.2918
5.3503,-4.1353,3.4025,1.2942,1.2927
5.4003,-4.1739,3.4343,1.2965,1.2927
5.4503,-4.2123,3.4663,1.2965,1.2936
5.5003,-4.2506,3.4984,1.2965,1.2936
5.5503,-4.2888,3.5307,1.2965,1.2945
5.6003,-4.3270,3.5630,1.2965,1.2953
5.6503,-4.3652,3.5952,1.2985,1.2972
5.7003,-4.4035,3.6274,1.2985,1.2986
5.7503,-4.4419,3.6595,1.2987,1.2991
5.8003,-4.4802,3.6916,1.2989,1.2991
5.8503,-4.5185,3.7237,1.2990,1.2991
5.9003,-4.5569,3.7558,1.2990,1.2986
5.9503,-4.5953,3.7878,1.2990,1.2980
6.0003,-4.6336,3.8199,1.2990,1.2965
6.0503,-4.6719,3.8521,1.2967,1.2965
6.1003,-4.7102,3.8843,1.2967,1.2965
6.1503,-4.7484,3.9165,1.2933,1.2993
6.2003,-4.7868,3.9486,1.2933,1.2993
6.2503,-4.8253,3.9804,1.2933,1.2993
6.3003,-4.8642,4.0118,1.2933,1.2980
6.3503,-4.9034,4.0428,1.2933,1.2978
6.4003,-4.9429,4.0735,1.2933,1.2937
6.4503,-4.9824,4.1042,1.2930,1.2869
6.5003,-5.0217,4.1351,1.2919,1.2865
6.5503,-5.0609,4.1661,1.2892,1.2865
6.6003,-5.1000,4.1973,1.2892,1.2865
6.6503,-5.1390,4.2286,1.2892,1.2869
6.7003,-5.1778,4.2602,1.2898,1.2869
6.7503,-5.2164,4.2919,1.2898,1.2869
6.8003,-5.2549,4.3239,1.2915,1.2870
6.8503,-5.2931,4.3561,1.2915,1.2872
6.9003,-5.3311,4.3886,1.2915,1.2872
6.9503,-5.3690,4.4212,1.2904,1.2881
7.0003,-5.4068,4.4540,1.2898,1.2908
7.0504,-5.4447,4.4865,1.2877,1.2933
7.1004,-5.4829,4.5189,1.2877,1.2941
7.1504,-5.5213,4.5509,1.2877,1.2941
7.2004,-5.5599,4.5826,1.2918,1.2970
7.2504,-5.5986,4.6144,1.2952,1.2970
7.3004,-5.6371,4.6462,1.2961,1.2970
7.3504,-5.6755,4.6782,1.2961,1.2963
7.4004,-5.7138,4.7104,1.2952,1.2963
7.4504,-5.7519,4.7427,1.2952,1.2963
7.5004,-5.7901,4.7751,1.2943,1.2963
7.5504,-5.8282,4.8074,1.2943,1.2981
7.6004,-5.8665,4.8396,1.2943,1.2984
7.6504,-5.9049,4.8716,1.2943,1.2984
7.7004,-5.9435,4.9034,1.2943,1.2984
7.7504,-5.9822,4.9350,1.2972,1.2931
7.8004,-6.0210,4.9665,1.2972,1.2931
7.8504,-6.0599,4.9980,1.2972,1.2889
7.9004,-6.0987,5.0295,1.2914,1.2868
7.9504,-6.1376,5.0610,1.2898,1.2868
8.0004,-6.1765,5.0924,1.2894,1.2868
8.0504,-6.2154,5.1238,1.2893,1.2907
8.1004,-6.2544,5.1551,1.2893,1.2931
8.1504,-6.2934,5.1864,1.2893,1.2931
8.2004,-6.3324,5.2177,1.2894,1.2931
8.2504,-6.3714,5.2490,1.2896,1.2881
8.3004,-6.4102,5.2805,1.2912,1.2881
8.3504,-6.4488,5.3122,1.2912,1.2881
8.4004,-6.4873,5.3442,1.2912,1.2898
8.4504,-6.5257,5.3763,1.2904,1.2898
8.5004,-6.5639,5.4085,1.2888,1.2906
8.5504,-6.6020,5.4408,1.2888,1.2906
8.6004,-6.6402,5.4732,1.2888,1.2906
8.6504,-6.6784,5.5054,1.2899,1.2906
8.7004,-6.7166,5.5377,1.2915,1.2898
8.7504,-6.7548,5.5700,1.2915,1.2898
8.8004,-6.7929,5.6023,1.2915,1.2898
8.8504,-6.8311,5.6346,1.2899,1.2898
8.9004,-6.8692,5.6670,1.2889,1.2896
8.9504,-6.9073,5.6994,1.2882,1.2896
9.0004,-6.9454,5.7317,1.2882,1.2902
9.0504,-6.9838,5.7638,1.2882,1.2906
9.1005,-7.0223,5.7957,1.2882,1.2924
9.1505,-7.0611,5.8272,1.2919,1.2924
9.2005,-7.1000,5.8586,1.2950,1.2954
9.2505,-7.1391,5.8898,1.2950,1.2954
9.3005,-7.1781,5.9211,1.2950,1.2954
9.3505,-7.2171,5.9524,1.2950,1.2954
9.4005,-7.2560,5.9838,1.2950,1.2963
9.4505,-7.2949,6.0152,1.2950,1.2965
9.5005,-7.3337,6.0468,1.2950,1.2968
9.5505,-7.3725,6.0783,1.2959,1.2968
9.6005,-7.4113,6.1098,1.2968,1.2968
9.6505,-7.4501,6.1413,1.2969,1.2968
9.7005,-7.4890,6.1727,1.2996,1.2968
9.7505,-7.5279,6.2042,1.2996,1.2963
9.8005,-7.5667,6.2357,1.2996,1.2924
9.8505,-7.6054,6.2674,1.2968,1.2902
9.9005,-7.6440,6.2992,1.2942,1.2902
9.9505,-7.6824,6.3312,1.2897,1.2924
10.0005,-7.7209,6.3631,1.2897,1.2924
10.0505,-7.7594,6.3950,1.2897,1.2928
10.1005,-7.7980,6.4268,1.2897,1.2928
10.1505,-7.8367,6.4585,1.2929,1.2924
10.2005,-7.8754,6.4901,1.2929,1.2907
10.2505,-7.9140,6.5219,1.2929,1.2893
10.3005,-7.9525,6.5539,1.2929,1.2893
10.3505,-7.9906,6.5862,1.2929,1.2893
10.4005,-8.0285,6.6188,1.2922,1.2928
10.4505,-8.0663,6.6515,1.2922,1.2943
10.5005,-8.1042,6.6841,1.2922,1.2982
10.5505,-8.1424,6.7164,1.2929,1.2982
10.6005,-8.1808,6.7484,1.2981,1.2982
10.6505,-8.2194,6.7803,1.2981,1.2956
10.7005,-8.2578,6.8122,1.2981,1.2948
10.7505,-8.2961,6.8444,1.2981,1.2931
10.8005,-8.3343,6.8767,1.2951,1.2931
10.8505,-8.3725,6.9090,1.2929,1.2931
10.9005,-8.4108,6.9411,1.2893,1.2948
10.9505,-8.4494,6.9728,1.2893,1.2958
11.0005,-8.4885,7.0041,1.2893,1.2958
11.0505,-8.5279,7.0349,1.2961,1.2958
11.1006,-8.5674,7.0655,1.2983,1.2958
11.1506,-8.6068,7.0963,1.2983,1.2948
11.2006,-8.6460,7.1274,1.2983,1.2931
11.2506,-8.6848,7.1589,1.2950,1.2912
11.3006,-8.7233,7.1908,1.2935,1.2912
11.3506,-8.7617,7.2228,1.2881,1.2912
11.4006,-8.8001,7.2548,1.2881,1.2943
11.4506,-8.8387,7.2866,1.2881,1.2943
11.5006,-8.8775,7.3182,1.2906,1.2943
11.5506,-8.9165,7.3495,1.2920,1.2912
11.6006,-8.9555,7.3807,1.2920,1.2912
11.6506,-8.9945,7.4121,1.2920,1.2905
11.7006,-9.0331,7.4438,1.2895,1.2882
11.7506,-9.0715,7.4758,1.2891,1.2882
11.8006,-9.1096,7.5082,1.2891,1.2882
11.8506,-9.1476,7.5407,1.2891,1.2894
11.9006,-9.1856,7.5732,1.2891,1.2905
11.9506,-9.2237,7.6056,1.2891,1.2909
12.0006,-9.2620,7.6377,1.2955,1.2923
12.0506,-9.3005,7.6696,1.2955,1.2927
12.1006,-9.3392,7.7014,1.2955,1.2927
12.1506,-9.3777,7.7332,1.2972,1.2927
12.2006,-9.4162,7.7652,1.2949,1.2927
12.2506,-9.4544,7.7974,1.2949,1.2927
12.3006,-9.4925,7.8298,1.2931,1.2932
12.3506,-9.5306,7.8622,1.2915,1.2954
12.4006,-9.5687,7.8946,1.2915,1.2954
12.4506,-9.6070,7.9267,1.2915,1.2962
12.5006,-9.6454,7.9587,1.2949,1.2962
12.5506,-9.6840,7.9906,1.2949,1.2962
12.6006,-9.7226,8.0223,1.2949,1.2954
12.6506,-9.7613,8.0540,1.2929,1.2954
12.7006,-9.8000,8.0856,1.2908,1.2923
12.7506,-9.8387,8.1173,1.2908,1.2919
12.8006,-9.8775,8.1489,1.2907,1.2919
12.8506,-9.9164,8.1803,1.2907,1.2919
12.9006,-9.9555,8.2114,1.2907,1.2919
12.9506,-9.9949,8.2422,1.2907,1.2919
13.0006,-10.0344,8.2729,1.2908,1.2919
13.0506,-10.0740,8.3034,1.2909,1.2900
13.1007,-10.1134,8.3342,1.2909,1.2870
13.1507,-10.1525,8.3653,1.2909,1.2870
13.2007,-10.1912,8.3970,1.2909,1.2870
13.2507,-10.2295,8.4291,1.2905,1.2880
13.3007,-10.2676,8.4616,1.2905,1.2880
13.3507,-10.3056,8.4940,1.2905,1.2897
13.4007,-10.3438,8.5263,1.2906,1.2930
13.4507,-10.3823,8.5583,1.2908,1.2934
13.5007,-10.4209,8.5899,1.2967,1.2934
13.5507,-10.4597,8.6216,1.2967,1.2934
13.6007,-10.4983,8.6533,1.2967,1.2933
13.6507,-10.5367,8.6853,1.2967,1.2933
13.7007,-10.5750,8.7175,1.2958,1.2924
13.7507,-10.6131,8.7498,1.2926,1.2933
13.8007,-10.6513,8.7821,1.2926,1.2937
13.8507,-10.6896,8.8143,1.2926,1.2943
13.9007,-10.7279,8.8465,1.2949,1.2943
13.9507,-10.7662,8.8786,1.2949,1.2945
14.0007,-10.8044,8.9109,1.2949,1.2945
14.0507,-10.8424,8.9433,1.2949,1.2945
14.1007,-10.8804,8.9759,1.2948,1.2933
14.1507,-10.9182,9.0085,1.2948,1.2933
14.2007,-10.9562,9.0410,1.2883,1.2933
14.2507,-10.9945,9.0732,1.2883,1.2937
14.3007,-11.0331,9.1050,1.2883,1.2937
14.3507,-11.0721,9.1363,1.2904,1.2937
14.4007,-11.1113,9.1674,1.2957,1.2937
14.4507,-11.1505,9.1983,1.2966,1.2937
14.5007,-11.1898,9.2293,1.2966,1.2937
14.5507,-11.2290,9.2603,1.2966,1.2904
14.6007,-11.2681,9.2916,1.2957,1.2877
14.6507,-11.3068,9.3232,1.2934,1.2877
14.7007,-11.3453,9.3551,1.2905,1.2877
14.7507,-11.3836,9.3873,1.2905,1.2944
14.8007,-11.4219,9.4194,1.2905,1.2944
14.8507,-11.4604,9.4513,1.2919,1.2944
14.9007,-11.4990,9.4831,1.2929,1.2944
14.9507,-11.5376,9.5148,1.2929,1.2944
15.0007,-11.5762,9.5466,1.2939,1.2903
15.0507,-11.6147,9.5785,1.2939,1.2903
15.1007,-11.6530,9.6106,1.2915,1.2903
15.1508,-11.6914,9.6427,1.2891,1.2903
15.2008,-11.7298,9.6747,1.2891,1.2926
15.2508,-11.7685,9.7064,1.2891,1.2935
15.3008,-11.8073,9.7379,1.2915,1.2935
15.3508,-11.8462,9.7693,1.2964,1.2935
15.4008,-11.8851,9.8008,1.2988,1.2926
15.4508,-11.9238,9.8325,1.2988,1.2925
15.5008,-11.9623,9.8644,1.2988,1.2902
15.5508,-12.0005,9.8966,1.2968,1.2902
15.6008,-12.0386,9.9290,1.2920,1.2924
15.6508,-12.0768,9.9613,1.2870,1.2925
15.7008,-12.1151,9.9934,1.2870,1.2934
15.7508,-12.1537,10.0252,1.2870,1.2934
15.8008,-12.1925,10.0568,1.2877,1.2934
15.8508,-12.2314,10.0881,1.2942,1.2934
15.9008,-12.2704,10.1194,1.2942,1.2934
15.9508,-12.3093,10.1508,1.2942,1.2901
16.0008,-12.3481,10.1824,1.2935,1.2901
16.0508,-12.3866,10.2143,1.2935,1.2901
16.1008,-12.4250,10.2463,1.2933,1.2927
16.1508,-12.4635,10.2782,1.2933,1.2929
16.2008,-12.5021,10.3101,1.2933,1.2936
16.2508,-12.5408,10.3416,1.2935,1.2944
16.3008,-12.5798,10.3730,1.2954,1.2944
16.3508,-12.6188,10.4043,1.2973,1.2944
16.4008,-12.6576,10.4358,1.2973,1.2933
16.4508,-12.6963,10.4675,1.2973,1.2929
16.5008,-12.7347,10.4995,1.2933,1.2929
16.5508,-12.7729,10.5318,1.2931,1.2933
16.6008,-12.8110,10.5642,1.2898,1.2933
16.6508,-12.8492,10.5964,1.2898,1.2933
16.7008,-12.8877,10.6283,1.2898,1.2938
16.7508,-12.9265,10.6598,1.2898,1.2938
16.8008,-12.9656,10.6911,1.2931,1.2938
16.8508,-13.0047,10.7222,1.2933,1.2938
16.9008,-13.0438,10.7534,1.2933,1.2911
16.9508,-13.0827,10.7848,1.2932,1.2911
17.0008,-13.1214,10.8165,1.2932,1.2911
17.0508,-13.1598,10.8485,1.2932,1.2911
17.1008,-13.1981,10.8806,1.2932,1.2911
17.1509,-13.2365,10.9127,1.2937,1.2924
17.2009,-13.2749,10.9446,1.2957,1.2970
17.2509,-13.3135,10.9765,1.2977,1.2970
17.3009,-13.3520,11.0083,1.2977,1.2975
17.3509,-13.3905,11.0403,1.2986,1.2975
17.4009,-13.4287,11.0725,1.2986,1.2975
17.4509,-13.4667,11.1050,1.2977,1.2979
17.5009,-13.5046,11.1376,1.2942,1.2980
17.5509,-13.5425,11.1702,1.2942,1.2988
17.6009,-13.5807,11.2026,1.2942,1.2992
17.6509,-13.6191,11.2346,1.2951,1.2992
17.7009,-13.6577,11.2663,1.2961,1.2992
17.7509,-13.6967,11.2977,1.2961,1.2992
17.8009,-13.7358,11.3288,1.2961,1.2992
17.8509,-13.7750,11.3599,1.2961,1.2988
17.9009,-13.8142,11.3909,1.2959,1.2952
17.9509,-13.8532,11.4222,1.2956,1.2916
18.0009,-13.8919,11.4538,1.2956,1.2916
18.0509,-13.9304,11.4858,1.2917,1.2916
18.1009,-13.9686,11.5180,1.2917,1.2916
18.1509,-14.0069,11.5501,1.2936,1.2933
18.2009,-14.0454,11.5821,1.2917,1.2933
18.2509,-14.0841,11.6137,1.2936,1.2916
18.3009,-14.1230,11.6452,1.2936,1.2900
18.3509,-14.1619,11.6766,1.2936,1.2900
18.4009,-14.2007,11.7082,1.2917,1.2900
18.4509,-14.2392,11.7400,1.2917,1.2900
18.5009,-14.2777,11.7720,1.2917,1.2900
18.5509,-14.3160,11.8041,1.2917,1.2922
18.6009,-14.3544,11.8361,1.2917,1.2955
18.6509,-14.3930,11.8679,1.2964,1.2966
18.7009,-14.4318,11.8994,1.2965,1.2966
18.7509,-14.4706,11.9309,1.2966,1.2966
18.8009,-14.5095,11.9623,1.2966,1.2966
18.8509,-14.5483,11.9939,1.2966,1.2944
18.9009,-14.5870,12.0256,1.2965,1.2944
18.9509,-14.6256,12.0574,1.2965,1.2944
19.0009,-14.6641,12.0892,1.2946,1.2977
19.0509,-14.7027,12.1211,1.2946,1.2977
19.1009,-14.7413,12.1528,1.2946,1.2983
19.1510,-14.7801,12.1844,1.2956,1.2983
19.2010,-14.8190,12.2158,1.2966,1.2983
19.2510,-14.8580,12.2470,1.2966,1.2983
19.3010,-14.8970,12.2783,1.2956,1.2951
19.3510,-14.9358,12.3099,1.2946,1.2901
19.4010,-14.9743,12.3419,1.2922,1.2901
19.4510,-15.0123,12.3743,1.2916,1.2901
19.5010,-15.0502,12.4070,1.2916,1.2925
19.5510,-15.0880,12.4397,1.2916,1.2990
19.6010,-15.1261,12.4721,1.2916,1.2990
19.6510,-15.1645,12.5041,1.2947,1.2990
19.7010,-15.2032,12.5358,1.2947,1.2928
19.7510,-15.2420,12.5673,1.2947,1.2928
19.8010,-15.2808,12.5989,1.2933,1.2883
19.8510,-15.3193,12.6307,1.2910,1.2883
19.9010,-15.3576,12.6629,1.2910,1.2883
19.9510,-15.3957,12.6952,1.2880,1.2883
20.0010,-15.4339,12.7276,1.2880,1.2939
20.0510,-15.4722,12.7596,1.2880,1.2939
20.1010,-15.5108,12.7914,1.2893,1.2939
20.1510,-15.5495,12.8231,1.2937,1.2939
20.2010,-15.5882,12.8548,1.2937,1.2889
20.2510,-15.6265,12.8869,1.2937,1.2889
20.3010,-15.6646,12.9193,1.2906,1.2889
20.3510,-15.7026,12.9518,1.2906,1.2894
20.4010,-15.7407,12.9842,1.2875,1.2895
20.4510,-15.7789,13.0164,1.2875,1.2895
20.5010,-15.8174,13.0484,1.2875,1.2895
20.5510,-15.8560,13.0801,1.2906,1.2895
20.6010,-15.8948,13.1118,1.2937,1.2895
20.6510,-15.9335,13.1433,1.2937,1.2895
20.7010,-15.9723,13.1749,1.2937,1.2895
20.7510,-16.0110,13.2066,1.2937,1.2894
20.8010,-16.0496,13.2383,1.2888,1.2893
20.8510,-16.0883,13.2700,1.2888,1.2893
20.9010,-16.1271,13.3016,1.2888,1.2894
20.9510,-16.1659,13.3331,1.2888,1.2906
21.0010,-16.2047,13.3647,1.2938,1.2912
21.0510,-16.2435,13.3962,1.2938,1.2912
21.1010,-16.2823,13.4277,1.2939,1.2906
21.1510,-16.3211,13.4593,1.2939,1.2893
21.2011,-16.3599,13.4908,1.2943,1.2893
21.2511,-16.3986,13.5225,1.2943,1.2893
21.3011,-16.4372,13.5543,1.2943,1.2917
21.3511,-16.4756,13.5863,1.2926,1.2949
21.4011,-16.5139,13.6184,1.2912,1.2949
21.4511,-16.5522,13.6506,1.2912,1.2949
21.5011,-16.5904,13.6828,1.2912,1.2949
21.5511,-16.6289,13.7148,1.2926,1.2949
21.6011,-16.6674,13.7467,1.2926,1.2925
21.6511,-16.7060,13.7784,1.2926,1.2925
21.7011,-16.7446,13.8102,1.2911,1.2914
21.7511,-16.7833,13.8419,1.2911,1.2914
21.8011,-16.8219,13.8737,1.2904,1.2902
21.8511,-16.8604,13.9055,1.2904,1.2914
21.9011,-16.8989,13.9374,1.2897,1.2914
21.9511,-16.9374,13.9694,1.2897,1.2914
22.0011,-16.9759,14.0013,1.2904,1.2916
22.0511,-17.0143,14.0333,1.2967,1.2916
22.1011,-17.0528,14.0652,1.2967,1.2915
22.1511,-17.0913,14.0972,1.2967,1.2915
22.2011,-17.1297,14.1292,1.2950,1.2915
22.2511,-17.1681,14.1612,1.2917,1.2915
22.3011,-17.2065,14.1932,1.2917,1.2915
22.3511,-17.2450,14.2252,1.2917,1.2923
22.4011,-17.2835,14.2570,1.2917,1.2951
22.4511,-17.3222,14.2887,1.2954,1.2986
22.5011,-17.3609,14.3203,1.2972,1.2986
22.5511,-17.3997,14.3519,1.2984,1.2986
22.6011,-17.4384,14.3836,1.2991,1.2986
22.6511,-17.4771,14.4152,1.2991,1.2979
22.7011,-17.5157,14.4470,1.2991,1.2938
22.7511,-17.5542,14.4789,1.2972,1.2938
22.8011,-17.5926,14.5110,1.2942,1.2938
22.8511,-17.6308,14.5432,1.2930,1.2938
22.9011,-17.6691,14.5753,1.2930,1.2953
22.9511,-17.7075,14.6074,1.2930,1.2974
23.0011,-17.7460,14.6392,1.2930,1.2974
23.0511,-17.7848,14.6708,1.2921,1.2974
23.1011,-17.8237,14.7022,1.2921,1.2923
23.1511,-17.8627,14.7335,1.2908,1.2870
23.2012,-17.9016,14.7650,1.2904,1.2870
23.2512,-17.9404,14.7965,1.2903,1.2870
23.3012,-17.9790,14.8283,1.2901,1.2888
23.3512,-18.0175,14.8602,1.2901,1.2892
23.4012,-18.0559,14.8922,1.2901,1.2909
23.4512,-18.0942,14.9243,1.2903,1.2922
23.5012,-18.1326,14.9564,1.2913,1.2922
23.5512,-18.1709,14.9885,1.2913,1.2922
23.6012,-18.2094,15.0204,1.2913,1.2896
23.6512,-18.2479,15.0523,1.2913,1.2896
23.7012,-18.2865,15.0841,1.2913,1.2896
23.7512,-18.3252,15.1157,1.2911,1.2949
23.8012,-18.3640,15.1473,1.2911,1.2969
23.8512,-18.4029,15.1788,1.2929,1.2970
23.9012,-18.4417,15.2102,1.2966,1.2970
23.9512,-18.4805,15.2418,1.2987,1.2970
24.0012,-18.5193,15.2734,1.2987,1.2963
24.0512,-18.5580,15.3050,1.2987,1.2953
24.1012,-18.5968,15.3365,1.2984,1.2949
24.1512,-18.6357,15.3680,1.2963,1.2949
24.2012,-18.6746,15.3994,1.2907,1.2949
24.2512,-18.7135,15.4308,1.2907,1.2957
24.3012,-18.7525,15.4621,1.2907,1.2957
24.3512,-18.7916,15.4932,1.2931,1.2957
24.4012,-18.8308,15.5243,1.2932,1.2957
24.4512,-18.8699,15.5555,1.2932,1.2957
24.5012,-18.9088,15.5869,1.2932,1.2949
24.5512,-18.9474,15.6187,1.2932,1.2894
24.6012,-18.9857,15.6509,1.2931,1.2894
24.6512,-19.0238,15.6833,1.2925,1.2894
24.7012,-19.0618,15.7157,1.2914,1.2920
24.7512,-19.0999,15.7481,1.2914,1.2945
24.8012,-19.1382,15.7803,1.2914,1.2945
24.8512,-19.1765,15.8124,1.2918,1.2945
24.9012,-19.2147,15.8446,1.2918,1.2945
24.9512,-19.2529,15.8769,1.2918,1.2920
25.0012,-19.2910,15.9093,1.2942,1.2913
25.0512,-19.3289,15.9419,1.2918,1.2913
25.1012,-19.3668,15.9745,1.2918,1.2913
25.1512,-19.4046,16.0072,1.2915,1.2914
25.2013,-19.4426,16.0398,1.2911,1.2951
25.2513,-19.4807,16.0721,1.2891,1.2951
25.3013,-19.5192,16.1041,1.2891,1.2951
25.3513,-19.5580,16.1356,1.2891,1.2951
25.4013,-19.5971,16.1668,1.2891,1.2912
25.4513,-19.6363,16.1978,1.2891,1.2912
25.5013,-19.6755,16.2288,1.2900,1.2910
25.5513,-19.7146,16.2600,1.2876,1.2910
25.6013,-19.7536,16.2913,1.2870,1.2910
25.6513,-19.7926,16.3226,1.2859,1.2912
25.7013,-19.8316,16.3539,1.2876,1.2918
25.7513,-19.8707,16.3851,1.2876,1.2918
25.8013,-19.9098,16.4162,1.2931,1.2922
25.8513,-19.9489,16.4474,1.2950,1.2918
25.9013,-19.9879,16.4787,1.2950,1.2918
25.9513,-20.0266,16.5104,1.2950,1.2922
26.0013,-20.0651,16.5423,1.2950,1.2935
26.0513,-20.1032,16.5746,1.2941,1.2935
26.1013,-20.1411,16.6073,1.2941,1.2943
26.1513,-20.1787,16.6402,1.2936,1.2943
26.2013,-20.2163,16.6732,1.2936,1.2943
26.2513,-20.2539,16.7062,1.2941,1.2943
26.3013,-20.2917,16.7389,1.2965,1.2943
26.3513,-20.3298,16.7712,1.2965,1.2967
26.4013,-20.3681,16.8034,1.2965,1.2943
26.4513,-20.4065,16.8355,1.2965,1.2943
26.5013,-20.4447,16.8677,1.2964,1.2925
26.5513,-20.4828,16.9001,1.2942,1.2925
26.6013,-20.5208,16.9325,1.2939,1.2925
26.6513,-20.5590,16.9649,1.2914,1.2925
26.7013,-20.5974,16.9969,1.2914,1.2951
26.7513,-20.6361,17.0285,1.2914,1.2951
26.8013,-20.6752,17.0597,1.2914,1.2934
26.8513,-20.7144,17.0908,1.2914,1.2934
26.9013,-20.7535,17.1219,1.2914,1.2921
26.9513,-20.7925,17.1532,1.2913,1.2921
27.0013,-20.8313,17.1848,1.2908,1.2921
27.0513,-20.8700,17.2164,1.2897,1.2921
27.1013,-20.9088,17.2479,1.2897,1.2925
27.1513,-20.9480,17.2790,1.2897,1.2936
27.2013,-20.9874,17.3097,1.2908,1.2936
27.2514,-21.0271,17.3402,1.2935,1.2936
27.3014,-21.0667,17.3707,1.2972,1.2936
27.3514,-21.1062,17.4014,1.2972,1.2936
27.4014,-21.1453,17.4326,1.2972,1.2935
27.4514,-21.1839,17.4643,1.2972,1.2927
27.5014,-21.2222,17.4965,1.2963,1.2927
27.5514,-21.2602,17.5290,1.2963,1.2927
27.6014,-21.2980,17.5617,1.2905,1.2927
27.6514,-21.3360,17.5942,1.2905,1.2927
27.7014,-21.3742,17.6264,1.2905,1.2927
27.7514,-21.4127,17.6584,1.2912,1.2927
27.8014,-21.4514,17.6900,1.2919,1.2927
27.8514,-21.4901,17.7217,1.2919,1.2889
27.9014,-21.5288,17.7534,1.2919,1.2889
27.9514,-21.5672,17.7854,1.2919,1.2889
28.0014,-21.6054,17.8177,1.2919,1.2918
28.0514,-21.6435,17.8501,1.2894,1.2918
28.1014,-21.6817,17.8823,1.2894,1.2940
28.1514,-21.7203,17.9140,1.2894,1.2940
28.2014,-21.7594,17.9453,1.2912,1.2926
28.2514,-21.7988,17.9761,1.2923,1.2926
28.3014,-21.8383,18.0068,1.2923,1.2884
28.3514,-21.8775,18.0377,1.2923,1.2884
28.4014,-21.9165,18.0691,1.2906,1.2884
28.4514,-21.9551,18.1008,1.2877,1.2891
28.5014,-21.9936,18.1327,1.2821,1.2891
28.5514,-22.0322,18.1645,1.2821,1.2891
28.6014,-22.0710,18.1960,1.2821,1.2910
28.6514,-22.1100,18.2274,1.2906,1.2923
28.7014,-22.1490,18.2586,1.2970,1.2923
28.7514,-22.1880,18.2899,1.2970,1.2923
28.8014,-22.2268,18.3214,1.2970,1.2923
28.8514,-22.2654,18.3532,1.2947,1.2923
28.9014,-22.3038,18.3852,1.2947,1.2929
28.9514,-22.3421,18.4174,1.2941,1.2933
29.0014,-22.3803,18.4497,1.2941,1.2936
29.0514,-22.4185,18.4820,1.2941,1.2942
29.1014,-22.4568,18.5141,1.2967,1.2950
29.1514,-22.4952,18.5461,1.2967,1.2950
29.2014,-22.5337,18.5780,1.2967,1.2936
29.2515,-22.5722,18.6099,1.2967,1.2936
29.3015,-22.6106,18.6420,1.2967,1.2936
29.3515,-22.6487,18.6743,1.2951,1.2936
29.4015,-22.6869,18.7067,1.2938,1.2956
29.4515,-22.7250,18.7390,1.2938,1.2965
29.5015,-22.7633,18.7711,1.2938,1.2965
29.5515,-22.8019,18.8030,1.2938,1.2967
29.6015,-22.8406,18.8346,1.2956,1.2967
29.6515,-22.8794,18.8662,1.2956,1.2967
29.7015,-22.9183,18.8976,1.2956,1.2956
29.7515,-22.9571,18.9291,1.2956,1.2956
29.8015,-22.9959,18.9606,1.2920,1.2894
29.8515,-23.0346,18.9923,1.2909,1.2894
29.9015,-23.0732,19.0241,1.2896,1.2894
29.9515,-23.1118,19.0559,1.2896,1.2925
30.0015,-23.1506,19.0875,1.2896,1.2933
30.0515,-23.1895,19.1189,1.2909,1.2933
30.1015,-23.2285,19.1501,1.2941,1.2933
30.1515,-23.2675,19.1814,1.2945,1.2933
30.2015,-23.3065,19.2127,1.2945,1.2933
30.2515,-23.3454,19.2441,1.2941,1.2933
30.3015,-23.3842,19.2757,1.2928,1.2933
30.3515,-23.4229,19.3073,1.2912,1.2933
30.4015,-23.4618,19.3388,1.2912,1.2943
30.4515,-23.5007,19.3701,1.2912,1.2943
30.5015,-23.5398,19.4014,1.2927,1.2943
30.5515,-23.5788,19.4327,1.2968,1.2943
30.6015,-23.6177,19.4641,1.2968,1.2937
30.6515,-23.6564,19.4957,1.2968,1.2929
30.7015,-23.6948,19.5277,1.2968,1.2921
30.7515,-23.7331,19.5599,1.2945,1.2921
30.8015,-23.7713,19.5921,1.2935,1.2921
30.8515,-23.8095,19.6244,1.2935,1.2940
30.9015,-23.8478,19.6565,1.2935,1.2944
30.9515,-23.8864,19.6883,1.2935,1.2949
31.0015,-23.9251,19.7200,1.2950,1.2949
31.0515,-23.9640,19.7515,1.2964,1.2949
31.1015,-24.0028,19.7830,1.2964,1.2940
31.1515,-24.0414,19.8147,1.2964,1.2931
31.2015,-24.0799,19.8466,1.2935,1.2931
31.2515,-24.1183,19.8787,1.2934,1.2932
31.3016,-24.1566,19.9108,1.2909,1.2940
31.3516,-24.1950,19.9429,1.2909,1.2940
31.4016,-24.2335,19.9748,1.2909,1.2977
31.4516,-24.2721,20.0066,1.2934,1.2977
31.5016,-24.3108,20.0382,1.2934,1.2977
31.5516,-24.3495,20.0699,1.2949,1.2924
31.6016,-24.3880,20.1018,1.2949,1.2904
31.6516,-24.4263,20.1339,1.2934,1.2904
31.7016,-24.4646,20.1660,1.2913,1.2904
31.7516,-24.5031,20.1980,1.2913,1.2914
31.8016,-24.5418,20.2297,1.2913,1.2924
31.8516,-24.5808,20.2609,1.2913,1.2954
31.9016,-24.6201,20.2919,1.2974,1.2961
31.9516,-24.6594,20.3227,1.2974,1.2961
32.0016,-24.6986,20.3538,1.2974,1.2961
32.0516,-24.7376,20.3851,1.2974,1.2954
32.1016,-24.7763,20.4168,1.2971,1.2952
32.1516,-24.8147,20.4488,1.2967,1.2935
32.2016,-24.8530,20.4810,1.2938,1.2935
32.2516,-24.8912,20.5132,1.2967,1.2935
32.3016,-24.9295,20.5453,1.2967,1.2950
32.3516,-24.9680,20.5772,1.2967,1.2951
32.4016,-25.0068,20.6088,1.2967,1.2951
32.4516,-25.0456,20.6403,1.2967,1.2950
32.5016,-25.0844,20.6719,1.2967,1.2934
32.5516,-25.1229,20.7037,1.2967,1.2918
32.6016,-25.1613,20.7358,1.2914,1.2918
32.6516,-25.1996,20.7680,1.2914,1.2918
32.7016,-25.2378,20.8002,1.2907,1.2934
32.7516,-25.2762,20.8322,1.2906,1.2950
32.8016,-25.3149,20.8639,1.2906,1.2950
32.8516,-25.3539,20.8952,1.2914,1.2950
32.9016,-25.3932,20.9261,1.2906,1.2950
32.9516,-25.4326,20.9568,1.2906,1.2919
33.0016,-25.4720,20.9877,1.2906,1.2891
33.0516,-25.5111,21.0189,1.2904,1.2887
33.1016,-25.5499,21.0504,1.2904,1.2887
33.1516,-25.5885,21.0821,1.2887,1.2887
33.2016,-25.6272,21.1139,1.2887,1.2891
33.2516,-25.6659,21.1455,1.2887,1.2924
33.3017,-25.7049,21.1768,1.2887,1.2924
33.3517,-25.7440,21.2080,1.2950,1.2924
33.4017,-25.7831,21.2392,1.2950,1.2924
33.4517,-25.8220,21.2705,1.2950,1.2927
33.5017,-25.8607,21.3022,1.2947,1.2902
33.5517,-25.8991,21.3343,1.2947,1.2902
33.6017,-25.9372,21.3666,1.2933,1.2927
33.6517,-25.9752,21.3991,1.2933,1.2953
33.7017,-26.0132,21.4316,1.2933,1.2953
33.7517,-26.0514,21.4639,1.2947,1.2961
33.8017,-26.0897,21.4961,1.2950,1.2965
33.8517,-26.1280,21.5282,1.2967,1.2965
33.9017,-26.1663,21.5603,1.2967,1.2965
33.9517,-26.2046,21.5924,1.2967,1.2965
34.0017,-26.2429,21.6246,1.2964,1.2954
34.0517,-26.2812,21.6568,1.2947,1.2954
34.1017,-26.3195,21.6889,1.2947,1.2954
34.1517,-26.3581,21.7206,1.2947,1.2954
34.2017,-26.3970,21.7521,1.2947,1.2954
34.2517,-26.4362,21.7831,1.2947,1.2954
34.3017,-26.4756,21.8139,1.2947,1.2954
34.3517,-26.5150,21.8447,1.2947,1.2898
34.4017,-26.5543,21.8756,1.2916,1.2896
34.4517,-26.5935,21.9067,1.2916,1.2885
34.5017,-26.6324,21.9381,1.2908,1.2885
34.5517,-26.6711,21.9698,1.2892,1.2885
34.6017,-26.7096,22.0017,1.2879,1.2885
34.6517,-26.7480,22.0337,1.2879,1.2894
34.7017,-26.7863,22.0659,1.2879,1.2900
34.7517,-26.8246,22.0981,1.2879,1.2919
34.8017,-26.8629,22.1302,1.2892,1.2919
34.8517,-26.9013,22.1622,1.2892,1.2922
34.9017,-26.9398,22.1941,1.2892,1.2938
34.9517,-26.9784,22.2258,1.2921,1.2940
35.0017,-27.0172,22.2574,1.2921,1.2943
35.0517,-27.0562,22.2887,1.2925,1.2948
35.1017,-27.0952,22.3199,1.2925,1.2991
35.1517,-27.1343,22.3511,1.2977,1.2991
35.2017,-27.1733,22.3824,1.3007,1.2991
35.2517,-27.2122,22.4139,1.3007,1.2986
35.3017,-27.2508,22.4456,1.3007,1.2986
35.3518,-27.2894,22.4775,1.3007,1.2972
35.4018,-27.3279,22.5093,1.3007,1.2964
35.4518,-27.3665,22.5411,1.2977,1.2956
35.5018,-27.4051,22.5729,1.2947,1.2956
35.5518,-27.4438,22.6046,1.2947,1.2964
35.6018,-27.4823,22.6365,1.2947,1.2964
35.6518,-27.5208,22.6684,1.2947,1.2964
35.7018,-27.5592,22.7004,1.2947,1.2964
35.7518,-27.5976,22.7324,1.2947,1.2946
35.8018,-27.6361,22.7644,1.2942,1.2929
35.8518,-27.6745,22.7964,1.2941,1.2924
35.9018,-27.7128,22.8286,1.2930,1.2918
35.9518,-27.7510,22.8608,1.2929,1.2918
36.0018,-27.7892,22.8931,1.2926,1.2924
36.0518,-27.8275,22.9252,1.2926,1.3027
36.1018,-27.8660,22.9571,1.2926,1.3027
36.1518,-27.9047,22.9887,1.2926,1.3027
36.2018,-27.9437,23.0201,1.2928,1.2970
36.2518,-27.9827,23.0514,1.2928,1.2872
36.3018,-28.0216,23.0828,1.2926,1.2872
36.3518,-28.0604,23.1143,1.2904,1.2869
36.4018,-28.0991,23.1459,1.2904,1.2869
36.4518,-28.1377,23.1777,1.2880,1.2872
36.5018,-28.1762,23.2097,1.2871,1.2890
36.5518,-28.2146,23.2417,1.2871,1.2940
36.6018,-28.2530,23.2737,1.2880,1.2940
36.6518,-28.2914,23.3057,1.2928,1.2940
36.7018,-28.3300,23.3376,1.2951,1.2940
36.7518,-28.3685,23.3694,1.2951,1.2940
36.8018,-28.4070,23.4014,1.2951,1.2940
36.8518,-28.4454,23.4334,1.2951,1.2940
36.9018,-28.4838,23.4654,1.2945,1.2958
36.9518,-28.5222,23.4975,1.2945,1.2958
37.0018,-28.5606,23.5294,1.2951,1.2960
37.0518,-28.5991,23.5613,1.2957,1.2960
37.1018,-28.6377,23.5931,1.2957,1.2962
37.1518,-28.6763,23.6249,1.2963,1.2962
37.2018,-28.7151,23.6565,1.2963,1.2960
37.2518,-28.7539,23.6880,1.2957,1.2958
37.3018,-28.7927,23.7195,1.2951,1.2958
37.3519,-28.8317,23.7508,1.2941,1.2958
37.4019,-28.8707,23.7821,1.2941,1.2962
37.4519,-28.9098,23.8133,1.2941,1.2994
37.5019,-28.9490,23.8443,1.2943,1.2994
37.5519,-28.9883,23.8753,1.2943,1.2994
37.6019,-29.0276,23.9062,1.2943,1.2930
37.6519,-29.0668,23.9372,1.2943,1.2887
37.7019,-29.1058,23.9685,1.2932,1.2887
37.7519,-29.1446,24.0001,1.2932,1.2887
37.8019,-29.1831,24.0320,1.2932,1.2887
37.8519,-29.2213,24.0642,1.2914,1.2913
37.9019,-29.2595,24.0965,1.2914,1.2913
37.9519,-29.2976,24.1289,1.2914,1.2936
38.0019,-29.3357,24.1612,1.2916,1.2936
38.0519,-29.3740,24.1934,1.2916,1.2936
38.1019,-29.4124,24.2254,1.2916,1.2928
38.1519,-29.4510,24.2572,1.2896,1.2928
38.2019,-29.4897,24.2889,1.2867,1.2928
38.2519,-29.5286,24.3203,1.2867,1.2939
38.3019,-29.5676,24.3516,1.2867,1.2944
38.3519,-29.6068,24.3827,1.2922,1.2948
38.4019,-29.6459,24.4138,1.2948,1.2949
38.4519,-29.6850,24.4449,1.2959,1.2949
38.5019,-29.7240,24.4763,1.2986,1.2949
38.5519,-29.7628,24.5078,1.2986,1.2946
38.6019,-29.8015,24.5394,1.2986,1.2946
38.6519,-29.8402,24.5711,1.2958,1.2946
38.7019,-29.8788,24.6029,1.2953,1.2946
38.7519,-29.9173,24.6348,1.2953,1.2946
38.8019,-29.9558,24.6667,1.2953,1.2953
38.8519,-29.9942,24.6987,1.2953,1.2954
38.9019,-30.0325,24.7309,1.2958,1.2954
38.9519,-30.0708,24.7630,1.2958,1.2954
39.0019,-30.1091,24.7952,1.2958,1.2953
39.0519,-30.1474,24.8273,1.2957,1.2932
39.1019,-30.1858,24.8594,1.2934,1.2932
39.1519,-30.2241,24.8915,1.2911,1.2932
39.2019,-30.2625,24.9236,1.2907,1.2932
39.2519,-30.3008,24.9556,1.2902,1.2932
39.3019,-30.3393,24.9876,1.2902,1.2939
39.3520,-30.3778,25.0195,1.2902,1.2939
39.4020,-30.4164,25.0513,1.2991,1.2939
39.4520,-30.4550,25.0831,1.2991,1.2939
39.5020,-30.4935,25.1149,1.2991,1.2933
39.5520,-30.5320,25.1468,1.2925,1.2930
39.6020,-30.5705,25.1787,1.2925,1.2930
39.6520,-30.6091,25.2105,1.2894,1.2930
39.7020,-30.6480,25.2420,1.2894,1.2933
39.7520,-30.6871,25.2731,1.2894,1.2941
39.8020,-30.7265,25.3039,1.2894,1.2949
39.8520,-30.7660,25.3346,1.2977,1.2949
39.9020,-30.8053,25.3655,1.2994,1.2949
39.9520,-30.8444,25.3967,1.2994,1.2949
40.0020,-30.8831,25.4284,1.2994,1.2949
40.0520,-30.9214,25.4604,1.2973,1.2947
40.1020,-30.9596,25.4927,1.2960,1.2940
40.1520,-30.9977,25.5251,1.2907,1.2933
40.2020,-31.0360,25.5573,1.2907,1.2940
40.2520,-31.0745,25.5892,1.2907,1.2947
40.3020,-31.1131,25.6209,1.2941,1.2952
40.3520,-31.1519,25.6525,1.2941,1.2952
40.4020,-31.1907,25.6841,1.2941,1.2952
40.4520,-31.2293,25.7158,1.2941,1.2873
40.5020,-31.2677,25.7478,1.2905,1.2873
40.5520,-31.3060,25.7800,1.2890,1.2873
40.6020,-31.3443,25.8121,1.2890,1.2935
40.6520,-31.3828,25.8440,1.2890,1.2935
40.7020,-31.4216,25.8755,1.2917,1.2935
40.7520,-31.4609,25.9065,1.2917,1.2961
40.8020,-31.5005,25.9371,1.2931,1.2961
40.8520,-31.5402,25.9675,1.2932,1.2935
40.9020,-31.5799,25.9979,1.2932,1.2921
40.9520,-31.6193,26.0286,1.2932,1.2902
41.0020,-31.6585,26.0597,1.2931,1.2902
41.0520,-31.6973,26.0912,1.2931,1.2902
41.1020,-31.7360,26.1229,1.2931,1.2925
41.1520,-31.7747,26.1545,1.2931,1.2930
41.2020,-31.8135,26.1860,1.2931,1.2930
41.2520,-31.8523,26.2176,1.2983,1.2930
41.3020,-31.8908,26.2495,1.2983,1.2930
41.3520,-31.9289,26.2819,1.2983,1.2925
41.4021,-31.9665,26.3148,1.2960,1.2918
41.4521,-32.0039,26.3481,1.2937,1.2918
41.5021,-32.0412,26.3813,1.2885,1.2925
41.5521,-32.0788,26.4144,1.2872,1.2925
41.6021,-32.1167,26.4469,1.2872,1.2925
41.6521,-32.1550,26.4791,1.2872,1.2925
41.7021,-32.1936,26.5109,1.2924,1.2930
41.7521,-32.2323,26.5426,1.2924,1.2930
41.8021,-32.2710,26.5742,1.2924,1.2930
41.8521,-32.3096,26.6060,1.2912,1.2925
41.9021,-32.3481,26.6379,1.2905,1.2878
41.9521,-32.3863,26.6702,1.2905,1.2878
42.0021,-32.4242,26.7027,1.2899,1.2878
42.0521,-32.4621,26.7353,1.2895,1.2917
42.1021,-32.5001,26.7678,1.2895,1.2918
42.1521,-32.5384,26.8001,1.2895,1.2919
42.2021,-32.5769,26.8320,1.2912,1.2919
42.2521,-32.6156,26.8636,1.2920,1.2919
42.3021,-32.6545,26.8950,1.2931,1.2919
42.3521,-32.6934,26.9264,1.2931,1.2918
42.4021,-32.7322,26.9580,1.2923,1.2892
42.4521,-32.7707,26.9899,1.2920,1.2872
42.5021,-32.8089,27.0222,1.2912,1.2872
42.5521,-32.8468,27.0547,1.2904,1.2872
42.6021,-32.8847,27.0874,1.2904,1.2917
42.6521,-32.9225,27.1201,1.2904,1.2919
42.7021,-32.9604,27.1527,1.2904,1.2919
42.7521,-32.9985,27.1851,1.2904,1.2933
42.8021,-33.0368,27.2173,1.2904,1.2933
42.8521,-33.0752,27.2493,1.2907,1.2913
42.9021,-33.1137,27.2812,1.2907,1.2913
42.9521,-33.1522,27.3131,1.2907,1.2933
43.0021,-33.1909,27.3448,1.2915,1.2933
43.0521,-33.2297,27.3763,1.2923,1.2933
43.1021,-33.2688,27.4074,1.2923,1.2957
43.1521,-33.3082,27.4382,1.2937,1.2969
43.2021,-33.3479,27.4686,1.2950,1.2969
43.2521,-33.3877,27.4989,1.2951,1.2969
43.3021,-33.4275,27.5292,1.2951,1.2933
43.3521,-33.4670,27.5598,1.2951,1.2911
43.4021,-33.5062,27.5909,1.2951,1.2911
43.4522,-33.5449,27.6225,1.2950,1.2911
43.5022,-33.5834,27.6544,1.2923,1.2911
43.5522,-33.6218,27.6865,1.2923,1.2911
43.6022,-33.6601,27.7186,1.2923,1.2911
43.6522,-33.6984,27.7508,1.2961,1.2930
43.7022,-33.7365,27.7831,1.2961,1.2930
43.7522,-33.7746,27.8156,1.2961,1.2930
43.8022,-33.8125,27.8482,1.2922,1.2904
43.8522,-33.8503,27.8809,1.2891,1.2904
43.9022,-33.8881,27.9137,1.2891,1.2904
43.9522,-33.9259,27.9464,1.2891,1.2904
44.0022,-33.9639,27.9789,1.2891,1.2904
44.0522,-34.0021,28.0111,1.2907,1.2930
44.1022,-34.0405,28.0432,1.2920,1.2956
44.1522,-34.0790,28.0751,1.2966,1.2956
44.2022,-34.1175,28.1070,1.2966,1.2956
44.2522,-34.1560,28.1389,1.2966,1.2939
44.3022,-34.1944,28.1709,1.2927,1.2921
44.3522,-34.2327,28.2030,1.2927,1.2915
44.4022,-34.2711,28.2351,1.2927,1.2915
44.4522,-34.3094,28.2673,1.2927,1.2915
44.5022,-34.3476,28.2995,1.2927,1.2919
44.5522,-34.3859,28.3317,1.2927,1.2941
44.6022,-34.4243,28.3636,1.2935,1.2980
44.6522,-34.4630,28.3953,1.2952,1.2980
44.7022,-34.5019,28.4267,1.2952,1.2980
44.7522,-34.5409,28.4580,1.2952,1.2923
44.8022,-34.5799,28.4893,1.2930,1.2923
44.8522,-34.6188,28.5208,1.2930,1.2923
44.9022,-34.6575,28.5524,1.2930,1.2923
44.9522,-34.6961,28.5841,1.2930,1.2929
45.0022,-34.7347,28.6160,1.2926,1.2929
45.0522,-34.7732,28.6478,1.2926,1.2929
45.1022,-34.8117,28.6797,1.2926,1.2929
45.1522,-34.8503,28.7116,1.2942,1.2935
45.2022,-34.8888,28.7435,1.2943,1.2935
45.2522,-34.9273,28.7754,1.2943,1.2935
45.3022,-34.9657,28.8074,1.2943,1.2935
45.3522,-35.0040,28.8395,1.2943,1.2911
45.4022,-35.0421,28.8719,1.2943,1.2911
45.4523,-35.0801,28.9044,1.2943,1.2911
45.5023,-35.1181,28.9369,1.2942,1.2957
45.5523,-35.1562,28.9694,1.2944,1.2957
45.6023,-35.1944,29.0016,1.2944,1.2957
45.6523,-35.2328,29.0336,1.2990,1.2957
45.7023,-35.2713,29.0655,1.2990,1.2957
45.7523,-35.3099,29.0973,1.2990,1.2957
45.8023,-35.3485,29.1291,1.2967,1.2896
45.8523,-35.3869,29.1611,1.2949,1.2896
45.9023,-35.4253,29.1932,1.2898,1.2896
45.9523,-35.4637,29.2252,1.2898,1.2956
46.0023,-35.5022,29.2571,1.2898,1.2956
46.0523,-35.5409,29.2887,1.2913,1.2956
46.1023,-35.5799,29.3200,1.2913,1.2956
46.1523,-35.6191,29.3511,1.2913,1.2928
46.2023,-35.6584,29.3819,1.2913,1.2909
46.2523,-35.6977,29.4129,1.2913,1.2899
46.3023,-35.7368,29.4441,1.2910,1.2899
46.3523,-35.7755,29.4757,1.2896,1.2899
46.4023,-35.8140,29.5077,1.2886,1.2910
46.4523,-35.8522,29.5398,1.2886,1.2910
46.5023,-35.8905,29.5720,1.2886,1.2911
46.5523,-35.9289,29.6040,1.2915,1.2911
46.6023,-35.9676,29.6357,1.2915,1.2911
46.6523,-36.0065,29.6671,1.2937,1.2911
46.7023,-36.0453,29.6986,1.2937,1.2911
46.7523,-36.0839,29.7304,1.2937,1.2911
46.8023,-36.1222,29.7627,1.2936,1.2911
46.8523,-36.1600,29.7953,1.2936,1.2933
46.9023,-36.1977,29.8281,1.2934,1.2949
46.9523,-36.2356,29.8608,1.2934,1.2955
47.0023,-36.2737,29.8932,1.2943,1.2955
47.0523,-36.3123,29.9250,1.2967,1.2962
47.1023,-36.3512,29.9564,1.2967,1.2962
47.1523,-36.3902,29.9876,1.2967,1.2962
47.2023,-36.4293,30.0189,1.2964,1.2962
47.2523,-36.4682,30.0503,1.2958,1.2955
47.3023,-36.5067,30.0822,1.2951,1.2943
47.3523,-36.5449,30.1145,1.2951,1.2943
47.4023,-36.5828,30.1470,1.2907,1.2943
47.4523,-36.6207,30.1797,1.2907,1.2943
47.5024,-36.6588,30.2121,1.2907,1.2953
47.5524,-36.6971,30.2442,1.2913,1.2953
47.6024,-36.7358,30.2758,1.2913,1.2953
47.6524,-36.7748,30.3072,1.2913,1.2928
47.7024,-36.8138,30.3384,1.2905,1.2890
47.7524,-36.8527,30.3699,1.2905,1.2887
47.8024,-36.8913,30.4016,1.2905,1.2887
47.8524,-36.9296,30.4337,1.2904,1.2887
47.9024,-36.9677,30.4662,1.2904,1.2887
47.9524,-37.0057,30.4987,1.2905,1.2892
48.0024,-37.0438,30.5311,1.2905,1.2926
48.0524,-37.0820,30.5633,1.2906,1.2926
48.1024,-37.1204,30.5954,1.2933,1.2926
48.1524,-37.1588,30.6274,1.2940,1.2919
48.2024,-37.1971,30.6595,1.2940,1.2919
48.2524,-37.2352,30.6919,1.2940,1.2919
48.3024,-37.2732,30.7244,1.2940,1.2919
48.3524,-37.3111,30.7571,1.2923,1.2930
48.4024,-37.3490,30.7896,1.2905,1.2930
48.4524,-37.3872,30.8219,1.2923,1.2943
48.5024,-37.4256,30.8539,1.2923,1.2952
48.5524,-37.4644,30.8855,1.2923,1.2970
48.6024,-37.5033,30.9169,1.2973,1.2970
48.6524,-37.5422,30.9483,1.2973,1.2970
48.7024,-37.5811,30.9798,1.2973,1.2952
48.7524,-37.6197,31.0115,1.2973,1.2952
48.8024,-37.6581,31.0435,1.2973,1.2952
48.8524,-37.6964,31.0757,1.2974,1.2970
48.9024,-37.7346,31.1079,1.2974,1.2987
48.9524,-37.7729,31.1401,1.2974,1.2987
49.0024,-37.8113,31.1721,1.2983,1.2987
49.0524,-37.8498,31.2040,1.2997,1.3004
49.1024,-37.8884,31.2359,1.2997,1.3004
49.1524,-37.9269,31.2677,1.2997,1.2987
49.2024,-37.9654,31.2997,1.2997,1.2978
49.2524,-38.0037,31.3318,1.2991,1.2962
49.3024,-38.0418,31.3642,1.2991,1.2944
49.3524,-38.0797,31.3968,1.2991,1.2944
49.4024,-38.1175,31.4295,1.2954,1.2941
49.4524,-38.1556,31.4619,1.2905,1.2944
49.5025,-38.1941,31.4938,1.2893,1.2944
49.5525,-38.2330,31.5252,1.2893,1.2941
49.6025,-38.2722,31.5562,1.2893,1.2941
49.6525,-38.3116,31.5870,1.2921,1.2919
49.7025,-38.3510,31.6178,1.2925,1.2895
49.7525,-38.3903,31.6487,1.2925,1.2895
49.8025,-38.4294,31.6799,1.2921,1.2895
49.8525,-38.4684,31.7113,1.2921,1.2895
49.9025,-38.5072,31.7428,1.2921,1.2916
49.9525,-38.5460,31.7743,1.2921,1.2919
50.0025,-38.5847,31.8059,1.2925,1.2919
50.0525,-38.6235,31.8374,1.2925,1.2919
50.1025,-38.6624,31.8689,1.2928,1.2919
50.1525,-38.7012,31.9005,1.2930,1.2919
50.2025,-38.7400,31.9320,1.2937,1.2912
50.2525,-38.7786,31.9638,1.2937,1.2912
50.3025,-38.8171,31.9956,1.2930,1.2912
50.3525,-38.8556,32.0276,1.2928,1.2912
50.4025,-38.8940,32.0596,1.2925,1.2912
50.4525,-38.9325,32.0916,1.2925,1.2946
50.5025,-38.9711,32.1233,1.2924,1.2946
50.5525,-39.0098,32.1549,1.2924,1.2946
50.6025,-39.0487,32.1864,1.2924,1.2946
50.6525,-39.0875,32.2179,1.2924,1.2896
50.7025,-39.1262,32.2496,1.2920,1.2896
50.7525,-39.1645,32.2818,1.2916,1.2896
50.8025,-39.2025,32.3143,1.2891,1.2899
50.8525,-39.2403,32.3470,1.2891,1.2946
50.9025,-39.2782,32.3796,1.2891,1.2947
50.9525,-39.3164,32.4119,1.2891,1.2970
51.0025,-39.3548,32.4439,1.2909,1.2993
51.0525,-39.3933,32.4757,1.2937,1.2993
51.1025,-39.4318,32.5077,1.2944,1.2993
51.1525,-39.4701,32.5398,1.2944,1.2932
51.2025,-39.5081,32.5723,1.2937,1.2908
51.2525,-39.5461,32.6049,1.2927,1.2908
51.3025,-39.5840,32.6375,1.2906,1.2889
51.3525,-39.6220,32.6699,1.2903,1.2908
51.4025,-39.6602,32.7022,1.2903,1.2908
51.4525,-39.6984,32.7344,1.2903,1.2917
51.5025,-39.7368,32.7665,1.2904,1.2917
51.5526,-39.7752,32.7986,1.2950,1.2924
51.6026,-39.8135,32.8306,1.2950,1.2924
51.6526,-39.8519,32.8628,1.2950,1.2915
51.7026,-39.8902,32.8948,1.2906,1.2915
51.7526,-39.9288,32.9267,1.2906,1.2924
51.8026,-39.9676,32.9582,1.2906,1.2924
51.8526,-40.0067,32.9894,1.2906,1.2951
51.9026,-40.0460,33.0202,1.2906,1.2951
51.9526,-40.0855,33.0509,1.2965,1.2951
52.0026,-40.1250,33.0815,1.2997,1.2951
52.0526,-40.1644,33.1124,1.2997,1.2951
52.1026,-40.2034,33.1436,1.2997,1.2949
52.1526,-40.2423,33.1750,1.2979,1.2949
52.2026,-40.2811,33.2066,1.2965,1.2949
52.2526,-40.3197,33.2383,1.2939,1.2946
52.3026,-40.3584,33.2701,1.2936,1.2950
52.3526,-40.3970,33.3018,1.2936,1.2950
52.4026,-40.4356,33.3336,1.2936,1.2950
52.4526,-40.4741,33.3655,1.2936,1.2947
52.5026,-40.5126,33.3974,1.2936,1.2947
52.5526,-40.5511,33.4293,1.2936,1.2901
52.6026,-40.5896,33.4612,1.2933,1.2901
52.6526,-40.6280,33.4932,1.2912,1.2901
52.7026,-40.6665,33.5252,1.2911,1.2904
52.7526,-40.7049,33.5572,1.2902,1.2921
52.8026,-40.7436,33.5889,1.2902,1.2921
52.8526,-40.7824,33.6204,1.2902,1.2921
52.9026,-40.8214,33.6517,1.2911,1.2906
52.9526,-40.8604,33.6830,1.2947,1.2906
53.0026,-40.8994,33.7143,1.2947,1.2904
53.0526,-40.9382,33.7458,1.2947,1.2902
53.1026,-40.9769,33.7775,1.2947,1.2902
53.1526,-41.0155,33.8092,1.2936,1.2902
53.2026,-41.0541,33.8410,1.2911,1.2905
53.2526,-41.0928,33.8728,1.2911,1.2914
53.3026,-41.1315,33.9044,1.2911,1.2921
53.3526,-41.1703,33.9359,1.2948,1.2952
53.4026,-41.2092,33.9673,1.2952,1.2952
53.4526,-41.2481,33.9988,1.2960,1.2952
53.5026,-41.2868,34.0304,1.2960,1.2906
53.5527,-41.3255,34.0620,1.2960,1.2906
53.6027,-41.3642,34.0938,1.2945,1.2906
53.6527,-41.4028,34.1256,1.2945,1.2963
53.7027,-41.4414,34.1574,1.2945,1.2983
53.7527,-41.4801,34.1890,1.2945,1.2996
53.8027,-41.5189,34.2206,1.2945,1.2996
53.8527,-41.5578,34.2520,1.2952,1.2996
53.9027,-41.5967,34.2834,1.2952,1.2996
53.9527,-41.6356,34.3148,1.2952,1.2983
54.0027,-41.6745,34.3462,1.2946,1.2906
54.0527,-41.7132,34.3778,1.2927,1.2906
54.1027,-41.7518,34.4096,1.2922,1.2906
54.1527,-41.7902,34.4416,1.2919,1.2906
54.2027,-41.8285,34.4738,1.2917,1.2906
54.2527,-41.8666,34.5062,1.2917,1.2906
54.3027,-41.9047,34.5386,1.2917,1.2896
54.3527,-41.9427,34.5710,1.2919,1.2896
54.4027,-41.9806,34.6037,1.2919,1.2896
54.4527,-42.0182,34.6367,1.2919,1.2896
54.5027,-42.0555,34.6700,1.2919,1.2907
54.5527,-42.0925,34.7036,1.2919,1.2932
54.6027,-42.1293,34.7375,1.2937,1.2972
54.6527,-42.1659,34.7715,1.2937,1.3017
54.7027,-42.2024,34.8057,1.3012,1.3017
54.7527,-42.2388,34.8400,1.3019,1.3020
54.8027,-42.2749,34.8745,1.3040,1.3025
54.8527,-42.3108,34.9094,1.3060,1.3033
54.9027,-42.3465,34.9444,1.3060,1.3033
54.9527,-42.3820,34.9796,1.3060,1.3043
55.0027,-42.4175,35.0149,1.3055,1.3043
55.0527,-42.4528,35.0502,1.3053,1.3044
55.1027,-42.4882,35.0856,1.3053,1.3044
55.1527,-42.5235,35.1209,1.3053,1.3044
55.2027,-42.5589,35.1563,1.3026,1.3044
55.2527,-42.5942,35.1917,1.3026,1.3034
55.3027,-42.6296,35.2270,1.3039,1.3034
55.3527,-42.6649,35.2624,1.3039,1.3034
55.4027,-42.7002,35.2978,1.3052,1.3034
55.4527,-42.7354,35.3334,1.3055,1.3034
55.5027,-42.7703,35.3692,1.3055,1.3034
55.5527,-42.8049,35.4053,1.3055,1.3023
55.6028,-42.8392,35.4416,1.3023,1.3023
55.6528,-42.8733,35.4782,1.3023,1.3004
55.7028,-42.9073,35.5149,1.2989,1.2986
55.7528,-42.9411,35.5517,1.2962,1.2968
55.8028,-42.9749,35.5886,1.2962,1.2968
55.8528,-43.0086,35.6255,1.2962,1.2949
55.9028,-43.0420,35.6627,1.2962,1.2937
55.9528,-43.0751,35.7002,1.2962,1.2937
56.0028,-43.1078,35.7380,1.2959,1.2937
56.0528,-43.1401,35.7762,1.2959,1.2932
56.1028,-43.1721,35.8146,1.2959,1.2937
56.1528,-43.2037,35.8534,1.2958,1.2937
56.2028,-43.2350,35.8923,1.2958,1.2932
56.2528,-43.2660,35.9316,1.2958,1.2932
56.3028,-43.2965,35.9712,1.2958,1.2932
56.3528,-43.3264,36.0113,1.2958,1.2932
56.4028,-43.3558,36.0518,1.2958,1.2932
56.4528,-43.3845,36.0927,1.2956,1.2962
56.5028,-43.4129,36.1339,1.2943,1.2962
56.5528,-43.4409,36.1753,1.2936,1.2962
56.6028,-43.4687,36.2168,1.2936,1.2932
56.6528,-43.4961,36.2586,1.2936,1.2921
56.7028,-43.5231,36.3007,1.2936,1.2909
56.7528,-43.5495,36.3432,1.2936,1.2890
56.8028,-43.5751,36.3862,1.2936,1.2886
56.8528,-43.5998,36.4296,1.2934,1.2878
56.9028,-43.6237,36.4736,1.2934,1.2878
56.9528,-43.6466,36.5180,1.2936,1.2886
57.0028,-43.6687,36.5628,1.2936,1.2898
57.0528,-43.6900,36.6081,1.2936,1.2909
57.1028,-43.7103,36.6538,1.2936,1.2909
57.1528,-43.7297,36.6999,1.2934,1.2909
57.2028,-43.7482,36.7463,1.2934,1.2912
57.2528,-43.7660,36.7931,1.2936,1.2912
57.3028,-43.7831,36.8401,1.2953,1.2912
57.3528,-43.7995,36.8873,1.2953,1.2886
57.4028,-43.8151,36.9348,1.2953,1.2886
57.4528,-43.8298,36.9826,1.2940,1.2886
57.5028,-43.8436,37.0307,1.2940,1.2908
57.5528,-43.8565,37.0790,1.2937,1.2908
57.6028,-43.8687,37.1274,1.2937,1.2908
57.6528,-43.8801,37.1761,1.2962,1.2907
57.7028,-43.8905,37.2251,1.2962,1.2907
57.7528,-43.8995,37.2742,1.2973,1.2879
57.8029,-43.9071,37.3237,1.2973,1.2879
57.8529,-43.9130,37.3733,1.2976,1.2879
57.9029,-43.9176,37.4231,1.2976,1.2936
57.9529,-43.9207,37.4730,1.2976,1.2940
58.0029,-43.9227,37.5230,1.2973,1.2940
58.0529,-43.9235,37.5730,1.2973,1.2940
58.1029,-43.9232,37.6230,1.2969,1.2940
58.1529,-43.9215,37.6729,1.2969,1.2936
58.2029,-43.9184,37.7228,1.2969,1.2936
58.2529,-43.9138,37.7726,1.2969,1.2894
58.3029,-43.9077,37.8222,1.2969,1.2894
58.3529,-43.9001,37.8717,1.2940,1.2845
58.4029,-43.8910,37.9208,1.2928,1.2845
58.4529,-43.8805,37.9697,1.2920,1.2816
58.5029,-43.8685,38.0183,1.2920,1.2845
58.5529,-43.8552,38.0664,1.2920,1.2845
58.6029,-43.8403,38.1142,1.2928,1.2845
58.6529,-43.8240,38.1614,1.2972,1.2845
58.7029,-43.8062,38.2082,1.2972,1.2845
58.7529,-43.7870,38.2543,1.2980,1.2942
58.8029,-43.7665,38.2999,1.2983,1.2942
58.8529,-43.7449,38.3450,1.2983,1.2942
58.9029,-43.7222,38.3896,1.2986,1.2942
58.9529,-43.6982,38.4334,1.3001,1.3096
59.0028,-43.6727,38.4765,1.3020,1.3096
59.0528,-43.6455,38.5184,1.3029,1.3096
59.1028,-43.6166,38.5592,1.3029,1.2936
59.1528,-43.5860,38.5987,1.3029,1.2929
59.2028,-43.5540,38.6371,1.3029,1.2849
59.2528,-43.5209,38.6746,1.3029,1.2849
59.3028,-43.4869,38.7112,1.3029,1.2849
59.3528,-43.4518,38.7469,1.3039,1.2822
59.4028,-43.4156,38.7814,1.3044,1.2849
59.4528,-43.3781,38.8144,1.3044,1.2879
59.5028,-43.3395,38.8462,1.3044,1.2936
59.5528,-43.3001,38.8769,1.3044,1.2936
59.6028,-43.2600,38.9069,1.3052,1.2936
59.6528,-43.2196,38.9363,1.3062,1.2979
59.7028,-43.1788,38.9652,1.3062,1.3022
59.7528,-43.1374,38.9933,1.3084,1.3022
59.8028,-43.0955,39.0205,1.3084,1.3022
59.8528,-43.0528,39.0466,1.3084,1.3031
59.9028,-43.0095,39.0716,1.3054,1.3031
59.9528,-42.9657,39.0956,1.3054,1.3031
60.0028,-42.9213,39.1187,1.3047,1.3031
60.0528,-42.8765,39.1409,1.3043,1.3022
60.1028,-42.8312,39.1621,1.3041,1.2993
60.1528,-42.7855,39.1823,1.3041,1.2975
60.2028,-42.7393,39.2014,1.2992,1.2975
60.2528,-42.6927,39.2194,1.2992,1.2975
60.3028,-42.6456,39.2364,1.2960,1.2975
60.3528,-42.5983,39.2526,1.2960,1.2958
60.4028,-42.5509,39.2683,1.2936,1.2958
60.4528,-42.5033,39.2836,1.2932,1.2958
60.5028,-42.4556,39.2987,1.2911,1.2958
60.5528,-42.4079,39.3136,1.2903,1.2958
60.6028,-42.3601,39.3284,1.2903,1.2958
60.6528,-42.3123,39.3430,1.2911,1.2958
60.7028,-42.2644,39.3573,1.2908,1.2908
60.7528,-42.2163,39.3712,1.2908,1.2870
60.8028,-42.1681,39.3844,1.2908,1.2870
60.8528,-42.1197,39.3970,1.2904,1.2870
60.9028,-42.0711,39.4089,1.2904,1.2870
60.9528,-42.0224,39.4200,1.2904,1.2896
61.0028,-41.9736,39.4307,1.2904,1.2945
61.0528,-41.9246,39.4410,1.2904,1.2945
61.1028,-41.8757,39.4512,1.2904,1.2945
61.1528,-41.8267,39.4612,1.2900,1.2907
61.2028,-41.7776,39.4709,1.2900,1.2900
61.2528,-41.7285,39.4803,1.2900,1.2900
61.3028,-41.6793,39.4891,1.2970,1.2907
61.3528,-41.6300,39.4974,1.2970,1.2915
61.4028,-41.5806,39.5052,1.2993,1.2945
61.4528,-41.5312,39.5127,1.2993,1.2968
61.5028,-41.4817,39.5198,1.3000,1.2968
61.5528,-41.4321,39.5267,1.3004,1.2976
61.6028,-41.3825,39.5331,1.3004,1.2976
61.6528,-41.3329,39.5389,1.3004,1.2976
61.7029,-41.2832,39.5442,1.2997,1.2973
61.7529,-41.2334,39.5490,1.2993,1.2973
61.8029,-41.1836,39.5535,1.2993,1.2973
61.8529,-41.1338,39.5579,1.2939,1.2973
61.9029,-41.0840,39.5626,1.2937,1.2973
61.9529,-41.0343,39.5676,1.2934,1.2973
62.0029,-40.9845,39.5730,1.2934,1.2967
62.0529,-40.9349,39.5787,1.2934,1.2967
62.1029,-40.8852,39.5846,1.2934,1.2961
62.1529,-40.8355,39.5903,1.2934,1.2961
62.2029,-40.7858,39.5955,1.2913,1.2917
62.2529,-40.7360,39.5998,1.2889,1.2893
62.3029,-40.6861,39.6034,1.2889,1.2893
62.3529,-40.6362,39.6062,1.2889,1.2893
62.4029,-40.5863,39.6088,1.2926,1.2946
62.4529,-40.5363,39.6111,1.2965,1.2946
62.5029,-40.4864,39.6132,1.2981,1.2952
62.5529,-40.4364,39.6149,1.2981,1.2955
62.6029,-40.3864,39.6161,1.2981,1.2960
62.6529,-40.3364,39.6169,1.2975,1.2967
62.7029,-40.2864,39.6173,1.2975,1.2967
62.7529,-40.2364,39.6175,1.2975,1.2973
62.8029,-40.1864,39.6176,1.2979,1.2980
62.8529,-40.1364,39.6177,1.2979,1.2980
62.9029,-40.0864,39.6179,1.2979,1.2973
62.9529,-40.0364,39.6180,1.2979,1.2967
63.0029,-39.9864,39.6181,1.2979,1.2967
63.0529,-39.9364,39.6181,1.2971,1.2967
63.1029,-39.8864,39.6178,1.2971,1.2967
63.1529,-39.8364,39.6175,1.2971,1.2973
63.2029,-39.7864,39.6170,1.2975,1.2973
63.2529,-39.7364,39.6166,1.2975,1.2974
63.3029,-39.6864,39.6162,1.2975,1.2974
63.3529,-39.6364,39.6160,1.2975,1.2965
63.4029,-39.5864,39.6159,1.2975,1.2965
63.4529,-39.5364,39.6160,1.2972,1.2969
63.5029,-39.4864,39.6162,1.2972,1.2969
63.5529,-39.4364,39.6163,1.2972,1.2972
63.6029,-39.3864,39.6165,1.2972,1.2979
63.6529,-39.3364,39.6167,1.2972,1.2979
63.7029,-39.2864,39.6167,1.2972,1.2979
63.7529,-39.2364,39.6166,1.2972,1.2979
63.8029,-39.1864,39.6164,1.2972,1.2974
63.8529,-39.1364,39.6161,1.2972,1.2970
63.9030,-39.0864,39.6157,1.2972,1.2970
63.9530,-39.0364,39.6153,1.2972,1.2970
64.0030,-38.9864,39.6151,1.2972,1.2970
64.0530,-38.9364,39.6150,1.2972,1.2970
64.1030,-38.8864,39.6151,1.2973,1.2970
64.1530,-38.8363,39.6153,1.2972,1.2970
64.2030,-38.7863,39.6157,1.2973,1.2971
64.2530,-38.7363,39.6161,1.2973,1.2970
64.3030,-38.6863,39.6165,1.2977,1.2970
64.3530,-38.6363,39.6169,1.2973,1.2970
64.4030,-38.5863,39.6172,1.2977,1.2970
64.4530,-38.5363,39.6175,1.2977,1.2970
64.5030,-38.4863,39.6178,1.2977,1.2970
64.5530,-38.4363,39.6181,1.2977,1.2970
64.6030,-38.3863,39.6183,1.2984,1.2970
64.6530,-38.3363,39.6183,1.2984,1.2970
64.7030,-38.2863,39.6179,1.2987,1.2966
64.7530,-38.2363,39.6170,1.2987,1.2966
64.8030,-38.1864,39.6155,1.2987,1.2962
64.8530,-38.1364,39.6133,1.2981,1.2962
64.9030,-38.0865,39.6106,1.2981,1.2962
64.9530,-38.0366,39.6073,1.2957,1.2949
65.0030,-37.9867,39.6038,1.2914,1.2904
65.0530,-37.9368,39.6001,1.2910,1.2904
65.1030,-37.8870,39.5961,1.2910,1.2904
65.1530,-37.8372,39.5917,1.2910,1.2927
65.2030,-37.7874,39.5869,1.2906,1.2944
65.2530,-37.7377,39.5818,1.2906,1.2944
65.3030,-37.6880,39.5765,1.2906,1.2944
65.3530,-37.6382,39.5714,1.2879,1.2960
65.4030,-37.5884,39.5666,1.2875,1.2960
65.4530,-37.5386,39.5624,1.2875,1.2960
65.5030,-37.4887,39.5589,1.2875,1.2960
65.5530,-37.4388,39.5560,1.2927,1.2960
65.6030,-37.3889,39.5535,1.2964,1.2976
65.6530,-37.3389,39.5512,1.3008,1.2976
65.7030,-37.2890,39.5490,1.3014,1.2976
65.7530,-37.2390,39.5469,1.3014,1.2976
65.8030,-37.1891,39.5449,1.3014,1.2944
65.8530,-37.1391,39.5428,1.2995,1.2935
65.9030,-37.0892,39.5402,1.2988,1.2913
65.9530,-37.0393,39.5371,1.2956,1.2876
66.0030,-36.9894,39.5333,1.2937,1.2876
66.0530,-36.9396,39.5289,1.2934,1.2876
66.1030,-36.8898,39.5240,1.2931,1.2895
66.1530,-36.8401,39.5189,1.2927,1.2915
66.2030,-36.7904,39.5138,1.2920,1.2915
66.2531,-36.7406,39.5089,1.2920,1.2915
66.3031,-36.6908,39.5043,1.2892,1.2915
66.3531,-36.6410,39.4999,1.2892,1.2915
66.4031,-36.5912,39.4956,1.2892,1.2915
66.4531,-36.5414,39.4913,1.2892,1.2909
66.5031,-36.4915,39.4872,1.2892,1.2909
66.5531,-36.4417,39.4832,1.2900,1.2909
66.6031,-36.3918,39.4793,1.2900,1.2909
66.6531,-36.3420,39.4754,1.2900,1.2896
66.7031,-36.2921,39.4713,1.2942,1.2855
66.7531,-36.2423,39.4669,1.2958,1.2844
66.8031,-36.1926,39.4620,1.2958,1.2844
66.8531,-36.1429,39.4565,1.2958,1.2844
66.9031,-36.0932,39.4504,1.2907,1.2883
66.9531,-36.0437,39.4440,1.2903,1.2883
67.0031,-35.9941,39.4373,1.2879,1.2883
67.0531,-35.9446,39.4304,1.2879,1.2806
67.1031,-35.8951,39.4233,1.2879,1.2806
67.1531,-35.8456,39.4160,1.2889,1.2806
67.2031,-35.7962,39.4087,1.2903,1.2971
67.2531,-35.7467,39.4015,1.2926,1.2973
67.3031,-35.6971,39.3947,1.2949,1.2973
67.3531,-35.6475,39.3885,1.2949,1.2973
67.4031,-35.5979,39.3827,1.2954,1.2973
67.4531,-35.5481,39.3773,1.2955,1.2962
67.5031,-35.4984,39.3723,1.2955,1.2954
67.5531,-35.4486,39.3674,1.2955,1.2936
67.6031,-35.3989,39.3625,1.2955,1.2936
67.6531,-35.3491,39.3576,1.2955,1.2936
67.7031,-35.2994,39.3525,1.2955,1.2964
67.7531,-35.2497,39.3471,1.2955,1.2985
67.8031,-35.2000,39.3414,1.2966,1.2985
67.8531,-35.1504,39.3353,1.3008,1.2985
67.9031,-35.1008,39.3289,1.3008,1.2969
67.9531,-35.0512,39.3222,1.3008,1.2967
68.0031,-35.0017,39.3153,1.3008,1.2967
68.0531,-34.9522,39.3083,1.2987,1.2954
68.1031,-34.9027,39.3012,1.2939,1.2950
68.1531,-34.8532,39.2938,1.2939,1.2939
68.2031,-34.8038,39.2862,1.2939,1.2939
68.2531,-34.7544,39.2782,1.2939,1.2939
68.3031,-34.7051,39.2701,1.2970,1.2939
68.3531,-34.6558,39.2617,1.2970,1.2939
68.4032,-34.6065,39.2533,1.2970,1.2939
68.4532,-34.5572,39.2451,1.2886,1.2938
68.5032,-34.5078,39.2373,1.2837,1.2921
68.5532,-34.4583,39.2302,1.2837,1.2865
68.6032,-34.4088,39.2234,1.2837,1.2865
68.6532,-34.3592,39.2167,1.2865,1.2865
68.7032,-34.3097,39.2098,1.2896,1.2865
68.7532,-34.2603,39.2024,1.2921,1.2874
68.8032,-34.2109,39.1945,1.2922,1.2907
68.8532,-34.1615,39.1863,1.2922,1.2907
68.9032,-34.1122,39.1780,1.2922,1.2907
68.9532,-34.0630,39.1696,1.2922,1.2907
69.0032,-34.0137,39.1611,1.2922,1.2907
69.0532,-33.9644,39.1526,1.2928,1.2907
69.1032,-33.9152,39.1439,1.2934,1.2908
69.1532,-33.8660,39.1349,1.2934,1.2939
69.2032,-33.8168,39.1258,1.2936,1.2953
69.2532,-33.7676,39.1167,1.2937,1.2953
69.3032,-33.7185,39.1074,1.2937,1.2953
69.3532,-33.6694,39.0981,1.2937,1.2952
69.4032,-33.6203,39.0888,1.2967,1.2952
69.4532,-33.5711,39.0794,1.2967,1.2952
69.5032,-33.5220,39.0700,1.2970,1.2952
69.5532,-33.4729,39.0606,1.2967,1.2952
69.6032,-33.4238,39.0511,1.2964,1.2951
69.6532,-33.3747,39.0416,1.2964,1.2949
69.7032,-33.3256,39.0322,1.2940,1.2949
69.7532,-33.2765,39.0228,1.2926,1.2949
69.8032,-33.2274,39.0133,1.2926,1.2949
69.8532,-33.1783,39.0038,1.2926,1.2946
69.9032,-33.1293,38.9942,1.2936,1.2923
69.9532,-33.0802,38.9846,1.2936,1.2923
70.0032,-33.0312,38.9748,1.2936,1.2923
70.0532,-32.9821,38.9649,1.2936,1.2923
70.1032,-32.9332,38.9548,1.2968,1.2923
70.1532,-32.8842,38.9445,1.2968,1.2942
70.2032,-32.8353,38.9343,1.2980,1.3008
70.2532,-32.7863,38.9241,1.2980,1.3008
70.3032,-32.7373,38.9142,1.2980,1.3008
70.3532,-32.6883,38.9045,1.2968,1.3008
70.4032,-32.6392,38.8949,1.2968,1.2930
70.4532,-32.5902,38.8851,1.2968,1.2928
70.5032,-32.5412,38.8747,1.2969,1.2927
70.5533,-32.4925,38.8638,1.2969,1.2928
70.6033,-32.4438,38.8522,1.2969,1.2928
70.6533,-32.3952,38.8404,1.2965,1.2927
70.7033,-32.3466,38.8287,1.2874,1.2927
70.7533,-32.2979,38.8175,1.2874,1.2909
70.8033,-32.2490,38.8071,1.2874,1.2909
70.8533,-32.2000,38.7971,1.2874,1.2887
70.9033,-32.1510,38.7871,1.2874,1.2887
70.9533,-32.1021,38.7768,1.2878,1.2887
71.0033,-32.0533,38.7660,1.2878,1.2923
71.0533,-32.0046,38.7546,1.2964,1.2923
71.1033,-31.9560,38.7427,1.2964,1.2923
71.1533,-31.9075,38.7304,1.2964,1.2927
71.2033,-31.8591,38.7178,1.2976,1.2927
71.2533,-31.8108,38.7051,1.2981,1.2971
71.3033,-31.7624,38.6925,1.2981,1.2971
71.3533,-31.7140,38.6799,1.2985,1.2971
71.4033,-31.6656,38.6673,1.2985,1.2971
71.4533,-31.6173,38.6545,1.2985,1.2971
71.5033,-31.5690,38.6416,1.2976,1.2971
71.5533,-31.5207,38.6284,1.2967,1.2971
71.6033,-31.4725,38.6151,1.2958,1.2971
71.6533,-31.4243,38.6019,1.2931,1.2941
71.7033,-31.3760,38.5889,1.2884,1.2941
71.7533,-31.3276,38.5764,1.2884,1.2941
71.8033,-31.2791,38.5641,1.2884,1.2897
71.8533,-31.2306,38.5521,1.2884,1.2897
71.9033,-31.1820,38.5402,1.2894,1.2897
71.9533,-31.1335,38.5282,1.2904,1.2897
72.0033,-31.0850,38.5161,1.2904,1.2897
72.0533,-31.0365,38.5038,1.2904,1.2897
72.1033,-30.9881,38.4913,1.2927,1.2941
72.1533,-30.9397,38.4786,1.2927,1.2941
72.2033,-30.8914,38.4656,1.2927,1.2941
72.2533,-30.8432,38.4525,1.2928,1.2941
72.3033,-30.7951,38.4390,1.2928,1.2941
72.3533,-30.7470,38.4252,1.2928,1.2902
72.4033,-30.6990,38.4110,1.2928,1.2902
72.4533,-30.6512,38.3965,1.2928,1.2932
72.5033,-30.6034,38.3818,1.2920,1.2932
72.5533,-30.5556,38.3670,1.2899,1.2902
72.6033,-30.5079,38.3522,1.2899,1.2902
72.6533,-30.4601,38.3374,1.2899,1.2902
72.7033,-30.4123,38.3227,1.2899,1.2902
72.7533,-30.3645,38.3081,1.2889,1.2902
72.8034,-30.3166,38.2937,1.2899,1.2902
72.8534,-30.2687,38.2795,1.2906,1.2902
72.9034,-30.2207,38.2653,1.2910,1.2902
72.9534,-30.1727,38.2512,1.2918,1.2902
73.0034,-30.1248,38.2371,1.2918,1.2916
73.0534,-30.0769,38.2228,1.2918,1.2928
73.1034,-30.0289,38.2085,1.2918,1.2928
73.1534,-29.9810,38.1942,1.2918,1.2928
73.2034,-29.9332,38.1797,1.2918,1.2925
73.2534,-29.8854,38.1650,1.2906,1.2925
73.3034,-29.8377,38.1499,1.2906,1.2890
73.3534,-29.7902,38.1343,1.2906,1.2925
73.4034,-29.7428,38.1183,1.2906,1.2925
73.4534,-29.6956,38.1020,1.2906,1.2925
73.5034,-29.6484,38.0854,1.2904,1.2925
73.5534,-29.6013,38.0687,1.2923,1.2925
73.6034,-29.5542,38.0519,1.2923,1.2940
73.6534,-29.5071,38.0351,1.2923,1.2940
73.7034,-29.4600,38.0183,1.2922,1.2940
73.7534,-29.4128,38.0017,1.2922,1.2940
73.8034,-29.3656,37.9853,1.2921,1.2940
73.8534,-29.3183,37.9690,1.2904,1.2955
73.9034,-29.2710,37.9528,1.2904,1.2955
73.9534,-29.2238,37.9364,1.2921,1.2955
74.0034,-29.1767,37.9196,1.2904,1.2940
74.0534,-29.1297,37.9024,1.2904,1.2925
74.1034,-29.0829,37.8848,1.2904,1.2906
74.1534,-29.0362,37.8669,1.2904,1.2906
74.2034,-28.9896,37.8489,1.2903,1.2906
74.2534,-28.9429,37.8309,1.2903,1.2906
74.3034,-28.8963,37.8128,1.2904,1.2906
74.3534,-28.8497,37.7947,1.2928,1.2904
74.4034,-28.8032,37.7764,1.2928,1.2904
74.4534,-28.7568,37.7577,1.2956,1.2902
74.5034,-28.7106,37.7386,1.2968,1.2869
74.5534,-28.6646,37.7191,1.2968,1.2869
74.6034,-28.6187,37.6992,1.2968,1.2869
74.6534,-28.5728,37.6793,1.2931,1.2970
74.7034,-28.5268,37.6596,1.2931,1.2970
74.7534,-28.4807,37.6405,1.2931,1.2970
74.8034,-28.4343,37.6217,1.2931,1.2945
74.8534,-28.3879,37.6030,1.2931,1.2936
74.9034,-28.3416,37.5842,1.2929,1.2869
74.9535,-28.2953,37.5652,1.2918,1.2869
75.0035,-28.2492,37.5459,1.2908,1.2869
75.0535,-28.2032,37.5264,1.2867,1.2869
75.1035,-28.1572,37.5067,1.2867,1.2876
75.1535,-28.1113,37.4869,1.2877,1.2876
75.2035,-28.0655,37.4669,1.2867,1.2884
75.2535,-28.0197,37.4467,1.2877,1.2884
75.3035,-27.9741,37.4262,1.2877,1.2876
75.3535,-27.9287,37.4054,1.2877,1.2869
75.4035,-27.8834,37.3841,1.2882,1.2854
75.4535,-27.8384,37.3623,1.2888,1.2854
75.5035,-27.7936,37.3401,1.2888,1.2869
75.5535,-27.7489,37.3177,1.2889,1.2869
75.6035,-27.7043,37.2952,1.2889,1.2869
75.6535,-27.6596,37.2728,1.2890,1.2884
75.7035,-27.6149,37.2503,1.2890,1.2884
75.7535,-27.5702,37.2278,1.2890,1.2884
75.8035,-27.5257,37.2052,1.2890,1.2898
75.8535,-27.4812,37.1823,1.2892,1.2898
75.9035,-27.4368,37.1593,1.2904,1.2898
75.9535,-27.3924,37.1363,1.2910,1.2927
76.0035,-27.3479,37.1134,1.2910,1.2927
76.0535,-27.3034,37.0907,1.2910,1.2898
76.1035,-27.2588,37.0681,1.2907,1.2956
76.1535,-27.2141,37.0456,1.2907,1.2898
76.2035,-27.1694,37.0233,1.2907,1.2898
76.2535,-27.1246,37.0011,1.2907,1.2920
76.3035,-27.0798,36.9789,1.2907,1.2920
76.3535,-27.0350,36.9566,1.2918,1.2920
76.4035,-26.9904,36.9341,1.2930,1.2920
76.4535,-26.9459,36.9112,1.2965,1.2917
76.5035,-26.9016,36.8881,1.2965,1.2917
76.5535,-26.8574,36.8646,1.2965,1.2936
76.6035,-26.8134,36.8409,1.2953,1.2917
76.6535,-26.7694,36.8172,1.2941,1.2946
76.7035,-26.7253,36.7936,1.2933,1.2946
76.7535,-26.6812,36.7699,1.2933,1.2946
76.8035,-26.6372,36.7462,1.2933,1.2936
76.8535,-26.5934,36.7222,1.2941,1.2936
76.9035,-26.5497,36.6978,1.2941,1.2917
76.9535,-26.5064,36.6728,1.2953,1.2917
77.0035,-26.4634,36.6474,1.2953,1.2936
77.0535,-26.4204,36.6218,1.2941,1.2956
77.1035,-26.3774,36.5963,1.2926,1.2956
77.1536,-26.3342,36.5711,1.2920,1.2956
77.2036,-26.2909,36.5461,1.2920,1.2956
77.2536,-26.2475,36.5212,1.2920,1.2905
77.3036,-26.2042,36.4962,1.2915,1.2905
77.3536,-26.1611,36.4709,1.2952,1.2905
77.4036,-26.1181,36.4454,1.2952,1.2905
77.4536,-26.0753,36.4196,1.2926,1.2917
77.5036,-26.0326,36.3935,1.2921,1.2932
77.5536,-25.9900,36.3673,1.2926,1.2932
77.6036,-25.9475,36.3409,1.2926,1.2932
77.6536,-25.9051,36.3145,1.2921,1.2928
77.7036,-25.8628,36.2879,1.2926,1.2928
77.7536,-25.8205,36.2612,1.2926,1.2928
77.8036,-25.7782,36.2344,1.2926,1.2928
77.8536,-25.7360,36.2077,1.2918,1.2930
77.9036,-25.6937,36.1809,1.2918,1.2930
77.9536,-25.6515,36.1542,1.2918,1.2932
78.0036,-25.6092,36.1276,1.2918,1.2932
78.0536,-25.5669,36.1009,1.2939,1.2930
78.1036,-25.5247,36.0740,1.2942,1.2928
78.1536,-25.4827,36.0469,1.2968,1.2928
78.2036,-25.4408,36.0195,1.2968,1.2928
78.2536,-25.3992,35.9919,1.2968,1.2945
78.3036,-25.3576,35.9640,1.2942,1.2982
78.3536,-25.3160,35.9363,1.2936,1.2982
78.4036,-25.2743,35.9088,1.2936,1.2982
78.4536,-25.2323,35.8816,1.2936,1.2961
78.5036,-25.1903,35.8545,1.2942,1.2948
78.5536,-25.1484,35.8272,1.2960,1.2934
78.6036,-25.1066,35.7997,1.2960,1.2934
78.6536,-25.0652,35.7718,1.2960,1.2934
78.7036,-25.0239,35.7435,1.2953,1.2934
78.7536,-24.9829,35.7149,1.2953,1.2950
78.8036,-24.9420,35.6862,1.2941,1.2951
78.8536,-24.9010,35.6575,1.2941,1.2951
78.9036,-24.8601,35.6288,1.2941,1.2950
78.9536,-24.8191,35.6001,1.2941,1.2934
79.0036,-24.7781,35.5715,1.2935,1.2934
79.0536,-24.7372,35.5428,1.2917,1.2934
79.1036,-24.6962,35.5142,1.2917,1.2934
79.1536,-24.6553,35.4854,1.2907,1.2910
79.2036,-24.6145,35.4565,1.2907,1.2910
79.2537,-24.5737,35.4275,1.2907,1.2910
79.3037,-24.5330,35.3985,1.2901,1.2910
79.3537,-24.4923,35.3695,1.2901,1.2910
79.4037,-24.4516,35.3404,1.2901,1.2910
79.4537,-24.4108,35.3115,1.2901,1.2910
79.5037,-24.3701,35.2825,1.2901,1.2910
79.5537,-24.3294,35.2534,1.2907,1.2910
79.6037,-24.2889,35.2241,1.2915,1.2910
79.6537,-24.2485,35.1946,1.2915,1.2910
79.7037,-24.2084,35.1648,1.2930,1.2910
79.7537,-24.1684,35.1347,1.2930,1.2922
79.8037,-24.1287,35.1043,1.2961,1.2936
79.8537,-24.0891,35.0738,1.2961,1.2966
79.9037,-24.0496,35.0432,1.2963,1.2966
79.9537,-24.0100,35.0127,1.2963,1.2966
80.0037,-23.9703,34.9822,1.2963,1.2966
80.0537,-23.9307,34.9517,1.2963,1.2963
80.1037,-23.8910,34.9213,1.2959,1.2963
80.1537,-23.8514,34.8908,1.2949,1.2963
80.2037,-23.8118,34.8603,1.2949,1.2963
80.2537,-23.7721,34.8298,1.2949,1.2963
80.3037,-23.7324,34.7994,1.2958,1.2963
80.3537,-23.6927,34.7691,1.2958,1.2963
80.4037,-23.6529,34.7388,1.2958,1.2963
80.4537,-23.6130,34.7087,1.2958,1.2963
80.5037,-23.5730,34.6786,1.2951,1.2963
80.5537,-23.5331,34.6485,1.2951,1.2963
80.6037,-23.4932,34.6183,1.2958,1.2963
80.6537,-23.4535,34.5879,1.2959,1.2940
80.7037,-23.4141,34.5572,1.2959,1.2924
80.7537,-23.3748,34.5262,1.2959,1.2924
80.8037,-23.3359,34.4949,1.2959,1.2932
80.8537,-23.2971,34.4633,1.2959,1.2932
80.9037,-23.2584,34.4316,1.2939,1.2940
80.9537,-23.2198,34.3998,1.2939,1.2957
81.0037,-23.1811,34.3682,1.2939,1.2957
81.0537,-23.1422,34.3368,1.2939,1.2957
81.1037,-23.1031,34.3056,1.2939,1.2957
81.1537,-23.0639,34.2746,1.2939,1.2924
81.2037,-23.0246,34.2437,1.2925,1.2924
81.2537,-22.9854,34.2127,1.2908,1.2924
81.3037,-22.9462,34.1816,1.2908,1.2932
81.3538,-22.9071,34.1504,1.2908,1.2937
81.4038,-22.8681,34.1191,1.2925,1.2937
81.4538,-22.8291,34.0878,1.2925,1.2932
81.5038,-22.7901,34.0566,1.2925,1.2914
81.5538,-22.7511,34.0252,1.2925,1.2897
81.6038,-22.7123,33.9937,1.2922,1.2897
81.6538,-22.6736,33.9620,1.2922,1.2897
81.7038,-22.6351,33.9301,1.2916,1.2897
81.7538,-22.5966,33.8982,1.2916,1.2915
81.8038,-22.5581,33.8663,1.2916,1.2938
81.8538,-22.5195,33.8345,1.2919,1.2943
81.9038,-22.4807,33.8029,1.2923,1.2943
81.9538,-22.4419,33.7714,1.2931,1.2938
82.0038,-22.4031,33.7399,1.2931,1.2934
82.0538,-22.3643,33.7083,1.2931,1.2919
82.1038,-22.3257,33.6766,1.2931,1.2919
82.1538,-22.2872,33.6447,1.2931,1.2919
82.2038,-22.2487,33.6127,1.2925,1.2919
82.2538,-22.2103,33.5807,1.2925,1.2919
82.3038,-22.1718,33.5488,1.2925,1.2922
82.3538,-22.1334,33.5168,1.2937,1.2925
82.4038,-22.0951,33.4847,1.2957,1.2937
82.4538,-22.0569,33.4523,1.2968,1.2948
82.5038,-22.0190,33.4198,1.2968,1.2948
82.5538,-21.9812,33.3871,1.2968,1.2948
82.6038,-21.9434,33.3543,1.2937,1.2937
82.6538,-21.9056,33.3216,1.2928,1.2925
82.7038,-21.8677,33.2889,1.2918,1.2925
82.7538,-21.8297,33.2565,1.2917,1.2937
82.8038,-21.7915,33.2242,1.2917,1.2948
82.8538,-21.7532,33.1921,1.2917,1.2958
82.9038,-21.7148,33.1601,1.2899,1.2958
82.9538,-21.6762,33.1282,1.2935,1.2958
83.0038,-21.6375,33.0966,1.2935,1.2958
83.0538,-21.5986,33.0651,1.2917,1.2903
83.1038,-21.5598,33.0336,1.2912,1.2903
83.1538,-21.5211,33.0019,1.2912,1.2903
83.2038,-21.4826,32.9700,1.2899,1.2903
83.2538,-21.4443,32.9379,1.2899,1.2950
83.3038,-21.4061,32.9057,1.2912,1.2963
83.3538,-21.3678,32.8735,1.2916,1.2966
83.4039,-21.3294,32.8415,1.2925,1.2966
83.4539,-21.2908,32.8097,1.2958,1.2963
83.5039,-21.2521,32.7780,1.2969,1.2953
83.5539,-21.2134,32.7464,1.2969,1.2928
83.6039,-21.1747,32.7147,1.2969,1.2906
83.6539,-21.1361,32.6829,1.2958,1.2906
83.7039,-21.0977,32.6509,1.2925,1.2906
83.7539,-21.0594,32.6187,1.2916,1.2906
83.8039,-21.0212,32.5864,1.2916,1.2906
83.8539,-20.9831,32.5541,1.2916,1.2922
83.9039,-20.9450,32.5217,1.2928,1.2922
83.9539,-20.9070,32.4892,1.2967,1.2922
84.0039,-20.8692,32.4565,1.2967,1.2922
84.0539,-20.8316,32.4235,1.2967,1.2922
84.1039,-20.7943,32.3902,1.2967,1.2949
84.1539,-20.7571,32.3568,1.2947,1.2949
84.2039,-20.7199,32.3234,1.2947,1.2949
84.2539,-20.6825,32.2902,1.2923,1.2960
84.3039,-20.6447,32.2574,1.2923,1.2960
84.3539,-20.6066,32.2251,1.2923,1.2973
84.4039,-20.5682,32.1931,1.2923,1.2973
84.4539,-20.5297,32.1611,1.3002,1.2980
84.5039,-20.4913,32.1291,1.3002,1.2980
84.5539,-20.4531,32.0969,1.3002,1.2973
84.6039,-20.4149,32.0646,1.2976,1.2963
84.6539,-20.3767,32.0323,1.2949,1.2959
84.7039,-20.3384,32.0002,1.2936,1.2945
84.7539,-20.2999,31.9683,1.2936,1.2945
84.8039,-20.2612,31.9366,1.2936,1.2958
84.8539,-20.2224,31.9050,1.2936,1.2958
84.9039,-20.1836,31.8736,1.2949,1.2971
84.9539,-20.1447,31.8422,1.2949,1.2979
85.0039,-20.1058,31.8108,1.2949,1.2971
85.0539,-20.0669,31.7793,1.2949,1.2971
85.1039,-20.0281,31.7478,1.2949,1.2922
85.1539,-19.9895,31.7160,1.2948,1.2910
85.2039,-19.9512,31.6838,1.2898,1.2873
85.2539,-19.9132,31.6513,1.2895,1.2873
85.3039,-19.8754,31.6186,1.2895,1.2898
85.3539,-19.8375,31.5860,1.2895,1.2910
85.4039,-19.7995,31.5535,1.2890,1.2916
85.4539,-19.7613,31.5211,1.2890,1.2934
85.5039,-19.7231,31.4890,1.2895,1.2934
85.5540,-19.6847,31.4569,1.2896,1.2916
85.6040,-19.6463,31.4249,1.2898,1.2909
85.6540,-19.6079,31.3928,1.2898,1.2908
85.7040,-19.5696,31.3607,1.2898,1.2908
85.7540,-19.5314,31.3285,1.2895,1.2907
85.8040,-19.4932,31.2962,1.2872,1.2902
85.8540,-19.4549,31.2641,1.2872,1.2907
85.9040,-19.4164,31.2321,1.2872,1.2907
85.9540,-19.3778,31.2004,1.2881,1.2907
86.0040,-19.3389,31.1689,1.2929,1.2907
86.0540,-19.3000,31.1375,1.2931,1.2907
86.1040,-19.2611,31.1060,1.2934,1.2907
86.1540,-19.2224,31.0744,1.2934,1.2888
86.2040,-19.1839,31.0425,1.2931,1.2878
86.2540,-19.1457,31.0103,1.2908,1.2878
86.3040,-19.1077,30.9778,1.2888,1.2888
86.3540,-19.0695,30.9455,1.2888,1.2931
86.4040,-19.0310,30.9136,1.2888,1.2932
86.4540,-18.9922,30.8821,1.2894,1.2955
86.5040,-18.9531,30.8509,1.2967,1.2932
86.5540,-18.9140,30.8197,1.2987,1.2932
86.6040,-18.8752,30.7882,1.2987,1.2932
86.6540,-18.8367,30.7563,1.2987,1.2931
86.7040,-18.7985,30.7241,1.2894,1.2931
86.7540,-18.7604,30.6917,1.2894,1.2931
86.8040,-18.7221,30.6594,1.2894,1.2931
86.8540,-18.6836,30.6276,1.2894,1.2931
86.9040,-18.6447,30.5961,1.2914,1.2931
86.9540,-18.6056,30.5650,1.2997,1.2932
87.0040,-18.5664,30.5339,1.2997,1.2932
87.0540,-18.5274,30.5027,1.2997,1.2940
87.1040,-18.4886,30.4712,1.2951,1.2940
87.1540,-18.4501,30.4393,1.2951,1.2940
87.2040,-18.4118,30.4070,1.2948,1.2940
87.2540,-18.3739,30.3745,1.2948,1.2940
87.3040,-18.3359,30.3419,1.2930,1.2940
87.3540,-18.2979,30.3094,1.2930,1.2947
87.4040,-18.2596,30.2773,1.2930,1.2979
87.4540,-18.2210,30.2455,1.2959,1.2997
87.5040,-18.1821,30.2141,1.2959,1.2997
87.5540,-18.1430,30.1829,1.2959,1.2997
87.6040,-18.1040,30.1517,1.2945,1.2925
87.6540,-18.0651,30.1202,1.2938,1.2925
87.7040,-18.0264,30.0886,1.2930,1.2925
87.7540,-17.9878,30.0568,1.2930,1.2925
87.8041,-17.9492,30.0250,1.2930,1.2925
87.8541,-17.9107,29.9930,1.2930,1.2925
87.9041,-17.8722,29.9611,1.2930,1.2925
87.9541,-17.8337,29.9293,1.2930,1.2925
88.0041,-17.7951,29.8975,1.2932,1.2925
88.0541,-17.7566,29.8656,1.2932,1.2928
88.1041,-17.7182,29.8336,1.2932,1.2904
88.1541,-17.6800,29.8013,1.2928,1.2904
88.2041,-17.6420,29.7688,1.2908,1.2924
88.2541,-17.6042,29.7361,1.2908,1.2928
88.3041,-17.5662,29.7036,1.2908,1.2928
88.3541,-17.5279,29.6715,1.2911,1.2952
88.4041,-17.4892,29.6397,1.2925,1.2957
88.4541,-17.4504,29.6082,1.2930,1.2961
88.5041,-17.4117,29.5766,1.2955,1.2964
88.5541,-17.3731,29.5447,1.2984,1.2964
88.6041,-17.3349,29.5125,1.2955,1.2964
88.6541,-17.2969,29.4800,1.2955,1.2976
88.7041,-17.2590,29.4474,1.2913,1.2976
88.7541,-17.2208,29.4151,1.2905,1.2988
88.8041,-17.1821,29.3835,1.2905,1.2993
88.8541,-17.1427,29.3526,1.2905,1.3022
88.9041,-17.1029,29.3224,1.3019,1.3022
88.9541,-17.0629,29.2924,1.3019,1.3022
89.0041,-17.0230,29.2622,1.3019,1.3001
89.0541,-16.9834,29.2317,1.3018,1.2971
89.1041,-16.9443,29.2006,1.3001,1.2971
89.1541,-16.9056,29.1689,1.2985,1.2954
89.2041,-16.8672,29.1369,1.2969,1.2947
89.2541,-16.8289,29.1048,1.2969,1.2954
89.3041,-16.7906,29.0727,1.2969,1.2954
89.3541,-16.7521,29.0407,1.2969,1.2954
89.4041,-16.7135,29.0089,1.2985,1.2954
89.4541,-16.6750,28.9770,1.2985,1.2954
89.5041,-16.6366,28.9450,1.2985,1.2954
89.5541,-16.5984,28.9127,1.2952,1.2941
89.6041,-16.5604,28.8802,1.2944,1.2941
89.6541,-16.5226,28.8474,1.2935,1.2937
89.7041,-16.4849,28.8147,1.2934,1.2941
89.7541,-16.4470,28.7820,1.2934,1.2941
89.8041,-16.4090,28.7495,1.2934,1.2948
89.8541,-16.3708,28.7173,1.2930,1.2955
89.9041,-16.3325,28.6852,1.2930,1.2955
89.9541,-16.2940,28.6532,1.2930,1.2955
90.0041,-16.2555,28.6213,1.2930,1.2932
90.0541,-16.2170,28.5893,1.2930,1.2928
90.1041,-16.1787,28.5573,1.2921,1.2928
90.1542,-16.1404,28.5251,1.2912,1.2928
90.2042,-16.1021,28.4930,1.2921,1.2928
90.2542,-16.0636,28.4610,1.2923,1.2930
90.3042,-16.0249,28.4293,1.2923,1.2948
90.3542,-15.9860,28.3980,1.2944,1.2951
90.4042,-15.9469,28.3668,1.2944,1.2951
90.4542,-15.9077,28.3357,1.2944,1.2951
90.5042,-15.8687,28.3045,1.2930,1.2940
90.5542,-15.8297,28.2731,1.2908,1.2940
90.6042,-15.7909,28.2417,1.2908,1.2940
90.6542,-15.7520,28.2103,1.2908,1.2951
90.7042,-15.7129,28.1790,1.2939,1.2952
90.7542,-15.6738,28.1479,1.2939,1.2952
90.8042,-15.6346,28.1169,1.2939,1.2952
90.8542,-15.5955,28.0857,1.2967,1.2952
90.9042,-15.5567,28.0542,1.2967,1.2952
90.9542,-15.5181,28.0224,1.2967,1.2952
91.0042,-15.4797,27.9903,1.2962,1.2952
91.0542,-15.4415,27.9580,1.2962,1.2946
91.1042,-15.4034,27.9257,1.2962,1.2946
91.1542,-15.3652,27.8933,1.2963,1.2946
91.2042,-15.3270,27.8611,1.2963,1.2978
91.2542,-15.2886,27.8291,1.2963,1.2978
91.3042,-15.2501,27.7973,1.2963,1.2978
91.3542,-15.2113,27.7656,1.2958,1.2978
91.4042,-15.1726,27.7339,1.2958,1.2926
91.4542,-15.1341,27.7021,1.2953,1.2926
91.5042,-15.0958,27.6699,1.2934,1.2926
91.5542,-15.0577,27.6376,1.2926,1.2926
91.6042,-15.0196,27.6052,1.2918,1.2926
91.6542,-14.9812,27.5732,1.2918,1.2952
91.7042,-14.9424,27.5417,1.2918,1.2978
91.7542,-14.9031,27.5107,1.2963,1.2978
91.8042,-14.8637,27.4800,1.3025,1.2978
91.8542,-14.8242,27.4492,1.3025,1.2978
91.9042,-14.7851,27.4181,1.3025,1.2948
91.9542,-14.7463,27.3865,1.3025,1.2948
92.0042,-14.7080,27.3544,1.2949,1.2948
92.0542,-14.6699,27.3220,1.2925,1.2970
92.1042,-14.6319,27.2895,1.2925,1.2970
92.1542,-14.5937,27.2573,1.2925,1.2986
92.2042,-14.5553,27.2253,1.2925,1.2986
92.2542,-14.5167,27.1935,1.2956,1.2986
92.3042,-14.4780,27.1618,1.2956,1.2945
92.3542,-14.4394,27.1300,1.2956,1.2925
92.4043,-14.4010,27.0980,1.2882,1.2925
92.4543,-14.3627,27.0658,1.2877,1.2889
92.5043,-14.3246,27.0335,1.2873,1.2889
92.5543,-14.2864,27.0012,1.2873,1.2889
92.6043,-14.2481,26.9690,1.2873,1.2963
92.6543,-14.2095,26.9373,1.2907,1.2966
92.7043,-14.1706,26.9058,1.2986,1.2966
92.7543,-14.1316,26.8745,1.2986,1.2966
92.8043,-14.0927,26.8431,1.2986,1.2966
92.8543,-14.0540,26.8115,1.2986,1.2966
92.9043,-14.0153,26.7798,1.2986,1.2966
92.9543,-13.9766,26.7481,1.2944,1.2966
93.0043,-13.9378,26.7166,1.2944,1.2973
93.0543,-13.8988,26.6853,1.2944,1.2973
93.1043,-13.8597,26.6541,1.2965,1.2977
93.1543,-13.8206,26.6230,1.2997,1.2979
93.2043,-13.7816,26.5917,1.2997,1.2979
93.2543,-13.7429,26.5600,1.2997,1.2979
93.3043,-13.7044,26.5281,1.2993,1.2986
93.3543,-13.6662,26.4959,1.2972,1.2986
93.4043,-13.6281,26.4635,1.2944,1.2964
93.4543,-13.5900,26.4311,1.2920,1.2946
93.5043,-13.5519,26.3987,1.2920,1.2946
93.5543,-13.5137,26.3664,1.2920,1.2946
93.6043,-13.4753,26.3343,1.2928,1.2980
93.6543,-13.4368,26.3025,1.2928,1.2980
93.7043,-13.3981,26.2708,1.2928,1.2980
93.7543,-13.3595,26.2391,1.2928,1.2945
93.8043,-13.3208,26.2073,1.2928,1.2944
93.8543,-13.2823,26.1754,1.2928,1.2944
93.9043,-13.2438,26.1435,1.2928,1.2944
93.9543,-13.2053,26.1117,1.2928,1.2944
94.0043,-13.1666,26.0800,1.2928,1.2944
94.0543,-13.1278,26.0485,1.2944,1.2954
94.1043,-13.0889,26.0171,1.2960,1.2956
94.1543,-13.0500,25.9856,1.2982,1.2956
94.2043,-13.0112,25.9541,1.2982,1.2956
94.2543,-12.9725,25.9224,1.2982,1.2947
94.3043,-12.9340,25.8905,1.2982,1.2944
94.3543,-12.8956,25.8584,1.2974,1.2944
94.4043,-12.8574,25.8262,1.2968,1.2938
94.4543,-12.8193,25.7938,1.2934,1.2938
94.5044,-12.7812,25.7614,1.2934,1.2950
94.5544,-12.7431,25.7291,1.2934,1.2950
94.6044,-12.7049,25.6969,1.2939,1.2958
94.6544,-12.6666,25.6647,1.2945,1.2958
94.7044,-12.6283,25.6326,1.2945,1.2958
94.7544,-12.5900,25.6004,1.2945,1.2926
94.8044,-12.5517,25.5682,1.2939,1.2914
94.8544,-12.5136,25.5358,1.2939,1.2914
94.9044,-12.4755,25.5034,1.2939,1.2914
94.9544,-12.4375,25.4709,1.2934,1.2915
95.0044,-12.3994,25.4386,1.2934,1.2959
95.0544,-12.3612,25.4063,1.2936,1.2963
95.1044,-12.3228,25.3743,1.2936,1.2963
95.1544,-12.2842,25.3425,1.2939,1.2963
95.2044,-12.2456,25.3107,1.2942,1.2962
95.2544,-12.2069,25.2790,1.2942,1.2939
95.3044,-12.1684,25.2472,1.2939,1.2918
95.3544,-12.1299,25.2152,1.2929,1.2918
95.4044,-12.0915,25.1832,1.2928,1.2918
95.4544,-12.0532,25.1510,1.2928,1.2939
95.5044,-12.0149,25.1190,1.2928,1.2963
95.5544,-11.9764,25.0871,1.2928,1.2992
95.6044,-11.9377,25.0554,1.2929,1.2992
95.6544,-11.8989,25.0239,1.2985,1.2992
95.7044,-11.8600,24.9924,1.2985,1.2959
95.7544,-11.8213,24.9607,1.2985,1.2942
95.8044,-11.7828,24.9288,1.2985,1.2941
95.8544,-11.7445,24.8967,1.2948,1.2941
95.9044,-11.7063,24.8645,1.2934,1.2941
95.9544,-11.6679,24.8324,1.2934,1.2941
96.0044,-11.6294,24.8004,1.2934,1.2942
96.0544,-11.5908,24.7687,1.2948,1.2975
96.1044,-11.5521,24.7370,1.2981,1.2975
96.1544,-11.5134,24.7054,1.2981,1.2975
96.2044,-11.4747,24.6737,1.2981,1.2975
96.2544,-11.4360,24.6420,1.2955,1.2958
96.3044,-11.3974,24.6103,1.2955,1.2941
96.3544,-11.3588,24.5785,1.2955,1.2941
96.4044,-11.3203,24.5465,1.2952,1.2941
96.4544,-11.2820,24.5144,1.2958,1.2970
96.5044,-11.2437,24.4822,1.2958,1.2973
96.5544,-11.2055,24.4500,1.2958,1.2973
96.6045,-11.1673,24.4177,1.2963,1.2973
96.6545,-11.1292,24.3854,1.2963,1.2973
96.7045,-11.0910,24.3531,1.2963,1.2973
96.7545,-11.0529,24.3208,1.2963,1.2973
96.8045,-11.0147,24.2884,1.2961,1.2914
96.8545,-10.9766,24.2561,1.2924,1.2914
96.9045,-10.9385,24.2238,1.2886,1.2893
96.9545,-10.9003,24.1914,1.2886,1.2893
97.0045,-10.8622,24.1590,1.2884,1.2893
97.0545,-10.8240,24.1268,1.2884,1.2948
97.1045,-10.7856,24.0947,1.2884,1.2967
97.1545,-10.7471,24.0628,1.2888,1.2967
97.2045,-10.7085,24.0311,1.2899,1.2948
97.2545,-10.6698,23.9994,1.2899,1.2893
97.3045,-10.6313,23.9675,1.2911,1.2886
97.3545,-10.5929,23.9355,1.2911,1.2886
97.4045,-10.5546,23.9034,1.2911,1.2886
97.4545,-10.5164,23.8711,1.2911,1.2886
97.5045,-10.4783,23.8387,1.2911,1.2893
97.5545,-10.4402,23.8062,1.2911,1.2923
97.6045,-10.4021,23.7739,1.2911,1.2923
97.6545,-10.3639,23.7416,1.2918,1.2923
97.7045,-10.3256,23.7095,1.2920,1.2923
97.7545,-10.2872,23.6775,1.2920,1.2910
97.8045,-10.2488,23.6454,1.2920,1.2905
97.8545,-10.2106,23.6132,1.2919,1.2905
97.9045,-10.1724,23.5809,1.2919,1.2905
97.9545,-10.1343,23.5485,1.2919,1.2910
98.0045,-10.0963,23.5160,1.2911,1.2910
98.0545,-10.0584,23.4835,1.2911,1.2910
98.1045,-10.0203,23.4511,1.2911,1.2918
98.1545,-9.9820,23.4188,1.2911,1.2926
98.2045,-9.9437,23.3868,1.2919,1.2926
98.2545,-9.9052,23.3548,1.2919,1.2926
98.3045,-9.8668,23.3229,1.2919,1.2905
98.3545,-9.8284,23.2908,1.2919,1.2905
98.4045,-9.7902,23.2586,1.2919,1.2905
98.4545,-9.7521,23.2262,1.2918,1.2913
98.5045,-9.7139,23.1938,1.2918,1.2928
98.5545,-9.6757,23.1616,1.2918,1.2938
98.6045,-9.6373,23.1296,1.2918,1.2938
98.6546,-9.5987,23.0978,1.2919,1.2938
98.7046,-9.5598,23.0664,1.2919,1.2938
98.7546,-9.5208,23.0351,1.2929,1.2929
98.8046,-9.4818,23.0038,1.2929,1.2929
98.8546,-9.4429,22.9724,1.2929,1.2929
98.9046,-9.4041,22.9409,1.2919,1.2920
98.9546,-9.3652,22.9094,1.2895,1.2942
99.0046,-9.3263,22.8781,1.2895,1.2942
99.0546,-9.2870,22.8471,1.2895,1.2920
99.1046,-9.2475,22.8164,1.2924,1.2898
99.1546,-9.2079,22.7859,1.2924,1.2898
99.2046,-9.1682,22.7555,1.2924,1.2887
99.2546,-9.1285,22.7251,1.2924,1.2887
99.3046,-9.0887,22.6948,1.2880,1.2891
99.3546,-9.0488,22.6647,1.2880,1.2891
99.4046,-9.0087,22.6348,1.2872,1.2891
99.4546,-8.9685,22.6052,1.2872,1.2898
99.5046,-8.9281,22.5757,1.2872,1.2904
99.5546,-8.8876,22.5463,1.2880,1.2904
99.6046,-8.8470,22.5171,1.2917,1.2904
99.6546,-8.8065,22.4878,1.2924,1.2904
99.7046,-8.7661,22.4583,1.2924,1.2906
99.7546,-8.7259,22.4286,1.2924,1.2906
99.8046,-8.6858,22.3987,1.2924,1.2917
99.8546,-8.6457,22.3688,1.2922,1.2928
99.9046,-8.6056,22.3390,1.2922,1.2938
99.9546,-8.5653,22.3093,1.2932,1.2938
100.0046,-8.5249,22.2799,1.2946,1.2938
100.0546,-8.4843,22.2507,1.2946,1.2946
100.1046,-8.4436,22.2217,1.2946,1.2946
100.1546,-8.4029,22.1927,1.2946,1.2946
100.2046,-8.3621,22.1638,1.2932,1.2923
100.2546,-8.3212,22.1350,1.2898,1.2923
100.3046,-8.2800,22.1066,1.2879,1.2923
100.3546,-8.2385,22.0788,1.2879,1.2923
100.4046,-8.1965,22.0517,1.2879,1.2923
100.4546,-8.1540,22.0253,1.2879,1.2920
100.5046,-8.1110,21.9997,1.2884,1.2903
100.5546,-8.0679,21.9745,1.2884,1.2903
100.6046,-8.0246,21.9495,1.2896,1.2898
100.6546,-7.9813,21.9245,1.2908,1.2898
100.7046,-7.9380,21.8994,1.2908,1.2903
100.7546,-7.8948,21.8743,1.2908,1.2903
100.8046,-7.8515,21.8493,1.2908,1.2916
100.8546,-7.8080,21.8246,1.2913,1.2948
100.9047,-7.7643,21.8003,1.2918,1.2948
100.9547,-7.7202,21.7766,1.2918,1.2956
101.0047,-7.6759,21.7535,1.2919,1.2956
101.0547,-7.6313,21.7308,1.2921,1.2941
101.1047,-7.5865,21.7087,1.2919,1.2941
101.1547,-7.5414,21.6870,1.2916,1.2941
101.2047,-7.4961,21.6659,1.2914,1.2941
101.2547,-7.4505,21.6453,1.2914,1.2936
101.3047,-7.4047,21.6254,1.2901,1.2936
101.3547,-7.3585,21.6063,1.2901,1.2917
101.4047,-7.3119,21.5880,1.2901,1.2917
101.4547,-7.2652,21.5703,1.2901,1.2911
101.5047,-7.2182,21.5530,1.2901,1.2910
101.5547,-7.1712,21.5362,1.2901,1.2911
101.6047,-7.1240,21.5196,1.2901,1.2911
101.6547,-7.0767,21.5035,1.2892,1.2979
101.7047,-7.0291,21.4880,1.2879,1.2979
101.7547,-6.9813,21.4735,1.2866,1.2979
101.8047,-6.9331,21.4601,1.2866,1.2959
101.8547,-6.8847,21.4476,1.2866,1.2938
101.9047,-6.8361,21.4358,1.2866,1.2938
101.9547,-6.7873,21.4247,1.2888,1.2938
102.0047,-6.7384,21.4142,1.2897,1.2959
102.0547,-6.6894,21.4048,1.2897,1.2965
102.1047,-6.6400,21.3965,1.2929,1.2968
102.1547,-6.5905,21.3895,1.2929,1.2968
102.2047,-6.5408,21.3840,1.2929,1.2968
102.2547,-6.4910,21.3798,1.2929,1.2965
102.3047,-6.4411,21.3766,1.2935,1.2943
102.3547,-6.3912,21.3741,1.2942,1.2943
102.4047,-6.3412,21.3721,1.2944,1.2943
102.4547,-6.2912,21.3706,1.2944,1.2968
102.5047,-6.2412,21.3695,1.2944,1.2971
102.5547,-6.1913,21.3691,1.2944,1.2982
102.6047,-6.1412,21.3694,1.2944,1.2982
102.6547,-6.0913,21.3705,1.2944,1.2982
102.7047,-6.0413,21.3721,1.2944,1.2971
102.7547,-5.9913,21.3742,1.2941,1.2968
102.8047,-5.9414,21.3767,1.2923,1.2968
102.8547,-5.8915,21.3796,1.2904,1.2968
102.9047,-5.8416,21.3830,1.2904,1.2971
102.9547,-5.7918,21.3873,1.2884,1.2971
103.0047,-5.7420,21.3926,1.2884,1.2971
103.0547,-5.6924,21.3988,1.2904,1.2966
103.1047,-5.6430,21.4060,1.2884,1.2954
103.1547,-5.5936,21.4139,1.2904,1.2943
103.2047,-5.5443,21.4224,1.2904,1.2931
103.2547,-5.4951,21.4313,1.2884,1.2931
103.3047,-5.4460,21.4408,1.2884,1.2931
103.3547,-5.3970,21.4507,1.2919,1.2944
103.4047,-5.3481,21.4613,1.2924,1.2966
103.4547,-5.2994,21.4726,1.2955,1.2966
103.5047,-5.2509,21.4847,1.2955,1.2966
103.5547,-5.2026,21.4974,1.2955,1.2945
103.6047,-5.1543,21.5106,1.2924,1.2922
103.6547,-5.1062,21.5241,1.2924,1.2922
103.7047,-5.0581,21.5378,1.2922,1.2922
103.7547,-5.0101,21.5518,1.2919,1.2922
103.8047,-4.9622,21.5661,1.2919,1.2931
103.8547,-4.9144,21.5809,1.2919,1.2931
103.9047,-4.8667,21.5960,1.2919,1.2927
103.9547,-4.8192,21.6115,1.2919,1.2922
104.0047,-4.7718,21.6273,1.2901,1.2922
104.0547,-4.7244,21.6434,1.2901,1.2922
104.1047,-4.6772,21.6599,1.2901,1.2922
104.1547,-4.6302,21.6768,1.2901,1.2922
104.2047,-4.5833,21.6941,1.2919,1.2933
104.2547,-4.5366,21.7120,1.2929,1.2934
104.3047,-4.4901,21.7304,1.2929,1.2991
104.3547,-4.4439,21.7495,1.2968,1.3002
104.4047,-4.3979,21.7692,1.2968,1.3002
104.4547,-4.3521,21.7892,1.2985,1.3002
104.5047,-4.3064,21.8095,1.2968,1.3002
104.5547,-4.2607,21.8298,1.2968,1.2997
104.6048,-4.2150,21.8502,1.2968,1.2997
104.6548,-4.1695,21.8708,1.2976,1.2997
104.7048,-4.1241,21.8919,1.2968,1.2997
104.7548,-4.0790,21.9133,1.2976,1.2997
104.8048,-4.0340,21.9353,1.2976,1.2997
104.8548,-3.9893,21.9576,1.2976,1.2997
104.9048,-3.9447,21.9802,1.2976,1.2997
104.9548,-3.9003,22.0032,1.2976,1.2997
105.0048,-3.8560,22.0265,1.2976,1.2997
105.0548,-3.8120,22.0503,1.2976,1.2997
105.1048,-3.7683,22.0745,1.2931,1.2992
105.1548,-3.7249,22.0993,1.2978,1.2997
105.2048,-3.6818,22.1247,1.2978,1.2997
105.2548,-3.6391,22.1506,1.2978,1.2997
105.3048,-3.5965,22.1769,1.2978,1.2992
105.3548,-3.5542,22.2035,1.2978,1.2984
105.4048,-3.5120,22.2303,1.2978,1.2963
105.4548,-3.4698,22.2572,1.2978,1.2961
105.5048,-3.4278,22.2844,1.2978,1.2961
105.5548,-3.3861,22.3119,1.2899,1.2961
105.6048,-3.3448,22.3401,1.2899,1.2961
105.6548,-3.3041,22.3691,1.2898,1.2961
105.7048,-3.2639,22.3988,1.2898,1.2961
105.7548,-3.2242,22.4293,1.2896,1.2960
105.8048,-3.1849,22.4602,1.2896,1.2924
105.8548,-3.1461,22.4917,1.2896,1.2924
105.9048,-3.1077,22.5237,1.2896,1.2924
105.9548,-3.0697,22.5562,1.2890,1.2924
106.0048,-3.0322,22.5893,1.2890,1.2924
106.0548,-2.9954,22.6231,1.2890,1.2957
106.1048,-2.9592,22.6576,1.2884,1.2957
106.1548,-2.9238,22.6929,1.2884,1.2957
106.2048,-2.8891,22.7289,1.2884,1.2929
106.2548,-2.8551,22.7656,1.2884,1.2929
106.3048,-2.8217,22.8028,1.2890,1.2929
106.3548,-2.7891,22.8408,1.2890,1.2945
106.4048,-2.7574,22.8794,1.2914,1.2945
106.4548,-2.7266,22.9188,1.2919,1.2957
106.5048,-2.6969,22.9590,1.2919,1.2957
106.5548,-2.6681,22.9999,1.2931,1.2959
106.6048,-2.6401,23.0413,1.2931,1.2959
106.6548,-2.6126,23.0830,1.2931,1.2947
106.7048,-2.5853,23.1249,1.2928,1.2947
106.7548,-2.5582,23.1670,1.2928,1.2947
106.8048,-2.5315,23.2092,1.2926,1.2947
106.8548,-2.5051,23.2517,1.2926,1.2961
106.9048,-2.4792,23.2945,1.2926,1.2961
106.9548,-2.4536,23.3374,1.2926,1.2945
107.0048,-2.4283,23.3806,1.2926,1.2961
107.0548,-2.4035,23.4240,1.2926,1.2944
107.1048,-2.3790,23.4676,1.2926,1.2944
107.1548,-2.3550,23.5114,1.2896,1.2961
107.2048,-2.3317,23.5557,1.2919,1.2961
107.2548,-2.3091,23.6003,1.2919,1.2934
107.3048,-2.2873,23.6453,1.2919,1.2934
107.3548,-2.2662,23.6906,1.2924,1.2923
107.4048,-2.2457,23.7362,1.2927,1.2923
107.4548,-2.2256,23.7820,1.2927,1.2923
107.5048,-2.2058,23.8279,1.2927,1.2934
107.5548,-2.1863,23.8740,1.2927,1.2934
107.6048,-2.1670,23.9201,1.2919,1.2934
107.6548,-2.1479,23.9663,1.2919,1.2923
107.7048,-2.1292,24.0127,1.2919,1.2923
107.7548,-2.1110,24.0592,1.2919,1.2912
107.8048,-2.0931,24.1059,1.2924,1.2912
107.8548,-2.0756,24.1528,1.2928,1.2912
107.9048,-2.0585,24.1997,1.2928,1.2913
107.9549,-2.0416,24.2468,1.2931,1.2926
108.0049,-2.0252,24.2941,1.2928,1.2926
108.0549,-2.0092,24.3414,1.2887,1.2942
108.1049,-1.9938,24.3890,1.2887,1.2942
108.1549,-1.9789,24.4367,1.2887,1.2942
108.2049,-1.9646,24.4846,1.2887,1.2942
108.2549,-1.9505,24.5326,1.2944,1.2942
108.3049,-1.9365,24.5806,1.2963,1.2917
108.3549,-1.9224,24.6286,1.2963,1.2917
108.4049,-1.9082,24.6765,1.2963,1.2908
108.4549,-1.8940,24.7245,1.2860,1.2907
108.5049,-1.8801,24.7725,1.2860,1.2907
108.5549,-1.8669,24.8207,1.2860,1.2907
108.6049,-1.8543,24.8691,1.2860,1.2907
108.6549,-1.8424,24.9177,1.2873,1.2907
108.7049,-1.8310,24.9664,1.2913,1.2907
108.7549,-1.8198,25.0151,1.2949,1.2907
108.8049,-1.8086,25.0638,1.2949,1.2907
108.8549,-1.7974,25.1126,1.2949,1.2907
108.9049,-1.7862,25.1613,1.2921,1.2907
108.9549,-1.7752,25.2101,1.2870,1.2908
109.0049,-1.7647,25.2590,1.2870,1.2910
109.0549,-1.7547,25.3080,1.2870,1.2968
109.1049,-1.7457,25.3571,1.2921,1.2968
109.1549,-1.7375,25.4065,1.2929,1.2968
109.2049,-1.7302,25.4559,1.2929,1.2974
109.2549,-1.7237,25.5055,1.2937,1.2974
109.3049,-1.7178,25.5552,1.2945,1.2971
109.3549,-1.7125,25.6049,1.2945,1.2971
109.4049,-1.7076,25.6546,1.2945,1.2971
109.4549,-1.7031,25.7044,1.2945,1.2971
109.5049,-1.6990,25.7543,1.2945,1.2968
109.5549,-1.6952,25.8041,1.2945,1.2968
109.6049,-1.6917,25.8540,1.2945,1.2965
109.6549,-1.6886,25.9039,1.2945,1.2918
109.7049,-1.6856,25.9538,1.2942,1.2867
109.7549,-1.6826,26.0037,1.2926,1.2822
109.8049,-1.6795,26.0537,1.2926,1.2816
109.8549,-1.6763,26.1036,1.2888,1.2810
109.9049,-1.6733,26.1535,1.2803,1.2794
109.9549,-1.6710,26.2034,1.2677,1.2787
110.0049,-1.6698,26.2534,1.2677,1.2785
110.0549,-1.6700,26.3034,1.2677,1.2785
110.1049,-1.6716,26.3534,1.2772,1.2787
110.1549,-1.6743,26.4033,1.2803,1.2796
110.2049,-1.6776,26.4532,1.2887,1.2816
110.2549,-1.6812,26.5031,1.2887,1.2822
110.3049,-1.6848,26.5529,1.2904,1.2828
110.3549,-1.6882,26.6028,1.2905,1.2874
110.4049,-1.6915,26.6527,1.2906,1.2911
110.4549,-1.6947,26.7026,1.2906,1.2980
110.5049,-1.6982,26.7525,1.2953,1.2985
110.5549,-1.7019,26.8024,1.2953,1.2992
110.6049,-1.7059,26.8522,1.2953,1.3001
110.6549,-1.7105,26.9020,1.2953,1.3018
110.7049,-1.7158,26.9517,1.2961,1.3035
110.7549,-1.7220,27.0013,1.2970,1.3035
110.8049,-1.7294,27.0508,1.2974,1.3035
110.8549,-1.7381,27.1000,1.2974,1.3035
110.9049,-1.7479,27.1490,1.2974,1.3035
110.9549,-1.7588,27.1978,1.2974,1.3016
111.0049,-1.7705,27.2465,1.2962,1.3012
111.0550,-1.7828,27.2949,1.2962,1.2985
111.1050,-1.7957,27.3432,1.2962,1.2985
111.1550,-1.8090,27.3914,1.2962,1.2974
111.2050,-1.8228,27.4395,1.2962,1.2965
111.2550,-1.8368,27.4875,1.2962,1.2965
111.3050,-1.8512,27.5354,1.2987,1.2965
111.3550,-1.8657,27.5832,1.2987,1.2965
111.4050,-1.8804,27.6310,1.2987,1.2957
111.4550,-1.8952,27.6788,1.2978,1.2965
111.5050,-1.9102,27.7265,1.2945,1.2965
111.5550,-1.9258,27.7740,1.2945,1.2965
111.6050,-1.9420,27.8213,1.2932,1.2965
111.6550,-1.9590,27.8683,1.2932,1.2973
111.7050,-1.9768,27.9150,1.2932,1.2973
111.7550,-1.9952,27.9615,1.2932,1.2965
111.8050,-2.0141,28.0078,1.2932,1.2941
111.8550,-2.0333,28.0540,1.2932,1.2941
111.9050,-2.0527,28.1001,1.2915,1.2941
111.9550,-2.0723,28.1461,1.2898,1.2947
112.0050,-2.0923,28.1919,1.2898,1.2962
112.0550,-2.1128,28.2375,1.2915,1.2986
112.1050,-2.1338,28.2829,1.2915,1.2986
112.1550,-2.1553,28.3280,1.2962,1.2986
112.2050,-2.1769,28.3731,1.2993,1.2986
112.2550,-2.1985,28.4182,1.3007,1.2976
112.3050,-2.2199,28.4634,1.3007,1.2976
112.3550,-2.2412,28.5087,1.3007,1.2976
112.4050,-2.2624,28.5540,1.3007,1.2976
112.4550,-2.2836,28.5992,1.3022,1.3018
112.5050,-2.3051,28.6444,1.3022,1.3042
112.5550,-2.3267,28.6895,1.3026,1.3053
112.6050,-2.3486,28.7344,1.3026,1.3053
112.6550,-2.3708,28.7792,1.3026,1.3053
112.7050,-2.3932,28.8239,1.3024,1.3053
112.7550,-2.4159,28.8685,1.3024,1.3053
112.8050,-2.4388,28.9129,1.3022,1.3029
112.8550,-2.4619,28.9573,1.3022,1.3029
112.9050,-2.4853,29.0015,1.3022,1.3015
112.9550,-2.5089,29.0456,1.3034,1.3009
113.0050,-2.5326,29.0896,1.3034,1.3002
113.0550,-2.5563,29.1336,1.3034,1.2998
113.1050,-2.5802,29.1776,1.3034,1.2998
113.1550,-2.6040,29.2215,1.3019,1.2998
113.2050,-2.6279,29.2654,1.2960,1.2922
113.2550,-2.6517,29.3094,1.2957,1.2920
113.3051,-2.6754,29.3534,1.2939,1.2920
113.3551,-2.6988,29.3976,1.2914,1.2864
113.4051,-2.7219,29.4420,1.2914,1.2864
113.4551,-2.7448,29.4864,1.2914,1.2864
113.5051,-2.7675,29.5310,1.2914,1.2884
113.5551,-2.7900,29.5756,1.2914,1.2888
113.6051,-2.8122,29.6204,1.2914,1.2888
113.6551,-2.8341,29.6654,1.2914,1.2888
113.7051,-2.8558,29.7104,1.2914,1.2888
113.7551,-2.8775,29.7555,1.2913,1.2901
113.8051,-2.8993,29.8005,1.2904,1.2915
113.8551,-2.9214,29.8453,1.2880,1.2915
113.9051,-2.9438,29.8900,1.2880,1.2915
113.9551,-2.9666,29.9346,1.2904,1.2917
114.0051,-2.9896,29.9789,1.2927,1.2981
114.0551,-3.0130,30.0231,1.2934,1.3025
114.1051,-3.0368,30.0671,1.2950,1.3026
114.1551,-3.0608,30.1110,1.2960,1.3026
114.2051,-3.0852,30.1546,1.2960,1.3026
114.2551,-3.1099,30.1981,1.2960,1.3025
114.3051,-3.1349,30.2414,1.2961,1.2971
114.3551,-3.1599,30.2847,1.2971,1.2917
114.4051,-3.1847,30.3281,1.2971,1.2917
114.4551,-3.2093,30.3716,1.2984,1.2917
114.5051,-3.2336,30.4153,1.2987,1.2917
114.5551,-3.2576,30.4592,1.2987,1.2909
114.6051,-3.2813,30.5033,1.2987,1.2908
114.6551,-3.3046,30.5475,1.2984,1.2900
114.7051,-3.3275,30.5920,1.2967,1.2896
114.7551,-3.3499,30.6366,1.2940,1.2867
114.8051,-3.3720,30.6815,1.2940,1.2867
114.8551,-3.3939,30.7264,1.2901,1.2867
114.9051,-3.4158,30.7714,1.2901,1.2917
114.9551,-3.4381,30.8161,1.2901,1.2928
115.0051,-3.4610,30.8606,1.2901,1.2938
115.0551,-3.4844,30.9048,1.2929,1.2938
115.1051,-3.5083,30.9487,1.2929,1.2938
115.1551,-3.5325,30.9925,1.2937,1.2928
115.2051,-3.5569,31.0361,1.2937,1.2928
115.2551,-3.5814,31.0797,1.2955,1.2917
115.3051,-3.6059,31.1233,1.2955,1.2917
115.3551,-3.6304,31.1669,1.2957,1.2928
115.4051,-3.6548,31.2105,1.2955,1.2928
115.4551,-3.6793,31.2541,1.2957,1.2928
115.5052,-3.7038,31.2977,1.2957,1.2928
115.5552,-3.7282,31.3413,1.2966,1.2920
115.6052,-3.7525,31.3851,1.2957,1.2896
115.6552,-3.7764,31.4290,1.2957,1.2891
115.7052,-3.7998,31.4732,1.2948,1.2895
115.7552,-3.8226,31.5176,1.2921,1.2895
115.8052,-3.8450,31.5623,1.2910,1.2895
115.8552,-3.8672,31.6072,1.2910,1.2895
115.9052,-3.8893,31.6520,1.2896,1.2920
115.9552,-3.9115,31.6968,1.2896,1.2920
116.0052,-3.9340,31.7415,1.2896,1.2945
116.0552,-3.9568,31.7860,1.2896,1.2963
116.1052,-3.9800,31.8303,1.2912,1.2963
116.1552,-4.0036,31.8744,1.2912,1.2963
116.2052,-4.0274,31.9183,1.2912,1.2958
116.2552,-4.0516,31.9621,1.2947,1.2958
116.3052,-4.0760,32.0057,1.2947,1.2958
116.3552,-4.1008,32.0492,1.2947,1.2958
116.4052,-4.1256,32.0926,1.2947,1.2952
116.4552,-4.1505,32.1359,1.2967,1.2952
116.5052,-4.1751,32.1794,1.2979,1.2945
116.5552,-4.1995,32.2231,1.2979,1.2933
116.6052,-4.2235,32.2670,1.2967,1.2930
116.6552,-4.2471,32.3111,1.2947,1.2930
116.7052,-4.2704,32.3553,1.2947,1.2930
116.7552,-4.2935,32.3996,1.2905,1.2887
116.8052,-4.3164,32.4441,1.2905,1.2887
116.8552,-4.3392,32.4886,1.2905,1.2881
116.9052,-4.3617,32.5332,1.2914,1.2881
116.9552,-4.3841,32.5779,1.2914,1.2881
117.0052,-4.4065,32.6227,1.2914,1.2881
117.0552,-4.4289,32.6674,1.2914,1.2880
117.1052,-4.4514,32.7120,1.2914,1.2880
117.1552,-4.4739,32.7567,1.2900,1.2880
117.2052,-4.4965,32.8013,1.2900,1.2880
117.2552,-4.5191,32.8459,1.2900,1.2920
117.3052,-4.5417,32.8905,1.2914,1.2942
117.3552,-4.5644,32.9350,1.2914,1.2963
117.4052,-4.5874,32.9794,1.2936,1.2963
117.4552,-4.6110,33.0235,1.2954,1.2963
117.5052,-4.6349,33.0674,1.2954,1.2984
117.5552,-4.6593,33.1111,1.2958,1.2989
117.6052,-4.6840,33.1545,1.2995,1.2989
117.6552,-4.7088,33.1980,1.2995,1.2989
117.7053,-4.7336,33.2414,1.3005,1.2989
117.7553,-4.7582,33.2849,1.3005,1.2985
117.8053,-4.7826,33.3286,1.3005,1.2981
117.8553,-4.8067,33.3724,1.2999,1.2981
117.9053,-4.8305,33.4163,1.2978,1.2981
117.9553,-4.8541,33.4604,1.2956,1.2981
118.0053,-4.8776,33.5046,1.2956,1.2969
118.0553,-4.9010,33.5488,1.2948,1.2944
118.1053,-4.9243,33.5930,1.2941,1.2931
118.1553,-4.9473,33.6374,1.2908,1.2871
118.2053,-4.9699,33.6820,1.2908,1.2871
118.2553,-4.9921,33.7268,1.2908,1.2871
118.3053,-5.0141,33.7717,1.2908,1.2897
118.3553,-5.0361,33.8166,1.2908,1.2909
118.4053,-5.0582,33.8615,1.2889,1.2909
118.4553,-5.0805,33.9062,1.2900,1.2909
118.5053,-5.1030,33.9509,1.2900,1.2909
118.5553,-5.1256,33.9955,1.2886,1.2894
118.6053,-5.1482,34.0401,1.2879,1.2894
118.6553,-5.1709,34.0846,1.2871,1.2894
118.7053,-5.1938,34.1291,1.2871,1.2900
118.7553,-5.2169,34.1734,1.2871,1.2904
118.8053,-5.2404,34.2176,1.2886,1.2904
118.8553,-5.2641,34.2616,1.2900,1.2913
118.9053,-5.2881,34.3054,1.2900,1.2914
118.9553,-5.3124,34.3492,1.2915,1.2914
119.0053,-5.3366,34.3929,1.2915,1.2914
119.0553,-5.3609,34.4366,1.2930,1.2914
119.1053,-5.3850,34.4804,1.2946,1.2914
119.1553,-5.4090,34.5243,1.2946,1.2936
119.2053,-5.4329,34.5682,1.2946,1.2959
119.2553,-5.4568,34.6121,1.2960,1.2989
119.3053,-5.4806,34.6561,1.2960,1.2989
119.3553,-5.5043,34.7002,1.2960,1.2959
119.4053,-5.5277,34.7443,1.2953,1.2931
119.4553,-5.5508,34.7887,1.2946,1.2931
119.5053,-5.5737,34.8331,1.2922,1.2922
119.5553,-5.5965,34.8776,1.2922,1.2922
119.6053,-5.6192,34.9222,1.2899,1.2918
119.6553,-5.6419,34.9667,1.2899,1.2918
119.7053,-5.6647,35.0112,1.2924,1.2906
119.7553,-5.6876,35.0557,1.2924,1.2889
119.8054,-5.7105,35.1001,1.2899,1.2906
119.8554,-5.7334,35.1446,1.2899,1.2906
119.9054,-5.7562,35.1891,1.2878,1.2889
119.9554,-5.7790,35.2336,1.2857,1.2889
120.0054,-5.8018,35.2781,1.2857,1.2888
120.0554,-5.8248,35.3225,1.2857,1.2888
120.1054,-5.8478,35.3669,1.2905,1.2889
120.1554,-5.8709,35.4112,1.2917,1.2909
120.2054,-5.8941,35.4556,1.2917,1.2920
120.2554,-5.9172,35.4999,1.2937,1.2920
120.3054,-5.9404,35.5442,1.2937,1.2920
120.3554,-5.9635,35.5885,1.2937,1.2946
120.4054,-5.9867,35.6328,1.2937,1.2946
120.4554,-6.0100,35.6771,1.2944,1.2946
120.5054,-6.0333,35.7213,1.2946,1.2946
120.5554,-6.0566,35.7656,1.2989,1.2961
120.6054,-6.0798,35.8099,1.3032,1.2967
120.6554,-6.1028,35.8543,1.3038,1.2974
120.7054,-6.1256,35.8987,1.3038,1.3007
120.7554,-6.1483,35.9433,1.3044,1.3040
120.8054,-6.1709,35.9879,1.3044,1.3040
120.8554,-6.1934,36.0325,1.3038,1.3041
120.9054,-6.2159,36.0772,1.3038,1.3041
120.9554,-6.2384,36.1218,1.3038,1.3041
121.0054,-6.2609,36.1665,1.3032,1.3023
121.0554,-6.2833,36.2112,1.3032,1.3007
121.1054,-6.3055,36.2560,1.3021,1.3006
121.1554,-6.3276,36.3009,1.2998,1.3006
121.2054,-6.3493,36.3459,1.2998,1.2990
121.2554,-6.3708,36.3911,1.2976,1.2987
121.3054,-6.3920,36.4364,1.2976,1.2958
121.3554,-6.4129,36.4818,1.2976,1.2947
121.4054,-6.4335,36.5273,1.2955,1.2928
121.4554,-6.4537,36.5731,1.2955,1.2928
121.5054,-6.4736,36.6190,1.2904,1.2915
121.5554,-6.4932,36.6649,1.2904,1.2915
121.6054,-6.5129,36.7109,1.2904,1.2915
121.6554,-6.5326,36.7569,1.2904,1.2902
121.7054,-6.5523,36.8028,1.2940,1.2902
121.7554,-6.5716,36.8489,1.2966,1.2915
121.8054,-6.5906,36.8952,1.2982,1.2928
121.8554,-6.6089,36.9417,1.2982,1.2935
121.9055,-6.6266,36.9885,1.2982,1.2935
121.9555,-6.6434,37.0356,1.2987,1.2942
122.0055,-6.6595,37.0829,1.2987,1.2946
122.0555,-6.6751,37.1305,1.3019,1.2998
122.1055,-6.6901,37.1781,1.3019,1.2998
122.1555,-6.7050,37.2259,1.3019,1.2998
122.2055,-6.7196,37.2737,1.3019,1.2998
122.2555,-6.7340,37.3216,1.3019,1.2998
122.3055,-6.7483,37.3695,1.2987,1.2998
122.3555,-6.7624,37.4175,1.2960,1.2998
122.4055,-6.7764,37.4655,1.2960,1.2952
122.4555,-6.7900,37.5136,1.2960,1.2950
122.5055,-6.8033,37.5618,1.2960,1.2950
122.5555,-6.8160,37.6101,1.2959,1.2950
122.6055,-6.8282,37.6586,1.2959,1.2950
122.6555,-6.8399,37.7073,1.2958,1.2950
122.7055,-6.8510,37.7560,1.2957,1.2942
122.7555,-6.8615,37.8049,1.2957,1.2922
122.8055,-6.8712,37.8539,1.2957,1.2922
122.8555,-6.8800,37.9032,1.2957,1.2912
122.9055,-6.8878,37.9526,1.2957,1.2911
122.9555,-6.8946,38.0021,1.2958,1.2912
123.0055,-6.9004,38.0518,1.2958,1.2918
123.0555,-6.9055,38.1015,1.2958,1.2918
123.1055,-6.9098,38.1513,1.2958,1.2929
123.1555,-6.9136,38.2012,1.2958,1.2929
123.2055,-6.9170,38.2511,1.2958,1.2934
123.2555,-6.9199,38.3010,1.2960,1.2935
123.3055,-6.9222,38.3509,1.2964,1.2935
123.3555,-6.9237,38.4009,1.2973,1.2948
123.4055,-6.9244,38.4509,1.2973,1.2935
123.4555,-6.9244,38.5009,1.2973,1.2935
123.5055,-6.9237,38.5509,1.2964,1.2948
123.5555,-6.9224,38.6009,1.2961,1.2948
123.6055,-6.9207,38.6509,1.2961,1.2948
123.6555,-6.9186,38.7008,1.2961,1.2948
123.7055,-6.9160,38.7507,1.2964,1.2935
123.7555,-6.9127,38.8006,1.2973,1.2919
123.8055,-6.9084,38.8505,1.2975,1.2903
123.8555,-6.9028,38.9001,1.2977,1.2894
123.9055,-6.8956,38.9496,1.2977,1.2894
123.9555,-6.8869,38.9989,1.2986,1.2885
124.0055,-6.8767,39.0478,1.2977,1.2878
124.0555,-6.8650,39.0964,1.2977,1.2885
124.1055,-6.8520,39.1447,1.2951,1.2885
124.1555,-6.8379,39.1927,1.2951,1.2948
124.2055,-6.8229,39.2404,1.2951,1.2948
124.2555,-6.8074,39.2879,1.2989,1.2948
124.3055,-6.7915,39.3353,1.2993,1.2915
124.3555,-6.7753,39.3826,1.2993,1.2915
124.4055,-6.7587,39.4298,1.2993,1.2915
124.4555,-6.7418,39.4768,1.2989,1.2982
124.5055,-6.7245,39.5238,1.2985,1.2984
124.5555,-6.7070,39.5706,1.2985,1.2984
124.6055,-6.6893,39.6174,1.2985,1.2984
124.6555,-6.6714,39.6641,1.2985,1.2984
124.7055,-6.6535,39.7107,1.2985,1.2984
124.7555,-6.6356,39.7574,1.2981,1.2984
124.8055,-6.6176,39.8041,1.2981,1.2984
124.8555,-6.5996,39.8507,1.2985,1.3000
124.9055,-6.5813,39.8973,1.2981,1.3000
124.9555,-6.5628,39.9437,1.2981,1.2962
125.0055,-6.5440,39.9900,1.2978,1.2948
125.0555,-6.5249,40.0363,1.2940,1.2948
125.1056,-6.5057,40.0824,1.2939,1.2948
125.1556,-6.4862,40.1285,1.2939,1.2924
125.2056,-6.4665,40.1744,1.2939,1.2924
125.2556,-6.4465,40.2203,1.2939,1.2936
125.3056,-6.4261,40.2659,1.2939,1.2936
125.3556,-6.4053,40.3114,1.2968,1.2948
125.4056,-6.3841,40.3566,1.2968,1.2974
125.4556,-6.3625,40.4018,1.2996,1.2988
125.5056,-6.3408,40.4468,1.2996,1.2999
125.5556,-6.3191,40.4918,1.2996,1.2999
125.6056,-6.2973,40.5369,1.2996,1.2999
125.6556,-6.2756,40.5819,1.2996,1.2999
125.7056,-6.2539,40.6270,1.3005,1.3043
125.7556,-6.2323,40.6721,1.3009,1.3043
125.8056,-6.2108,40.7172,1.3009,1.3043
125.8556,-6.1894,40.7624,1.3009,1.3029
125.9056,-6.1680,40.8076,1.3009,1.3021
125.9556,-6.1466,40.8528,1.3009,1.3021
126.0056,-6.1253,40.8980,1.3005,1.2964
126.0556,-6.1040,40.9432,1.2969,1.2948
126.1056,-6.0827,40.9885,1.2969,1.2942
126.1556,-6.0615,41.0338,1.2965,1.2942
126.2056,-6.0404,41.0791,1.2918,1.2933
126.2556,-6.0193,41.1244,1.2918,1.2915
126.3056,-5.9981,41.1697,1.2907,1.2915
126.3556,-5.9767,41.2149,1.2918,1.2898
126.4056,-5.9550,41.2600,1.2907,1.2898
126.4556,-5.9331,41.3049,1.2898,1.2893
126.5056,-5.9109,41.3497,1.2898,1.2889
126.5556,-5.8886,41.3945,1.2883,1.2889
126.6056,-5.8663,41.4392,1.2867,1.2893
126.6556,-5.8441,41.4840,1.2867,1.2889
126.7056,-5.8220,41.5289,1.2867,1.2889
126.7556,-5.8000,41.5738,1.2867,1.2899
126.8056,-5.7778,41.6186,1.2907,1.2899
126.8556,-5.7553,41.6632,1.2942,1.2901
126.9056,-5.7324,41.7077,1.2942,1.2910
126.9556,-5.7090,41.7519,1.2942,1.2929
127.0056,-5.6853,41.7959,1.2942,1.2929
127.0556,-5.6614,41.8398,1.2938,1.2940
127.1056,-5.6374,41.8837,1.2938,1.2936
127.1556,-5.6133,41.9275,1.2938,1.2940
127.2057,-5.5892,41.9713,1.2938,1.2940
127.2557,-5.5651,42.0151,1.2994,1.2940
127.3057,-5.5408,42.0588,1.2994,1.2940
127.3557,-5.5165,42.1025,1.2994,1.2953
127.4057,-5.4921,42.1461,1.2968,1.2972
127.4557,-5.4676,42.1898,1.2951,1.2966
127.5057,-5.4434,42.2335,1.2951,1.2966
127.5557,-5.4192,42.2773,1.2930,1.2953
127.6057,-5.3954,42.3212,1.2930,1.2936
127.6557,-5.3718,42.3653,1.2930,1.2932
127.7057,-5.3484,42.4095,1.2930,1.2932
127.7557,-5.3253,42.4539,1.2930,1.2932
127.8057,-5.3024,42.4983,1.2911,1.2932
127.8557,-5.2797,42.5429,1.2911,1.2932
127.9057,-5.2572,42.5875,1.2901,1.2910
127.9557,-5.2348,42.6322,1.2901,1.2936
128.0057,-5.2125,42.6770,1.2895,1.2936
128.0557,-5.1902,42.7217,1.2895,1.2910
128.1057,-5.1679,42.7665,1.2895,1.2910
128.1557,-5.1457,42.8113,1.2911,1.2885
128.2057,-5.1235,42.8561,1.2911,1.2885
128.2557,-5.1012,42.9009,1.2911,1.2885
128.3057,-5.0789,42.9456,1.2911,1.2898
128.3557,-5.0565,42.9903,1.2911,1.2898
128.4057,-5.0341,43.0350,1.2901,1.2903
128.4557,-5.0117,43.0797,1.2891,1.2903
128.5057,-4.9893,43.1244,1.2879,1.2885
128.5557,-4.9669,43.1692,1.2879,1.2874
128.6057,-4.9446,43.2139,1.2862,1.2874
128.6557,-4.9223,43.2586,1.2862,1.2874
128.7057,-4.9000,43.3034,1.2885,1.2874
128.7557,-4.8776,43.3481,1.2891,1.2885
128.8057,-4.8551,43.3928,1.2891,1.2903
128.8557,-4.8322,43.4372,1.2891,1.2903
128.9057,-4.8090,43.4815,1.2891,1.2907
128.9557,-4.7853,43.5255,1.2891,1.2907
129.0057,-4.7614,43.5694,1.2927,1.2940
129.0557,-4.7371,43.6132,1.2963,1.2942
129.1057,-4.7127,43.6568,1.2966,1.2942
129.1557,-4.6881,43.7003,1.2966,1.2977
129.2057,-4.6635,43.7438,1.2966,1.2986
129.2557,-4.6391,43.7875,1.2966,1.2986
129.3058,-4.6150,43.8313,1.2970,1.2986
129.3558,-4.5911,43.8752,1.2970,1.2986
129.4058,-4.5674,43.9193,1.2970,1.2979
129.4558,-4.5438,43.9633,1.2970,1.2938
129.5058,-4.5201,44.0074,1.2970,1.2922
129.5558,-4.4963,44.0514,1.2970,1.2922
129.6058,-4.4726,44.0954,1.2925,1.2922
129.6558,-4.4491,44.1395,1.2918,1.2922
129.7058,-4.4258,44.1837,1.2905,1.2938
129.7558,-4.4028,44.2282,1.2905,1.2938
129.8058,-4.3802,44.2728,1.2918,1.2938
129.8558,-4.3578,44.3175,1.2918,1.2924
129.9058,-4.3356,44.3623,1.2912,1.2905
129.9558,-4.3133,44.4070,1.2926,1.2905
130.0058,-4.2910,44.4518,1.2912,1.2905
130.0558,-4.2686,44.4965,1.2896,1.2905
130.1058,-4.2463,44.5412,1.2912,1.2924
130.1558,-4.2240,44.5860,1.2890,1.2924
130.2058,-4.2018,44.6308,1.2890,1.2924
130.2558,-4.1798,44.6757,1.2915,1.2924
130.3058,-4.1578,44.7206,1.2915,1.2923
130.3558,-4.1358,44.7655,1.2934,1.2907
130.4058,-4.1138,44.8104,1.2934,1.2908
130.4558,-4.0918,44.8553,1.2898,1.2907
130.5058,-4.0697,44.9001,1.2898,1.2889
130.5558,-4.0474,44.9449,1.2916,1.2885
130.6058,-4.0249,44.9896,1.2916,1.2885
130.6558,-4.0020,45.0340,1.2916,1.2885
130.7058,-3.9786,45.0782,1.2916,1.2913
130.7558,-3.9550,45.1223,1.2936,1.2913
130.8058,-3.9311,45.1662,1.2936,1.2940
130.8558,-3.9073,45.2102,1.2936,1.2945
130.9058,-3.8838,45.2543,1.2941,1.2954
130.9558,-3.8604,45.2985,1.2941,1.2954
131.0058,-3.8371,45.3427,1.2974,1.2964
131.0558,-3.8137,45.3869,1.3009,1.2969
131.1058,-3.7901,45.4310,1.3009,1.2969
131.1558,-3.7663,45.4750,1.2987,1.2985
131.2058,-3.7424,45.5189,1.2983,1.2991
131.2558,-3.7185,45.5629,1.2983,1.2991
131.3058,-3.6948,45.6069,1.2978,1.2991
131.3559,-3.6712,45.6509,1.2974,1.2975
131.4059,-3.6476,45.6950,1.2946,1.2975
131.4559,-3.6240,45.7391,1.2946,1.2975
131.5059,-3.6005,45.7832,1.2946,1.2964
131.5559,-3.5769,45.8274,1.2887,1.2941
131.6059,-3.5535,45.8715,1.2881,1.2941
131.6559,-3.5303,45.9158,1.2881,1.2941
131.7059,-3.5075,45.9603,1.2881,1.2907
131.7559,-3.4850,46.0050,1.2881,1.2886
131.8059,-3.4627,46.0497,1.2881,1.2886
131.8559,-3.4406,46.0946,1.2892,1.2862
131.9059,-3.4184,46.1394,1.2892,1.2862
131.9559,-3.3960,46.1841,1.2879,1.2862
132.0059,-3.3733,46.2286,1.2879,1.2862
132.0559,-3.3504,46.2731,1.2859,1.2854
132.1059,-3.3273,46.3175,1.2853,1.2854
132.1559,-3.3042,46.3618,1.2853,1.2854
132.2059,-3.2813,46.4062,1.2853,1.2864
132.2559,-3.2585,46.4507,1.2848,1.2854
132.3059,-3.2359,46.4954,1.2848,1.2854
132.3559,-3.2137,46.5401,1.2853,1.2876
132.4059,-3.1917,46.5851,1.2853,1.2869
132.4559,-3.1700,46.6301,1.2853,1.2869
132.5059,-3.1483,46.6752,1.2890,1.2879
132.5559,-3.1266,46.7202,1.2913,1.2879
132.6059,-3.1046,46.7651,1.2913,1.2879
132.6559,-3.0821,46.8098,1.2913,1.2888
132.7059,-3.0593,46.8543,1.2918,1.2896
132.7559,-3.0362,46.8986,1.2923,1.2903
132.8059,-3.0128,46.9428,1.2936,1.2903
132.8559,-2.9894,46.9870,1.2936,1.2938
132.9059,-2.9659,47.0311,1.2943,1.2938
132.9559,-2.9425,47.0753,1.2943,1.2938
133.0059,-2.9190,47.1194,1.2943,1.2964
133.0559,-2.8956,47.1636,1.2943,1.2991
133.1059,-2.8723,47.2079,1.2983,1.2991
133.1559,-2.8490,47.2521,1.3021,1.2993
133.2059,-2.8256,47.2963,1.3021,1.2997
133.2559,-2.8021,47.3404,1.3021,1.3018
133.3059,-2.7784,47.3845,1.3021,1.3018
133.3559,-2.7548,47.4285,1.3006,1.3018
133.4059,-2.7311,47.4726,1.3006,1.3014
133.4560,-2.7075,47.5167,1.2948,1.2997
133.5060,-2.6839,47.5607,1.2948,1.2990
133.5560,-2.6602,47.6048,1.2948,1.2990
133.6060,-2.6364,47.6488,1.2942,1.2990
133.6560,-2.6127,47.6928,1.2928,1.2977
133.7060,-2.5891,47.7369,1.2928,1.2977
133.7560,-2.5658,47.7811,1.2926,1.2977
133.8060,-2.5429,47.8255,1.2914,1.2929
133.8560,-2.5202,47.8701,1.2908,1.2881
133.9060,-2.4976,47.9147,1.2881,1.2880
133.9560,-2.4752,47.9594,1.2881,1.2856
134.0060,-2.4527,48.0040,1.2881,1.2856
134.0560,-2.4300,48.0486,1.2881,1.2877
134.1060,-2.4072,48.0931,1.2881,1.2877
134.1560,-2.3843,48.1376,1.2881,1.2877
134.2060,-2.3614,48.1820,1.2880,1.2877
134.2560,-2.3386,48.2265,1.2860,1.2877
134.3060,-2.3161,48.2712,1.2860,1.2881
134.3560,-2.2939,48.3160,1.2880,1.2872
134.4060,-2.2720,48.3609,1.2880,1.2872
134.4560,-2.2502,48.4059,1.2880,1.2881
134.5060,-2.2285,48.4510,1.2894,1.2890
134.5560,-2.2066,48.4959,1.2899,1.2890
134.6060,-2.1846,48.5408,1.2899,1.2900
134.6560,-2.1624,48.5856,1.2926,1.2900
134.7060,-2.1400,48.6303,1.2926,1.2900
134.7560,-2.1174,48.6750,1.2926,1.2900
134.8060,-2.0947,48.7195,1.2926,1.2895
134.8560,-2.0718,48.7640,1.2926,1.2895
134.9060,-2.0489,48.8084,1.2926,1.2895
134.9560,-2.0258,48.8527,1.2926,1.2933
135.0060,-2.0025,48.8970,1.2926,1.2940
135.0560,-1.9791,48.9412,1.2961,1.2940
135.1060,-1.9554,48.9852,1.2961,1.2951
135.1560,-1.9314,49.0291,1.2961,1.2955
135.2060,-1.9073,49.0729,1.2961,1.2955
135.2560,-1.8830,49.1166,1.2951,1.2951
135.3060,-1.8589,49.1604,1.2917,1.2960
135.3560,-1.8349,49.2043,1.2836,1.2966
135.4060,-1.8111,49.2482,1.2836,1.2980
135.4560,-1.7873,49.2922,1.2836,1.2980
135.5061,-1.7635,49.3362,1.2879,1.2980
135.5561,-1.7397,49.3802,1.2917,1.2980
135.6061,-1.7159,49.4242,1.2917,1.2956
135.6561,-1.6922,49.4682,1.2879,1.2955
135.7061,-1.6687,49.5123,1.2879,1.2941
135.7561,-1.6457,49.5567,1.2858,1.2941
135.8061,-1.6231,49.6013,1.2858,1.2900
135.8561,-1.6009,49.6461,1.2865,1.2858
135.9061,-1.5790,49.6910,1.2865,1.2858
135.9561,-1.5571,49.7360,1.2871,1.2858
136.0061,-1.5350,49.7809,1.2881,1.2871
136.0561,-1.5128,49.8257,1.2881,1.2871
136.1061,-1.4905,49.8704,1.2881,1.2886
136.1561,-1.4681,49.9151,1.2881,1.2886
136.2061,-1.4457,49.9598,1.2881,1.2886
136.2561,-1.4234,50.0046,1.2881,1.2886
136.3061,-1.4011,50.0494,1.2876,1.2886
136.3561,-1.3790,50.0942,1.2876,1.2886
136.4061,-1.3570,50.1391,1.2876,1.2886
136.4561,-1.3351,50.1841,1.2891,1.2886
136.5061,-1.3132,50.2290,1.2891,1.2886
136.5561,-1.2910,50.2738,1.2943,1.2890
136.6061,-1.2686,50.3185,1.2943,1.2890
136.6561,-1.2460,50.3631,1.2943,1.2890
136.7061,-1.2231,50.4075,1.2943,1.2883
136.7561,-1.2000,50.4519,1.2913,1.2883
136.8061,-1.1768,50.4962,1.2913,1.2883
136.8561,-1.1535,50.5405,1.2913,1.2894
136.9061,-1.1301,50.5846,1.2934,1.2912
136.9561,-1.1063,50.6286,1.2954,1.2912
137.0061,-1.0823,50.6725,1.2954,1.2925
137.0561,-1.0582,50.7163,1.2954,1.2956
137.1061,-1.0339,50.7600,1.2966,1.2956
137.1561,-1.0098,50.8038,1.2966,1.2961
137.2061,-0.9859,50.8477,1.2966,1.2970
137.2561,-0.9621,50.8917,1.2966,1.2970
137.3061,-0.9385,50.9358,1.2966,1.2970
137.3561,-0.9150,50.9799,1.2966,1.2970
137.4061,-0.8916,51.0241,1.2988,1.2998
137.4561,-0.8681,51.0682,1.2988,1.2998
137.5061,-0.8445,51.1123,1.2988,1.2998
137.5561,-0.8207,51.1563,1.2988,1.2998
137.6062,-0.7969,51.2003,1.2977,1.2984
137.6562,-0.7730,51.2442,1.2944,1.2984
137.7062,-0.7492,51.2882,1.2944,1.2970
137.7562,-0.7256,51.3322,1.2923,1.2949
137.8062,-0.7022,51.3764,1.2920,1.2949
137.8562,-0.6791,51.4208,1.2918,1.2929
137.9062,-0.6562,51.4652,1.2910,1.2929
137.9562,-0.6335,51.5098,1.2904,1.2929
138.0062,-0.6112,51.5545,1.2904,1.2929
138.0562,-0.5891,51.5994,1.2907,1.2926
138.1062,-0.5672,51.6444,1.2904,1.2892
138.1562,-0.5454,51.6894,1.2893,1.2877
138.2062,-0.5234,51.7342,1.2907,1.2861
138.2562,-0.5009,51.7789,1.2893,1.2861
138.3062,-0.4778,51.8233,1.2893,1.2861
138.3562,-0.4543,51.8674,1.2902,1.2861
138.4062,-0.4306,51.9114,1.2902,1.2936
138.4562,-0.4071,51.9555,1.2902,1.2943
138.5062,-0.3838,51.9998,1.2912,1.2949
138.5562,-0.3610,52.0443,1.2949,1.2953
138.6062,-0.3383,52.0888,1.2949,1.2953
138.6562,-0.3155,52.1333,1.3000,1.2953
138.7062,-0.2922,52.1776,1.3000,1.2949
138.7562,-0.2685,52.2216,1.3000,1.2949
138.8062,-0.2443,52.2654,1.2949,1.2949
138.8562,-0.2200,52.3091,1.2939,1.2949
138.9062,-0.1958,52.3528,1.2939,1.2957
138.9562,-0.1718,52.3967,1.2939,1.2957
139.0062,-0.1479,52.4406,1.2930,1.2957
139.0562,-0.1242,52.4846,1.2930,1.2945
139.1062,-0.1004,52.5286,1.2930,1.2945
139.1562,-0.0766,52.5726,1.2930,1.2933
139.2062,-0.0529,52.6166,1.2925,1.2921
139.2562,-0.0293,52.6607,1.2925,1.2920
139.3062,-0.0060,52.7049,1.2867,1.2912
139.3562,0.0171,52.7493,1.2862,1.2860
139.4062,0.0398,52.7939,1.2858,1.2860
139.4562,0.0623,52.8385,1.2853,1.2887
139.5062,0.0845,52.8833,1.2853,1.2887
139.5562,0.1066,52.9281,1.2835,1.2860
139.6062,0.1286,52.9731,1.2818,1.2849
139.6562,0.1505,53.0180,1.2818,1.2837
139.7062,0.1725,53.0629,1.2818,1.2837
139.7563,0.1945,53.1078,1.2835,1.2837
139.8063,0.2167,53.1526,1.2835,1.2849
139.8563,0.2391,53.1973,1.2853,1.2849
139.9063,0.2617,53.2419,1.2867,1.2864
139.9563,0.2845,53.2864,1.2885,1.2887
140.0063,0.3074,53.3309,1.2889,1.2887
140.0563,0.3303,53.3753,1.2891,1.2900
140.1063,0.3533,53.4197,1.2917,1.2939
140.1563,0.3764,53.4641,1.2980,1.2939
140.2063,0.3999,53.5082,1.2980,1.2940
140.2563,0.4238,53.5521,1.2995,1.2945
140.3063,0.4482,53.5958,1.2997,1.2950
140.3563,0.4731,53.6392,1.2997,1.3006
140.4063,0.4981,53.6825,1.2997,1.3062
140.4563,0.5230,53.7258,1.2997,1.3062
140.5063,0.5478,53.7692,1.2997,1.3062
140.5563,0.5725,53.8127,1.3020,1.3009
140.6063,0.5970,53.8563,1.3020,1.2964
140.6563,0.6214,53.9000,1.2997,1.2960
140.7063,0.6453,53.9439,1.2948,1.2955
140.7563,0.6688,53.9880,1.2917,1.2950
140.8063,0.6918,54.0324,1.2903,1.2920
140.8563,0.7145,54.0769,1.2903,1.2920
140.9063,0.7371,54.1216,1.2896,1.2906
140.9563,0.7595,54.1662,1.2896,1.2899
141.0063,0.7820,54.2109,1.2896,1.2899
141.0563,0.8043,54.2556,1.2896,1.2893
141.1063,0.8266,54.3004,1.2896,1.2893
141.1563,0.8489,54.3452,1.2896,1.2848
141.2063,0.8713,54.3899,1.2871,1.2848
141.2563,0.8939,54.4345,1.2871,1.2848
141.3063,0.9168,54.4789,1.2896,1.2849
141.3563,0.9399,54.5233,1.2911,1.2939
141.4063,0.9632,54.5675,1.2925,1.2959
141.4563,0.9866,54.6117,1.2957,1.2964
141.5063,1.0099,54.6559,1.2972,1.2971
141.5563,1.0333,54.7001,1.2972,1.2974
141.6063,1.0569,54.7442,1.2972,1.2974
141.6563,1.0806,54.7882,1.2995,1.2974
141.7063,1.1045,54.8322,1.2997,1.3020
141.7563,1.1284,54.8761,1.2997,1.3024
141.8063,1.1523,54.9200,1.3010,1.3028
141.8564,1.1762,54.9639,1.3021,1.3035
141.9064,1.2000,55.0079,1.3021,1.3035
141.9564,1.2238,55.0519,1.3021,1.3035
142.0064,1.2475,55.0959,1.3021,1.3035
142.0564,1.2710,55.1400,1.3021,1.2992
142.1064,1.2945,55.1842,1.2977,1.2939
142.1564,1.3178,55.2284,1.2954,1.2939
142.2064,1.3411,55.2727,1.2948,1.2911
142.2564,1.3643,55.3169,1.2885,1.2899
142.3064,1.3874,55.3613,1.2885,1.2895
142.3564,1.4102,55.4058,1.2885,1.2892
142.4064,1.4327,55.4505,1.2873,1.2892
142.4564,1.4549,55.4953,1.2885,1.2892
142.5064,1.4771,55.5401,1.2888,1.2887
142.5564,1.4992,55.5849,1.2888,1.2874
142.6064,1.5214,55.6297,1.2888,1.2861
142.6564,1.5439,55.6744,1.2888,1.2861
142.7064,1.5666,55.7189,1.2891,1.2861
142.7564,1.5897,55.7633,1.2891,1.2874
142.8064,1.6132,55.8074,1.2911,1.2874
142.8564,1.6368,55.8515,1.2938,1.2953
142.9064,1.6605,55.8956,1.2943,1.2965
142.9564,1.6840,55.9397,1.2945,1.2965
143.0064,1.7074,55.9839,1.2945,1.2965
143.0564,1.7306,56.0281,1.2968,1.2985
143.1064,1.7539,56.0724,1.2968,1.2985
143.1564,1.7774,56.1165,1.2990,1.2990
143.2064,1.8011,56.1606,1.2994,1.2990
143.2564,1.8250,56.2045,1.2994,1.2990
143.3064,1.8489,56.2484,1.2994,1.2995
143.3564,1.8727,56.2924,1.2999,1.2995
143.4064,1.8963,56.3365,1.2994,1.2990
143.4564,1.9198,56.3806,1.2992,1.2963
143.5064,1.9433,56.4248,1.2964,1.2927
143.5564,1.9667,56.4689,1.2944,1.2917
143.6064,1.9902,56.5131,1.2927,1.2914
143.6564,2.0135,56.5573,1.2914,1.2905
143.7064,2.0365,56.6017,1.2910,1.2905
143.7564,2.0592,56.6463,1.2910,1.2905
143.8064,2.0815,56.6910,1.2907,1.2905
143.8564,2.1036,56.7359,1.2907,1.2905
143.9065,2.1256,56.7808,1.2910,1.2905
143.9565,2.1477,56.8256,1.2925,1.2868
144.0065,2.1702,56.8703,1.2925,1.2868
144.0565,2.1931,56.9147,1.2935,1.2868
144.1065,2.2164,56.9590,1.2935,1.2934
144.1565,2.2400,57.0030,1.2957,1.2949
144.2065,2.2638,57.0470,1.2959,1.3001
144.2565,2.2878,57.0909,1.2964,1.3001
144.3065,2.3120,57.1347,1.2983,1.3001
144.3565,2.3364,57.1783,1.2983,1.3001
144.4065,2.3609,57.2218,1.2983,1.3001
144.4565,2.3856,57.2653,1.2983,1.3000
144.5065,2.4103,57.3089,1.2993,1.3059
144.5565,2.4348,57.3524,1.2993,1.3059
144.6065,2.4591,57.3961,1.2993,1.3059
144.6565,2.4830,57.4400,1.2993,1.3052
144.7065,2.5066,57.4841,1.2993,1.3052
144.7565,2.5298,57.5284,1.2983,1.2956
144.8065,2.5528,57.5728,1.2982,1.2935
144.8565,2.5758,57.6172,1.2980,1.2914
144.9065,2.5988,57.6616,1.2980,1.2914
144.9565,2.6217,57.7061,1.2909,1.2896
145.0065,2.6445,57.7506,1.2906,1.2896
145.0565,2.6670,57.7952,1.2904,1.2894
145.1065,2.6893,57.8400,1.2904,1.2894
145.1565,2.7112,57.8849,1.2903,1.2895
145.2065,2.7330,57.9299,1.2903,1.2895
145.2565,2.7547,57.9750,1.2903,1.2895
145.3065,2.7765,58.0200,1.2903,1.2895
145.3565,2.7986,58.0648,1.2892,1.2894
145.4065,2.8212,58.1094,1.2903,1.2894
145.4565,2.8444,58.1537,1.2903,1.2894
145.5065,2.8678,58.1979,1.2903,1.2947
145.5565,2.8912,58.2421,1.2919,1.2949
145.6065,2.9146,58.2863,1.2959,1.2972
145.6565,2.9379,58.3305,1.2985,1.2982
145.7065,2.9613,58.3747,1.2995,1.3004
145.7565,2.9849,58.4188,1.3047,1.3016
145.8065,3.0087,58.4628,1.3049,1.3016
145.8565,3.0328,58.5066,1.3049,1.3020
145.9065,3.0571,58.5503,1.3049,1.3020
145.9565,3.0814,58.5940,1.3047,1.3039
146.0065,3.1058,58.6376,1.3047,1.3054
146.0566,3.1301,58.6813,1.3047,1.3056
146.1066,3.1542,58.7252,1.3047,1.3059
146.1566,3.1780,58.7691,1.3023,1.3059
146.2066,3.2016,58.8132,1.3023,1.3056
146.2566,3.2249,58.8574,1.3015,1.3016
146.3066,3.2483,58.9017,1.3015,1.2966
146.3566,3.2717,58.9458,1.2943,1.2932
146.4066,3.2952,58.9900,1.2919,1.2928
146.4566,3.3188,59.0340,1.2919,1.2928
146.5066,3.3424,59.0781,1.2884,1.2909
146.5566,3.3657,59.1224,1.2866,1.2905
146.6066,3.3888,59.1667,1.2854,1.2905
146.6566,3.4116,59.2112,1.2854,1.2890
146.7066,3.4340,59.2559,1.2854,1.2894
146.7566,3.4564,59.3006,1.2854,1.2835
146.8066,3.4788,59.3454,1.2884,1.2835
146.8566,3.5013,59.3900,1.2909,1.2867
146.9066,3.5241,59.4345,1.2940,1.2894
146.9566,3.5471,59.4789,1.2940,1.2894
147.0066,3.5702,59.5232,1.2945,1.2915
147.0566,3.5935,59.5675,1.2949,1.2936
147.1066,3.6170,59.6116,1.2949,1.2936
147.1566,3.6406,59.6557,1.2990,1.2992
147.2066,3.6642,59.6998,1.3013,1.3001
147.2566,3.6877,59.7439,1.3052,1.3011
147.3066,3.7111,59.7881,1.3052,1.3012
147.3566,3.7343,59.8324,1.3041,1.3023
147.4066,3.7574,59.8768,1.3041,1.3023
147.4566,3.7803,59.9212,1.3041,1.3023
147.5066,3.8032,59.9657,1.3023,1.3023
147.5566,3.8261,60.0101,1.3023,1.3023
147.6066,3.8490,60.0545,1.3016,1.3023
147.6566,3.8721,60.0989,1.3016,1.3012
147.7066,3.8950,60.1433,1.2996,1.3012
147.7566,3.9178,60.1878,1.2972,1.3012
147.8066,3.9406,60.2324,1.2968,1.2922
147.8566,3.9634,60.2769,1.2887,1.2922
147.9066,3.9864,60.3213,1.2885,1.2922
147.9566,4.0097,60.3655,1.2885,1.2922
148.0066,4.0334,60.4095,1.2882,1.2922
148.0566,4.0574,60.4534,1.2880,1.2876
148.1067,4.0816,60.4971,1.2878,1.2876
148.1567,4.1057,60.5409,1.2868,1.2869
148.2067,4.1298,60.5848,1.2853,1.2865
148.2567,4.1535,60.6288,1.2853,1.2865
148.3067,4.1770,60.6729,1.2859,1.2865
148.3567,4.2003,60.7172,1.2868,1.2866
148.4067,4.2234,60.7615,1.2882,1.2874
148.4567,4.2465,60.8059,1.2882,1.2887
148.5067,4.2695,60.8502,1.2911,1.2892
148.5567,4.2926,60.8946,1.2966,1.2915
148.6067,4.3157,60.9390,1.2966,1.2939
148.6567,4.3387,60.9833,1.2968,1.2949
148.7067,4.3616,61.0278,1.2968,1.2957
148.7567,4.3843,61.0723,1.2968,1.2958
148.8067,4.4069,61.1170,1.2970,1.2960
148.8567,4.4293,61.1616,1.2970,1.2963
148.9067,4.4520,61.2062,1.2970,1.2963
148.9567,4.4750,61.2506,1.2970,1.2963
149.0067,4.4985,61.2948,1.2968,1.2963
149.0567,4.5223,61.3387,1.2926,1.2958
149.1067,4.5463,61.3826,1.2926,1.2953
149.1567,4.5700,61.4266,1.2925,1.2953
149.2067,4.5934,61.4708,1.2921,1.2946
149.2567,4.6164,61.5152,1.2917,1.2946
149.3067,4.6392,61.5597,1.2911,1.2915
149.3567,4.6620,61.6042,1.2911,1.2915
149.4067,4.6851,61.6486,1.2905,1.2890
149.4567,4.7086,61.6927,1.2905,1.2890
149.5067,4.7324,61.7367,1.2898,1.2890
149.5567,4.7564,61.7805,1.2898,1.2890
149.6067,4.7805,61.8244,1.2896,1.2897
149.6567,4.8045,61.8682,1.2896,1.2897
149.7067,4.8282,61.9122,1.2896,1.2897
149.7567,4.8518,61.9563,1.2932,1.2907
149.8067,4.8752,62.0005,1.2932,1.2913
149.8567,4.8985,62.0448,1.2932,1.2933
149.9067,4.9217,62.0891,1.2975,1.2946
149.9567,4.9449,62.1333,1.2987,1.2955
150.0067,4.9681,62.1776,1.2987,1.2964
150.0567,4.9913,62.2219,1.2987,1.2964
150.1067,5.0145,62.2662,1.3014,1.2986
150.1567,5.0377,62.3105,1.3044,1.3009
150.2068,5.0608,62.3549,1.3014,1.3009
150.2568,5.0840,62.3992,1.2992,1.3009
150.3068,5.1070,62.4436,1.2992,1.3009
150.3568,5.1301,62.4879,1.2985,1.3016
150.4068,5.1531,62.5323,1.2985,1.3022
150.4568,5.1763,62.5766,1.2979,1.3022
150.5068,5.1994,62.6209,1.2975,1.2983
150.5568,5.2226,62.6652,1.2940,1.2983
150.6068,5.2459,62.7095,1.2940,1.2970
150.6568,5.2691,62.7538,1.2923,1.2931
150.7068,5.2924,62.7980,1.2898,1.2903
150.7568,5.3157,62.8423,1.2878,1.2869
150.8068,5.3389,62.8865,1.2878,1.2861
150.8568,5.3621,62.9308,1.2841,1.2861
150.9068,5.3851,62.9752,1.2841,1.2861
150.9568,5.4079,63.0198,1.2841,1.2887
151.0068,5.4303,63.0645,1.2854,1.2887
151.0568,5.4524,63.1093,1.2870,1.2887
151.1068,5.4743,63.1543,1.2880,1.2882
151.1568,5.4963,63.1992,1.2880,1.2835
151.2068,5.5185,63.2440,1.2880,1.2835
151.2568,5.5411,63.2886,1.2883,1.2835
151.3068,5.5643,63.3329,1.2883,1.2835
151.3568,5.5878,63.3770,1.2885,1.2882
151.4068,5.6117,63.4210,1.2903,1.2914
151.4568,5.6355,63.4649,1.2953,1.2949
151.5068,5.6594,63.5088,1.2984,1.2967
151.5568,5.6831,63.5528,1.2984,1.2973
151.6068,5.7069,63.5969,1.2984,1.2973
151.6568,5.7306,63.6409,1.2992,1.2985
151.7068,5.7543,63.6849,1.2992,1.2985
151.7568,5.7781,63.7288,1.2992,1.2986
151.8068,5.8021,63.7727,1.2992,1.3017
151.8568,5.8261,63.8166,1.3004,1.3019
151.9068,5.8500,63.8605,1.3005,1.3021
151.9568,5.8738,63.9045,1.3005,1.3021
152.0068,5.8973,63.9486,1.3004,1.3019
152.0568,5.9207,63.9928,1.3002,1.3017
152.1068,5.9439,64.0371,1.2985,1.2995
152.1568,5.9670,64.0815,1.2985,1.2995
152.2068,5.9901,64.1258,1.2910,1.2935
152.2568,6.0131,64.1702,1.2896,1.2905
152.3069,6.0363,64.2145,1.2896,1.2895
152.3569,6.0594,64.2588,1.2887,1.2895
152.4069,6.0827,64.3031,1.2887,1.2895
152.4569,6.1060,64.3473,1.2887,1.2884
152.5069,6.1292,64.3916,1.2866,1.2882
152.5569,6.1524,64.4359,1.2856,1.2880
152.6069,6.1753,64.4804,1.2856,1.2877
152.6569,6.1979,64.5250,1.2861,1.2862
152.7069,6.2203,64.5697,1.2861,1.2862
152.7569,6.2425,64.6145,1.2861,1.2862
152.8069,6.2646,64.6593,1.2887,1.2862
152.8569,6.2868,64.7042,1.2887,1.2872
152.9069,6.3091,64.7489,1.2907,1.2901
152.9569,6.3315,64.7936,1.2915,1.2901
153.0069,6.3540,64.8383,1.2907,1.2905
153.0569,6.3764,64.8829,1.2887,1.2905
153.1069,6.3988,64.9277,1.2872,1.2905
153.1569,6.4210,64.9725,1.2866,1.2905
153.2069,6.4430,65.0174,1.2866,1.2905
153.2569,6.4646,65.0624,1.2872,1.2905
153.3069,6.4861,65.1076,1.2892,1.2905
153.3569,6.5075,65.1528,1.2912,1.2905
153.4069,6.5290,65.1979,1.2912,1.2889
153.4569,6.5509,65.2429,1.2920,1.2865
153.5069,6.5733,65.2876,1.2953,1.2865
153.5569,6.5963,65.3320,1.2953,1.2865
153.6069,6.6197,65.3762,1.2953,1.2886
153.6569,6.6434,65.4202,1.2963,1.2893
153.7069,6.6675,65.4640,1.2978,1.2951
153.7569,6.6919,65.5077,1.2978,1.2951
153.8069,6.7165,65.5512,1.2979,1.2956
153.8569,6.7412,65.5947,1.2979,1.2999
153.9069,6.7660,65.6381,1.2979,1.2999
153.9569,6.7906,65.6816,1.2979,1.2999
154.0069,6.8151,65.7252,1.2948,1.2999
154.0569,6.8392,65.7690,1.2938,1.2999
154.1069,6.8630,65.8130,1.2938,1.2947
154.1569,6.8867,65.8570,1.2900,1.2938
154.2069,6.9103,65.9011,1.2894,1.2938
154.2569,6.9339,65.9452,1.2884,1.2925
154.3069,6.9576,65.9892,1.2884,1.2925
154.3569,6.9812,66.0333,1.2884,1.2925
154.4070,7.0047,66.0774,1.2884,1.2895
154.4570,7.0280,66.1217,1.2884,1.2895
154.5070,7.0509,66.1661,1.2884,1.2894
154.5570,7.0735,66.2107,1.2884,1.2894
154.6070,7.0959,66.2555,1.2881,1.2894
154.6570,7.1179,66.3003,1.2878,1.2883
154.7070,7.1398,66.3453,1.2881,1.2883
154.7570,7.1614,66.3904,1.2890,1.2913
154.8070,7.1829,66.4355,1.2890,1.2947
154.8570,7.2043,66.4807,1.2919,1.2947
154.9070,7.2258,66.5259,1.2975,1.2947
154.9570,7.2476,66.5709,1.2975,1.2947
155.0070,7.2698,66.6157,1.2975,1.2947
155.0570,7.2926,66.6602,1.2975,1.2947
155.1070,7.3159,66.7044,1.2975,1.2949
155.1570,7.3396,66.7485,1.2975,1.2949
155.2070,7.3637,66.7923,1.3010,1.2972
155.2570,7.3881,66.8359,1.3010,1.2992
155.3070,7.4126,66.8795,1.3010,1.2998
155.3570,7.4372,66.9230,1.3010,1.3004
155.4070,7.4617,66.9666,1.3010,1.3004
155.4570,7.4861,67.0103,1.3010,1.3004
155.5070,7.5103,67.0540,1.2994,1.2992
155.5570,7.5343,67.0979,1.2965,1.2992
155.6070,7.5579,67.1420,1.2924,1.2972
155.6570,7.5811,67.1862,1.2924,1.2972
155.7070,7.6042,67.2306,1.2945,1.2972
155.7570,7.6272,67.2750,1.2924,1.2920
155.8070,7.6503,67.3193,1.2925,1.2910
155.8570,7.6738,67.3635,1.2925,1.2910
155.9070,7.6975,67.4075,1.2924,1.2900
155.9570,7.7215,67.4514,1.2924,1.2900
156.0070,7.7457,67.4951,1.2924,1.2900
156.0570,7.7701,67.5388,1.2924,1.2900
156.1070,7.7947,67.5823,1.2925,1.2891
156.1570,7.8197,67.6256,1.2925,1.2891
156.2070,7.8450,67.6688,1.2925,1.2891
156.2570,7.8708,67.7116,1.2925,1.2891
156.3070,7.8972,67.7541,1.2925,1.2920
156.3570,7.9239,67.7963,1.2916,1.2948
156.4070,7.9507,67.8385,1.2906,1.2948
156.4570,7.9774,67.8808,1.2903,1.2948
156.5070,8.0037,67.9234,1.2903,1.2948
156.5571,8.0297,67.9660,1.2903,1.2873
156.6071,8.0557,68.0088,1.2881,1.2873
156.6571,8.0817,68.0515,1.2881,1.2873
156.7071,8.1076,68.0942,1.2881,1.2900
156.7571,8.1334,68.1371,1.2881,1.2942
156.8071,8.1588,68.1802,1.2881,1.2942
156.8571,8.1838,68.2235,1.2881,1.2942
156.9071,8.2085,68.2669,1.2882,1.2942
156.9571,8.2332,68.3104,1.2882,1.2900
157.0071,8.2580,68.3538,1.2929,1.2891
157.0571,8.2831,68.3970,1.2929,1.2891
157.1071,8.3088,68.4400,1.2970,1.2891
157.1571,8.3349,68.4826,1.2929,1.2900
157.2071,8.3614,68.5250,1.2929,1.2918
157.2571,8.3883,68.5671,1.2926,1.2918
157.3071,8.4155,68.6091,1.2926,1.2935
157.3571,8.4429,68.6509,1.2926,1.2918
157.4071,8.4705,68.6927,1.2941,1.2918
157.4571,8.4981,68.7343,1.2941,1.2912
157.5071,8.5258,68.7760,1.2941,1.2912
157.5571,8.5535,68.8176,1.2933,1.2912
157.6071,8.5812,68.8592,1.2933,1.2912
157.6571,8.6089,68.9008,1.2911,1.2936
157.7071,8.6366,68.9425,1.2911,1.2936
157.7571,8.6643,68.9841,1.2911,1.2936
157.8071,8.6920,69.0257,1.2911,1.2919
157.8571,8.7198,69.0673,1.2911,1.2936
157.9071,8.7477,69.1088,1.2911,1.2919
157.9571,8.7755,69.1504,1.2911,1.2919
158.0071,8.8033,69.1919,1.2911,1.2919
158.0571,8.8311,69.2335,1.2911,1.2919
158.1071,8.8588,69.2751,1.2911,1.2901
158.1571,8.8865,69.3167,1.2911,1.2901
158.2071,8.9142,69.3584,1.2911,1.2894
158.2571,8.9419,69.4000,1.2907,1.2894
158.3071,8.9696,69.4416,1.2897,1.2894
158.3571,8.9972,69.4833,1.2897,1.2894
158.4071,9.0248,69.5250,1.2907,1.2894
158.4571,9.0525,69.5667,1.2916,1.2894
158.5071,9.0802,69.6083,1.2927,1.2894
158.5571,9.1081,69.6498,1.2927,1.2894
158.6071,9.1361,69.6912,1.2927,1.2871
158.6572,9.1643,69.7325,1.2916,1.2871
158.7072,9.1928,69.7736,1.2914,1.2871
158.7572,9.2216,69.8144,1.2914,1.2871
158.8072,9.2508,69.8551,1.2912,1.2958
158.8572,9.2801,69.8956,1.2912,1.2958
158.9072,9.3094,69.9361,1.2912,1.2958
158.9572,9.3385,69.9767,1.2912,1.2929
159.0072,9.3674,70.0175,1.2912,1.2929
159.0572,9.3960,70.0585,1.2912,1.2929
159.1072,9.4244,70.0997,1.2901,1.2929
159.1572,9.4524,70.1411,1.2901,1.2907
159.2072,9.4803,70.1826,1.2901,1.2929
159.2572,9.5082,70.2241,1.2919,1.2929
159.3072,9.5362,70.2655,1.2936,1.2929
159.3572,9.5644,70.3068,1.2958,1.2929
159.4072,9.5929,70.3479,1.2958,1.2929
159.4572,9.6218,70.3888,1.2960,1.2929
159.5072,9.6509,70.4294,1.2960,1.2951
159.5572,9.6803,70.4698,1.2960,1.2951
159.6072,9.7100,70.5101,1.2980,1.2973
159.6572,9.7398,70.5502,1.2991,1.3003
159.7072,9.7697,70.5903,1.2991,1.3003
159.7572,9.7996,70.6304,1.3003,1.3010
159.8072,9.8294,70.6705,1.3003,1.3010
159.8572,9.8593,70.7106,1.3004,1.3010
159.9072,9.8890,70.7508,1.3004,1.3010
159.9572,9.9186,70.7912,1.3004,1.3010
160.0072,9.9478,70.8317,1.3004,1.3010
160.0572,9.9767,70.8725,1.3006,1.3010
160.1072,10.0054,70.9135,1.3015,1.2987
160.1572,10.0340,70.9545,1.3015,1.2963
160.2072,10.0630,70.9952,1.3015,1.2963
160.2572,10.0924,71.0357,1.3015,1.2961
160.3072,10.1221,71.0759,1.2988,1.2961
160.3572,10.1520,71.1159,1.2958,1.2961
160.4072,10.1821,71.1559,1.2958,1.2961
160.4572,10.2121,71.1959,1.2958,1.2961
160.5072,10.2422,71.2358,1.2958,1.2958
160.5572,10.2723,71.2758,1.2949,1.2955
160.6072,10.3024,71.3157,1.2949,1.2952
160.6572,10.3326,71.3556,1.2949,1.2932
160.7072,10.3628,71.3954,1.2944,1.2932
160.7572,10.3932,71.4351,1.2919,1.2912
160.8073,10.4238,71.4747,1.2898,1.2912
160.8573,10.4543,71.5143,1.2898,1.2884
160.9073,10.4848,71.5539,1.2867,1.2872
160.9573,10.5152,71.5936,1.2838,1.2872
161.0073,10.5457,71.6332,1.2838,1.2872
161.0573,10.5762,71.6728,1.2868,1.2884
161.1073,10.6068,71.7124,1.2868,1.2902
161.1573,10.6373,71.7520,1.2868,1.2902
161.2073,10.6677,71.7917,1.2890,1.2902
161.2573,10.6980,71.8315,1.2890,1.2878
161.3073,10.7283,71.8712,1.2898,1.2878
161.3573,10.7589,71.9108,1.2906,1.2878
161.4073,10.7898,71.9501,1.2924,1.2918
161.4573,10.8208,71.9893,1.2932,1.2976
161.5073,10.8517,72.0287,1.2932,1.2976
161.5573,10.8822,72.0683,1.2932,1.2976
161.6073,10.9126,72.1080,1.2932,1.2951
161.6573,10.9429,72.1478,1.2932,1.2925
161.7073,10.9734,72.1873,1.2932,1.2899
161.7573,11.0045,72.2265,1.2932,1.2899
161.8073,11.0360,72.2654,1.2921,1.2899
161.8573,11.0677,72.3040,1.2910,1.2927
161.9073,11.0995,72.3427,1.2910,1.2951
161.9573,11.1310,72.3815,1.2910,1.2951
162.0073,11.1622,72.4206,1.2915,1.2951
162.0573,11.1931,72.4598,1.2915,1.2951
162.1073,11.2242,72.4990,1.2915,1.2898
162.1573,11.2555,72.5380,1.2915,1.2896
162.2073,11.2873,72.5766,1.2910,1.2896
162.2573,11.3196,72.6147,1.2900,1.2896
162.3073,11.3523,72.6526,1.2899,1.2896
162.3573,11.3851,72.6903,1.2889,1.2884
162.4073,11.4178,72.7281,1.2889,1.2876
162.4573,11.4505,72.7660,1.2899,1.2876
162.5073,11.4831,72.8039,1.2899,1.2876
162.5573,11.5159,72.8417,1.2899,1.2876
162.6073,11.5487,72.8793,1.2899,1.2876
162.6573,11.5818,72.9169,1.2899,1.2878
162.7073,11.6149,72.9543,1.2899,1.2884
162.7573,11.6482,72.9916,1.2899,1.2924
162.8073,11.6815,73.0289,1.2899,1.2924
162.8573,11.7148,73.0662,1.2919,1.2927
162.9074,11.7480,73.1036,1.2939,1.2933
162.9574,11.7811,73.1411,1.2939,1.2933
163.0074,11.8142,73.1786,1.2939,1.2933
163.0574,11.8473,73.2161,1.2939,1.2933
163.1074,11.8805,73.2534,1.2919,1.2911
163.1574,11.9140,73.2906,1.2900,1.2888
163.2074,11.9478,73.3274,1.2888,1.2888
163.2574,11.9818,73.3640,1.2880,1.2884
163.3074,12.0161,73.4005,1.2880,1.2876
163.3574,12.0502,73.4370,1.2880,1.2876
163.4074,12.0842,73.4737,1.2888,1.2876
163.4574,12.1177,73.5108,1.2888,1.2901
163.5074,12.1509,73.5482,1.2900,1.2916
163.5574,12.1840,73.5857,1.2934,1.2916
163.6074,12.2172,73.6230,1.2972,1.2918
163.6574,12.2508,73.6601,1.2977,1.2918
163.7074,12.2848,73.6968,1.2977,1.2918
163.7574,12.3189,73.7334,1.2990,1.2936
163.8074,12.3530,73.7699,1.2990,1.2936
163.8574,12.3872,73.8064,1.2990,1.2936
163.9074,12.4214,73.8429,1.2990,1.2936
163.9574,12.4558,73.8792,1.2990,1.2953
164.0074,12.4905,73.9151,1.2977,1.2953
164.0574,12.5258,73.9506,1.2967,1.2953
164.1074,12.5615,73.9856,1.2952,1.2953
164.1574,12.5977,74.0201,1.2952,1.2936
164.2074,12.6343,74.0542,1.2929,1.2936
164.2574,12.6711,74.0880,1.2916,1.2936
164.3074,12.7081,74.1217,1.2898,1.2936
164.3574,12.7451,74.1552,1.2797,1.2936
164.4074,12.7822,74.1888,1.2766,1.2909
164.4574,12.8194,74.2223,1.2765,1.2860
164.5074,12.8565,74.2558,1.2765,1.2846
164.5574,12.8935,74.2894,1.2797,1.2816
164.6074,12.9304,74.3231,1.2797,1.2816
164.6574,12.9671,74.3571,1.2829,1.2795
164.7074,13.0038,74.3911,1.2829,1.2795
164.7574,13.0404,74.4250,1.2870,1.2795
164.8074,13.0772,74.4589,1.2893,1.2828
164.8574,13.1141,74.4927,1.2893,1.2870
164.9074,13.1510,74.5264,1.2893,1.2870
164.9574,13.1879,74.5601,1.2913,1.2884
165.0074,13.2248,74.5939,1.2913,1.2891
165.0575,13.2616,74.6278,1.2938,1.2923
165.1075,13.2982,74.6619,1.2938,1.2964
165.1575,13.3345,74.6963,1.2967,1.2971
165.2075,13.3704,74.7311,1.2971,1.3043
165.2575,13.4058,74.7663,1.2988,1.3054
165.3075,13.4408,74.8020,1.2988,1.3054
165.3575,13.4754,74.8382,1.2988,1.3043
165.4075,13.5095,74.8747,1.2988,1.3013
165.4575,13.5434,74.9115,1.2976,1.3013
165.5075,13.5770,74.9485,1.2976,1.2973
165.5575,13.6104,74.9857,1.2976,1.2973
165.6075,13.6438,75.0230,1.2960,1.2973
165.6575,13.6769,75.0604,1.2960,1.2973
165.7075,13.7100,75.0979,1.2960,1.2973
165.7575,13.7428,75.1357,1.2956,1.2973
165.8075,13.7753,75.1736,1.2956,1.2968
165.8575,13.8076,75.2118,1.2936,1.2943
165.9075,13.8395,75.2503,1.2905,1.2943
165.9575,13.8708,75.2893,1.2885,1.2943
166.0075,13.9013,75.3289,1.2885,1.2967
166.0575,13.9310,75.3691,1.2898,1.2967
166.1075,13.9599,75.4100,1.2898,1.2969
166.1575,13.9879,75.4514,1.2898,1.2967
166.2075,14.0151,75.4933,1.2927,1.2967
166.2575,14.0418,75.5356,1.2927,1.2944
166.3075,14.0680,75.5782,1.2898,1.2943
166.3575,14.0937,75.6211,1.2898,1.2941
166.4075,14.1188,75.6643,1.2898,1.2941
166.4575,14.1432,75.7080,1.2898,1.2941
166.5075,14.1665,75.7522,1.2898,1.2939
166.5575,14.1887,75.7970,1.2898,1.2939
166.6075,14.2098,75.8423,1.2898,1.2939
166.6575,14.2299,75.8881,1.2898,1.2933
166.7075,14.2492,75.9342,1.2923,1.2933
166.7575,14.2679,75.9806,1.2923,1.2933
166.8075,14.2863,76.0271,1.2923,1.2935
166.8575,14.3043,76.0738,1.2923,1.2935
166.9075,14.3220,76.1205,1.2923,1.2935
166.9575,14.3392,76.1675,1.2923,1.2931
167.0075,14.3558,76.2147,1.2923,1.2929
167.0575,14.3718,76.2620,1.2923,1.2929
167.1075,14.3873,76.3096,1.2923,1.2925
167.1575,14.4023,76.3573,1.2923,1.2925
167.2075,14.4171,76.4050,1.2923,1.2917
167.2575,14.4316,76.4529,1.2923,1.2917
167.3075,14.4459,76.5008,1.2923,1.2917
167.3575,14.4599,76.5488,1.2904,1.2942
167.4075,14.4735,76.5969,1.2904,1.2942
167.4575,14.4864,76.6452,1.2904,1.2958
167.5075,14.4982,76.6938,1.2917,1.2958
167.5575,14.5088,76.7427,1.2917,1.2978
167.6075,14.5181,76.7918,1.2917,1.2978
167.6575,14.5262,76.8411,1.2880,1.2978
167.7075,14.5330,76.8907,1.2880,1.2978
167.7575,14.5387,76.9404,1.2880,1.2993
167.8075,14.5431,76.9902,1.2880,1.2993
167.8575,14.5463,77.0401,1.2966,1.3038
167.9075,14.5484,77.0900,1.2966,1.3038
167.9575,14.5495,77.1400,1.2966,1.3027
168.0075,14.5498,77.1900,1.2966,1.3027
168.0575,14.5494,77.2400,1.2966,1.3027
168.1075,14.5485,77.2900,1.2966,1.2927
168.1575,14.5475,77.3400,1.2966,1.2881
168.2076,14.5467,77.3900,1.2966,1.2881
168.2576,14.5464,77.4400,1.2966,1.2881
168.3076,14.5464,77.4900,1.3026,1.2904
168.3576,14.5465,77.5400,1.3026,1.2936
168.4076,14.5465,77.5900,1.3026,1.2945
168.4576,14.5459,77.6400,1.2951,1.2946
168.5076,14.5446,77.6900,1.2908,1.2946
168.5576,14.5425,77.7399,1.2908,1.2946
168.6076,14.5397,77.7899,1.2881,1.2946
168.6576,14.5360,77.8397,1.2881,1.2946
168.7076,14.5315,77.8895,1.2881,1.2961
168.7576,14.5263,77.9393,1.2910,1.2961
168.8076,14.5203,77.9889,1.2910,1.2961
168.8576,14.5135,78.0384,1.2910,1.2961
168.9076,14.5057,78.0878,1.2910,1.2961
168.9576,14.4971,78.1371,1.2905,1.2960
169.0076,14.4875,78.1862,1.2905,1.2935
169.0576,14.4775,78.2351,1.2905,1.2908
169.1076,14.4672,78.2841,1.2905,1.2899
169.1576,14.4569,78.3330,1.2905,1.2893
169.2076,14.4467,78.3820,1.2910,1.2893
169.2576,14.4367,78.4309,1.2910,1.2899
169.3076,14.4268,78.4800,1.2910,1.2899
169.3576,14.4169,78.5290,1.2910,1.2904
169.4076,14.4070,78.5780,1.2910,1.2904
169.4576,14.3972,78.6270,1.2903,1.2908
169.5076,14.3873,78.6760,1.2903,1.2908
169.5576,14.3774,78.7251,1.2915,1.2924
169.6076,14.3675,78.7741,1.2915,1.2924
169.6576,14.3574,78.8230,1.2915,1.2924
169.7076,14.3471,78.8720,1.2915,1.2926
169.7576,14.3365,78.9208,1.2915,1.2926
169.8076,14.3255,78.9696,1.2915,1.2934
169.8576,14.3139,79.0182,1.2915,1.2934
169.9076,14.3018,79.0668,1.2915,1.2934
169.9576,14.2894,79.1152,1.2915,1.2860
170.0076,14.2767,79.1636,1.2915,1.2860
170.0576,14.2641,79.2119,1.2908,1.2860
170.1076,14.2514,79.2603,1.2908,1.2869
170.1576,14.2387,79.3087,1.2878,1.2869
170.2076,14.2260,79.3570,1.2878,1.2907
170.2576,14.2134,79.4054,1.2878,1.2907
170.3076,14.2010,79.4539,1.2888,1.2907
170.3576,14.1889,79.5024,1.2899,1.2926
170.4076,14.1770,79.5509,1.2908,1.2926
170.4577,14.1651,79.5995,1.2908,1.2931
170.5077,14.1531,79.6481,1.2908,1.2954
170.5577,14.1410,79.6966,1.2969,1.2960
170.6077,14.1289,79.7451,1.2969,1.2973
170.6577,14.1167,79.7936,1.2969,1.2975
170.7077,14.1046,79.8421,1.2969,1.2975
170.7577,14.0923,79.8906,1.2969,1.2975
170.8077,14.0799,79.9390,1.2969,1.2975
170.8577,14.0674,79.9874,1.2969,1.2983
170.9077,14.0547,80.0358,1.2969,1.2983
170.9577,14.0419,80.0841,1.2976,1.2983
171.0077,14.0290,80.1324,1.2966,1.2953
171.0577,14.0160,80.1807,1.2955,1.2953
171.1077,14.0031,80.2290,1.2955,1.2953
171.1577,13.9904,80.2774,1.2955,1.2953
171.2077,13.9777,80.3258,1.2955,1.2964
171.2577,13.9652,80.3742,1.2955,1.2975
171.3077,13.9528,80.4226,1.2985,1.2975
171.3577,13.9404,80.4711,1.2985,1.2975
171.4077,13.9282,80.5195,1.2985,1.2975
171.4577,13.9162,80.5681,1.2993,1.2975
171.5077,13.9042,80.6166,1.2993,1.2973
171.5577,13.8924,80.6652,1.2997,1.2973
171.6077,13.8807,80.7138,1.2997,1.2973
171.6577,13.8691,80.7624,1.2997,1.2975
171.7077,13.8574,80.8111,1.2977,1.2975
171.7577,13.8455,80.8596,1.2945,1.2975
171.8077,13.8334,80.9082,1.2945,1.2973
171.8577,13.8211,80.9566,1.2945,1.2961
171.9077,13.8086,81.0050,1.2928,1.2961
171.9577,13.7959,81.0534,1.2929,1.2950
172.0077,13.7831,81.1017,1.2929,1.2950
172.0577,13.7703,81.1501,1.2929,1.2950
172.1077,13.7577,81.1985,1.2974,1.2950
172.1577,13.7456,81.2470,1.2976,1.2950
172.2077,13.7341,81.2956,1.2976,1.2964
172.2577,13.7234,81.3445,1.2976,1.2964
172.3077,13.7131,81.3934,1.2960,1.2964
172.3577,13.7027,81.4423,1.2960,1.2964
172.4077,13.6920,81.4912,1.2960,1.2964
172.4577,13.6810,81.5399,1.2960,1.2964
172.5078,13.6698,81.5887,1.2960,1.2964
172.5578,13.6584,81.6374,1.2930,1.2952
172.6078,13.6471,81.6861,1.2930,1.2948
172.6578,13.6356,81.7347,1.2928,1.2948
172.7078,13.6238,81.7833,1.2906,1.2948
172.7578,13.6119,81.8319,1.2906,1.2942
172.8078,13.5996,81.8804,1.2906,1.2942
172.8578,13.5871,81.9288,1.2872,1.2866
172.9078,13.5745,81.9772,1.2872,1.2866
172.9578,13.5619,82.0255,1.2872,1.2866
173.0078,13.5493,82.0739,1.2872,1.2877
173.0578,13.5368,82.1223,1.2872,1.2877
173.1078,13.5243,82.1708,1.2883,1.2877
173.1578,13.5118,82.2192,1.2883,1.2914
173.2078,13.4993,82.2676,1.2928,1.2937
173.2578,13.4868,82.3160,1.2940,1.2866
173.3078,13.4744,82.3645,1.2940,1.2865
173.3578,13.4624,82.4130,1.2940,1.2865
173.4078,13.4506,82.4616,1.2870,1.2865
173.4578,13.4389,82.5102,1.2870,1.2865
173.5078,13.4271,82.5588,1.2870,1.2918
173.5578,13.4152,82.6073,1.2870,1.2918
173.6078,13.4030,82.6558,1.2870,1.2918
173.6578,13.3906,82.7043,1.2870,1.2864
173.7078,13.3781,82.7527,1.2870,1.2864
173.7578,13.3658,82.8012,1.2863,1.2864
173.8078,13.3537,82.8497,1.2863,1.2870
173.8578,13.3418,82.8982,1.2858,1.2876
173.9078,13.3300,82.9468,1.2856,1.2876
173.9578,13.3181,82.9954,1.2856,1.2897
174.0078,13.3061,83.0440,1.2856,1.2897
174.0578,13.2941,83.0925,1.2964,1.2925
174.1078,13.2822,83.1410,1.2964,1.2925
174.1578,13.2705,83.1897,1.2964,1.2931
174.2078,13.2591,83.2383,1.2942,1.2931
174.2578,13.2479,83.2871,1.2942,1.2931
174.3078,13.2368,83.3358,1.2936,1.2934
174.3578,13.2258,83.3846,1.2936,1.2934
174.4078,13.2146,83.4333,1.2936,1.2934
174.4578,13.2033,83.4820,1.2936,1.2931
174.5078,13.1915,83.5306,1.2936,1.2928
174.5579,13.1793,83.5791,1.2900,1.2925
174.6079,13.1666,83.6275,1.2900,1.2925
174.6579,13.1537,83.6758,1.2900,1.2925
174.7079,13.1406,83.7241,1.2900,1.2901
174.7579,13.1274,83.7723,1.2900,1.2901
174.8079,13.1145,83.8206,1.2900,1.2901
174.8579,13.1017,83.8689,1.2912,1.2948
174.9079,13.0892,83.9174,1.2912,1.2950
174.9579,13.0769,83.9658,1.2912,1.2950
175.0079,13.0646,84.0143,1.2912,1.2950
175.0579,13.0522,84.0627,1.2912,1.2950
175.1079,13.0399,84.1112,1.2937,1.2953
175.1579,13.0278,84.1597,1.2937,1.2953
175.2079,13.0159,84.2083,1.2963,1.2953
175.2579,13.0042,84.2569,1.2981,1.2953
175.3079,12.9927,84.3055,1.2981,1.2953
175.3579,12.9812,84.3542,1.2963,1.2948
175.4079,12.9697,84.4029,1.2963,1.2917
175.4579,12.9580,84.4515,1.2934,1.2917
175.5079,12.9460,84.5000,1.2893,1.2862
175.5579,12.9338,84.5485,1.2893,1.2857
175.6079,12.9214,84.5970,1.2880,1.2857
175.6579,12.9090,84.6454,1.2855,1.2850
175.7079,12.8966,84.6939,1.2853,1.2850
175.7579,12.8843,84.7423,1.2851,1.2843
175.8079,12.8720,84.7908,1.2851,1.2850
175.8579,12.8597,84.8392,1.2851,1.2850
175.9079,12.8475,84.8877,1.2878,1.2866
175.9579,12.8354,84.9362,1.2878,1.2904
176.0079,12.8234,84.9848,1.2878,1.2904
176.0579,12.8114,85.0333,1.2878,1.2904
176.1079,12.7994,85.0819,1.2878,1.2943
176.1579,12.7873,85.1304,1.2913,1.2944
176.2079,12.7750,85.1789,1.2913,1.2944
176.2579,12.7627,85.2273,1.2913,1.2944
176.3079,12.7502,85.2757,1.2913,1.2944
176.3579,12.7377,85.3241,1.2913,1.2874
176.4079,12.7253,85.3726,1.2913,1.2874
176.4579,12.7131,85.4211,1.2913,1.2874
176.5079,12.7012,85.4696,1.2913,1.2874
176.5579,12.6893,85.5182,1.2854,1.2844
176.6080,12.6776,85.5668,1.2854,1.2844
176.6580,12.6659,85.6154,1.2854,1.2844
176.7080,12.6543,85.6641,1.2854,1.2844
176.7580,12.6427,85.7127,1.2854,1.2864
176.8080,12.6311,85.7613,1.2840,1.2864
176.8580,12.6191,85.8099,1.2840,1.2885
176.9080,12.6069,85.8584,1.2840,1.2885
176.9580,12.5943,85.9068,1.2878,1.2885
177.0080,12.5816,85.9551,1.2878,1.2898
177.0580,12.5689,86.0035,1.2878,1.2898
177.1080,12.5562,86.0519,1.2878,1.2898
177.1580,12.5435,86.1002,1.2878,1.2890
177.2080,12.5308,86.1486,1.2876,1.2890
177.2580,12.5181,86.1969,1.2876,1.2857
177.3080,12.5056,86.2454,1.2876,1.2857
177.3580,12.4933,86.2938,1.2874,1.2857
177.4080,12.4814,86.3424,1.2874,1.2853
177.4580,12.4696,86.3910,1.2874,1.2853
177.5080,12.4579,86.4396,1.2861,1.2853
177.5580,12.4462,86.4882,1.2861,1.2860
177.6080,12.4343,86.5368,1.2861,1.2868
177.6580,12.4222,86.5853,1.2861,1.2868
177.7080,12.4100,86.6338,1.2861,1.2868
177.7580,12.3978,86.6823,1.2931,1.2879
177.8080,12.3858,86.7308,1.2931,1.2940
177.8580,12.3739,86.7794,1.2931,1.2940
177.9080,12.3622,86.8280,1.2929,1.2940
177.9580,12.3505,86.8766,1.2929,1.2940
178.0080,12.3388,86.9252,1.2929,1.2933
178.0580,12.3270,86.9738,1.2929,1.2933
178.1080,12.3152,87.0224,1.2929,1.2933
178.1580,12.3032,87.0710,1.2908,1.2933
178.2080,12.2910,87.1195,1.2899,1.2909
178.2580,12.2787,87.1679,1.2891,1.2893
178.3080,12.2663,87.2164,1.2882,1.2893
178.3580,12.2540,87.2648,1.2882,1.2873
178.4080,12.2419,87.3133,1.2862,1.2862
178.4580,12.2298,87.3619,1.2858,1.2862
178.5080,12.2179,87.4104,1.2858,1.2862
178.5580,12.2060,87.4590,1.2858,1.2866
178.6081,12.1942,87.5076,1.2858,1.2881
178.6581,12.1822,87.5561,1.2858,1.2881
178.7081,12.1700,87.6046,1.2872,1.2881
178.7581,12.1576,87.6531,1.2872,1.2881
178.8081,12.1452,87.7015,1.2921,1.2881
178.8581,12.1329,87.7499,1.2921,1.2892
178.9081,12.1207,87.7985,1.2921,1.2915
178.9581,12.1088,87.8470,1.2923,1.2915
179.0081,12.0970,87.8956,1.2923,1.2915
179.0581,12.0854,87.9442,1.2923,1.2937
179.1081,12.0738,87.9929,1.2923,1.2937
179.1581,12.0623,88.0415,1.2923,1.2937
179.2081,12.0509,88.0902,1.2921,1.2937
179.2581,12.0396,88.1389,1.2921,1.2897
179.3081,12.0283,88.1876,1.2921,1.2897
179.3581,12.0171,88.2364,1.2914,1.2897
179.4081,12.0058,88.2851,1.2914,1.2917
179.4581,11.9945,88.3338,1.2914,1.2959
179.5081,11.9828,88.3824,1.2914,1.2959
179.5581,11.9709,88.4310,1.2914,1.2959
179.6081,11.9588,88.4795,1.2930,1.2959
179.6581,11.9466,88.5280,1.2961,1.2959
179.7081,11.9346,88.5765,1.2961,1.2959
179.7581,11.9227,88.6251,1.2961,1.2987
179.8081,11.9109,88.6737,1.2961,1.2987
179.8581,11.8990,88.7222,1.2961,1.2987
179.9081,11.8869,88.7708,1.2970,1.2987
179.9581,11.8746,88.8192,1.2970,1.2987
180.0081,11.8622,88.8677,1.2970,1.2987
180.0581,11.8497,88.9161,1.2970,1.2987
180.1081,11.8372,88.9645,1.2970,1.2982
180.1581,11.8249,89.0130,1.2979,1.2982
180.2081,11.8128,89.0615,1.2979,1.2982
180.2581,11.8008,89.1100,1.2979,1.2982
180.3081,11.7888,89.1586,1.2942,1.2982
180.3581,11.7768,89.2071,1.2942,1.2976
180.4081,11.7647,89.2556,1.2942,1.2976
180.4581,11.7525,89.3041,1.2988,1.2976
180.5081,11.7401,89.3526,1.2988,1.2994
180.5581,11.7276,89.4010,1.2988,1.2994
180.6081,11.7151,89.4494,1.2988,1.2994
180.6582,11.7025,89.4978,1.3000,1.2986
180.7082,11.6900,89.5462,1.3000,1.2986
180.7582,11.6777,89.5947,1.3000,1.2986
180.8082,11.6656,89.6432,1.2983,1.2986
180.8582,11.6537,89.6917,1.2983,1.2986
180.9082,11.6418,89.7403,1.2983,1.2986
180.9582,11.6299,89.7889,1.2968,1.2978
181.0082,11.6179,89.8374,1.2968,1.2958
181.0582,11.6057,89.8859,1.2963,1.2958
181.1082,11.5935,89.9344,1.2952,1.2958
181.1582,11.5814,89.9829,1.2952,1.2925
181.2082,11.5694,90.0314,1.2952,1.2925
181.2582,11.5576,90.0800,1.2952,1.2925
181.3082,11.5460,90.1287,1.2952,1.2964
181.3582,11.5345,90.1773,1.2914,1.2964
181.4082,11.5229,90.2260,1.2914,1.2978
181.4582,11.5109,90.2745,1.2914,1.2981
181.5082,11.4987,90.3230,1.2982,1.2981
181.5582,11.4861,90.3714,1.2982,1.2981
181.6082,11.4733,90.4197,1.2982,1.2981
181.6582,11.4604,90.4680,1.2982,1.2981
181.7082,11.4473,90.5163,1.2982,1.2981
181.7582,11.4342,90.5646,1.2971,1.2977
181.8082,11.4212,90.6128,1.2971,1.2977
181.8582,11.4081,90.6611,1.2939,1.2977
181.9082,11.3951,90.7094,1.2939,1.2900
181.9582,11.3822,90.7577,1.2939,1.2900
182.0082,11.3694,90.8060,1.2917,1.2900
182.0582,11.3567,90.8544,1.2917,1.2900
182.1082,11.3441,90.9028,1.2917,1.2902
182.1582,11.3314,90.9511,1.2914,1.2902
182.2082,11.3186,90.9995,1.2914,1.2902
182.2582,11.3056,91.0478,1.2914,1.2922
182.3082,11.2924,91.0960,1.2929,1.2922
182.3582,11.2790,91.1442,1.2930,1.2922
182.4082,11.2656,91.1923,1.2935,1.2938
182.4582,11.2521,91.2405,1.2940,1.2938
182.5082,11.2388,91.2887,1.2935,1.2938
182.5582,11.2256,91.3369,1.2935,1.2938
182.6082,11.2125,91.3852,1.2930,1.2938
182.6582,11.1995,91.4335,1.2930,1.2914
182.7083,11.1866,91.4818,1.2930,1.2911
182.7583,11.1738,91.5301,1.2930,1.2911
182.8083,11.1612,91.5785,1.2930,1.2911
182.8583,11.1487,91.6269,1.2930,1.2911
182.9083,11.1365,91.6754,1.2929,1.2914
182.9583,11.1246,91.7240,1.2929,1.2914
183.0083,11.1130,91.7726,1.2926,1.2917
183.0583,11.1016,91.8213,1.2926,1.2917
183.1083,11.0904,91.8700,1.2901,1.2920
183.1583,11.0794,91.9188,1.2901,1.2927
183.2083,11.0684,91.9676,1.2901,1.2929
183.2583,11.0575,92.0164,1.2944,1.2934
183.3083,11.0467,92.0652,1.2944,1.2938
183.3583,11.0360,92.1140,1.2944,1.2938
183.4083,11.0256,92.1629,1.2944,1.2954
183.4583,11.0153,92.2119,1.2944,1.2954
183.5083,11.0053,92.2609,1.2944,1.2954
183.5583,10.9954,92.3099,1.2965,1.2954
183.6083,10.9856,92.3589,1.2965,1.2954
183.6583,10.9758,92.4079,1.2965,1.2954
183.7083,10.9659,92.4570,1.2965,1.2954
183.7583,10.9560,92.5060,1.2928,1.2954
183.8083,10.9462,92.5550,1.2928,1.2915
183.8583,10.9366,92.6041,1.2911,1.2915
183.9083,10.9276,92.6533,1.2911,1.2915
183.9583,10.9190,92.7025,1.2911,1.2946
184.0083,10.9108,92.7518,1.2928,1.2946
184.0583,10.9028,92.8012,1.2956,1.2946
184.1083,10.8949,92.8506,1.2956,1.2944
184.1583,10.8872,92.9000,1.2956,1.2913
184.2083,10.8796,92.9494,1.2911,1.2905
184.2583,10.8719,92.9988,1.2877,1.2905
184.3083,10.8641,93.0482,1.2877,1.2913
184.3583,10.8560,93.0975,1.2877,1.2913
184.4083,10.8479,93.1469,1.2964,1.2913
184.4583,10.8401,93.1963,1.2964,1.2913
184.5083,10.8330,93.2458,1.2964,1.2913
184.5583,10.8269,93.2954,1.2941,1.2867
184.6083,10.8218,93.3451,1.2941,1.2867
184.6583,10.8176,93.3950,1.2937,1.2867
184.7083,10.8140,93.4448,1.2937,1.2867
184.7583,10.8110,93.4947,1.2937,1.2877
184.8083,10.8084,93.5447,1.2937,1.2884
184.8584,10.8064,93.5946,1.2940,1.2902
184.9084,10.8049,93.6446,1.2941,1.2936
184.9584,10.8042,93.6946,1.2941,1.2948
185.0084,10.8039,93.7446,1.2941,1.3004
185.0584,10.8039,93.7946,1.2913,1.3004
185.1084,10.8041,93.8446,1.2912,1.3004
185.1584,10.8041,93.8946,1.2912,1.3068
185.2084,10.8041,93.9446,1.2912,1.3068
185.2584,10.8039,93.9946,1.2918,1.2988
185.3084,10.8038,94.0446,1.2926,1.2988
185.3584,10.8038,94.0946,1.2933,1.2988
185.4084,10.8043,94.1446,1.2969,1.2975
185.4584,10.8052,94.1946,1.2969,1.2961
185.5084,10.8066,94.2446,1.2969,1.2961
185.5584,10.8085,94.2946,1.2945,1.2893
185.6084,10.8108,94.3445,1.2945,1.2870
185.6584,10.8136,94.3944,1.2945,1.2870
185.7084,10.8170,94.4443,1.2945,1.2832
185.7584,10.8214,94.4941,1.2957,1.2832
185.8084,10.8268,94.5439,1.2957,1.2832
185.8584,10.8334,94.5934,1.2957,1.2840
185.9084,10.8408,94.6429,1.2892,1.2866
185.9584,10.8488,94.6922,1.2889,1.2866
186.0084,10.8571,94.7415,1.2888,1.2866
186.0584,10.8657,94.7908,1.2888,1.2866
186.1084,10.8748,94.8400,1.2891,1.2886
186.1584,10.8845,94.8890,1.2891,1.2886
186.2084,10.8949,94.9379,1.2915,1.2906
186.2584,10.9061,94.9867,1.2915,1.2906
186.3084,10.9180,95.0352,1.2970,1.2947
186.3584,10.9308,95.0836,1.2970,1.2947
186.4084,10.9444,95.1317,1.2970,1.2950
186.4584,10.9589,95.1795,1.2970,1.2987
186.5084,10.9739,95.2272,1.2970,1.2987
186.5584,10.9893,95.2748,1.2955,1.2958
186.6084,11.0049,95.3223,1.2955,1.2950
186.6584,11.0207,95.3697,1.2970,1.2958
186.7084,11.0368,95.4171,1.2970,1.2958
186.7584,11.0532,95.4643,1.2955,1.2958
186.8084,11.0701,95.5114,1.2955,1.2913
186.8584,11.0877,95.5582,1.2935,1.2899
186.9084,11.1061,95.6047,1.2931,1.2899
186.9584,11.1253,95.6509,1.2931,1.2899
187.0084,11.1452,95.6967,1.2931,1.2885
187.0584,11.1657,95.7423,1.2922,1.2885
187.1084,11.1869,95.7876,1.2922,1.2858
187.1584,11.2087,95.8326,1.2917,1.2858
187.2084,11.2311,95.8773,1.2903,1.2858
187.2584,11.2544,95.9216,1.2911,1.2858
187.3085,11.2784,95.9654,1.2911,1.2858
187.3585,11.3033,96.0088,1.2911,1.2858
187.4085,11.3289,96.0517,1.2911,1.2866
187.4585,11.3552,96.0942,1.2939,1.2866
187.5085,11.3820,96.1365,1.2939,1.2866
187.5585,11.4092,96.1784,1.2941,1.2922
187.6085,11.4367,96.2202,1.2941,1.2922
187.6585,11.4645,96.2617,1.2942,1.2922
187.7085,11.4925,96.3032,1.2942,1.2956
187.7585,11.5207,96.3444,1.2956,1.2956
187.8085,11.5491,96.3856,1.2967,1.2956
187.8585,11.5777,96.4267,1.2967,1.2956
187.9085,11.6063,96.4676,1.2967,1.2956
187.9585,11.6352,96.5085,1.2956,1.2956
188.0085,11.6643,96.5491,1.2956,1.2960
188.0585,11.6936,96.5896,1.2956,1.2960
188.1085,11.7234,96.6298,1.2967,1.2960
188.1585,11.7535,96.6697,1.2970,1.2960
188.2085,11.7840,96.7094,1.2970,1.2960
188.2585,11.8148,96.7487,1.2967,1.2924
188.3085,11.8460,96.7878,1.2967,1.2924
188.3585,11.8776,96.8266,1.2945,1.2906
188.4085,11.9094,96.8651,1.2939,1.2906
188.4585,11.9415,96.9035,1.2914,1.2906
188.5085,11.9737,96.9417,1.2914,1.2906
188.5585,12.0063,96.9796,1.2911,1.2906
188.6085,12.0392,97.0173,1.2903,1.2906
188.6585,12.0725,97.0546,1.2903,1.2892
188.7085,12.1061,97.0917,1.2842,1.2885
188.7585,12.1398,97.1286,1.2842,1.2790
188.8085,12.1737,97.1653,1.2842,1.2790
188.8585,12.2081,97.2016,1.2842,1.2725
188.9085,12.2430,97.2374,1.2842,1.2725
188.9585,12.2786,97.2726,1.2852,1.2725
189.0085,12.3149,97.3069,1.2856,1.2725
189.0585,12.3518,97.3406,1.2907,1.2936
189.1085,12.3892,97.3739,1.2907,1.2936
189.1585,12.4268,97.4069,1.2907,1.2936
189.2085,12.4644,97.4398,1.2907,1.2938
189.2585,12.5021,97.4726,1.2911,1.2938
189.3085,12.5398,97.5054,1.2911,1.2938
189.3585,12.5776,97.5382,1.2926,1.2938
189.4085,12.6155,97.5709,1.2945,1.2938
189.4585,12.6536,97.6032,1.2962,1.2912
189.5086,12.6920,97.6352,1.2962,1.2912
189.5586,12.7308,97.6667,1.2962,1.2912
189.6086,12.7701,97.6977,1.2962,1.2881
189.6586,12.8096,97.7284,1.2878,1.2877
189.7086,12.8492,97.7589,1.2876,1.2881
189.7586,12.8888,97.7894,1.2876,1.2877
189.8086,12.9284,97.8199,1.2878,1.2877
189.8586,12.9680,97.8505,1.2908,1.2912
189.9086,13.0075,97.8811,1.2950,1.2912
189.9586,13.0472,97.9115,1.2950,1.2890
190.0086,13.0871,97.9416,1.2962,1.2912
190.0586,13.1274,97.9713,1.2962,1.2912
190.1086,13.1680,98.0005,1.2957,1.2922
190.1586,13.2089,98.0291,1.2961,1.2922
190.2086,13.2502,98.0573,1.2961,1.2922
190.2586,13.2918,98.0851,1.2961,1.2922
190.3086,13.3336,98.1126,1.2961,1.2949
190.3586,13.3756,98.1397,1.2999,1.2932
190.4086,13.4178,98.1665,1.2999,1.2932
190.4586,13.4603,98.1928,1.2976,1.2932
190.5086,13.5032,98.2186,1.2922,1.2933
190.5586,13.5464,98.2437,1.2924,1.2933
190.6086,13.5900,98.2682,1.2923,1.2933
190.6586,13.6337,98.2925,1.2923,1.2933
190.7086,13.6775,98.3167,1.2923,1.2933
190.7586,13.7212,98.3410,1.2924,1.2933
190.8086,13.7648,98.3655,1.2944,1.2933
190.8586,13.8085,98.3898,1.2966,1.2933
190.9086,13.8523,98.4138,1.2966,1.2933
190.9586,13.8964,98.4373,1.2966,1.2933
191.0086,13.9408,98.4605,1.2971,1.2933
191.0586,13.9852,98.4834,1.2971,1.2983
191.1086,14.0298,98.5061,1.2966,1.2983
191.1586,14.0744,98.5287,1.2966,1.2954
191.2086,14.1191,98.5511,1.2965,1.2954
191.2586,14.1639,98.5733,1.2965,1.2919
191.3086,14.2089,98.5951,1.2965,1.2919
191.3586,14.2542,98.6162,1.2964,1.2919
191.4086,14.2998,98.6367,1.2965,1.2919
191.4586,14.3458,98.6563,1.2965,1.2950
191.5086,14.3920,98.6754,1.2963,1.2950
191.5586,14.4384,98.6942,1.2963,1.2950
191.6086,14.4847,98.7130,1.2973,1.2950
191.6587,14.5310,98.7319,1.2963,1.2950
191.7087,14.5772,98.7509,1.2973,1.2950
191.7587,14.6235,98.7699,1.2973,1.2950
191.8087,14.6699,98.7886,1.2973,1.2949
191.8587,14.7165,98.8067,1.2973,1.2914
191.9087,14.7633,98.8241,1.2973,1.2914
191.9587,14.8104,98.8410,1.2973,1.2949
192.0087,14.8576,98.8574,1.2973,1.2949
192.0587,14.9049,98.8736,1.2973,1.2949
192.1087,14.9523,98.8897,1.2963,1.2949
192.1587,14.9997,98.9057,1.2963,1.2937
192.2087,15.0471,98.9214,1.2963,1.2937
192.2587,15.0947,98.9367,1.2963,1.2937
192.3087,15.1425,98.9516,1.2963,1.2937
192.3587,15.1904,98.9658,1.2984,1.2937
192.4087,15.2385,98.9795,1.2984,1.2937
192.4587,15.2868,98.9925,1.2984,1.2925
192.5087,15.3352,99.0049,1.2984,1.2925
192.5587,15.3839,99.0166,1.2984,1.2925
192.6087,15.4326,99.0277,1.2984,1.2925
192.6587,15.4815,99.0382,1.2963,1.2925
192.7087,15.5305,99.0483,1.2963,1.2925
192.7587,15.5795,99.0582,1.2963,1.2942
192.8087,15.6285,99.0679,1.2963,1.2942
192.8587,15.6776,99.0773,1.2963,1.2942
192.9087,15.7268,99.0864,1.2958,1.2924
192.9587,15.7760,99.0954,1.2947,1.2924
193.0087,15.8252,99.1041,1.2910,1.2919
193.0587,15.8745,99.1126,1.2892,1.2919
193.1087,15.9238,99.1210,1.2892,1.2904
193.1587,15.9731,99.1293,1.2892,1.2904
193.2087,16.0225,99.1374,1.2920,1.2904
193.2587,16.0719,99.1451,1.2939,1.2904
193.3087,16.1214,99.1521,1.2979,1.2884
193.3587,16.1710,99.1581,1.2979,1.2884
193.4087,16.2208,99.1630,1.2979,1.2884
193.4587,16.2706,99.1668,1.2977,1.2884
193.5087,16.3205,99.1696,1.2960,1.2908
193.5587,16.3705,99.1716,1.2960,1.2935
193.6087,16.4205,99.1732,1.2960,1.2939
193.6587,16.4705,99.1746,1.2960,1.2957
193.7087,16.5205,99.1758,1.2960,1.2957
193.7587,16.5704,99.1768,1.2960,1.2965
193.8087,16.6204,99.1774,1.2960,1.2957
193.8588,16.6704,99.1776,1.2960,1.2951
193.9088,16.7205,99.1775,1.2971,1.2951
193.9588,16.7705,99.1769,1.2971,1.2951
194.0088,16.8204,99.1760,1.2971,1.2951
194.0588,16.8704,99.1748,1.2971,1.2943
194.1088,16.9204,99.1733,1.2945,1.2943
194.1588,16.9704,99.1715,1.2938,1.2937
194.2088,17.0203,99.1692,1.2938,1.2912
194.2588,17.0702,99.1661,1.2938,1.2881
194.3088,17.1201,99.1621,1.2938,1.2881
194.3588,17.1698,99.1570,1.2963,1.2881
194.4088,17.2194,99.1509,1.2963,1.2881
194.4588,17.2689,99.1438,1.2963,1.2881
194.5088,17.3183,99.1360,1.2949,1.2881
194.5588,17.3676,99.1277,1.2945,1.2881
194.6088,17.4169,99.1190,1.2945,1.2881
194.6588,17.4661,99.1100,1.2945,1.2948
194.7088,17.5152,99.1009,1.2945,1.2989
194.7588,17.5644,99.0918,1.2948,1.2989
194.8088,17.6136,99.0830,1.2953,1.2991
194.8588,17.6628,99.0742,1.2953,1.2989
194.9088,17.7120,99.0652,1.2957,1.2989
194.9588,17.7611,99.0557,1.2957,1.2968
195.0088,17.8101,99.0457,1.2953,1.2891
195.0588,17.8590,99.0350,1.2944,1.2891
195.1088,17.9076,99.0236,1.2942,1.2891
195.1588,17.9561,99.0114,1.2942,1.2895
195.2088,18.0044,98.9984,1.2913,1.2895
195.2588,18.0525,98.9846,1.2913,1.2895
195.3088,18.1003,98.9701,1.2929,1.2885
195.3588,18.1480,98.9550,1.2929,1.2878
195.4088,18.1955,98.9395,1.2929,1.2878
195.4588,18.2429,98.9235,1.2929,1.2877
195.5088,18.2902,98.9072,1.2883,1.2877
195.5588,18.3373,98.8905,1.2883,1.2877
195.6088,18.3843,98.8734,1.2883,1.2908
195.6588,18.4312,98.8561,1.2929,1.2918
195.7088,18.4780,98.8385,1.2941,1.2918
195.7588,18.5247,98.8206,1.2952,1.2945
195.8088,18.5712,98.8022,1.2958,1.2918
195.8588,18.6175,98.7834,1.2958,1.2918
195.9088,18.6636,98.7641,1.2958,1.2918
195.9588,18.7096,98.7443,1.2958,1.2918
196.0089,18.7554,98.7242,1.2929,1.2918
196.0589,18.8010,98.7037,1.2915,1.2932
196.1089,18.8465,98.6830,1.2915,1.2932
196.1589,18.8918,98.6619,1.2915,1.2932
196.2089,18.9370,98.6404,1.2915,1.2932
196.2589,18.9820,98.6186,1.2915,1.2889
196.3089,19.0268,98.5964,1.2906,1.2888
196.3589,19.0714,98.5739,1.2906,1.2888
196.4089,19.1160,98.5512,1.2906,1.2888
196.4589,19.1604,98.5282,1.2906,1.2888
196.5089,19.2046,98.5049,1.2905,1.2888
196.5589,19.2487,98.4812,1.2906,1.2916
196.6089,19.2925,98.4572,1.2906,1.2916
196.6589,19.3362,98.4329,1.2906,1.2916
196.7089,19.3797,98.4083,1.2931,1.2945
196.7589,19.4232,98.3835,1.2931,1.2916
196.8089,19.4666,98.3587,1.2931,1.2921
196.8589,19.5100,98.3338,1.2963,1.2955
196.9089,19.5534,98.3091,1.2963,1.2955
196.9589,19.5969,98.2845,1.2996,1.2955
197.0089,19.6404,98.2598,1.2996,1.2970
197.0589,19.6838,98.2350,1.2996,1.2970
197.1089,19.7271,98.2098,1.2996,1.2978
197.1589,19.7701,98.1844,1.2997,1.2978
197.2089,19.8131,98.1588,1.2974,1.2978
197.2589,19.8560,98.1331,1.2973,1.2978
197.3089,19.8988,98.1074,1.2973,1.2978
197.3589,19.9416,98.0815,1.2974,1.2943
197.4089,19.9842,98.0553,1.2974,1.2943
197.4589,20.0265,98.0287,1.2975,1.2943
197.5089,20.0687,98.0018,1.2975,1.2981
197.5589,20.1107,97.9747,1.2975,1.2981
197.6089,20.1528,97.9477,1.2940,1.2981
197.6589,20.1950,97.9209,1.2939,1.2966
197.7089,20.2374,97.8944,1.2939,1.2942
197.7589,20.2800,97.8682,1.2940,1.2931
197.8089,20.3226,97.8420,1.2940,1.2917
197.8589,20.3651,97.8157,1.2940,1.2917
197.9089,20.4076,97.7893,1.2940,1.2917
197.9589,20.4499,97.7626,1.2940,1.2928
198.0089,20.4921,97.7359,1.2909,1.2938
198.0590,20.5344,97.7092,1.2908,1.2938
198.1090,20.5768,97.6827,1.2877,1.2938
198.1590,20.6192,97.6562,1.2877,1.2928
198.2090,20.6616,97.6297,1.2877,1.2928
198.2590,20.7039,97.6030,1.2940,1.2928
198.3090,20.7459,97.5759,1.2940,1.2928
198.3590,20.7878,97.5486,1.2940,1.2928
198.4090,20.8296,97.5211,1.2929,1.2928
198.4590,20.8713,97.4935,1.2902,1.2928
198.5090,20.9130,97.4660,1.2901,1.2929
198.5590,20.9548,97.4384,1.2901,1.2929
198.6090,20.9965,97.4109,1.2901,1.2929
198.6590,21.0382,97.3834,1.2925,1.2929
198.7090,21.0799,97.3557,1.2925,1.2929
198.7590,21.1216,97.3281,1.2925,1.2928
198.8090,21.1632,97.3003,1.2925,1.2928
198.8590,21.2047,97.2724,1.2925,1.2905
198.9090,21.2461,97.2444,1.2925,1.2905
198.9590,21.2873,97.2161,1.2926,1.2905
199.0090,21.3284,97.1877,1.2938,1.2905
199.0590,21.3695,97.1592,1.2960,1.2967
199.1090,21.4106,97.1307,1.2970,1.2967
199.1590,21.4516,97.1021,1.2982,1.2967
199.2090,21.4926,97.0734,1.2982,1.2967
199.2590,21.5335,97.0446,1.2981,1.2967
199.3090,21.5742,97.0156,1.2970,1.2968
199.3590,21.6149,96.9865,1.2981,1.2974
199.4090,21.6555,96.9574,1.2981,1.2974
199.4590,21.6961,96.9282,1.2981,1.2974
199.5090,21.7368,96.8992,1.2981,1.2968
199.5590,21.7776,96.8703,1.2981,1.2968
199.6090,21.8184,96.8413,1.2970,1.2968
199.6590,21.8590,96.8122,1.2909,1.2890
199.7090,21.8995,96.7829,1.2907,1.2869
199.7590,21.9400,96.7535,1.2905,1.2869
199.8090,21.9804,96.7240,1.2874,1.2869
199.8590,22.0209,96.6947,1.2874,1.2878
199.9090,22.0615,96.6656,1.2873,1.2880
199.9590,22.1023,96.6367,1.2873,1.2880
200.0090,22.1433,96.6079,1.2873,1.2878
200.0591,22.1842,96.5792,1.2874,1.2878
200.1091,22.2250,96.5504,1.2874,1.2880
200.1591,22.2658,96.5214,1.2874,1.2880
200.2091,22.3066,96.4925,1.2886,1.2894
200.2591,22.3474,96.4636,1.2886,1.2901
200.3091,22.3883,96.4349,1.2886,1.2901
200.3591,22.4292,96.4060,1.2951,1.2901
200.4091,22.4697,96.3768,1.2951,1.2899
200.4591,22.5099,96.3470,1.2962,1.2899
200.5091,22.5497,96.3167,1.2962,1.2899
200.5591,22.5890,96.2858,1.2951,1.2899
200.6091,22.6281,96.2546,1.2951,1.2915
200.6591,22.6670,96.2232,1.2951,1.2930
200.7091,22.7058,96.1917,1.2919,1.2944
200.7591,22.7448,96.1603,1.2919,1.2957
200.8091,22.7837,96.1290,1.2919,1.2957
200.8591,22.8227,96.0978,1.2913,1.2944
200.9091,22.8618,96.0665,1.2913,1.2957
200.9591,22.9008,96.0353,1.2886,1.2942
201.0091,22.9400,96.0042,1.2886,1.2942
201.0591,22.9794,95.9734,1.2886,1.2942
201.1091,23.0191,95.9430,1.2886,1.2942
201.1591,23.0590,95.9129,1.2898,1.2928
201.2091,23.0990,95.8829,1.2898,1.2926
201.2591,23.1390,95.8528,1.2924,1.2881
201.3091,23.1787,95.8224,1.2910,1.2881
201.3591,23.2181,95.7917,1.2924,1.2887
201.4091,23.2572,95.7605,1.2924,1.2887
201.4591,23.2961,95.7291,1.2924,1.2887
201.5091,23.3348,95.6974,1.2939,1.2906
201.5591,23.3732,95.6654,1.2946,1.2939
201.6091,23.4115,95.6332,1.2946,1.2943
201.6591,23.4496,95.6009,1.2946,1.2948
201.7091,23.4877,95.5684,1.2946,1.2948
201.7591,23.5257,95.5359,1.2946,1.2948
201.8091,23.5637,95.5034,1.2939,1.2948
201.8591,23.6017,95.4709,1.2939,1.2948
201.9091,23.6397,95.4385,1.2946,1.2967
201.9591,23.6779,95.4062,1.2946,1.2967
202.0091,23.7162,95.3741,1.2946,1.2975
202.0591,23.7547,95.3422,1.2946,1.2975
202.1092,23.7933,95.3103,1.2940,1.2967
202.1592,23.8318,95.2785,1.2940,1.2959
202.2092,23.8703,95.2465,1.2940,1.2924
202.2592,23.9086,95.2144,1.2940,1.2924
202.3092,23.9468,95.1822,1.2940,1.2915
202.3592,23.9848,95.1497,1.2937,1.2915
202.4092,24.0227,95.1171,1.2937,1.2895
202.4592,24.0605,95.0843,1.2916,1.2895
202.5092,24.0983,95.0515,1.2915,1.2895
202.5592,24.1360,95.0188,1.2911,1.2895
202.6092,24.1738,94.9860,1.2911,1.2895
202.6592,24.2116,94.9533,1.2911,1.2895
202.7092,24.2494,94.9205,1.2893,1.2895
202.7592,24.2871,94.8877,1.2893,1.2895
202.8092,24.3247,94.8547,1.2893,1.2937
202.8592,24.3620,94.8215,1.2893,1.2937
202.9092,24.3993,94.7881,1.2896,1.2937
202.9592,24.4365,94.7547,1.2896,1.2992
203.0092,24.4738,94.7214,1.2907,1.2992
203.0592,24.5113,94.6883,1.2928,1.2992
203.1092,24.5487,94.6552,1.2959,1.2968
203.1592,24.5862,94.6220,1.2959,1.2968
203.2092,24.6234,94.5887,1.2959,1.2937
203.2592,24.6604,94.5550,1.2959,1.2881
203.3092,24.6971,94.5211,1.2908,1.2881
203.3592,24.7337,94.4870,1.2908,1.2844
203.4092,24.7703,94.4529,1.2886,1.2825
203.4592,24.8067,94.4187,1.2867,1.2822
203.5092,24.8431,94.3843,1.2862,1.2822
203.5592,24.8792,94.3498,1.2807,1.2822
203.6092,24.9153,94.3151,1.2807,1.2822
203.6592,24.9512,94.2804,1.2807,1.2825
203.7092,24.9872,94.2456,1.2788,1.2825
203.7592,25.0233,94.2110,1.2788,1.2853
203.8092,25.0596,94.1767,1.2788,1.2869
203.8592,25.0963,94.1427,1.2807,1.2890
203.9092,25.1333,94.1090,1.2892,1.2903
203.9592,25.1702,94.0753,1.2922,1.2924
204.0092,25.2068,94.0413,1.2922,1.2924
204.0592,25.2431,94.0069,1.2922,1.2924
204.1092,25.2790,93.9721,1.2922,1.2924
204.1593,25.3145,93.9369,1.2922,1.2911
204.2093,25.3497,93.9013,1.2922,1.2903
204.2593,25.3845,93.8654,1.2922,1.2895
204.3093,25.4188,93.8291,1.2953,1.2895
204.3593,25.4528,93.7924,1.2922,1.2880
204.4093,25.4864,93.7554,1.2922,1.2857
204.4593,25.5200,93.7183,1.2887,1.2857
204.5093,25.5536,93.6813,1.2861,1.2857
204.5593,25.5875,93.6446,1.2809,1.2856
204.6093,25.6217,93.6081,1.2809,1.2843
204.6593,25.6562,93.5719,1.2809,1.2843
204.7093,25.6910,93.5360,1.2831,1.2843
204.7593,25.7260,93.5002,1.2836,1.2840
204.8093,25.7611,93.4646,1.2836,1.2840
204.8593,25.7963,93.4292,1.2844,1.2837
204.9093,25.8316,93.3937,1.2836,1.2837
204.9593,25.8670,93.3584,1.2836,1.2837
205.0093,25.9024,93.3231,1.2834,1.2837
205.0593,25.9379,93.2879,1.2834,1.2840
205.1093,25.9735,93.2527,1.2834,1.2842
205.1593,26.0091,93.2177,1.2834,1.2842
205.2093,26.0449,93.1828,1.2834,1.2842
205.2593,26.0808,93.1480,1.2834,1.2841
205.3093,26.1168,93.1132,1.2835,1.2841
205.3593,26.1528,93.0785,1.2836,1.2837
205.4093,26.1885,93.0435,1.2836,1.2825
205.4593,26.2238,93.0081,1.2877,1.2825
205.5093,26.2586,92.9722,1.2877,1.2825
205.5593,26.2927,92.9356,1.2877,1.2825
205.6093,26.3264,92.8987,1.2886,1.2847
205.6593,26.3600,92.8617,1.2895,1.2937
205.7093,26.3938,92.8248,1.2905,1.2937
205.7593,26.4278,92.7881,1.2938,1.2948
205.8093,26.4619,92.7515,1.2971,1.2958
205.8593,26.4959,92.7149,1.2983,1.2990
205.9093,26.5297,92.6781,1.3003,1.2998
205.9593,26.5634,92.6411,1.3026,1.3025
206.0093,26.5970,92.6041,1.3026,1.3028
206.0593,26.6306,92.5671,1.3026,1.3036
206.1093,26.6643,92.5301,1.3026,1.3036
206.1593,26.6981,92.4933,1.3026,1.3028
206.2094,26.7319,92.4565,1.3009,1.3028
206.2594,26.7658,92.4197,1.3009,1.3022
206.3094,26.7998,92.3830,1.3005,1.2990
206.3594,26.8338,92.3463,1.2949,1.2990
206.4094,26.8678,92.3097,1.2931,1.2924
206.4594,26.9020,92.2732,1.2927,1.2922
206.5094,26.9362,92.2367,1.2922,1.2918
206.5594,26.9703,92.2002,1.2911,1.2886
206.6094,27.0044,92.1635,1.2911,1.2858
206.6594,27.0382,92.1267,1.2911,1.2858
206.7094,27.0718,92.0897,1.2911,1.2858
206.7594,27.1050,92.0523,1.2931,1.2878
206.8094,27.1380,92.0147,1.2937,1.2918
206.8594,27.1708,91.9770,1.2937,1.2922
206.9094,27.2035,91.9391,1.2944,1.2935
206.9594,27.2362,91.9014,1.2972,1.2935
207.0094,27.2691,91.8636,1.2972,1.2964
207.0594,27.3019,91.8260,1.2972,1.2964
207.1094,27.3348,91.7883,1.2972,1.2976
207.1594,27.3677,91.7506,1.2958,1.2986
207.2094,27.4006,91.7129,1.2958,1.2976
207.2594,27.4335,91.6753,1.2944,1.2976
207.3094,27.4665,91.6378,1.2944,1.2965
207.3594,27.4996,91.6003,1.2937,1.2965
207.4094,27.5328,91.5628,1.2937,1.2945
207.4594,27.5659,91.5254,1.2937,1.2943
207.5094,27.5990,91.4880,1.2971,1.2943
207.5594,27.6322,91.4505,1.2971,1.2943
207.6094,27.6653,91.4130,1.2971,1.2943
207.6594,27.6983,91.3755,1.2960,1.2943
207.7094,27.7313,91.3379,1.2954,1.2965
207.7594,27.7642,91.3002,1.2947,1.2965
207.8094,27.7971,91.2626,1.2937,1.2978
207.8594,27.8301,91.2250,1.2937,1.2978
207.9094,27.8633,91.1876,1.2937,1.2972
207.9594,27.8966,91.1504,1.2921,1.2943
208.0094,27.9300,91.1131,1.2898,1.2909
208.0594,27.9632,91.0758,1.2898,1.2909
208.1094,27.9964,91.0383,1.2898,1.2909
208.1594,28.0294,91.0008,1.2898,1.2913
208.2095,28.0626,90.9634,1.2898,1.2913
208.2595,28.0959,90.9261,1.2909,1.2924
208.3095,28.1294,90.8890,1.2915,1.2924
208.3595,28.1632,90.8521,1.2915,1.2924
208.4095,28.1969,90.8152,1.2909,1.2903
208.4595,28.2307,90.7783,1.2909,1.2903
208.5095,28.2643,90.7413,1.2898,1.2903
208.5595,28.2977,90.7041,1.2898,1.2903
208.6095,28.3310,90.6668,1.2898,1.2903
208.6595,28.3641,90.6293,1.2926,1.2903
208.7095,28.3970,90.5916,1.2926,1.2895
208.7595,28.4296,90.5538,1.2926,1.2895
208.8095,28.4622,90.5159,1.2895,1.2894
208.8595,28.4948,90.4779,1.2895,1.2894
208.9095,28.5274,90.4400,1.2895,1.2895
208.9595,28.5601,90.4022,1.2908,1.2895
209.0095,28.5929,90.3645,1.2910,1.2895
209.0595,28.6259,90.3268,1.2914,1.2895
209.1095,28.6588,90.2892,1.2928,1.2895
209.1595,28.6917,90.2516,1.2928,1.2895
209.2095,28.7246,90.2139,1.2944,1.2895
209.2595,28.7573,90.1761,1.2944,1.2919
209.3095,28.7898,90.1381,1.2944,1.2943
209.3595,28.8222,90.1000,1.2942,1.2943
209.4095,28.8546,90.0619,1.2942,1.2943
209.4595,28.8870,90.0238,1.2942,1.2943
209.5095,28.9195,89.9859,1.2942,1.2943
209.5595,28.9523,89.9481,1.2945,1.2966
209.6095,28.9853,89.9105,1.2945,1.2966
209.6595,29.0185,89.8731,1.2999,1.2966
209.7095,29.0518,89.8359,1.2999,1.2970
209.7595,29.0852,89.7986,1.2999,1.2983
209.8095,29.1186,89.7614,1.2996,1.2983
209.8595,29.1519,89.7241,1.2976,1.2983
209.9095,29.1852,89.6868,1.2970,1.2974
209.9595,29.2184,89.6494,1.2970,1.2974
210.0095,29.2513,89.6118,1.2964,1.2960
210.0595,29.2840,89.5739,1.2964,1.2960
210.1095,29.3165,89.5359,1.2964,1.2957
210.1595,29.3487,89.4977,1.2962,1.2937
210.2096,29.3810,89.4595,1.2962,1.2937
210.2596,29.4133,89.4213,1.2962,1.2937
210.3096,29.4457,89.3832,1.2962,1.2937
210.3596,29.4783,89.3454,1.2962,1.2937
210.4096,29.5111,89.3076,1.2985,1.2954
210.4596,29.5440,89.2699,1.2985,1.2954
210.5096,29.5769,89.2323,1.2985,1.2954
210.5596,29.6098,89.1947,1.2921,1.2954
210.6096,29.6429,89.1572,1.2921,1.2954
210.6596,29.6762,89.1199,1.2894,1.2954
210.7096,29.7098,89.0829,1.2894,1.2954
210.7596,29.7437,89.0460,1.2894,1.2945
210.8096,29.7774,89.0092,1.2882,1.2910
210.8596,29.8109,88.9721,1.2882,1.2864
210.9096,29.8440,88.9346,1.2874,1.2864
210.9596,29.8768,88.8968,1.2867,1.2864
211.0096,29.9094,88.8589,1.2867,1.2864
211.0596,29.9421,88.8211,1.2874,1.2864
211.1096,29.9750,88.7834,1.2943,1.2864
211.1596,30.0081,88.7459,1.2959,1.2864
211.2096,30.0412,88.7085,1.2959,1.2902
211.2596,30.0743,88.6709,1.2943,1.2902
211.3096,30.1072,88.6333,1.2943,1.2902
211.3596,30.1402,88.5957,1.2933,1.2939
211.4096,30.1733,88.5582,1.2931,1.2939
211.4596,30.2065,88.5209,1.2931,1.2939
211.5096,30.2398,88.4836,1.2928,1.2939
211.5596,30.2731,88.4463,1.2918,1.2939
211.6096,30.3064,88.4089,1.2907,1.2939
211.6596,30.3395,88.3715,1.2898,1.2939
211.7096,30.3727,88.3341,1.2898,1.2939
211.7596,30.4059,88.2968,1.2898,1.2939
211.8096,30.4393,88.2595,1.2899,1.2935
211.8596,30.4728,88.2224,1.2916,1.2935
211.9096,30.5063,88.1852,1.2942,1.2935
211.9596,30.5397,88.1481,1.2953,1.2935
212.0096,30.5732,88.1109,1.2955,1.2949
212.0596,30.6066,88.0737,1.2955,1.2956
212.1096,30.6401,88.0366,1.2953,1.2956
212.1596,30.6738,87.9996,1.2953,1.2963
212.2096,30.7075,87.9627,1.2953,1.2963
212.2597,30.7413,87.9259,1.2953,1.2963
212.3097,30.7749,87.8889,1.2951,1.2934
212.3597,30.8084,87.8517,1.2951,1.2934
212.4097,30.8415,87.8143,1.2928,1.2934
212.4597,30.8745,87.7767,1.2899,1.2945
212.5097,30.9075,87.7391,1.2899,1.2952
212.5597,30.9406,87.7016,1.2899,1.2952
212.6097,30.9740,87.6644,1.2899,1.2952
212.6597,31.0076,87.6274,1.2904,1.2952
212.7097,31.0414,87.5906,1.2971,1.2952
212.7597,31.0754,87.5539,1.2985,1.2952
212.8097,31.1094,87.5172,1.2985,1.2952
212.8597,31.1434,87.4806,1.2971,1.2958
212.9097,31.1774,87.4439,1.2969,1.2958
212.9597,31.2114,87.4072,1.2969,1.2965
213.0097,31.2454,87.3706,1.2969,1.2973
213.0597,31.2796,87.3340,1.2969,1.2973
213.1097,31.3138,87.2976,1.2969,1.2973
213.1597,31.3480,87.2611,1.2967,1.2947
213.2097,31.3820,87.2244,1.2967,1.2946
213.2597,31.4156,87.1874,1.2967,1.2881
213.3097,31.4487,87.1500,1.2944,1.2881
213.3597,31.4814,87.1121,1.2944,1.2881
213.4097,31.5139,87.0741,1.2936,1.2934
213.4597,31.5465,87.0362,1.2936,1.2938
213.5097,31.5793,86.9984,1.2936,1.2970
213.5597,31.6122,86.9608,1.2976,1.2995
213.6097,31.6452,86.9232,1.2995,1.2995
213.6597,31.6780,86.8855,1.2999,1.2995
213.7097,31.7106,86.8476,1.2999,1.2995
213.7597,31.7432,86.8096,1.2999,1.2992
213.8097,31.7758,86.7718,1.2990,1.2992
213.8597,31.8088,86.7342,1.2963,1.2992
213.9097,31.8421,86.6969,1.2947,1.2992
213.9597,31.8757,86.6599,1.2934,1.2967
214.0097,31.9095,86.6230,1.2929,1.2949
214.0597,31.9435,86.5863,1.2929,1.2931
214.1097,31.9774,86.5496,1.2918,1.2914
214.1597,32.0112,86.5128,1.2917,1.2881
214.2097,32.0449,86.4758,1.2915,1.2881
214.2597,32.0785,86.4387,1.2915,1.2881
214.3098,32.1120,86.4016,1.2915,1.2901
214.3598,32.1454,86.3645,1.2918,1.2901
214.4098,32.1789,86.3273,1.2927,1.2914
214.4598,32.2123,86.2901,1.2942,1.2957
214.5098,32.2455,86.2527,1.2974,1.2958
214.5598,32.2786,86.2153,1.2984,1.2958
214.6098,32.3116,86.1777,1.2984,1.2966
214.6598,32.3445,86.1400,1.2984,1.2977
214.7098,32.3774,86.1023,1.2974,1.2995
214.7598,32.4105,86.0648,1.2974,1.2995
214.8098,32.4440,86.0277,1.2970,1.2995
214.8598,32.4779,85.9910,1.2965,1.2959
214.9098,32.5122,85.9546,1.2965,1.2958
214.9598,32.5465,85.9182,1.2965,1.2931
215.0098,32.5805,85.8816,1.2965,1.2931
215.0598,32.6143,85.8447,1.2931,1.2931
215.1098,32.6478,85.8076,1.2890,1.2931
215.1598,32.6813,85.7705,1.2890,1.2940
215.2098,32.7150,85.7335,1.2890,1.2960
215.2598,32.7487,85.6966,1.2965,1.2965
215.3098,32.7825,85.6598,1.2980,1.2965
215.3598,32.8161,85.6227,1.2986,1.2968
215.4098,32.8494,85.5854,1.2986,1.2974
215.4598,32.8825,85.5479,1.2986,1.2981
215.5098,32.9154,85.5103,1.2986,1.2999
215.5598,32.9483,85.4726,1.2977,1.2999
215.6098,32.9813,85.4350,1.2975,1.2999
215.6598,33.0143,85.3975,1.2975,1.2952
215.7098,33.0475,85.3601,1.2975,1.2952
215.7598,33.0807,85.3227,1.2975,1.2948
215.8098,33.1140,85.2854,1.2975,1.2905
215.8598,33.1475,85.2483,1.2970,1.2896
215.9098,33.1812,85.2113,1.2887,1.2896
215.9598,33.2151,85.1746,1.2887,1.2896
216.0098,33.2493,85.1381,1.2887,1.2896
216.0598,33.2836,85.1017,1.2912,1.2922
216.1098,33.3179,85.0653,1.2912,1.2948
216.1598,33.3520,85.0288,1.2951,1.2948
216.2098,33.3858,84.9919,1.2965,1.2950
216.2598,33.4192,84.9547,1.2966,1.2950
216.3099,33.4524,84.9173,1.2966,1.2957
216.3599,33.4854,84.8797,1.2966,1.2962
216.4099,33.5182,84.8421,1.2966,1.2962
216.4599,33.5511,84.8044,1.2966,1.2962
216.5099,33.5841,84.7668,1.2966,1.2962
216.5599,33.6172,84.7294,1.2966,1.2962
216.6099,33.6505,84.6920,1.2966,1.2952
216.6599,33.6839,84.6548,1.2962,1.2949
216.7099,33.7173,84.6176,1.2944,1.2949
216.7599,33.7509,84.5805,1.2944,1.2952
216.8099,33.7844,84.5435,1.2944,1.2952
216.8599,33.8180,84.5064,1.2944,1.2952
216.9099,33.8515,84.4693,1.2966,1.2955
216.9599,33.8847,84.4319,1.2972,1.2963
217.0099,33.9177,84.3944,1.2972,1.2963
217.0599,33.9505,84.3566,1.2972,1.2981
217.1099,33.9832,84.3187,1.2970,1.2963
217.1599,34.0158,84.2808,1.2970,1.2963
217.2099,34.0484,84.2430,1.2970,1.2963
217.2599,34.0812,84.2052,1.2972,1.2963
217.3099,34.1140,84.1674,1.2974,1.2963
217.3599,34.1469,84.1298,1.2974,1.2963
217.4099,34.1798,84.0921,1.2974,1.2932
217.4599,34.2126,84.0544,1.2974,1.2918
217.5099,34.2453,84.0166,1.2968,1.2918
217.5599,34.2778,83.9785,1.2959,1.2873
217.6099,34.3101,83.9404,1.2886,1.2873
217.6599,34.3422,83.9021,1.2880,1.2873
217.7099,34.3742,83.8637,1.2880,1.2873
217.7599,34.4059,83.8250,1.2880,1.2873
217.8099,34.4372,83.7860,1.2923,1.2893
217.8599,34.4681,83.7467,1.2926,1.2972
217.9099,34.4988,83.7072,1.2926,1.2972
217.9599,34.5297,83.6679,1.2926,1.2997
218.0099,34.5607,83.6287,1.2926,1.2997
218.0599,34.5921,83.5897,1.2926,1.2997
218.1099,34.6235,83.5509,1.2935,1.2993
218.1599,34.6549,83.5119,1.2967,1.2993
218.2099,34.6858,83.4726,1.2967,1.2932
218.2599,34.7162,83.4329,1.2967,1.2925
218.3099,34.7459,83.3927,1.2973,1.2925
218.3599,34.7749,83.3519,1.2973,1.2932
218.4100,34.8032,83.3107,1.2973,1.2932
218.4600,34.8309,83.2691,1.2973,1.2903
218.5100,34.8582,83.2272,1.2950,1.2872
218.5600,34.8849,83.1849,1.2950,1.2842
218.6100,34.9109,83.1422,1.2950,1.2835
218.6600,34.9360,83.0990,1.2950,1.2835
218.7100,34.9601,83.0551,1.2942,1.2835
218.7600,34.9832,83.0108,1.2930,1.2879
218.8100,35.0054,82.9660,1.2930,1.2879
218.8600,35.0268,82.9208,1.2930,1.2961
218.9100,35.0471,82.8751,1.2961,1.2961
218.9600,35.0664,82.8290,1.2986,1.2980
219.0100,35.0846,82.7824,1.2986,1.2980
219.0600,35.1020,82.7355,1.2974,1.2980
219.1100,35.1185,82.6883,1.2974,1.2980
219.1600,35.1343,82.6409,1.2974,1.2980
219.2100,35.1494,82.5932,1.2974,1.3004
219.2600,35.1636,82.5453,1.3003,1.3004
219.3100,35.1767,82.4970,1.3024,1.2930
219.3600,35.1884,82.4484,1.3025,1.2850
219.4100,35.1982,82.3994,1.3025,1.2827
219.4600,35.2059,82.3500,1.3024,1.2825
219.5100,35.2114,82.3003,1.3009,1.2713
219.5600,35.2149,82.2504,1.2955,1.2713
219.6100,35.2165,82.2004,1.2955,1.2713
219.6600,35.2162,82.1504,1.2955,1.2790
219.7100,35.2144,82.1005,1.2955,1.2790
219.7600,35.2110,82.0506,1.2955,1.2820
219.8100,35.2064,82.0008,1.2975,1.2843
219.8600,35.2007,81.9511,1.2975,1.2846
219.9100,35.1940,81.9016,1.2975,1.2846
219.9600,35.1862,81.8522,1.2967,1.2846
220.0100,35.1770,81.8030,1.2913,1.2843
220.0600,35.1662,81.7542,1.2913,1.2843
220.1100,35.1538,81.7058,1.2967,1.2843
220.1600,35.1402,81.6577,1.2967,1.2855
220.2100,35.1257,81.6098,1.2968,1.2987
220.2600,35.1108,81.5621,1.2976,1.2999
220.3100,35.0954,81.5145,1.3004,1.2999
220.3600,35.0793,81.4672,1.3007,1.2999
220.4100,35.0626,81.4200,1.3026,1.2997
220.4600,35.0450,81.3732,1.3032,1.2992
220.5100,35.0267,81.3267,1.3032,1.2987
220.5600,35.0075,81.2806,1.3026,1.2969
220.6100,34.9873,81.2348,1.3024,1.2969
220.6600,34.9663,81.1894,1.3011,1.2969
220.7100,34.9443,81.1445,1.3010,1.2974
220.7600,34.9215,81.1000,1.3010,1.2974
220.8100,34.8981,81.0559,1.3010,1.2974
220.8600,34.8739,81.0121,1.3010,1.2974
220.9100,34.8491,80.9686,1.3007,1.2951
220.9600,34.8236,80.9256,1.2988,1.2926
221.0100,34.7974,80.8831,1.2962,1.2924
221.0600,34.7705,80.8409,1.2959,1.2924
221.1100,34.7430,80.7992,1.2959,1.2923
221.1600,34.7148,80.7579,1.2958,1.2897
221.2100,34.6859,80.7170,1.2956,1.2904
221.2600,34.6562,80.6768,1.2956,1.2904
221.3100,34.6258,80.6372,1.2949,1.2895
221.3600,34.5947,80.5980,1.2902,1.2895
221.4100,34.5631,80.5592,1.2902,1.2904
221.4600,34.5312,80.5207,1.2902,1.2904
221.5100,34.4988,80.4826,1.2928,1.2914
221.5600,34.4660,80.4449,1.2928,1.2914
221.6100,34.4326,80.4077,1.2928,1.2931
221.6601,34.3987,80.3709,1.2914,1.2931
221.7101,34.3646,80.3343,1.2914,1.2931
221.7601,34.3306,80.2977,1.2914,1.2948
221.8101,34.2966,80.2611,1.2937,1.2948
221.8601,34.2626,80.2243,1.3056,1.3004
221.9101,34.2286,80.1877,1.3068,1.3004
221.9601,34.1945,80.1512,1.3080,1.3018
222.0101,34.1600,80.1149,1.3080,1.3031
222.0601,34.1252,80.0790,1.3080,1.3035
222.1101,34.0903,80.0432,1.3074,1.3035
222.1601,34.0553,80.0075,1.3069,1.3058
222.2101,34.0202,79.9719,1.3049,1.3060
222.2601,33.9852,79.9362,1.3049,1.3072
222.3101,33.9503,79.9004,1.3042,1.3072
222.3601,33.9156,79.8644,1.3042,1.3072
222.4101,33.8811,79.8282,1.3036,1.3060
222.4601,33.8468,79.7918,1.3024,1.3060
222.5101,33.8129,79.7551,1.3014,1.3058
222.5601,33.7792,79.7181,1.3014,1.3058
222.6101,33.7460,79.6807,1.3009,1.3058
222.6601,33.7130,79.6431,1.3009,1.3058
222.7101,33.6803,79.6053,1.3009,1.3058
222.7601,33.6480,79.5672,1.2940,1.2972
222.8101,33.6162,79.5286,1.2940,1.2970
222.8601,33.5850,79.4895,1.2861,1.2970
222.9101,33.5548,79.4496,1.2861,1.2970
222.9601,33.5256,79.4090,1.2857,1.2972
223.0101,33.4977,79.3676,1.2857,1.2993
223.0601,33.4711,79.3252,1.2857,1.3052
223.1101,33.4464,79.2818,1.2878,1.3052
223.1601,33.4238,79.2371,1.2878,1.3061
223.2101,33.4036,79.1914,1.2878,1.3061
223.2601,33.3856,79.1448,1.2878,1.3052
223.3101,33.3694,79.0975,1.2961,1.3052
223.3601,33.3545,79.0498,1.2961,1.3052
223.4101,33.3408,79.0017,1.2963,1.3052
223.4601,33.3284,78.9532,1.2966,1.3090
223.5101,33.3177,78.9044,1.2966,1.3090
223.5601,33.3088,78.8552,1.2966,1.3090
223.6101,33.3018,78.8057,1.2967,1.3082
223.6600,33.2965,78.7560,1.2967,1.3081
223.7100,33.2925,78.7061,1.2985,1.3021
223.7600,33.2895,78.6562,1.2985,1.3021
223.8100,33.2873,78.6063,1.2985,1.3019
223.8600,33.2861,78.5563,1.2985,1.3016
223.9100,33.2858,78.5063,1.2985,1.3019
223.9600,33.2867,78.4563,1.2985,1.3021
224.0100,33.2885,78.4063,1.2985,1.3016
224.0601,33.2912,78.3564,1.2977,1.3016
224.1101,33.2946,78.3065,1.2977,1.3016
224.1601,33.2986,78.2567,1.2968,1.2988
224.2101,33.3029,78.2069,1.2946,1.2987
224.2601,33.3078,78.1571,1.2917,1.2958
224.3101,33.3135,78.1074,1.2917,1.2958
224.3601,33.3199,78.0578,1.2912,1.2958
224.4101,33.3273,78.0084,1.2912,1.2958
224.4601,33.3357,77.9591,1.2912,1.2958
224.5101,33.3450,77.9100,1.2912,1.2958
224.5601,33.3553,77.8610,1.2912,1.2958
224.6101,33.3663,77.8123,1.2912,1.2934
224.6601,33.3778,77.7636,1.2912,1.2934
224.7101,33.3896,77.7150,1.2921,1.2934
224.7601,33.4017,77.6665,1.2921,1.2902
224.8101,33.4138,77.6180,1.2921,1.2934
224.8601,33.4260,77.5695,1.2924,1.2934
224.9101,33.4383,77.5210,1.3013,1.2947
224.9601,33.4505,77.4725,1.3013,1.2971
225.0101,33.4627,77.4241,1.3013,1.3036
225.0601,33.4751,77.3756,1.3006,1.3036
225.1101,33.4878,77.3272,1.3006,1.3036
225.1601,33.5007,77.2789,1.3006,1.3037
225.2101,33.5137,77.2307,1.2999,1.3036
225.2601,33.5269,77.1824,1.2999,1.3036
225.3101,33.5400,77.1342,1.2999,1.3036
225.3601,33.5530,77.0859,1.2999,1.2998
225.4101,33.5659,77.0376,1.2999,1.2976
225.4601,33.5788,76.9893,1.2968,1.2976
225.5101,33.5917,76.9410,1.2938,1.2976
225.5601,33.6048,76.8927,1.2978,1.2960
225.6101,33.6180,76.8445,1.2978,1.2960
225.6601,33.6311,76.7962,1.2978,1.2993
225.7101,33.6442,76.7480,1.2982,1.2993
225.7601,33.6572,76.6997,1.2982,1.2956
225.8101,33.6700,76.6513,1.3003,1.2956
225.8601,33.6827,76.6030,1.3010,1.2993
225.9101,33.6953,76.5546,1.3010,1.2993
225.9601,33.7079,76.5062,1.3010,1.2993
226.0101,33.7204,76.4578,1.3010,1.3005
226.0601,33.7329,76.4094,1.3010,1.3012
226.1101,33.7454,76.3610,1.3010,1.3012
226.1601,33.7580,76.3126,1.3010,1.3012
226.2101,33.7705,76.2641,1.2992,1.2994
226.2601,33.7828,76.2157,1.2992,1.2982
226.3101,33.7951,76.1672,1.2982,1.2966
226.3601,33.8071,76.1187,1.2969,1.2966
226.4102,33.8190,76.0701,1.2950,1.2922
226.4602,33.8308,76.0215,1.2903,1.2922
226.5102,33.8425,75.9729,1.2903,1.2922
226.5602,33.8544,75.9243,1.2903,1.2944
226.6102,33.8665,75.8758,1.2903,1.2944
226.6602,33.8788,75.8273,1.2903,1.2944
226.7102,33.8911,75.7789,1.2907,1.2944
226.7602,33.9034,75.7304,1.2963,1.2944
226.8102,33.9156,75.6819,1.2963,1.2966
226.8602,33.9277,75.6334,1.2963,1.2966
226.9102,33.9398,75.5849,1.2963,1.2968
226.9602,33.9520,75.5364,1.2963,1.2968
227.0102,33.9642,75.4879,1.2950,1.2949
227.0602,33.9765,75.4394,1.2950,1.2949
227.1102,33.9887,75.3910,1.2947,1.2949
227.1602,34.0008,75.3424,1.2947,1.2949
227.2102,34.0128,75.2939,1.2947,1.2943
227.2602,34.0245,75.2453,1.2947,1.2943
227.3102,34.0360,75.1966,1.2947,1.2943
227.3602,34.0473,75.1479,1.2939,1.2924
227.4102,34.0584,75.0992,1.2926,1.2942
227.4602,34.0696,75.0504,1.2926,1.2942
227.5102,34.0809,75.0017,1.2926,1.2942
227.5602,34.0925,74.9531,1.2926,1.2942
227.6102,34.1043,74.9045,1.2926,1.2947
227.6602,34.1166,74.8560,1.2931,1.2947
227.7102,34.1291,74.8076,1.2931,1.2947
227.7602,34.1419,74.7593,1.2958,1.2947
227.8102,34.1547,74.7109,1.2959,1.2951
227.8602,34.1674,74.6626,1.2959,1.2951
227.9102,34.1798,74.6141,1.2959,1.2951
227.9602,34.1920,74.5656,1.2948,1.2951
228.0102,34.2041,74.5171,1.2940,1.2946
228.0602,34.2161,74.4686,1.2921,1.2942
228.1102,34.2282,74.4201,1.2920,1.2922
228.1602,34.2403,74.3715,1.2920,1.2922
228.2102,34.2521,74.3230,1.2920,1.2860
228.2602,34.2637,74.2743,1.2920,1.2840
228.3102,34.2750,74.2256,1.2860,1.2840
228.3602,34.2859,74.1768,1.2848,1.2840
228.4102,34.2964,74.1279,1.2848,1.2879
228.4602,34.3070,74.0791,1.2827,1.2879
228.5103,34.3178,74.0302,1.2808,1.2879
228.5603,34.3292,73.9816,1.2808,1.2860
228.6103,34.3412,73.9330,1.2808,1.2860
228.6603,34.3537,73.8846,1.2923,1.2860
228.7103,34.3663,73.8362,1.2923,1.2889
228.7603,34.3787,73.7878,1.2923,1.2896
228.8103,34.3908,73.7393,1.2923,1.2901
228.8603,34.4026,73.6907,1.2923,1.2907
228.9103,34.4140,73.6420,1.2948,1.2937
228.9603,34.4252,73.5933,1.2948,1.2941
229.0103,34.4364,73.5445,1.2948,1.2941
229.0603,34.4476,73.4958,1.2937,1.2941
229.1103,34.4590,73.4471,1.2937,1.2941
229.1603,34.4706,73.3985,1.2926,1.2941
229.2103,34.4823,73.3499,1.2926,1.2945
229.2603,34.4942,73.3013,1.2926,1.2945
229.3103,34.5062,73.2527,1.2919,1.2945
229.3603,34.5183,73.2042,1.2919,1.2945
229.4103,34.5306,73.1558,1.2919,1.2936
229.4603,34.5428,73.1073,1.2923,1.2936
229.5103,34.5549,73.0588,1.2923,1.2936
229.5603,34.5669,73.0102,1.2923,1.2952
229.6103,34.5790,72.9617,1.2923,1.2952
229.6603,34.5910,72.9132,1.2923,1.2952
229.7103,34.6031,72.8646,1.2992,1.2952
229.7603,34.6151,72.8161,1.2992,1.2952
229.8103,34.6271,72.7676,1.2992,1.2948
229.8603,34.6392,72.7190,1.2946,1.2948
229.9103,34.6514,72.6705,1.2946,1.2948
229.9603,34.6637,72.6221,1.2946,1.2901
230.0103,34.6759,72.5736,1.2946,1.2901
230.0603,34.6880,72.5251,1.2946,1.2888
230.1103,34.6998,72.4765,1.2918,1.2858
230.1603,34.7114,72.4278,1.2861,1.2858
230.2103,34.7226,72.3791,1.2861,1.2854
230.2603,34.7337,72.3304,1.2861,1.2854
230.3103,34.7447,72.2816,1.2861,1.2854
230.3603,34.7558,72.2328,1.2861,1.2881
230.4103,34.7669,72.1841,1.2861,1.2881
230.4603,34.7782,72.1354,1.2861,1.2881
230.5103,34.7895,72.0866,1.2861,1.2901
230.5603,34.8008,72.0380,1.2865,1.2901
230.6104,34.8122,71.9893,1.2902,1.2901
230.6604,34.8235,71.9406,1.2902,1.2901
230.7104,34.8349,71.8919,1.2902,1.2908
230.7604,34.8463,71.8432,1.2917,1.2925
230.8104,34.8576,71.7945,1.2939,1.2925
230.8604,34.8688,71.7457,1.2939,1.2947
230.9104,34.8801,71.6970,1.2939,1.2947
230.9604,34.8914,71.6483,1.2933,1.2947
231.0104,34.9030,71.5997,1.2933,1.2928
231.0604,34.9150,71.5512,1.2927,1.2909
231.1104,34.9273,71.5027,1.2927,1.2909
231.1604,34.9399,71.4543,1.2927,1.2928
231.2104,34.9525,71.4059,1.2927,1.2932
231.2604,34.9652,71.3575,1.2927,1.2936
231.3104,34.9779,71.3092,1.2927,1.2949
231.3604,34.9904,71.2608,1.2927,1.2961
231.4104,35.0026,71.2123,1.3014,1.2961
231.4604,35.0145,71.1637,1.3014,1.3022
231.5104,35.0260,71.1150,1.3016,1.3022
231.5604,35.0373,71.0663,1.3016,1.3022
231.6104,35.0484,71.0176,1.3016,1.3022
231.6604,35.0596,70.9688,1.3016,1.3022
231.7104,35.0708,70.9201,1.3016,1.3029
231.7604,35.0823,70.8714,1.3016,1.3029
231.8104,35.0939,70.8228,1.3016,1.3022
231.8604,35.1055,70.7742,1.3016,1.3022
231.9104,35.1173,70.7256,1.3016,1.2988
231.9604,35.1292,70.6770,1.3016,1.2983
232.0104,35.1413,70.6285,1.2991,1.2983
232.0604,35.1535,70.5800,1.2960,1.2983
232.1104,35.1658,70.5316,1.2960,1.2957
232.1604,35.1782,70.4831,1.2953,1.2957
232.2104,35.1906,70.4347,1.2937,1.2957
232.2604,35.2032,70.3863,1.2937,1.2954
232.3104,35.2161,70.3380,1.2937,1.2954
232.3604,35.2292,70.2897,1.2937,1.2954
232.4104,35.2424,70.2415,1.2981,1.2954
232.4604,35.2556,70.1933,1.2981,1.2954
232.5104,35.2688,70.1450,1.2981,1.2955
232.5604,35.2817,70.0967,1.2981,1.2955
232.6104,35.2945,70.0484,1.2981,1.2955
232.6605,35.3069,69.9999,1.2981,1.2957
232.7105,35.3191,69.9514,1.2981,1.2957
232.7605,35.3309,69.9028,1.2981,1.2989
232.8105,35.3424,69.8542,1.2971,1.2989
232.8605,35.3539,69.8055,1.2942,1.2989
232.9105,35.3654,69.7569,1.2942,1.2941
232.9605,35.3769,69.7082,1.2923,1.2941
233.0105,35.3885,69.6596,1.2923,1.2941
233.0605,35.4002,69.6110,1.2923,1.2956
233.1105,35.4121,69.5624,1.2923,1.2957
233.1605,35.4241,69.5139,1.2923,1.2957
233.2105,35.4363,69.4654,1.2961,1.2974
233.2605,35.4485,69.4169,1.2984,1.2974
233.3105,35.4606,69.3683,1.2984,1.2974
233.3605,35.4726,69.3198,1.2984,1.2974
233.4105,35.4845,69.2712,1.2984,1.2974
233.4605,35.4963,69.2226,1.2995,1.2990
233.5105,35.5081,69.1741,1.2995,1.2990
233.5605,35.5200,69.1255,1.2995,1.2990
233.6105,35.5320,69.0769,1.2995,1.2990
233.6605,35.5441,69.0284,1.2972,1.2990
233.7105,35.5562,68.9799,1.2972,1.2990
233.7605,35.5682,68.9314,1.2964,1.2922
233.8105,35.5800,68.8828,1.2964,1.2922
233.8605,35.5917,68.8342,1.2964,1.2922
233.9105,35.6033,68.7855,1.2954,1.2922
233.9605,35.6150,68.7369,1.2954,1.2913
234.0105,35.6270,68.6884,1.2915,1.2912
234.0605,35.6391,68.6399,1.2915,1.2912
234.1105,35.6513,68.5914,1.2915,1.2912
234.1605,35.6634,68.5429,1.2915,1.2930
234.2105,35.6752,68.4943,1.2915,1.2930
234.2605,35.6869,68.4456,1.2915,1.2930
234.3105,35.6983,68.3970,1.2967,1.2930
234.3605,35.7095,68.3482,1.2967,1.2930
234.4105,35.7206,68.2995,1.2967,1.2947
234.4605,35.7317,68.2507,1.2953,1.2947
234.5105,35.7427,68.2019,1.2953,1.2972
234.5605,35.7537,68.1532,1.2953,1.2972
234.6105,35.7648,68.1044,1.2989,1.2974
234.6605,35.7759,68.0557,1.2989,1.2974
234.7106,35.7871,68.0069,1.2989,1.2974
234.7606,35.7984,67.9582,1.2989,1.2974
234.8106,35.8099,67.9096,1.2989,1.2974
234.8606,35.8215,67.8609,1.2989,1.2974
234.9106,35.8332,67.8123,1.2989,1.2974
234.9606,35.8449,67.7637,1.2989,1.2974
235.0106,35.8567,67.7151,1.2957,1.2974
235.0606,35.8686,67.6665,1.2957,1.2974
235.1106,35.8804,67.6179,1.2957,1.2968
235.1606,35.8920,67.5693,1.2957,1.2939
235.2106,35.9034,67.5206,1.2957,1.2939
235.2606,35.9145,67.4719,1.2944,1.2939
235.3106,35.9253,67.4230,1.2941,1.2945
235.3606,35.9358,67.3742,1.2941,1.2945
235.4106,35.9463,67.3253,1.2941,1.2945
235.4606,35.9568,67.2764,1.2941,1.2947
235.5106,35.9674,67.2275,1.2941,1.2947
235.5606,35.9781,67.1787,1.2944,1.2947
235.6106,35.9889,67.1299,1.2944,1.2947
235.6606,35.9999,67.0811,1.2944,1.2945
235.7106,36.0109,67.0323,1.2957,1.2945
235.7606,36.0220,66.9835,1.2957,1.2945
235.8106,36.0333,66.9348,1.2957,1.2945
235.8606,36.0449,66.8862,1.2941,1.2945
235.9106,36.0567,66.8376,1.2941,1.2945
235.9606,36.0689,66.7891,1.2941,1.2939
236.0106,36.0812,66.7407,1.2941,1.2933
236.0606,36.0937,66.6922,1.2941,1.2923
236.1106,36.1062,66.6438,1.2941,1.2923
236.1606,36.1188,66.5954,1.2918,1.2923
236.2106,36.1313,66.5470,1.2918,1.2933
236.2606,36.1440,66.4986,1.2918,1.2933
236.3106,36.1567,66.4503,1.2916,1.2944
236.3606,36.1696,66.4020,1.2916,1.2944
236.4106,36.1827,66.3537,1.2912,1.2944
236.4606,36.1961,66.3055,1.2910,1.2944
236.5106,36.2099,66.2575,1.2910,1.2921
236.5606,36.2239,66.2095,1.2910,1.2909
236.6106,36.2380,66.1615,1.2907,1.2909
236.6606,36.2522,66.1136,1.2907,1.2909
236.7106,36.2664,66.0656,1.2884,1.2909
236.7606,36.2810,66.0178,1.2884,1.2932
236.8107,36.2960,65.9701,1.2884,1.2932
236.8607,36.3118,65.9226,1.2883,1.2932
236.9107,36.3282,65.8754,1.2884,1.2928
236.9607,36.3452,65.8284,1.2892,1.2904
237.0107,36.3625,65.7815,1.2892,1.2904
237.0607,36.3801,65.7347,1.2892,1.2904
237.1107,36.3979,65.6880,1.2939,1.2909
237.1607,36.4160,65.6413,1.2939,1.2909
237.2107,36.4344,65.5949,1.2886,1.2928
237.2607,36.4534,65.5486,1.2886,1.2947
237.3107,36.4729,65.5026,1.2909,1.2947
237.3607,36.4929,65.4567,1.2909,1.2947
237.4107,36.5131,65.4110,1.2909,1.2875
237.4607,36.5332,65.3652,1.2933,1.2875
237.5107,36.5531,65.3193,1.2933,1.2875
237.5607,36.5730,65.2734,1.2933,1.2875
237.6107,36.5929,65.2276,1.2885,1.2921
237.6607,36.6133,65.1819,1.2878,1.2921
237.7107,36.6341,65.1365,1.2878,1.2921
237.7607,36.6556,65.0913,1.2878,1.2907
237.8107,36.6776,65.0464,1.2889,1.2907
237.8607,36.7002,65.0018,1.2889,1.2907
237.9107,36.7233,64.9575,1.2908,1.2898
237.9607,36.7468,64.9133,1.2908,1.2898
238.0107,36.7705,64.8693,1.2908,1.2898
238.0607,36.7945,64.8254,1.2908,1.2921
238.1107,36.8188,64.7818,1.2908,1.2921
238.1607,36.8436,64.7383,1.2908,1.2931
238.2107,36.8689,64.6952,1.2908,1.2936
238.2607,36.8947,64.6524,1.2909,1.2936
238.3107,36.9212,64.6100,1.2908,1.2940
238.3607,36.9483,64.5679,1.2908,1.2952
238.4107,36.9760,64.5263,1.2908,1.2952
238.4607,37.0044,64.4852,1.2909,1.2952
238.5107,37.0333,64.4444,1.2936,1.2952
238.5607,37.0627,64.4039,1.2936,1.2952
238.6107,37.0925,64.3638,1.2977,1.2971
238.6607,37.1228,64.3240,1.2992,1.2979
238.7107,37.1534,64.2844,1.2992,1.2979
238.7607,37.1844,64.2452,1.2977,1.2979
238.8107,37.2159,64.2064,1.2977,1.2979
238.8607,37.2477,64.1678,1.2977,1.2979
238.9107,37.2799,64.1295,1.2977,1.2976
238.9607,37.3123,64.0915,1.2962,1.2924
239.0107,37.3450,64.0537,1.2915,1.2896
239.0607,37.3781,64.0161,1.2868,1.2896
239.1107,37.4114,63.9788,1.2861,1.2896
239.1607,37.4450,63.9418,1.2861,1.2892
239.2107,37.4788,63.9050,1.2853,1.2892
239.2607,37.5128,63.8683,1.2847,1.2892
239.3107,37.5471,63.8320,1.2847,1.2892
239.3607,37.5818,63.7960,1.2847,1.2892
239.4107,37.6171,63.7605,1.2847,1.2904
239.4607,37.6530,63.7258,1.2851,1.2904
239.5107,37.6898,63.6918,1.2853,1.2912
239.5607,37.7272,63.6587,1.2898,1.2912
239.6107,37.7652,63.6262,1.2907,1.2915
239.6608,37.8037,63.5942,1.2967,1.2926
239.7108,37.8424,63.5625,1.2967,1.2939
239.7608,37.8813,63.5311,1.2967,1.2961
239.8108,37.9204,63.5000,1.2967,1.2970
239.8608,37.9597,63.4691,1.2985,1.2970
239.9108,37.9992,63.4384,1.2985,1.2965
239.9608,38.0389,63.4080,1.2985,1.2965
240.0108,38.0786,63.3777,1.2985,1.2965
240.0608,38.1184,63.3474,1.2985,1.2961
240.1108,38.1583,63.3172,1.2946,1.2954
240.1608,38.1982,63.2871,1.2932,1.2954
240.2108,38.2383,63.2572,1.2929,1.2954
240.2608,38.2786,63.2276,1.2929,1.2954
240.3108,38.3191,63.1984,1.2917,1.2954
240.3608,38.3601,63.1696,1.2929,1.2944
240.4108,38.4013,63.1414,1.2929,1.2944
240.4608,38.4430,63.1138,1.2929,1.2944
240.5108,38.4851,63.0867,1.2929,1.2944
240.5608,38.5276,63.0605,1.2942,1.2944
240.6108,38.5706,63.0350,1.2942,1.2944
240.6608,38.6141,63.0104,1.2942,1.2965
240.7108,38.6580,62.9864,1.2942,1.2965
240.7608,38.7022,62.9630,1.2942,1.2965
240.8108,38.7467,62.9401,1.2942,1.2973
240.8608,38.7914,62.9177,1.2942,1.2995
240.9108,38.8364,62.8959,1.2942,1.2995
240.9608,38.8817,62.8749,1.2942,1.2995
241.0108,38.9275,62.8547,1.2952,1.2995
241.0608,38.9736,62.8354,1.2962,1.2995
241.1108,39.0200,62.8168,1.2962,1.2995
241.1608,39.0666,62.7987,1.2962,1.2982
241.2108,39.1134,62.7811,1.2962,1.3008
241.2608,39.1604,62.7640,1.2962,1.2991
241.3108,39.2077,62.7476,1.2962,1.2976
241.3608,39.2551,62.7319,1.2969,1.2976
241.4108,39.3028,62.7169,1.2990,1.2985
241.4608,39.3508,62.7027,1.3025,1.2985
241.5108,39.3989,62.6891,1.3025,1.2976
241.5608,39.4472,62.6761,1.3025,1.2976
241.6108,39.4956,62.6636,1.2973,1.2976
241.6608,39.5441,62.6516,1.2896,1.2963
241.7108,39.5928,62.6403,1.2896,1.2940
241.7608,39.6417,62.6295,1.2896,1.2940
241.8108,39.6906,62.6193,1.2896,1.2940
241.8608,39.7397,62.6096,1.2921,1.2985
241.9108,39.7889,62.6007,1.2940,1.2986
241.9608,39.8382,62.5926,1.2940,1.3008
242.0108,39.8877,62.5856,1.2940,1.3008
242.0608,39.9374,62.5796,1.2940,1.3008
242.1108,39.9871,62.5747,1.2940,1.3008
242.1608,40.0370,62.5708,1.2965,1.2986
242.2108,40.0869,62.5675,1.2978,1.2968
242.2608,40.1368,62.5644,1.2987,1.2964
242.3108,40.1867,62.5612,1.2987,1.2962
242.3608,40.2365,62.5577,1.2987,1.2962
242.4108,40.2864,62.5538,1.2978,1.2964
242.4608,40.3362,62.5496,1.2967,1.2964
242.5108,40.3860,62.5451,1.2967,1.2964
242.5608,40.4358,62.5405,1.2967,1.2968
242.6108,40.4856,62.5358,1.2966,1.2968
242.6608,40.5354,62.5313,1.2964,1.2964
242.7108,40.5852,62.5268,1.2964,1.2961
242.7609,40.6350,62.5225,1.2960,1.2961
242.8109,40.6848,62.5183,1.2958,1.2961
242.8609,40.7346,62.5140,1.2958,1.2961
242.9109,40.7845,62.5096,1.2953,1.2961
242.9609,40.8343,62.5052,1.2949,1.2983
243.0109,40.8841,62.5009,1.2939,1.2983
243.0609,40.9339,62.4969,1.2939,1.2983
243.1109,40.9838,62.4931,1.2939,1.2950
243.1609,41.0336,62.4894,1.2939,1.2869
243.2109,41.0835,62.4854,1.2939,1.2863
243.2609,41.1333,62.4806,1.2953,1.2863
243.3109,41.1829,62.4747,1.2955,1.2863
243.3609,41.2324,62.4675,1.2955,1.2863
243.4109,41.2817,62.4593,1.2955,1.2863
243.4609,41.3309,62.4505,1.2930,1.2861
243.5109,41.3801,62.4416,1.2834,1.2861
243.5609,41.4294,62.4332,1.2834,1.2861
243.6109,41.4788,62.4256,1.2834,1.2861
243.6609,41.5283,62.4185,1.2871,1.2873
243.7109,41.5779,62.4118,1.2898,1.2874
243.7609,41.6275,62.4052,1.2933,1.2888
243.8109,41.6770,62.3985,1.2933,1.2931
243.8609,41.7265,62.3917,1.2933,1.2931
243.9109,41.7761,62.3848,1.2911,1.2931
243.9609,41.8256,62.3780,1.2889,1.2891
244.0109,41.8752,62.3713,1.2889,1.2891
244.0609,41.9247,62.3645,1.2889,1.2891
244.1109,41.9742,62.3577,1.2889,1.2946
244.1609,42.0238,62.3511,1.2922,1.2967
244.2109,42.0734,62.3446,1.2956,1.2967
244.2609,42.1229,62.3380,1.2973,1.2967
244.3109,42.1725,62.3312,1.2973,1.2967
244.3609,42.2220,62.3241,1.2973,1.2967
244.4109,42.2714,62.3168,1.2964,1.2963
244.4609,42.3209,62.3094,1.2954,1.2963
244.5109,42.3703,62.3019,1.2954,1.2963
244.5609,42.4198,62.2944,1.2954,1.2981
244.6109,42.4692,62.2870,1.2973,1.3020
244.6609,42.5187,62.2797,1.3005,1.3021
244.7109,42.5682,62.2725,1.3026,1.3021
244.7609,42.6177,62.2654,1.3026,1.3021
244.8109,42.6672,62.2584,1.3026,1.2990
244.8609,42.7167,62.2514,1.3005,1.2965
244.9109,42.7662,62.2445,1.2960,1.2961
244.9609,42.8157,62.2376,1.2947,1.2961
245.0109,42.8653,62.2308,1.2947,1.2961
245.0609,42.9148,62.2241,1.2947,1.2961
245.1110,42.9644,62.2177,1.2947,1.2973
245.1610,43.0140,62.2114,1.2947,1.2973
245.2110,43.0637,62.2055,1.2948,1.2973
245.2610,43.1133,62.1997,1.2950,1.2961
245.3110,43.1630,62.1941,1.2950,1.2907
245.3610,43.2127,62.1887,1.2950,1.2906
245.4110,43.2625,62.1834,1.2903,1.2873
245.4610,43.3122,62.1782,1.2892,1.2873
245.5110,43.3619,62.1728,1.2892,1.2873
245.5610,43.4116,62.1674,1.2892,1.2873
245.6110,43.4613,62.1618,1.2903,1.2873
245.6610,43.5110,62.1562,1.2924,1.2907
245.7110,43.5607,62.1506,1.2924,1.2907
245.7610,43.6104,62.1450,1.2925,1.2941
245.8110,43.6601,62.1396,1.2925,1.2941
245.8610,43.7098,62.1346,1.2928,1.2941
245.9110,43.7596,62.1299,1.2928,1.2906
245.9610,43.8094,62.1254,1.2928,1.2906
246.0110,43.8592,62.1211,1.2925,1.2898
246.0610,43.9090,62.1165,1.2925,1.2898
246.1110,43.9587,62.1113,1.2925,1.2898
246.1610,44.0084,62.1056,1.2925,1.2945
246.2110,44.0580,62.0995,1.2932,1.2978
246.2610,44.1077,62.0934,1.2942,1.2983
246.3110,44.1573,62.0875,1.2950,1.2983
246.3610,44.2070,62.0820,1.2956,1.2983
246.4110,44.2568,62.0768,1.2956,1.2974
246.4610,44.3065,62.0719,1.2956,1.2974
246.5110,44.3563,62.0671,1.2956,1.2971
246.5610,44.4061,62.0622,1.2963,1.2971
246.6110,44.4558,62.0572,1.2963,1.2971
246.6610,44.5055,62.0520,1.2963,1.2971
246.7110,44.5552,62.0466,1.2967,1.2964
246.7610,44.6049,62.0409,1.2971,1.2956
246.8110,44.6546,62.0349,1.2971,1.2955
246.8610,44.7042,62.0287,1.2971,1.2948
246.9110,44.7538,62.0222,1.2971,1.2939
246.9610,44.8033,62.0154,1.2971,1.2939
247.0110,44.8528,62.0084,1.2971,1.2939
247.0610,44.9023,62.0012,1.2971,1.2938
247.1110,44.9517,61.9939,1.2863,1.2917
247.1610,45.0012,61.9868,1.2863,1.2891
247.2110,45.0508,61.9800,1.2863,1.2831
247.2611,45.1004,61.9735,1.2863,1.2831
247.3111,45.1499,61.9669,1.2863,1.2831
247.3611,45.1994,61.9597,1.2863,1.2831
247.4111,45.2488,61.9520,1.2863,1.2915
247.4611,45.2982,61.9440,1.2853,1.2915
247.5111,45.3475,61.9360,1.2853,1.2915
247.5611,45.3970,61.9285,1.2853,1.2857
247.6111,45.4464,61.9213,1.2853,1.2857
247.6611,45.4959,61.9141,1.2855,1.2857
247.7111,45.5453,61.9064,1.2896,1.2857
247.7611,45.5946,61.8982,1.2953,1.2952
247.8111,45.6439,61.8895,1.2963,1.3022
247.8611,45.6931,61.8806,1.2974,1.3022
247.9111,45.7423,61.8717,1.2986,1.3022
247.9611,45.7915,61.8628,1.2986,1.3020
248.0111,45.8407,61.8538,1.2986,1.2983
248.0611,45.8899,61.8447,1.3024,1.2965
248.1111,45.9390,61.8354,1.3031,1.2965
248.1611,45.9881,61.8258,1.3038,1.2965
248.2111,46.0370,61.8157,1.3038,1.2965
248.2611,46.0859,61.8052,1.3038,1.2965
248.3111,46.1347,61.7943,1.2988,1.2965
248.3611,46.1835,61.7831,1.2968,1.2959
248.4111,46.2321,61.7717,1.2968,1.2959
248.4611,46.2808,61.7601,1.2967,1.2957
248.5111,46.3294,61.7484,1.2968,1.2949
248.5611,46.3779,61.7364,1.2968,1.2949
248.6111,46.4264,61.7241,1.2967,1.2949
248.6611,46.4748,61.7114,1.2955,1.2949
248.7111,46.5230,61.6983,1.2955,1.2911
248.7611,46.5712,61.6850,1.2955,1.2911
248.8111,46.6193,61.6714,1.2955,1.2911
248.8611,46.6674,61.6575,1.2955,1.2911
248.9111,46.7153,61.6433,1.2961,1.2921
248.9611,46.7632,61.6289,1.2961,1.2921
249.0111,46.8110,61.6142,1.2961,1.2921
249.0611,46.8587,61.5993,1.2961,1.2921
249.1111,46.9063,61.5840,1.2961,1.2911
249.1611,46.9538,61.5682,1.2922,1.2911
249.2111,47.0011,61.5521,1.2914,1.2911
249.2611,47.0483,61.5356,1.2883,1.2911
249.3111,47.0955,61.5190,1.2880,1.2911
249.3611,47.1425,61.5019,1.2880,1.2858
249.4111,47.1893,61.4843,1.2880,1.2858
249.4611,47.2358,61.4660,1.2880,1.2858
249.5111,47.2820,61.4468,1.2894,1.2858
249.5611,47.3278,61.4269,1.2894,1.2858
249.6111,47.3734,61.4063,1.2894,1.2858
249.6611,47.4187,61.3852,1.2894,1.2858
249.7112,47.4639,61.3639,1.2890,1.2858
249.7612,47.5091,61.3424,1.2890,1.2875
249.8112,47.5543,61.3210,1.2890,1.2899
249.8612,47.5994,61.2994,1.2894,1.2899
249.9112,47.6444,61.2777,1.2894,1.2899
249.9612,47.6892,61.2555,1.2923,1.2899
250.0112,47.7337,61.2327,1.2931,1.2924
250.0612,47.7779,61.2092,1.2934,1.2926
250.1112,47.8217,61.1851,1.2946,1.2926
250.1612,47.8651,61.1603,1.2960,1.2924
250.2112,47.9082,61.1350,1.2965,1.2924
250.2612,47.9510,61.1090,1.2985,1.2924
250.3112,47.9933,61.0824,1.2986,1.2924
250.3612,48.0351,61.0550,1.2988,1.2924
250.4112,48.0764,61.0268,1.2988,1.2924
250.4612,48.1171,60.9978,1.2991,1.2912
250.5112,48.1572,60.9679,1.2991,1.2912
250.5612,48.1965,60.9370,1.2991,1.2909
250.6112,48.2353,60.9054,1.2960,1.2909
250.6612,48.2735,60.8732,1.2933,1.2909
250.7112,48.3114,60.8406,1.2886,1.2909
250.7612,48.3492,60.8079,1.2884,1.2909
250.8112,48.3869,60.7750,1.2883,1.2909
250.8612,48.4245,60.7420,1.2874,1.2909
250.9112,48.4619,60.7088,1.2866,1.2886
250.9612,48.4990,60.6753,1.2866,1.2864
251.0112,48.5357,60.6414,1.2861,1.2832
251.0612,48.5719,60.6069,1.2861,1.2824
251.1112,48.6075,60.5718,1.2861,1.2815
251.1612,48.6425,60.5360,1.2855,1.2815
251.2112,48.6769,60.4998,1.2855,1.2815
251.2612,48.7109,60.4631,1.2861,1.2824
251.3112,48.7444,60.4260,1.2861,1.2829
251.3612,48.7774,60.3885,1.2896,1.2829
251.4112,48.8098,60.3504,1.2907,1.2829
251.4612,48.8414,60.3116,1.2907,1.2842
251.5112,48.8720,60.2720,1.2919,1.2846
251.5612,48.9016,60.2317,1.2919,1.2850
251.6112,48.9304,60.1909,1.2919,1.2923
251.6612,48.9587,60.1497,1.2909,1.2966
251.7112,48.9869,60.1084,1.2909,1.2966
251.7612,49.0151,60.0671,1.2909,1.2966
251.8112,49.0434,60.0258,1.2909,1.2961
251.8612,49.0715,59.9845,1.2974,1.2961
251.9112,49.0994,59.9430,1.2976,1.2961
251.9612,49.1268,59.9012,1.2976,1.2961
252.0112,49.1537,59.8590,1.2976,1.2961
252.0612,49.1800,59.8165,1.2976,1.2956
252.1112,49.2058,59.7737,1.2976,1.2956
252.1612,49.2311,59.7305,1.2971,1.2956
252.2112,49.2558,59.6871,1.2971,1.2937
252.2612,49.2800,59.6433,1.2971,1.2917
252.3112,49.3034,59.5991,1.2969,1.2914
252.3612,49.3259,59.5545,1.2968,1.2909
252.4112,49.3472,59.5092,1.2954,1.2907
252.4612,49.3674,59.4635,1.2954,1.2907
252.5112,49.3865,59.4173,1.2925,1.2907
252.5612,49.4050,59.3708,1.2882,1.2907
252.6112,49.4230,59.3242,1.2882,1.2907
252.6612,49.4407,59.2774,1.2880,1.2907
252.7112,49.4582,59.2306,1.2882,1.2907
252.7612,49.4757,59.1837,1.2882,1.2907
252.8112,49.4931,59.1369,1.2882,1.2907
252.8612,49.5104,59.0900,1.2882,1.2897
252.9112,49.5275,59.0430,1.2938,1.2897
252.9612,49.5444,58.9959,1.2941,1.2897
253.0112,49.5608,58.9487,1.2941,1.2922
253.0612,49.5767,58.9013,1.2938,1.2922
253.1112,49.5923,58.8538,1.2931,1.2922
253.1612,49.6074,58.8061,1.2931,1.2915
253.2112,49.6221,58.7583,1.2931,1.2915
253.2612,49.6362,58.7103,1.2931,1.2887
253.3112,49.6496,58.6622,1.2931,1.2887
253.3612,49.6623,58.6138,1.2934,1.2887
253.4112,49.6744,58.5653,1.2951,1.2887
253.4613,49.6859,58.5166,1.2951,1.2939
253.5113,49.6969,58.4679,1.2975,1.2940
253.5613,49.7074,58.4190,1.2951,1.2940
253.6113,49.7173,58.3700,1.2934,1.2940
253.6613,49.7266,58.3208,1.2931,1.2939
253.7113,49.7353,58.2716,1.2931,1.2939
253.7613,49.7435,58.2222,1.2931,1.2939
253.8113,49.7510,58.1728,1.2961,1.2939
253.8613,49.7580,58.1233,1.2992,1.2940
253.9113,49.7644,58.0737,1.2995,1.2966
253.9613,49.7702,58.0241,1.2995,1.2966
254.0113,49.7755,57.9743,1.2992,1.2966
254.0613,49.7805,57.9246,1.2934,1.2945
254.1113,49.7852,57.8748,1.2934,1.2939
254.1613,49.7898,57.8250,1.2934,1.2938
254.2113,49.7942,57.7752,1.2934,1.2938
254.2613,49.7985,57.7254,1.2961,1.2938
254.3113,49.8023,57.6755,1.2991,1.2950
254.3613,49.8056,57.6256,1.2991,1.2955
254.4113,49.8082,57.5757,1.2991,1.2956
254.4613,49.8103,57.5257,1.2991,1.2956
254.5113,49.8117,57.4758,1.2991,1.2956
254.5613,49.8125,57.4258,1.2991,1.2956
254.6113,49.8126,57.3758,1.2991,1.2956
254.6613,49.8120,57.3258,1.2991,1.2955
254.7113,49.8107,57.2758,1.2991,1.2955
254.7613,49.8087,57.2258,1.2989,1.2955
254.8113,49.8060,57.1759,1.2958,1.2955
254.8613,49.8025,57.1260,1.2941,1.2948
254.9113,49.7983,57.0762,1.2925,1.2938
254.9613,49.7933,57.0264,1.2914,1.2938
255.0113,49.7876,56.9768,1.2914,1.2934
255.0613,49.7814,56.9271,1.2914,1.2932
255.1113,49.7750,56.8776,1.2925,1.2922
255.1613,49.7687,56.8280,1.2925,1.2922
255.2113,49.7626,56.7783,1.2925,1.2922
255.2613,49.7568,56.7287,1.2925,1.2922
255.3113,49.7513,56.6790,1.2925,1.2916
255.3613,49.7462,56.6292,1.2923,1.2916
255.4113,49.7413,56.5795,1.2923,1.2913
255.4613,49.7365,56.5297,1.2923,1.2913
255.5113,49.7316,56.4799,1.2951,1.2913
255.5613,49.7261,56.4302,1.2988,1.2912
255.6113,49.7200,56.3806,1.2988,1.2912
255.6613,49.7132,56.3311,1.2988,1.2915
255.7113,49.7059,56.2816,1.2980,1.2912
255.7613,49.6982,56.2322,1.2920,1.2912
255.8113,49.6904,56.1828,1.2888,1.2881
255.8613,49.6825,56.1334,1.2884,1.2849
255.9113,49.6742,56.0841,1.2884,1.2849
255.9613,49.6656,56.0349,1.2884,1.2849
256.0113,49.6565,55.9857,1.2902,1.2881
256.0613,49.6473,55.9366,1.2902,1.2923
256.1113,49.6380,55.8874,1.2902,1.2923
256.1614,49.6288,55.8383,1.2902,1.2933
256.2114,49.6198,55.7891,1.2902,1.2936
256.2614,49.6109,55.7399,1.2902,1.2936
256.3114,49.6021,55.6906,1.2902,1.2940
256.3614,49.5937,55.6414,1.2924,1.2950
256.4114,49.5856,55.5920,1.2945,1.2959
256.4614,49.5779,55.5426,1.2962,1.2959
256.5114,49.5703,55.4932,1.2962,1.2968
256.5614,49.5630,55.4437,1.2962,1.2968
256.6114,49.5557,55.3943,1.2962,1.2968
256.6614,49.5483,55.3448,1.2976,1.2959
256.7114,49.5409,55.2954,1.2976,1.2959
256.7614,49.5334,55.2459,1.2976,1.2959
256.8114,49.5256,55.1965,1.2976,1.2959
256.8614,49.5175,55.1472,1.2969,1.2959
256.9114,49.5089,55.0979,1.2961,1.2959
256.9614,49.4998,55.0488,1.2946,1.2915
257.0114,49.4901,54.9997,1.2895,1.2881
257.0614,49.4801,54.9507,1.2895,1.2881
257.1114,49.4699,54.9018,1.2893,1.2881
257.1614,49.4596,54.8528,1.2893,1.2903
257.2114,49.4495,54.8039,1.2893,1.2903
257.2614,49.4395,54.7549,1.2893,1.2903
257.3114,49.4297,54.7058,1.2890,1.2895
257.3614,49.4200,54.6568,1.2890,1.2895
257.4114,49.4104,54.6077,1.2890,1.2895
257.4614,49.4008,54.5586,1.2909,1.2904
257.5114,49.3913,54.5096,1.2935,1.2904
257.5614,49.3821,54.4604,1.2935,1.2983
257.6114,49.3732,54.4112,1.2947,1.2983
257.6614,49.3648,54.3619,1.2947,1.2985
257.7114,49.3569,54.3125,1.2947,1.2985
257.7614,49.3494,54.2631,1.2947,1.2985
257.8114,49.3421,54.2136,1.2984,1.2978
257.8614,49.3348,54.1642,1.3019,1.2978
257.9114,49.3276,54.1147,1.3019,1.2978
257.9614,49.3201,54.0652,1.3019,1.2978
258.0114,49.3124,54.0158,1.2993,1.2978
258.0614,49.3045,53.9665,1.2984,1.2974
258.1114,49.2964,53.9171,1.2947,1.2955
258.1614,49.2884,53.8678,1.2922,1.2943
258.2114,49.2803,53.8184,1.2922,1.2943
258.2614,49.2723,53.7691,1.2922,1.2943
258.3115,49.2643,53.7197,1.2953,1.2955
258.3615,49.2562,53.6704,1.2953,1.2955
258.4115,49.2482,53.6210,1.2953,1.2955
258.4615,49.2403,53.5716,1.2865,1.2877
258.5115,49.2327,53.5222,1.2858,1.2873
258.5615,49.2252,53.4728,1.2858,1.2873
258.6115,49.2176,53.4234,1.2858,1.2873
258.6615,49.2097,53.3740,1.2940,1.2875
258.7115,49.2015,53.3246,1.2958,1.2927
258.7615,49.1932,53.2754,1.2965,1.2983
258.8115,49.1849,53.2260,1.2965,1.2983
258.8615,49.1769,53.1767,1.2965,1.2983
258.9115,49.1692,53.1273,1.2958,1.2936
258.9615,49.1617,53.0778,1.2958,1.2936
259.0115,49.1541,53.0284,1.2958,1.2936
259.0615,49.1463,52.9790,1.2958,1.2977
259.1115,49.1384,52.9296,1.2993,1.2989
259.1615,49.1304,52.8803,1.2993,1.2989
259.2115,49.1223,52.8309,1.2993,1.2989
259.2615,49.1144,52.7816,1.2993,1.2989
259.3115,49.1066,52.7322,1.2969,1.2959
259.3615,49.0990,52.6828,1.2958,1.2959
259.4115,49.0916,52.6333,1.2958,1.2959
259.4615,49.0842,52.5839,1.2958,1.2959
259.5115,49.0768,52.5344,1.2964,1.2959
259.5615,49.0693,52.4850,1.3002,1.3000
259.6115,49.0619,52.4355,1.3002,1.3000
259.6615,49.0546,52.3861,1.3002,1.3000
259.7115,49.0474,52.3366,1.2873,1.2936
259.7615,49.0404,52.2871,1.2873,1.2876
259.8115,49.0335,52.2375,1.2873,1.2863
259.8615,49.0264,52.1880,1.2890,1.2863
259.9115,49.0189,52.1386,1.2912,1.2863
259.9615,49.0108,52.0893,1.2912,1.2918
260.0115,49.0022,52.0400,1.2912,1.2918
260.0615,48.9933,51.9908,1.2912,1.2918
260.1115,48.9843,51.9416,1.2906,1.2887
260.1615,48.9756,51.8924,1.2906,1.2887
260.2115,48.9670,51.8431,1.2905,1.2887
260.2615,48.9585,51.7938,1.2905,1.2895
260.3115,48.9501,51.7446,1.2905,1.2955
260.3615,48.9417,51.6953,1.2947,1.2992
260.4115,48.9335,51.6459,1.2968,1.3001
260.4616,48.9254,51.5966,1.2968,1.3001
260.5116,48.9177,51.5472,1.2968,1.3001
260.5616,48.9103,51.4977,1.2968,1.2979
260.6116,48.9031,51.4483,1.2968,1.2979
260.6616,48.8958,51.3988,1.2972,1.2979
260.7116,48.8883,51.3494,1.2995,1.2984
260.7616,48.8806,51.2999,1.2995,1.2998
260.8116,48.8728,51.2506,1.2995,1.2998
260.8616,48.8650,51.2012,1.2995,1.2998
260.9116,48.8573,51.1518,1.2995,1.2965
260.9616,48.8495,51.1024,1.2986,1.2946
261.0116,48.8415,51.0530,1.2957,1.2919
261.0616,48.8331,51.0037,1.2943,1.2919
261.1116,48.8244,50.9545,1.2930,1.2919
261.1616,48.8155,50.9053,1.2930,1.2929
261.2116,48.8065,50.8561,1.2928,1.2929
261.2616,48.7977,50.8069,1.2912,1.2929
261.3116,48.7891,50.7576,1.2899,1.2900
261.3616,48.7808,50.7083,1.2899,1.2894
261.4116,48.7727,50.6590,1.2899,1.2894
261.4616,48.7644,50.6096,1.2899,1.2894
261.5116,48.7559,50.5604,1.2911,1.2906
261.5616,48.7470,50.5112,1.2926,1.2952
261.6116,48.7380,50.4620,1.2926,1.2955
261.6616,48.7290,50.4128,1.2926,1.2955
261.7116,48.7203,50.3636,1.2920,1.2955
261.7616,48.7119,50.3143,1.2920,1.2955
261.8116,48.7037,50.2649,1.2920,1.2955
261.8616,48.6957,50.2156,1.2971,1.2958
261.9116,48.6876,50.1662,1.2980,1.2984
261.9616,48.6795,50.1169,1.2980,1.3004
262.0116,48.6713,50.0676,1.2985,1.3004
262.0616,48.6632,50.0182,1.2985,1.3004
262.1116,48.6551,49.9689,1.2980,1.2961
262.1616,48.6471,49.9195,1.2980,1.2958
262.2116,48.6392,49.8702,1.2980,1.2958
262.2616,48.6312,49.8208,1.2980,1.2958
262.3116,48.6232,49.7714,1.2986,1.2958
262.3616,48.6150,49.7221,1.2986,1.2958
262.4116,48.6068,49.6728,1.2986,1.2958
262.4616,48.5985,49.6235,1.2983,1.2953
262.5117,48.5905,49.5741,1.2900,1.2870
262.5617,48.5827,49.5247,1.2863,1.2857
262.6117,48.5750,49.4753,1.2863,1.2857
262.6617,48.5673,49.4259,1.2863,1.2857
262.7117,48.5594,49.3765,1.2902,1.2857
262.7617,48.5512,49.3272,1.2902,1.2883
262.8117,48.5427,49.2779,1.2902,1.2883
262.8617,48.5342,49.2287,1.2902,1.2905
262.9117,48.5258,49.1794,1.2900,1.2928
262.9617,48.5175,49.1301,1.2900,1.2928
263.0117,48.5091,49.0808,1.2900,1.2973
263.0617,48.5006,49.0315,1.2934,1.3016
263.1117,48.4921,48.9822,1.2978,1.3017
263.1617,48.4838,48.9329,1.2979,1.3017
263.2117,48.4759,48.8835,1.2979,1.3017
263.2617,48.4685,48.8341,1.2979,1.3017
263.3117,48.4613,48.7846,1.2978,1.3009
263.3617,48.4541,48.7351,1.2978,1.2955
263.4117,48.4468,48.6857,1.2978,1.2955
263.4617,48.4391,48.6363,1.2987,1.2955
263.5117,48.4312,48.5869,1.2987,1.2955
263.5617,48.4230,48.5376,1.2987,1.2955
263.6117,48.4147,48.4883,1.2987,1.2955
263.6617,48.4061,48.4390,1.2966,1.2952
263.7117,48.3974,48.3897,1.2965,1.2921
263.7617,48.3885,48.3405,1.2948,1.2921
263.8117,48.3792,48.2914,1.2948,1.2921
263.8617,48.3694,48.2424,1.2931,1.2951
263.9117,48.3594,48.1934,1.2905,1.2953
263.9617,48.3493,48.1444,1.2905,1.2953
264.0117,48.3395,48.0954,1.2866,1.2953
264.0617,48.3302,48.0463,1.2860,1.2921
264.1117,48.3215,47.9970,1.2860,1.2881
264.1617,48.3131,47.9477,1.2860,1.2881
264.2117,48.3047,47.8984,1.2903,1.2881
264.2617,48.2960,47.8492,1.2903,1.2884
264.3117,48.2870,47.8000,1.2903,1.2939
264.3617,48.2780,47.7508,1.2903,1.2939
264.4117,48.2691,47.7016,1.2938,1.2952
264.4617,48.2605,47.6524,1.2938,1.2965
264.5117,48.2521,47.6031,1.2953,1.2965
264.5617,48.2437,47.5538,1.2967,1.2965
264.6117,48.2353,47.5045,1.2974,1.2967
264.6617,48.2267,47.4552,1.2974,1.2970
264.7118,48.2180,47.4060,1.2974,1.2970
264.7618,48.2095,47.3567,1.2974,1.2970
264.8118,48.2012,47.3074,1.2952,1.2967
264.8618,48.1933,47.2580,1.2952,1.2931
264.9118,48.1855,47.2087,1.2952,1.2924
264.9618,48.1776,47.1593,1.2971,1.2924
265.0118,48.1695,47.1099,1.3005,1.2924
265.0618,48.1611,47.0606,1.3005,1.2925
265.1118,48.1525,47.0114,1.3005,1.2925
265.1618,48.1440,46.9621,1.2832,1.2925
265.2118,48.1361,46.9127,1.2832,1.2906
265.2618,48.1286,46.8633,1.2832,1.2870
265.3118,48.1214,46.8138,1.2832,1.2870
265.3618,48.1142,46.7643,1.2884,1.2870
265.4118,48.1067,46.7149,1.2932,1.2898
265.4618,48.0987,46.6655,1.2956,1.2948
265.5118,48.0905,46.6162,1.2956,1.2969
265.5618,48.0822,46.5669,1.2956,1.2969
265.6118,48.0740,46.5176,1.2940,1.2969
265.6618,48.0659,46.4682,1.2940,1.2964
265.7118,48.0580,46.4189,1.2940,1.2964
265.7618,48.0502,46.3695,1.2940,1.2964
265.8118,48.0423,46.3201,1.2957,1.2969
265.8618,48.0345,46.2707,1.2979,1.2983
265.9118,48.0268,46.2213,1.2979,1.2983
265.9618,48.0194,46.1718,1.2979,1.2983
266.0118,48.0123,46.1224,1.2979,1.2969
266.0618,48.0055,46.0728,1.2946,1.2948
266.1118,47.9990,46.0232,1.2946,1.2937
266.1618,47.9925,45.9737,1.2946,1.2937
266.2118,47.9860,45.9241,1.2946,1.2937
266.2618,47.9794,45.8745,1.2969,1.2948
266.3118,47.9729,45.8249,1.2969,1.2948
266.3618,47.9662,45.7754,1.2969,1.2948
266.4118,47.9594,45.7258,1.2969,1.2946
266.4618,47.9525,45.6763,1.2944,1.2923
266.5118,47.9456,45.6268,1.2834,1.2896
266.5618,47.9385,45.5773,1.2834,1.2891
266.6118,47.9314,45.5278,1.2834,1.2891
266.6618,47.9244,45.4783,1.2862,1.2891
266.7118,47.9173,45.4288,1.2919,1.2896
266.7618,47.9103,45.3793,1.2919,1.2912
266.8119,47.9030,45.3298,1.2919,1.2912
266.8619,47.8956,45.2804,1.2865,1.2912
266.9119,47.8878,45.2310,1.2834,1.2885
266.9619,47.8799,45.1816,1.2834,1.2860
267.0119,47.8719,45.1323,1.2834,1.2860
267.0619,47.8638,45.0829,1.2847,1.2860
267.1119,47.8558,45.0335,1.2879,1.2860
267.1619,47.8480,44.9842,1.2922,1.2942
267.2119,47.8406,44.9347,1.2946,1.2980
267.2619,47.8338,44.8852,1.2946,1.2980
267.3119,47.8276,44.8356,1.2946,1.2980
267.3619,47.8218,44.7859,1.2946,1.2970
267.4119,47.8164,44.7362,1.2946,1.2951
267.4619,47.8109,44.6865,1.2946,1.2938
267.5119,47.8054,44.6368,1.2946,1.2934
267.5619,47.7997,44.5871,1.2946,1.2934
267.6119,47.7940,44.5374,1.2946,1.2934
267.6619,47.7882,44.4878,1.2950,1.2958
267.7119,47.7826,44.4381,1.2950,1.2958
267.7619,47.7772,44.3884,1.2950,1.2958
267.8119,47.7718,44.3387,1.2950,1.2934
267.8619,47.7665,44.2889,1.2950,1.2934
267.9119,47.7611,44.2392,1.2943,1.2934
267.9619,47.7557,44.1895,1.2943,1.2934
268.0119,47.7505,44.1398,1.2943,1.2934
268.0619,47.7457,44.0900,1.2944,1.2934
268.1119,47.7417,44.0402,1.2948,1.2991
268.1619,47.7386,43.9903,1.2950,1.2992
268.2119,47.7366,43.9403,1.2950,1.2992
268.2619,47.7356,43.8903,1.2950,1.2992
268.3119,47.7353,43.8403,1.2950,1.2992
268.3619,47.7355,43.7903,1.2950,1.2984
268.4119,47.7359,43.7403,1.2944,1.2978
268.4619,47.7364,43.6903,1.2942,1.2978
268.5119,47.7366,43.6403,1.2921,1.2916
268.5619,47.7363,43.5903,1.2916,1.2829
268.6119,47.7352,43.5403,1.2896,1.2829
268.6619,47.7329,43.4904,1.2896,1.2776
268.7119,47.7294,43.4405,1.2873,1.2754
268.7619,47.7250,43.3907,1.2862,1.2738
268.8119,47.7202,43.3409,1.2642,1.2732
268.8619,47.7156,43.2911,1.2634,1.2728
268.9119,47.7120,43.2413,1.2621,1.2724
268.9619,47.7094,43.1913,1.2618,1.2724
269.0119,47.7079,43.1414,1.2618,1.2717
269.0619,47.7078,43.0914,1.2618,1.2710
269.1119,47.7089,43.0414,1.2627,1.2710
269.1619,47.7112,42.9914,1.2662,1.2710
269.2119,47.7144,42.9415,1.2677,1.2710
269.2619,47.7182,42.8917,1.2914,1.2717
269.3119,47.7220,42.8418,1.2931,1.2730
269.3619,47.7256,42.7919,1.2931,1.2783
269.4119,47.7289,42.7420,1.2931,1.2814
269.4619,47.7320,42.6921,1.2935,1.2868
269.5119,47.7350,42.6422,1.2939,1.2965
269.5619,47.7380,42.5923,1.2964,1.2982
269.6119,47.7412,42.5424,1.2964,1.2988
269.6619,47.7446,42.4925,1.2964,1.2988
269.7119,47.7484,42.4427,1.2964,1.2988
269.7619,47.7527,42.3929,1.2963,1.2989
269.8119,47.7573,42.3431,1.2963,1.2992
269.8619,47.7622,42.2933,1.2963,1.3014
269.9120,47.7673,42.2436,1.2963,1.3014
269.9620,47.7726,42.1938,1.2963,1.3014
270.0120,47.7784,42.1442,1.2963,1.3014
270.0620,47.7846,42.0946,1.2963,1.3014
270.1120,47.7915,42.0450,1.2957,1.3014
270.1620,47.7989,41.9956,1.2937,1.3001
270.2120,47.8069,41.9462,1.2930,1.2988
270.2620,47.8152,41.8969,1.2930,1.2948
270.3120,47.8240,41.8477,1.2930,1.2948
270.3620,47.8332,41.7985,1.2930,1.2924
270.4120,47.8426,41.7494,1.2930,1.2924
270.4620,47.8521,41.7003,1.2925,1.2900
270.5120,47.8617,41.6513,1.2883,1.2872
270.5620,47.8716,41.6023,1.2826,1.2872
270.6120,47.8820,41.5534,1.2813,1.2872
270.6620,47.8930,41.5046,1.2813,1.2874
270.7120,47.9047,41.4560,1.2813,1.2874
270.7620,47.9170,41.4075,1.2813,1.2874
270.8120,47.9298,41.3592,1.2917,1.2876
270.8620,47.9428,41.3109,1.2926,1.2876
270.9120,47.9559,41.2626,1.2926,1.2889
270.9620,47.9688,41.2143,1.2926,1.2895
271.0120,47.9818,41.1660,1.2917,1.2902
271.0620,47.9949,41.1178,1.2917,1.2902
271.1120,48.0083,41.0696,1.2917,1.2902
271.1620,48.0218,41.0215,1.2919,1.2902
271.2120,48.0356,40.9734,1.2919,1.2914
271.2620,48.0496,40.9254,1.2919,1.2921
271.3120,48.0638,40.8774,1.2903,1.2931
271.3620,48.0783,40.8296,1.2903,1.2941
271.4120,48.0931,40.7818,1.2902,1.2948
271.4620,48.1083,40.7342,1.2899,1.2948
271.5120,48.1239,40.6867,1.2896,1.2948
271.5620,48.1400,40.6393,1.2896,1.2937
271.6120,48.1565,40.5922,1.2896,1.2921
271.6620,48.1734,40.5451,1.2903,1.2921
271.7120,48.1908,40.4982,1.2903,1.2921
271.7620,48.2085,40.4514,1.2917,1.2924
271.8120,48.2264,40.4048,1.2917,1.2937
271.8620,48.2447,40.3582,1.2917,1.2937
271.9120,48.2632,40.3118,1.2931,1.2937
271.9620,48.2820,40.2654,1.2931,1.2937
272.0120,48.3010,40.2192,1.2931,1.2927
272.0620,48.3203,40.1731,1.2931,1.2927
272.1120,48.3398,40.1270,1.2948,1.2926
272.1620,48.3593,40.0810,1.2931,1.2926
272.2120,48.3788,40.0349,1.2915,1.2926
272.2621,48.3983,39.9889,1.2915,1.2927
272.3121,48.4180,39.9429,1.2915,1.2956
272.3621,48.4377,39.8970,1.2915,1.2956
272.4121,48.4575,39.8511,1.2900,1.2956
272.4621,48.4776,39.8053,1.2915,1.2922
272.5121,48.4979,39.7596,1.2900,1.2918
272.5621,48.5184,39.7140,1.2885,1.2918
272.6121,48.5393,39.6685,1.2885,1.2914
272.6621,48.5605,39.6233,1.2885,1.2908
272.7121,48.5820,39.5781,1.2885,1.2908
272.7621,48.6037,39.5331,1.2885,1.2906
272.8121,48.6255,39.4881,1.2889,1.2906
272.8621,48.6475,39.4431,1.2893,1.2905
272.9121,48.6695,39.3983,1.2917,1.2899
272.9621,48.6917,39.3535,1.2917,1.2898
273.0121,48.7141,39.3087,1.2917,1.2898
273.0621,48.7365,39.2640,1.2925,1.2871
273.1121,48.7588,39.2193,1.2893,1.2871
273.1621,48.7809,39.1745,1.2893,1.2871
273.2121,48.8030,39.1296,1.2893,1.2912
273.2621,48.8252,39.0848,1.2883,1.2920
273.3121,48.8476,39.0401,1.2883,1.2938
273.3621,48.8704,38.9956,1.2893,1.2938
273.4121,48.8938,38.9514,1.2915,1.2964
273.4621,48.9178,38.9075,1.2926,1.2964
273.5121,48.9421,38.8638,1.2926,1.2964
273.5621,48.9666,38.8203,1.2926,1.2932
273.6121,48.9914,38.7768,1.2894,1.2932
273.6621,49.0162,38.7334,1.2894,1.2932
273.7121,49.0413,38.6902,1.2884,1.2932
273.7621,49.0669,38.6472,1.2894,1.2932
273.8121,49.0928,38.6044,1.2894,1.2932
273.8621,49.1190,38.5619,1.2894,1.2918
273.9121,49.1453,38.5193,1.2965,1.2891
273.9621,49.1715,38.4767,1.2965,1.2891
274.0121,49.1972,38.4339,1.2965,1.2891
274.0621,49.2227,38.3908,1.2937,1.2903
274.1121,49.2479,38.3476,1.2917,1.2912
274.1621,49.2731,38.3044,1.2915,1.2912
274.2121,49.2982,38.2612,1.2915,1.2912
274.2621,49.3235,38.2181,1.2917,1.2912
274.3121,49.3488,38.1749,1.2927,1.2912
274.3621,49.3741,38.1318,1.2927,1.2912
274.4122,49.3994,38.0887,1.2927,1.2919
274.4622,49.4248,38.0456,1.2915,1.2919
274.5122,49.4505,38.0027,1.2915,1.2933
274.5622,49.4764,37.9599,1.2915,1.2940
274.6122,49.5026,37.9174,1.2912,1.2940
274.6622,49.5291,37.8750,1.2912,1.2940
274.7122,49.5559,37.8327,1.2903,1.2940
274.7622,49.5828,37.7906,1.2912,1.2934
274.8122,49.6100,37.7486,1.2912,1.2934
274.8622,49.6373,37.7068,1.2937,1.2928
274.9122,49.6648,37.6650,1.2937,1.2934
274.9622,49.6924,37.6233,1.2937,1.2934
275.0122,49.7202,37.5817,1.2937,1.2928
275.0622,49.7480,37.5402,1.2937,1.2913
275.1122,49.7758,37.4986,1.2939,1.2898
275.1622,49.8035,37.4570,1.2941,1.2898
275.2122,49.8309,37.4151,1.2941,1.2898
275.2622,49.8579,37.3730,1.2941,1.2898
275.3122,49.8844,37.3307,1.2941,1.2898
275.3622,49.9106,37.2881,1.2941,1.2927
275.4122,49.9367,37.2454,1.2933,1.2956
275.4622,49.9628,37.2027,1.2932,1.2956
275.5122,49.9890,37.1602,1.2925,1.2956
275.5622,50.0153,37.1177,1.2932,1.2956
275.6122,50.0418,37.0752,1.2932,1.2956
275.6622,50.0683,37.0329,1.2945,1.2956
275.7122,50.0950,36.9905,1.2945,1.2969
275.7622,50.1218,36.9484,1.2945,1.2979
275.8122,50.1490,36.9064,1.2945,1.2979
275.8622,50.1764,36.8646,1.2945,1.2979
275.9122,50.2039,36.8228,1.2952,1.2928
275.9622,50.2314,36.7810,1.2952,1.2928
276.0122,50.2585,36.7390,1.2952,1.2928
276.0622,50.2852,36.6968,1.2952,1.2928
276.1122,50.3116,36.6543,1.2942,1.2942
276.1622,50.3380,36.6118,1.2942,1.2942
276.2122,50.3644,36.5693,1.2942,1.2950
276.2622,50.3908,36.5269,1.2942,1.2950
276.3122,50.4174,36.4845,1.2937,1.2950
276.3622,50.4440,36.4422,1.2937,1.2942
276.4122,50.4705,36.3998,1.2937,1.2942
276.4622,50.4970,36.3574,1.2942,1.2942
276.5122,50.5233,36.3149,1.2942,1.2942
276.5623,50.5495,36.2723,1.2942,1.2947
276.6123,50.5759,36.2298,1.2895,1.2947
276.6623,50.6027,36.1876,1.2895,1.2947
276.7123,50.6301,36.1458,1.2895,1.2925
276.7623,50.6578,36.1042,1.2907,1.2822
276.8123,50.6855,36.0625,1.2930,1.2822
276.8623,50.7130,36.0207,1.2930,1.2822
276.9123,50.7400,35.9787,1.2921,1.2908
276.9623,50.7667,35.9364,1.2926,1.2916
277.0123,50.7931,35.8940,1.2926,1.2916
277.0623,50.8195,35.8515,1.2921,1.2916
277.1123,50.8458,35.8090,1.2921,1.2912
277.1623,50.8722,35.7665,1.2926,1.2912
277.2123,50.8987,35.7241,1.2922,1.2912
277.2623,50.9251,35.6816,1.2917,1.2912
277.3123,50.9515,35.6392,1.2912,1.2912
277.3623,50.9778,35.5966,1.2917,1.2912
277.4123,51.0039,35.5540,1.2913,1.2912
277.4623,51.0300,35.5114,1.2912,1.2916
277.5123,51.0562,35.4688,1.2913,1.2916
277.5623,51.0826,35.4263,1.2917,1.2912
277.6123,51.1091,35.3839,1.2913,1.2907
277.6623,51.1358,35.3416,1.2913,1.2896
277.7123,51.1625,35.2993,1.2913,1.2896
277.7623,51.1891,35.2570,1.2913,1.2896
277.8123,51.2156,35.2146,1.2892,1.2885
277.8623,51.2420,35.1721,1.2871,1.2905
277.9123,51.2685,35.1297,1.2871,1.2905
277.9623,51.2950,35.0873,1.2913,1.2905
278.0123,51.3215,35.0449,1.2913,1.2898
278.0623,51.3479,35.0024,1.2913,1.2905
278.1123,51.3742,34.9599,1.2915,1.2905
278.1623,51.4002,34.9172,1.2915,1.2905
278.2123,51.4260,34.8744,1.2906,1.2898
278.2623,51.4517,34.8315,1.2906,1.2905
278.3123,51.4775,34.7886,1.2899,1.2905
278.3623,51.5035,34.7459,1.2892,1.2898
278.4123,51.5296,34.7033,1.2892,1.2898
278.4623,51.5558,34.6607,1.2892,1.2905
278.5123,51.5818,34.6180,1.2892,1.2906
278.5623,51.6076,34.5752,1.2899,1.2906
278.6123,51.6333,34.5323,1.2899,1.2943
278.6623,51.6591,34.4894,1.2899,1.2943
278.7124,51.6852,34.4468,1.2899,1.2953
278.7624,51.7117,34.4044,1.2906,1.2981
278.8124,51.7387,34.3623,1.2969,1.2981
278.8624,51.7661,34.3205,1.2991,1.2981
278.9124,51.7937,34.2787,1.2991,1.2981
278.9624,51.8212,34.2370,1.3015,1.2969
279.0124,51.8484,34.1950,1.3015,1.2966
279.0624,51.8753,34.1529,1.3015,1.2966
279.1124,51.9021,34.1107,1.3013,1.2966
279.1624,51.9287,34.0684,1.2982,1.2966
279.2124,51.9554,34.0261,1.2982,1.2969
279.2624,51.9822,33.9838,1.2982,1.2969
279.3124,52.0090,33.9416,1.2995,1.2969
279.3624,52.0357,33.8994,1.2995,1.2969
279.4124,52.0622,33.8570,1.2995,1.2955
279.4624,52.0885,33.8144,1.2995,1.2951
279.5124,52.1145,33.7717,1.2963,1.2951
279.5624,52.1405,33.7290,1.2917,1.2951
279.6124,52.1666,33.6863,1.2901,1.2944
279.6624,52.1930,33.6439,1.2896,1.2944
279.7124,52.2198,33.6017,1.2896,1.2944
279.7624,52.2469,33.5596,1.2896,1.2925
279.8124,52.2740,33.5177,1.2932,1.2913
279.8624,52.3012,33.4757,1.2932,1.2913
279.9124,52.3281,33.4336,1.2932,1.2913
279.9624,52.3550,33.3914,1.2932,1.2915
280.0124,52.3817,33.3491,1.2921,1.2917
280.0624,52.4085,33.3069,1.2921,1.2917
280.1124,52.4354,33.2647,1.2921,1.2917
280.1624,52.4625,33.2227,1.2921,1.2917
280.2124,52.4896,33.1807,1.2921,1.2917
280.2624,52.5167,33.1387,1.2939,1.2944
280.3124,52.5438,33.0966,1.2946,1.2954
280.3624,52.5707,33.0545,1.2946,1.2971
280.4124,52.5977,33.0124,1.2946,1.2971
280.4624,52.6246,32.9703,1.2918,1.2971
280.5124,52.6517,32.9283,1.2918,1.2971
280.5624,52.6790,32.8864,1.2918,1.2971
280.6124,52.7064,32.8445,1.2933,1.2910
280.6624,52.7337,32.8026,1.2933,1.2910
280.7124,52.7608,32.7606,1.2933,1.2910
280.7624,52.7877,32.7185,1.2933,1.2910
280.8124,52.8144,32.6762,1.2918,1.2918
280.8625,52.8409,32.6338,1.2918,1.2918
280.9125,52.8674,32.5914,1.2918,1.2918
280.9625,52.8938,32.5489,1.2918,1.2916
281.0125,52.9202,32.5065,1.2918,1.2912
281.0625,52.9466,32.4640,1.2913,1.2912
281.1125,52.9730,32.4215,1.2913,1.2912
281.1625,52.9995,32.3791,1.2904,1.2912
281.2125,53.0260,32.3367,1.2904,1.2912
281.2625,53.0527,32.2945,1.2904,1.2912
281.3125,53.0796,32.2523,1.2902,1.2912
281.3625,53.1067,32.2102,1.2902,1.2912
281.4125,53.1339,32.1683,1.2902,1.2908
281.4625,53.1612,32.1264,1.2913,1.2903
281.5125,53.1885,32.0845,1.2922,1.2903
281.5625,53.2157,32.0426,1.2922,1.2903
281.6125,53.2428,32.0005,1.2922,1.2903
281.6625,53.2697,31.9584,1.2922,1.2903
281.7125,53.2966,31.9162,1.2922,1.2905
281.7625,53.3233,31.8740,1.2924,1.2905
281.8125,53.3500,31.8317,1.2924,1.2878
281.8625,53.3765,31.7893,1.2924,1.2878
281.9125,53.4027,31.7467,1.2924,1.2878
281.9625,53.4287,31.7040,1.2904,1.2878
282.0125,53.4543,31.6610,1.2904,1.2878
282.0625,53.4796,31.6179,1.2868,1.2883
282.1125,53.5049,31.5748,1.2851,1.2885
282.1625,53.5303,31.5317,1.2851,1.2913
282.2125,53.5560,31.4888,1.2851,1.2913
282.2625,53.5820,31.4461,1.2862,1.2907
282.3125,53.6084,31.4036,1.2883,1.2907
282.3625,53.6350,31.3613,1.2883,1.2900
282.4125,53.6619,31.3191,1.2898,1.2892
282.4625,53.6888,31.2770,1.2898,1.2892
282.5125,53.7157,31.2348,1.2899,1.2892
282.5625,53.7425,31.1926,1.2900,1.2892
282.6125,53.7692,31.1503,1.2900,1.2892
282.6625,53.7956,31.1079,1.2910,1.2892
282.7125,53.8216,31.0652,1.2924,1.2885
282.7625,53.8474,31.0224,1.2932,1.2873
282.8125,53.8729,30.9794,1.2932,1.2873
282.8625,53.8982,30.9362,1.2940,1.2873
282.9125,53.9232,30.8929,1.2957,1.2873
282.9626,53.9479,30.8494,1.2983,1.2942
283.0126,53.9724,30.8058,1.2991,1.3018
283.0626,53.9968,30.7622,1.2991,1.3050
283.1126,54.0212,30.7186,1.2992,1.3050
283.1626,54.0457,30.6750,1.2992,1.3050
283.2126,54.0701,30.6313,1.2992,1.2986
283.2626,54.0942,30.5875,1.2992,1.2985
283.3126,54.1180,30.5435,1.2992,1.2985
283.3626,54.1416,30.4995,1.2999,1.2985
283.4126,54.1650,30.4552,1.3007,1.2988
283.4626,54.1882,30.4109,1.3023,1.2988
283.5126,54.2110,30.3665,1.3040,1.2998
283.5626,54.2335,30.3218,1.3040,1.2998
283.6126,54.2555,30.2769,1.3040,1.2998
283.6626,54.2769,30.2317,1.3040,1.2976
283.7126,54.2979,30.1863,1.3007,1.2976
283.7626,54.3184,30.1407,1.2997,1.2976
283.8126,54.3388,30.0951,1.2987,1.2976
283.8626,54.3592,30.0494,1.2987,1.3017
283.9126,54.3797,30.0038,1.2987,1.3017
283.9626,54.4004,29.9583,1.2987,1.3017
284.0126,54.4211,29.9128,1.2987,1.3007
284.0626,54.4417,29.8672,1.2987,1.2943
284.1126,54.4620,29.8215,1.2957,1.2943
284.1626,54.4817,29.7756,1.2898,1.2880
284.2126,54.5008,29.7294,1.2896,1.2880
284.2626,54.5192,29.6829,1.2896,1.2868
284.3126,54.5369,29.6361,1.2892,1.2868
284.3626,54.5540,29.5891,1.2892,1.2868
284.4126,54.5706,29.5420,1.2892,1.2868
284.4626,54.5869,29.4947,1.2892,1.2868
284.5126,54.6030,29.4473,1.2898,1.2880
284.5626,54.6190,29.4000,1.2913,1.2880
284.6126,54.6347,29.3525,1.2913,1.2880
284.6626,54.6501,29.3049,1.2926,1.2892
284.7126,54.6649,29.2572,1.2926,1.2907
284.7626,54.6792,29.2092,1.2926,1.2910
284.8126,54.6930,29.1612,1.2952,1.2910
284.8626,54.7063,29.1130,1.2952,1.2921
284.9126,54.7192,29.0647,1.2952,1.2921
284.9626,54.7315,29.0162,1.2956,1.2921
285.0126,54.7430,28.9676,1.2956,1.2793
285.0626,54.7536,28.9187,1.2956,1.2793
285.1126,54.7631,28.8696,1.2942,1.2793
285.1626,54.7719,28.8204,1.2942,1.2904
285.2126,54.7803,28.7711,1.2920,1.2904
285.2626,54.7884,28.7217,1.2920,1.2951
285.3126,54.7965,28.6724,1.2919,1.2951
285.3626,54.8045,28.6230,1.2919,1.2951
285.4126,54.8125,28.5737,1.2911,1.2935
285.4626,54.8203,28.5243,1.2911,1.2899
285.5127,54.8278,28.4749,1.2908,1.2899
285.5627,54.8348,28.4254,1.2904,1.2899
285.6127,54.8415,28.3758,1.2904,1.2894
285.6627,54.8479,28.3262,1.2904,1.2899
285.7127,54.8542,28.2766,1.2908,1.2894
285.7627,54.8603,28.2270,1.2940,1.2894
285.8127,54.8662,28.1773,1.2940,1.2894
285.8627,54.8716,28.1276,1.2940,1.2892
285.9127,54.8765,28.0779,1.2929,1.2892
285.9627,54.8809,28.0280,1.2929,1.2860
286.0127,54.8847,27.9782,1.2929,1.2860
286.0627,54.8878,27.9283,1.2929,1.2860
286.1127,54.8902,27.8783,1.2940,1.2890
286.1627,54.8920,27.8284,1.2940,1.2947
286.2127,54.8932,27.7784,1.2958,1.2947
286.2627,54.8940,27.7284,1.2958,1.3005
286.3127,54.8946,27.6784,1.2958,1.3005
286.3627,54.8948,27.6284,1.2941,1.3005
286.4127,54.8946,27.5784,1.2922,1.2923
286.4627,54.8936,27.5284,1.2914,1.2863
286.5127,54.8915,27.4784,1.2912,1.2859
286.5627,54.8880,27.4286,1.2912,1.2859
286.6127,54.8834,27.3788,1.2912,1.2859
286.6627,54.8778,27.3291,1.2912,1.2863
286.7127,54.8718,27.2794,1.2904,1.2891
286.7627,54.8658,27.2298,1.2904,1.2891
286.8127,54.8602,27.1801,1.2904,1.2891
286.8627,54.8552,27.1304,1.2887,1.2891
286.9127,54.8507,27.0806,1.2887,1.2891
286.9627,54.8467,27.0307,1.2871,1.2891
287.0127,54.8431,26.9809,1.2887,1.2891
287.0627,54.8397,26.9310,1.2887,1.2891
287.1127,54.8361,26.8811,1.2871,1.2891
287.1627,54.8322,26.8312,1.2871,1.2902
287.2127,54.8278,26.7814,1.2887,1.2902
287.2627,54.8228,26.7317,1.2885,1.2902
287.3127,54.8168,26.6820,1.2885,1.2902
287.3627,54.8100,26.6325,1.2885,1.2902
287.4127,54.8023,26.5831,1.2877,1.2881
287.4627,54.7941,26.5338,1.2866,1.2881
287.5127,54.7858,26.4845,1.2866,1.2875
287.5627,54.7777,26.4351,1.2866,1.2875
287.6127,54.7696,26.3858,1.2866,1.2841
287.6627,54.7614,26.3365,1.2868,1.2841
287.7127,54.7529,26.2872,1.2880,1.2841
287.7627,54.7441,26.2380,1.2882,1.2951
287.8127,54.7351,26.1888,1.2912,1.2951
287.8627,54.7261,26.1396,1.2912,1.2951
287.9127,54.7170,26.0904,1.2912,1.2909
287.9627,54.7076,26.0413,1.2912,1.2901
288.0127,54.6976,25.9923,1.2939,1.2891
288.0627,54.6868,25.9435,1.2909,1.2881
288.1127,54.6754,25.8948,1.2909,1.2881
288.1627,54.6636,25.8462,1.2880,1.2881
288.2127,54.6517,25.7977,1.2868,1.2891
288.2627,54.6399,25.7491,1.2868,1.2891
288.3127,54.6284,25.7004,1.2868,1.2891
288.3627,54.6170,25.6517,1.2870,1.2877
288.4128,54.6054,25.6031,1.2891,1.2877
288.4628,54.5933,25.5546,1.2891,1.2877
288.5128,54.5805,25.5062,1.2919,1.2877
288.5628,54.5668,25.4582,1.2919,1.2877
288.6128,54.5521,25.4104,1.2919,1.2880
288.6628,54.5365,25.3629,1.2952,1.2932
288.7128,54.5202,25.3156,1.2963,1.2932
288.7628,54.5035,25.2685,1.2968,1.2932
288.8128,54.4865,25.2214,1.2988,1.2999
288.8628,54.4694,25.1745,1.3017,1.2999
288.9128,54.4521,25.1275,1.3019,1.2999
288.9628,54.4347,25.0807,1.3031,1.2999
289.0128,54.4170,25.0339,1.3031,1.2993
289.0628,54.3988,24.9873,1.3030,1.2993
289.1128,54.3802,24.9409,1.3030,1.2988
289.1628,54.3613,24.8946,1.3017,1.2988
289.2128,54.3422,24.8484,1.3007,1.2988
289.2628,54.3232,24.8022,1.2933,1.2988
289.3128,54.3041,24.7559,1.2929,1.2948
289.3628,54.2850,24.7097,1.2925,1.2898
289.4128,54.2655,24.6637,1.2925,1.2898
289.4628,54.2454,24.6179,1.2925,1.2897
289.5128,54.2249,24.5723,1.2925,1.2897
289.5628,54.2040,24.5269,1.2925,1.2897
289.6128,54.1827,24.4816,1.2923,1.2897
289.6628,54.1611,24.4365,1.2923,1.2897
289.7128,54.1392,24.3916,1.2923,1.2897
289.7628,54.1169,24.3469,1.2923,1.2897
289.8128,54.0942,24.3023,1.2923,1.2897
289.8628,54.0711,24.2580,1.2937,1.2897
289.9128,54.0475,24.2138,1.2939,1.2922
289.9628,54.0236,24.1699,1.2939,1.2922
290.0128,53.9993,24.1262,1.2939,1.2922
290.0628,53.9746,24.0827,1.2940,1.2935
290.1128,53.9495,24.0395,1.2950,1.2922
290.1628,53.9239,23.9965,1.2956,1.2909
290.2128,53.8978,23.9539,1.2956,1.2907
290.2628,53.8711,23.9116,1.2956,1.2907
290.3128,53.8439,23.8697,1.2957,1.2907
290.3628,53.8162,23.8280,1.2957,1.2962
290.4128,53.7883,23.7866,1.2956,1.2962
290.4628,53.7602,23.7452,1.2956,1.2962
290.5128,53.7321,23.7038,1.2956,1.2962
290.5628,53.7040,23.6625,1.2954,1.2954
290.6128,53.6758,23.6212,1.2954,1.2945
290.6628,53.6473,23.5801,1.2954,1.2914
290.7128,53.6185,23.5393,1.2943,1.2907
290.7628,53.5893,23.4986,1.2921,1.2914
290.8128,53.5598,23.4582,1.2921,1.2945
290.8628,53.5302,23.4180,1.2921,1.2957
290.9128,53.5004,23.3778,1.2936,1.2957
290.9629,53.4706,23.3377,1.2951,1.2957
291.0129,53.4407,23.2976,1.2951,1.2931
291.0629,53.4106,23.2576,1.2951,1.2931
291.1129,53.3803,23.2179,1.2951,1.2920
291.1629,53.3497,23.1783,1.2936,1.2920
291.2129,53.3189,23.1389,1.2936,1.2920
291.2629,53.2880,23.0996,1.2965,1.2931
291.3129,53.2571,23.0603,1.2965,1.2969
291.3629,53.2263,23.0210,1.2966,1.2969
291.4129,53.1953,22.9817,1.2966,1.2969
291.4629,53.1642,22.9425,1.2966,1.2910
291.5129,53.1328,22.9036,1.2966,1.2910
291.5629,53.1010,22.8650,1.2963,1.2910
291.6129,53.0689,22.8267,1.2949,1.2955
291.6629,53.0366,22.7885,1.2949,1.2999
291.7129,53.0043,22.7504,1.2949,1.3020
291.7629,52.9721,22.7121,1.2963,1.3020
291.8129,52.9400,22.6738,1.2975,1.3041
291.8629,52.9080,22.6354,1.2999,1.3041
291.9129,52.8760,22.5969,1.3027,1.3020
291.9629,52.8441,22.5584,1.3027,1.3020
292.0129,52.8121,22.5200,1.3027,1.3020
292.0629,52.7801,22.4816,1.3011,1.2999
292.1129,52.7479,22.4433,1.3011,1.2999
292.1629,52.7155,22.4053,1.3007,1.3000
292.2129,52.6828,22.3674,1.2995,1.3000
292.2629,52.6500,22.3297,1.2995,1.2999
292.3129,52.6172,22.2919,1.2995,1.2991
292.3629,52.5844,22.2542,1.2995,1.2983
292.4129,52.5517,22.2164,1.2998,1.2983
292.4629,52.5190,22.1785,1.2998,1.2983
292.5129,52.4864,22.1406,1.2998,1.2983
292.5629,52.4536,22.1029,1.2998,1.2983
292.6129,52.4205,22.0654,1.2985,1.2983
292.6629,52.3873,22.0280,1.2985,1.3000
292.7129,52.3537,21.9910,1.2998,1.3016
292.7629,52.3200,21.9540,1.2998,1.3016
292.8129,52.2862,21.9172,1.2999,1.3016
292.8629,52.2522,21.8805,1.2999,1.2989
292.9129,52.2182,21.8439,1.2999,1.2961
292.9629,52.1840,21.8074,1.2999,1.2961
293.0129,52.1497,21.7710,1.2999,1.2961
293.0630,52.1154,21.7346,1.2978,1.2961
293.1130,52.0813,21.6980,1.2923,1.2961
293.1630,52.0477,21.6610,1.2910,1.2961
293.2130,52.0145,21.6237,1.2897,1.2944
293.2630,51.9816,21.5860,1.2897,1.2927
293.3130,51.9489,21.5481,1.2897,1.2902
293.3630,51.9161,21.5104,1.2898,1.2902
293.4130,51.8829,21.4730,1.2911,1.2902
293.4630,51.8494,21.4359,1.2911,1.2927
293.5130,51.8155,21.3992,1.2915,1.2963
293.5630,51.7813,21.3626,1.2924,1.2963
293.6130,51.7471,21.3262,1.2946,1.2963
293.6630,51.7127,21.2899,1.2946,1.2970
293.7130,51.6782,21.2537,1.2954,1.2970
293.7630,51.6435,21.2177,1.2967,1.2975
293.8130,51.6087,21.1818,1.2980,1.2975
293.8630,51.5738,21.1460,1.3010,1.2976
293.9130,51.5389,21.1102,1.3010,1.2976
293.9630,51.5041,21.0743,1.3010,1.2976
294.0130,51.4695,21.0382,1.3010,1.2976
294.0630,51.4350,21.0019,1.2997,1.2975
294.1130,51.4008,20.9655,1.2980,1.2971
294.1630,51.3668,20.9289,1.2979,1.2963
294.2130,51.3329,20.8921,1.2961,1.2963
294.2630,51.2992,20.8552,1.2908,1.2887
294.3130,51.2654,20.8183,1.2906,1.2877
294.3630,51.2316,20.7814,1.2901,1.2822
294.4130,51.1977,20.7447,1.2898,1.2812
294.4630,51.1635,20.7082,1.2877,1.2803
294.5130,51.1291,20.6719,1.2877,1.2803
294.5630,51.0946,20.6358,1.2833,1.2803
294.6130,51.0599,20.5997,1.2818,1.2804
294.6630,51.0254,20.5636,1.2792,1.2829
294.7130,50.9910,20.5272,1.2792,1.2831
294.7630,50.9569,20.4907,1.2792,1.2831
294.8130,50.9228,20.4541,1.2889,1.2861
294.8630,50.8887,20.4175,1.2903,1.2892
294.9130,50.8546,20.3810,1.2912,1.2971
294.9630,50.8204,20.3445,1.2914,1.2971
295.0130,50.7862,20.3080,1.2951,1.2982
295.0630,50.7522,20.2714,1.2951,1.2998
295.1130,50.7182,20.2346,1.2967,1.3001
295.1630,50.6843,20.1979,1.2983,1.3001
295.2131,50.6503,20.1612,1.3072,1.3005
295.2631,50.6161,20.1248,1.3072,1.3030
295.3131,50.5815,20.0887,1.3072,1.3059
295.3631,50.5466,20.0529,1.3072,1.3059
295.4131,50.5116,20.0172,1.3072,1.3059
295.4631,50.4765,19.9815,1.3055,1.3059
295.5131,50.4416,19.9457,1.3050,1.3033
295.5631,50.4068,19.9099,1.3021,1.3016
295.6131,50.3721,19.8738,1.3018,1.3015
295.6631,50.3378,19.8374,1.2922,1.3008
295.7131,50.3040,19.8006,1.2915,1.3003
295.7631,50.2708,19.7632,1.2915,1.2935
295.8131,50.2379,19.7255,1.2896,1.2916
295.8631,50.2052,19.6877,1.2896,1.2864
295.9131,50.1722,19.6502,1.2896,1.2848
295.9631,50.1386,19.6131,1.2890,1.2832
296.0131,50.1045,19.5766,1.2872,1.2802
296.0631,50.0699,19.5405,1.2848,1.2802
296.1131,50.0350,19.5046,1.2848,1.2802
296.1631,50.0002,19.4687,1.2848,1.2846
296.2131,49.9655,19.4327,1.2848,1.2848
296.2631,49.9310,19.3965,1.2855,1.2848
296.3131,49.8967,19.3602,1.2886,1.2890
296.3631,49.8625,19.3237,1.2897,1.2890
296.4131,49.8283,19.2872,1.2907,1.2926
296.4631,49.7941,19.2508,1.2946,1.2926
296.5131,49.7597,19.2144,1.2946,1.2937
296.5631,49.7252,19.1782,1.2946,1.2961
296.6131,49.6906,19.1422,1.3005,1.2999
296.6631,49.6559,19.1061,1.3009,1.2999
296.7131,49.6214,19.0700,1.3037,1.3014
296.7631,49.5869,19.0338,1.3037,1.3026
296.8131,49.5525,18.9975,1.3037,1.3032
296.8631,49.5180,18.9613,1.3037,1.3039
296.9131,49.4836,18.9250,1.3037,1.3039
296.9631,49.4492,18.8888,1.3009,1.3039
297.0131,49.4149,18.8524,1.3009,1.3036
297.0631,49.3808,18.8158,1.2987,1.3026
297.1131,49.3468,18.7791,1.2968,1.2997
297.1631,49.3129,18.7424,1.2968,1.2969
297.2131,49.2789,18.7057,1.2956,1.2947
297.2631,49.2448,18.6691,1.2956,1.2943
297.3131,49.2106,18.6326,1.2944,1.2938
297.3631,49.1763,18.5962,1.2917,1.2922
297.4131,49.1419,18.5600,1.2911,1.2895
297.4631,49.1073,18.5239,1.2896,1.2879
297.5132,49.0725,18.4880,1.2870,1.2855
297.5632,49.0375,18.4523,1.2856,1.2853
297.6132,49.0024,18.4166,1.2853,1.2853
297.6632,48.9674,18.3809,1.2853,1.2853
297.7132,48.9327,18.3449,1.2853,1.2879
297.7632,48.8984,18.3085,1.2854,1.2895
297.8132,48.8646,18.2717,1.2859,1.2895
297.8632,48.8310,18.2347,1.2986,1.2912
297.9132,48.7974,18.1976,1.2988,1.2912
297.9632,48.7637,18.1607,1.2988,1.2912
298.0132,48.7298,18.1240,1.3004,1.2989
298.0632,48.6957,18.0873,1.3012,1.3014
298.1132,48.6618,18.0506,1.3017,1.3017
298.1632,48.6279,18.0139,1.3026,1.3017
298.2132,48.5940,17.9771,1.3029,1.3023
298.2632,48.5601,17.9403,1.3030,1.3023
298.3132,48.5262,17.9036,1.3031,1.3039
298.3632,48.4922,17.8669,1.3031,1.3049
298.4132,48.4581,17.8304,1.3031,1.3049
298.4632,48.4238,17.7939,1.3031,1.3049
298.5132,48.3895,17.7576,1.3027,1.3002
298.5632,48.3551,17.7213,1.3012,1.3002
298.6132,48.3208,17.6849,1.2959,1.3002
298.6632,48.2867,17.6484,1.2944,1.3001
298.7132,48.2528,17.6115,1.2944,1.3001
298.7632,48.2192,17.5745,1.2919,1.3001
298.8132,48.1858,17.5373,1.2911,1.3000
298.8632,48.1525,17.5001,1.2867,1.3000
298.9132,48.1191,17.4629,1.2856,1.2924
298.9632,48.0854,17.4259,1.2845,1.2828
299.0132,48.0513,17.3893,1.2845,1.2807
299.0632,48.0167,17.3532,1.2834,1.2807
299.1132,47.9818,17.3174,1.2834,1.2807
299.1632,47.9466,17.2819,1.2834,1.2839
299.2132,47.9113,17.2464,1.2862,1.2843
299.2632,47.8761,17.2110,1.2862,1.2848
299.3132,47.8408,17.1755,1.2877,1.2848
299.3632,47.8057,17.1399,1.2891,1.2852
299.4132,47.7706,17.1043,1.2899,1.2879
299.4632,47.7357,17.0685,1.2933,1.2911
299.5132,47.7009,17.0327,1.2976,1.2911
299.5632,47.6662,16.9966,1.3000,1.2919
299.6132,47.6317,16.9604,1.3016,1.3000
299.6633,47.5974,16.9241,1.3067,1.3024
299.7133,47.5632,16.8875,1.3143,1.3033
299.7633,47.5291,16.8510,1.3143,1.3035
299.8133,47.4951,16.8143,1.3143,1.3062
299.8633,47.4611,16.7777,1.3086,1.3062
299.9133,47.4272,16.7409,1.3086,1.3062
299.9633,47.3934,16.7041,1.3086,1.3035
300.0133,47.3596,16.6672,1.3026,1.3035
300.0633,47.3257,16.6304,1.3011,1.3024
300.1133,47.2918,16.5937,1.2991,1.3024
300.1633,47.2578,16.5570,1.2927,1.3015
300.2133,47.2239,16.5203,1.2923,1.3015
300.2633,47.1901,16.4835,1.2914,1.2930
300.3133,47.1563,16.4465,1.2887,1.2929
300.3633,47.1225,16.4097,1.2863,1.2855
300.4133,47.0884,16.3731,1.2860,1.2854
300.4633,47.0540,16.3369,1.2857,1.2850
300.5133,47.0193,16.3009,1.2855,1.2850
300.5633,46.9844,16.2651,1.2850,1.2850
300.6133,46.9493,16.2294,1.2850,1.2850
300.6633,46.9143,16.1938,1.2850,1.2850
300.7133,46.8794,16.1580,1.2850,1.2864
300.7633,46.8447,16.1219,1.2850,1.2864
300.8133,46.8104,16.0855,1.2857,1.2873
300.8633,46.7764,16.0489,1.2879,1.2879
300.9133,46.7425,16.0121,1.2880,1.2885
300.9633,46.7088,15.9752,1.2880,1.2897
301.0133,46.6752,15.9382,1.2880,1.2903
301.0633,46.6417,15.9011,1.2912,1.2903
301.1133,46.6081,15.8640,1.2987,1.2910
301.1633,46.5744,15.8271,1.3000,1.2916
301.2133,46.5403,15.7905,1.3043,1.2937
301.2633,46.5059,15.7542,1.3043,1.3024
301.3133,46.4712,15.7182,1.3043,1.3024
301.3633,46.4365,15.6822,1.3043,1.3042
301.4133,46.4018,15.6462,1.3037,1.3042
301.4633,46.3672,15.6101,1.3012,1.3042
301.5133,46.3328,15.5738,1.2987,1.3026
301.5633,46.2985,15.5375,1.2974,1.3024
301.6133,46.2643,15.5010,1.2968,1.3009
301.6633,46.2302,15.4644,1.2961,1.3007
301.7133,46.1962,15.4277,1.2947,1.2990
301.7633,46.1623,15.3910,1.2911,1.2916
301.8134,46.1282,15.3544,1.2911,1.2897
301.8634,46.0940,15.3180,1.2908,1.2897
301.9134,46.0594,15.2818,1.2908,1.2894
301.9634,46.0247,15.2458,1.2884,1.2878
302.0134,45.9897,15.2101,1.2884,1.2846
302.0634,45.9545,15.1745,1.2851,1.2846
302.1134,45.9193,15.1390,1.2850,1.2832
302.1634,45.8842,15.1035,1.2840,1.2832
302.2134,45.8491,15.0678,1.2829,1.2832
302.2634,45.8143,15.0320,1.2829,1.2855
302.3134,45.7797,14.9959,1.2829,1.2875
302.3634,45.7454,14.9595,1.2850,1.2889
302.4134,45.7115,14.9227,1.2889,1.2900
302.4634,45.6780,14.8856,1.2900,1.2901
302.5134,45.6447,14.8483,1.2910,1.2917
302.5634,45.6115,14.8109,1.3002,1.2918
302.6134,45.5782,14.7736,1.3031,1.2932
302.6634,45.5446,14.7366,1.3031,1.2946
302.7134,45.5106,14.6999,1.3032,1.2962
302.7634,45.4763,14.6635,1.3038,1.3007
302.8134,45.4417,14.6274,1.3051,1.3061
302.8634,45.4071,14.5914,1.3051,1.3092
302.9134,45.3723,14.5554,1.3051,1.3097
302.9634,45.3377,14.5193,1.3042,1.3097
303.0134,45.3031,14.4832,1.3031,1.3097
303.0634,45.2686,14.4471,1.3031,1.3092
303.1134,45.2340,14.4109,1.3012,1.2977
303.1634,45.1994,14.3748,1.2974,1.2977
303.2134,45.1648,14.3387,1.2956,1.2973
303.2634,45.1301,14.3027,1.2940,1.2970
303.3134,45.0954,14.2667,1.2923,1.2961
303.3634,45.0608,14.2307,1.2922,1.2951
303.4134,45.0263,14.1944,1.2915,1.2951
303.4634,44.9921,14.1580,1.2892,1.2926
303.5134,44.9579,14.1214,1.2869,1.2919
303.5634,44.9238,14.0849,1.2859,1.2869
303.6134,44.8896,14.0484,1.2859,1.2815
303.6634,44.8553,14.0120,1.2844,1.2815
303.7134,44.8209,13.9758,1.2827,1.2815
303.7634,44.7865,13.9395,1.2827,1.2830
303.8134,44.7523,13.9030,1.2827,1.2875
303.8634,44.7183,13.8663,1.2827,1.2899
303.9134,44.6846,13.8294,1.2857,1.2923
303.9635,44.6512,13.7922,1.2913,1.2934
304.0135,44.6178,13.7550,1.2913,1.2942
304.0635,44.5843,13.7179,1.2930,1.2942
304.1135,44.5507,13.6808,1.2951,1.2958
304.1635,44.5171,13.6438,1.2972,1.2966
304.2135,44.4835,13.6068,1.2972,1.3027
304.2635,44.4499,13.5697,1.2997,1.3027
304.3135,44.4163,13.5327,1.3010,1.3027
304.3635,44.3822,13.4961,1.3057,1.3033
304.4135,44.3477,13.4599,1.3060,1.3068
304.4635,44.3127,13.4242,1.3060,1.3139
304.5135,44.2774,13.3888,1.3060,1.3139
304.5635,44.2420,13.3535,1.3060,1.3139
304.6135,44.2066,13.3182,1.3060,1.3048
304.6635,44.1712,13.2829,1.3062,1.3036
304.7135,44.1359,13.2475,1.3060,1.3023
304.7635,44.1005,13.2122,1.3060,1.3015
304.8135,44.0651,13.1768,1.3049,1.3014
304.8635,44.0298,13.1414,1.2980,1.3003
304.9135,43.9948,13.1057,1.2922,1.2980
304.9635,43.9601,13.0697,1.2918,1.2967
305.0135,43.9258,13.0333,1.2896,1.2967
305.0635,43.8917,12.9967,1.2880,1.2935
305.1135,43.8580,12.9598,1.2852,1.2926
305.1635,43.8246,12.9226,1.2852,1.2887
305.2135,43.7913,12.8853,1.2852,1.2845
305.2635,43.7580,12.8480,1.2852,1.2845
305.3135,43.7246,12.8108,1.2880,1.2845
305.3635,43.6910,12.7738,1.2883,1.2877
305.4135,43.6573,12.7368,1.2887,1.2911
305.4635,43.6237,12.6998,1.2896,1.2913
305.5135,43.5902,12.6627,1.2913,1.2919
305.5635,43.5567,12.6255,1.2921,1.2927
305.6135,43.5232,12.5884,1.2931,1.2977
305.6635,43.4898,12.5512,1.2965,1.3026
305.7135,43.4562,12.5142,1.2965,1.3033
305.7635,43.4223,12.4774,1.3061,1.3035
305.8135,43.3880,12.4410,1.3072,1.3037
305.8635,43.3533,12.4050,1.3072,1.3056
305.9135,43.3183,12.3693,1.3072,1.3056
305.9635,43.2830,12.3339,1.3072,1.3061
306.0135,43.2476,12.2986,1.3072,1.3064
306.0635,43.2121,12.2634,1.3061,1.3064
306.1135,43.1767,12.2281,1.3061,1.3064
306.1635,43.1414,12.1927,1.3056,1.3064
306.2136,43.1062,12.1571,1.3052,1.3058
306.2636,43.0713,12.1214,1.3046,1.3056
306.3136,43.0365,12.0854,1.3037,1.3056
306.3636,43.0019,12.0493,1.3021,1.3017
306.4136,42.9675,12.0130,1.2890,1.2866
306.4636,42.9333,11.9765,1.2890,1.2866
306.5136,42.8994,11.9398,1.2874,1.2864
306.5636,42.8657,11.9029,1.2869,1.2861
306.6136,42.8323,11.8657,1.2863,1.2854
306.6636,42.7992,11.8281,1.2818,1.2854
306.7136,42.7664,11.7904,1.2818,1.2824
306.7636,42.7338,11.7526,1.2818,1.2824
306.8136,42.7011,11.7147,1.2828,1.2824
306.8636,42.6682,11.6770,1.2863,1.2831
306.9136,42.6352,11.6395,1.2863,1.2855
306.9636,42.6018,11.6023,1.2875,1.2875
307.0136,42.5680,11.5654,1.2957,1.2875
307.0636,42.5338,11.5290,1.2962,1.2936
307.1136,42.4992,11.4929,1.2962,1.2959
307.1636,42.4642,11.4571,1.2981,1.2980
307.2136,42.4291,11.4215,1.2981,1.2980
307.2636,42.3937,11.3862,1.3008,1.3027
307.3136,42.3582,11.3510,1.3035,1.3037
307.3636,42.3226,11.3159,1.3037,1.3048
307.4136,42.2870,11.2808,1.3037,1.3050
307.4636,42.2514,11.2456,1.3038,1.3050
307.5136,42.2159,11.2105,1.3038,1.3050
307.5636,42.1803,11.1753,1.3037,1.3050
307.6136,42.1449,11.1400,1.3037,1.3057
307.6636,42.1095,11.1047,1.3035,1.3057
307.7136,42.0744,11.0691,1.3035,1.3057
307.7636,42.0396,11.0332,1.3035,1.3050
307.8136,42.0052,10.9969,1.3035,1.3048
307.8636,41.9712,10.9602,1.3035,1.2971
307.9136,41.9375,10.9233,1.3035,1.2971
307.9636,41.9039,10.8862,1.2978,1.2959
308.0136,41.8704,10.8492,1.2968,1.2947
308.0636,41.8369,10.8120,1.2968,1.2938
308.1136,41.8038,10.7746,1.2958,1.2938
308.1636,41.7708,10.7369,1.2934,1.2930
308.2136,41.7382,10.6991,1.2934,1.2930
308.2636,41.7056,10.6611,1.2934,1.2910
308.3136,41.6730,10.6233,1.2938,1.2910
308.3636,41.6401,10.5856,1.2938,1.2910
308.4136,41.6068,10.5483,1.2948,1.2910
308.4637,41.5732,10.5113,1.2954,1.2917
308.5137,41.5392,10.4746,1.2956,1.2948
308.5637,41.5050,10.4381,1.2966,1.2948
308.6137,41.4706,10.4018,1.2966,1.2948
308.6637,41.4360,10.3658,1.2969,1.2948
308.7137,41.4011,10.3299,1.2969,1.2948
308.7637,41.3660,10.2943,1.2976,1.2948
308.8137,41.3309,10.2587,1.2985,1.2968
308.8637,41.2959,10.2230,1.3052,1.2968
308.9137,41.2609,10.1873,1.3052,1.2968
308.9637,41.2257,10.1517,1.3052,1.2977
309.0137,41.1904,10.1163,1.3052,1.3047
309.0637,41.1549,10.0811,1.2981,1.2977
309.1137,41.1195,10.0459,1.2981,1.3064
309.1637,41.0841,10.0105,1.2981,1.2977
309.2137,41.0488,9.9750,1.2981,1.2977
309.2637,41.0137,9.9394,1.2969,1.2974
309.3137,40.9788,9.9037,1.2941,1.2972
309.3637,40.9440,9.8677,1.2941,1.2970
309.4137,40.9096,9.8315,1.2941,1.2969
309.4637,40.8754,9.7950,1.2941,1.2958
309.5137,40.8414,9.7583,1.2941,1.2958
309.5637,40.8077,9.7214,1.2941,1.2938
309.6137,40.7741,9.6844,1.2931,1.2938
309.6637,40.7405,9.6474,1.2921,1.2938
309.7137,40.7068,9.6103,1.2909,1.2917
309.7637,40.6732,9.5733,1.2895,1.2859
309.8137,40.6396,9.5363,1.2895,1.2855
309.8637,40.6060,9.4993,1.2895,1.2855
309.9137,40.5722,9.4624,1.2895,1.2855
309.9637,40.5383,9.4257,1.2895,1.2859
310.0137,40.5043,9.3890,1.2925,1.2902
310.0637,40.4702,9.3525,1.2925,1.2942
310.1137,40.4361,9.3159,1.2925,1.2952
310.1637,40.4022,9.2791,1.2928,1.2952
310.2137,40.3684,9.2423,1.2929,1.2960
310.2637,40.3347,9.2053,1.2967,1.2960
310.3137,40.3011,9.1683,1.2979,1.2962
310.3637,40.2674,9.1313,1.2980,1.2992
310.4137,40.2336,9.0945,1.3074,1.3033
310.4637,40.1995,9.0579,1.3074,1.3044
310.5137,40.1650,9.0218,1.3074,1.3044
310.5637,40.1301,8.9860,1.3066,1.3033
310.6138,40.0949,8.9505,1.3058,1.3022
310.6638,40.0595,8.9151,1.3025,1.3014
310.7138,40.0243,8.8796,1.2983,1.3014
310.7638,39.9894,8.8438,1.2983,1.3014
310.8138,39.9549,8.8076,1.2953,1.2993
310.8638,39.9209,8.7710,1.2903,1.2993
310.9138,39.8873,8.7339,1.2902,1.2892
310.9638,39.8541,8.6965,1.2899,1.2892
311.0138,39.8210,8.6591,1.2895,1.2868
311.0638,39.7877,8.6218,1.2895,1.2865
311.1138,39.7540,8.5849,1.2895,1.2840
311.1638,39.7197,8.5484,1.2885,1.2824
311.2138,39.6848,8.5126,1.2848,1.2824
311.2638,39.6496,8.4771,1.2838,1.2824
311.3138,39.6143,8.4416,1.2838,1.2826
311.3638,39.5793,8.4060,1.2838,1.2858
311.4138,39.5445,8.3701,1.2856,1.2858
311.4638,39.5101,8.3338,1.2875,1.2868
311.5138,39.4759,8.2973,1.2904,1.2868
311.5638,39.4419,8.2607,1.2904,1.2926
311.6138,39.4080,8.2239,1.2913,1.2934
311.6638,39.3742,8.1871,1.2917,1.2936
311.7138,39.3404,8.1502,1.2917,1.2939
311.7638,39.3066,8.1133,1.3015,1.2969
311.8138,39.2728,8.0765,1.3030,1.3038
311.8638,39.2389,8.0397,1.3046,1.3038
311.9138,39.2050,8.0030,1.3046,1.3056
311.9638,39.1711,7.9662,1.3046,1.3072
312.0138,39.1373,7.9294,1.3046,1.3072
312.0638,39.1035,7.8925,1.3015,1.3056
312.1138,39.0697,7.8556,1.3000,1.3056
312.1638,39.0360,7.8187,1.2974,1.3055
312.2138,39.0024,7.7817,1.2974,1.2978
312.2638,38.9686,7.7449,1.2974,1.2918
312.3138,38.9346,7.7082,1.2962,1.2918
312.3638,38.9003,7.6718,1.2951,1.2910
312.4138,38.8657,7.6357,1.2897,1.2910
312.4638,38.8308,7.5999,1.2876,1.2905
312.5138,38.7958,7.5642,1.2854,1.2880
312.5638,38.7608,7.5285,1.2854,1.2868
312.6138,38.7257,7.4928,1.2854,1.2853
312.6638,38.6908,7.4571,1.2854,1.2853
312.7138,38.6560,7.4212,1.2854,1.2853
312.7638,38.6215,7.3850,1.2855,1.2886
312.8138,38.5874,7.3484,1.2855,1.2886
312.8638,38.5537,7.3115,1.2991,1.2905
312.9139,38.5202,7.2744,1.2991,1.2908
312.9639,38.4867,7.2372,1.2992,1.2962
313.0139,38.4532,7.2001,1.3023,1.2982
313.0639,38.4198,7.1629,1.3023,1.2983
313.1139,38.3863,7.1258,1.3025,1.3002
313.1639,38.3530,7.0885,1.3025,1.3002
313.2139,38.3198,7.0511,1.3025,1.3002
313.2639,38.2866,7.0137,1.3025,1.3002
313.3139,38.2534,6.9763,1.3027,1.2999
313.3639,38.2201,6.9390,1.3027,1.2999
313.4139,38.1864,6.9021,1.3009,1.2999
313.4639,38.1524,6.8654,1.3009,1.2998
313.5139,38.1182,6.8289,1.2976,1.2998
313.5639,38.0839,6.7925,1.2928,1.2998
313.6139,38.0498,6.7560,1.2909,1.2998
313.6639,38.0159,6.7192,1.2902,1.2983
313.7139,37.9822,6.6823,1.2902,1.2978
313.7639,37.9483,6.6455,1.2900,1.2898
313.8139,37.9138,6.6093,1.2874,1.2781
313.8639,37.8788,6.5736,1.2874,1.2781
313.9139,37.8435,6.5382,1.2820,1.2781
313.9639,37.8083,6.5027,1.2820,1.2838
314.0139,37.7733,6.4669,1.2820,1.2839
314.0639,37.7387,6.4309,1.2820,1.2846
314.1139,37.7041,6.3948,1.2895,1.2856
314.1639,37.6695,6.3587,1.2916,1.2856
314.2139,37.6347,6.3228,1.2932,1.2857
314.2639,37.5998,6.2870,1.2932,1.2894
314.3139,37.5651,6.2509,1.2936,1.2941
314.3639,37.5309,6.2145,1.2942,1.2983
314.4139,37.4972,6.1776,1.2966,1.2986
314.4639,37.4639,6.1402,1.3000,1.2990
314.5139,37.4310,6.1026,1.3003,1.2990
314.5639,37.3981,6.0650,1.3003,1.2992
314.6139,37.3650,6.0275,1.3003,1.2992
314.6639,37.3316,5.9902,1.2997,1.2992
314.7139,37.2981,5.9531,1.2955,1.2992
314.7639,37.2645,5.9161,1.2955,1.2986
314.8139,37.2308,5.8791,1.2914,1.2983
314.8639,37.1971,5.8422,1.2902,1.2904
314.9139,37.1634,5.8053,1.2889,1.2879
314.9639,37.1294,5.7686,1.2887,1.2876
315.0139,37.0952,5.7321,1.2866,1.2873
315.0639,37.0607,5.6959,1.2842,1.2849
315.1139,37.0261,5.6598,1.2842,1.2849
315.1639,36.9915,5.6237,1.2842,1.2849
315.2140,36.9569,5.5877,1.2880,1.2849
315.2640,36.9223,5.5515,1.2887,1.2867
315.3140,36.8878,5.5154,1.2892,1.2870
315.3640,36.8533,5.4792,1.2896,1.2870
315.4140,36.8188,5.4429,1.2899,1.2899
315.4640,36.7846,5.4065,1.2901,1.2922
315.5140,36.7505,5.3699,1.2927,1.2963
315.5640,36.7166,5.3331,1.2927,1.2963
315.6140,36.6827,5.2964,1.2995,1.2972
315.6640,36.6486,5.2599,1.3038,1.2981
315.7140,36.6142,5.2236,1.3062,1.3012
315.7640,36.5797,5.1874,1.3062,1.3039
315.8140,36.5453,5.1510,1.3062,1.3039
315.8640,36.5112,5.1145,1.3038,1.3040
315.9140,36.4773,5.0777,1.3017,1.3040
315.9640,36.4437,5.0407,1.2955,1.3039
316.0140,36.4102,5.0036,1.2942,1.3039
316.0640,36.3767,4.9665,1.2940,1.3039
316.1140,36.3432,4.9294,1.2937,1.2950
316.1640,36.3095,4.8924,1.2937,1.2924
316.2140,36.2755,4.8557,1.2937,1.2899
316.2640,36.2413,4.8192,1.2913,1.2897
316.3140,36.2070,4.7829,1.2890,1.2893
316.3640,36.1725,4.7467,1.2890,1.2882
316.4140,36.1379,4.7106,1.2877,1.2854
316.4640,36.1032,4.6746,1.2864,1.2854
316.5140,36.0685,4.6386,1.2864,1.2854
316.5640,36.0338,4.6026,1.2864,1.2855
316.6140,35.9992,4.5664,1.2870,1.2868
316.6640,35.9648,4.5302,1.2897,1.2899
316.7140,35.9306,4.4937,1.2897,1.2908
316.7640,35.8964,4.4572,1.2923,1.2934
316.8140,35.8624,4.4206,1.2928,1.2934
316.8640,35.8283,4.3840,1.2969,1.2967
316.9140,35.7944,4.3473,1.3010,1.2986
316.9640,35.7605,4.3105,1.3010,1.2997
317.0140,35.7267,4.2736,1.3011,1.3005
317.0640,35.6931,4.2366,1.3011,1.3005
317.1140,35.6596,4.1995,1.3013,1.3005
317.1640,35.6262,4.1623,1.3013,1.3005
317.2140,35.5927,4.1251,1.3013,1.2982
317.2641,35.5592,4.0880,1.3011,1.2982
317.3141,35.5256,4.0510,1.2947,1.2924
317.3641,35.4919,4.0141,1.2947,1.2920
317.4141,35.4578,3.9775,1.2928,1.2913
317.4641,35.4234,3.9412,1.2897,1.2905
317.5141,35.3887,3.9052,1.2885,1.2888
317.5641,35.3538,3.8694,1.2862,1.2882
317.6141,35.3188,3.8337,1.2842,1.2882
317.6641,35.2838,3.7980,1.2838,1.2879
317.7141,35.2489,3.7621,1.2838,1.2877
317.7641,35.2142,3.7262,1.2838,1.2877
317.8141,35.1795,3.6901,1.2838,1.2877
317.8641,35.1450,3.6539,1.2838,1.2877
317.9141,35.1107,3.6175,1.2838,1.2877
317.9641,35.0768,3.5808,1.2846,1.2886
318.0141,35.0431,3.5439,1.2846,1.2893
318.0641,35.0097,3.5067,1.2892,1.2893
318.1141,34.9762,3.4695,1.2974,1.2897
318.1641,34.9427,3.4325,1.2992,1.2979
318.2141,34.9090,3.3955,1.2992,1.2979
318.2641,34.8753,3.3586,1.2992,1.2984
318.3141,34.8416,3.3216,1.2992,1.2991
318.3641,34.8079,3.2847,1.2992,1.3006
318.4141,34.7742,3.2477,1.3048,1.3006
318.4641,34.7405,3.2108,1.3048,1.3006
318.5141,34.7066,3.1741,1.3048,1.3005
318.5641,34.6724,3.1375,1.2993,1.2990
318.6141,34.6381,3.1012,1.2992,1.2984
318.6641,34.6036,3.0650,1.2992,1.2979
318.7141,34.5691,3.0288,1.2952,1.2970
318.7641,34.5345,2.9927,1.2935,1.2943
318.8141,34.5001,2.9564,1.2908,1.2921
318.8641,34.4659,2.9199,1.2904,1.2921
318.9141,34.4318,2.8833,1.2887,1.2898
318.9641,34.3979,2.8466,1.2883,1.2879
319.0141,34.3639,2.8099,1.2879,1.2850
319.0641,34.3299,2.7733,1.2879,1.2850
319.1141,34.2958,2.7367,1.2879,1.2850
319.1641,34.2617,2.7001,1.2879,1.2896
319.2141,34.2275,2.6637,1.2881,1.2899
319.2641,34.1933,2.6272,1.2928,1.2900
319.3141,34.1591,2.5907,1.2929,1.2901
319.3641,34.1249,2.5542,1.2929,1.2918
319.4142,34.0907,2.5177,1.2929,1.2943
319.4642,34.0564,2.4813,1.2929,1.2950
319.5142,34.0221,2.4450,1.2979,1.2950
319.5642,33.9878,2.4086,1.2979,1.3021
319.6142,33.9535,2.3722,1.2986,1.3021
319.6642,33.9193,2.3357,1.3000,1.3049
319.7142,33.8853,2.2991,1.3000,1.3049
319.7642,33.8514,2.2623,1.3000,1.3049
319.8142,33.8176,2.2254,1.2990,1.2997
319.8642,33.7840,2.1884,1.2990,1.2997
319.9142,33.7504,2.1514,1.2988,1.2997
319.9642,33.7167,2.1144,1.2985,1.2954
320.0142,33.6829,2.0776,1.2924,1.2954
320.0642,33.6489,2.0409,1.2913,1.2849
320.1142,33.6149,2.0043,1.2894,1.2844
320.1642,33.5808,1.9677,1.2853,1.2838
320.2142,33.5468,1.9310,1.2853,1.2827
320.2642,33.5129,1.8943,1.2817,1.2800
320.3142,33.4788,1.8577,1.2817,1.2795
320.3642,33.4446,1.8212,1.2812,1.2794
320.4142,33.4102,1.7849,1.2812,1.2794
320.4642,33.3758,1.7487,1.2812,1.2794
320.5142,33.3413,1.7125,1.2812,1.2818
320.5642,33.3068,1.6763,1.2812,1.2829
320.6142,33.2724,1.6400,1.2814,1.2880
320.6642,33.2382,1.6035,1.2850,1.2901
320.7142,33.2042,1.5669,1.2857,1.2915
320.7642,33.1704,1.5300,1.2875,1.2939
320.8142,33.1368,1.4930,1.2948,1.2978
320.8642,33.1032,1.4560,1.3037,1.2978
320.9142,33.0692,1.4193,1.3041,1.2995
320.9642,33.0348,1.3829,1.3041,1.2998
321.0142,33.0001,1.3470,1.3042,1.3024
321.0642,32.9649,1.3114,1.3042,1.3024
321.1142,32.9296,1.2761,1.3052,1.3062
321.1642,32.8940,1.2409,1.3052,1.3075
321.2142,32.8585,1.2058,1.3052,1.3075
321.2642,32.8229,1.1706,1.3052,1.3075
321.3142,32.7875,1.1353,1.3052,1.3075
321.3642,32.7525,1.0996,1.3052,1.3075
321.4142,32.7178,1.0636,1.3042,1.3066
321.4642,32.6837,1.0271,1.3003,1.3050
321.5142,32.6499,0.9901,1.2962,1.3038
321.5643,32.6164,0.9530,1.2962,1.2940
321.6143,32.5830,0.9159,1.2959,1.2923
321.6643,32.5493,0.8789,1.2952,1.2907
321.7143,32.5155,0.8421,1.2944,1.2906
321.7643,32.4814,0.8055,1.2943,1.2901
321.8143,32.4473,0.7689,1.2905,1.2892
321.8643,32.4131,0.7325,1.2905,1.2883
321.9143,32.3788,0.6960,1.2867,1.2868
321.9643,32.3444,0.6598,1.2857,1.2868
322.0143,32.3098,0.6237,1.2857,1.2868
322.0643,32.2751,0.5877,1.2829,1.2890
322.1143,32.2403,0.5517,1.2811,1.2901
322.1643,32.2058,0.5156,1.2811,1.2901
322.2143,32.1715,0.4792,1.2811,1.2901
322.2643,32.1375,0.4425,1.2846,1.2901
322.3143,32.1037,0.4057,1.2898,1.2904
322.3643,32.0699,0.3688,1.2945,1.2915
322.4143,32.0358,0.3322,1.2945,1.2921
322.4643,32.0015,0.2959,1.2961,1.2921
322.5143,31.9669,0.2598,1.2990,1.2971
322.5643,31.9321,0.2238,1.3012,1.3026
322.6143,31.8973,0.1880,1.3012,1.3026
322.6643,31.8624,0.1522,1.3015,1.3028
322.7143,31.8275,0.1164,1.3018,1.3031
322.7643,31.7926,0.0806,1.3024,1.3031
322.8143,31.7577,0.0448,1.3024,1.3031
322.8643,31.7229,0.0089,1.3024,1.3031
322.9143,31.6881,-0.0271,1.3024,1.3031
322.9643,31.6532,-0.0629,1.3024,1.3003
323.0143,31.6183,-0.0987,1.3031,1.3003
323.0643,31.5831,-0.1343,1.3035,1.2965
323.1143,31.5479,-0.1697,1.3035,1.3003
323.1643,31.5125,-0.2051,1.3035,1.3041
323.2143,31.4772,-0.2404,1.3031,1.3041
323.2643,31.4419,-0.2758,1.3031,1.3041
323.3143,31.4067,-0.3114,1.3010,1.3041
323.3643,31.3716,-0.3470,1.2992,1.3041
323.4143,31.3367,-0.3828,1.2992,1.3041
323.4643,31.3018,-0.4186,1.3010,1.3017
323.5143,31.2668,-0.4544,1.3031,1.3017
323.5643,31.2316,-0.4899,1.3031,1.3010
323.6143,31.1962,-0.5251,1.3031,1.3010
323.6643,31.1603,-0.5599,1.3031,1.3003
323.7144,31.1240,-0.5944,1.3022,1.3003
323.7644,31.0874,-0.6284,1.3022,1.2966
323.8144,31.0505,-0.6621,1.3022,1.2954
323.8644,31.0133,-0.6955,1.3022,1.2943
323.9144,30.9759,-0.7287,1.3003,1.2915
323.9644,30.9381,-0.7615,1.2974,1.2915
324.0144,30.9000,-0.7939,1.2953,1.2915
324.0644,30.8615,-0.8257,1.2946,1.2899
324.1144,30.8226,-0.8572,1.2946,1.2896
324.1644,30.7832,-0.8880,1.2946,1.2859
324.2144,30.7434,-0.9183,1.2946,1.2859
324.2644,30.7030,-0.9476,1.2946,1.2852
324.3144,30.6618,-0.9760,1.2946,1.2852
324.3644,30.6198,-1.0031,1.2975,1.2852
324.4144,30.5770,-1.0289,1.2975,1.2852
324.4644,30.5334,-1.0535,1.2975,1.2852
324.5144,30.4891,-1.0767,1.2980,1.2852
324.5643,30.4442,-1.0987,1.2980,1.2925
324.6143,30.3988,-1.1195,1.3001,1.2958
324.6643,30.3528,-1.1391,1.3003,1.2958
324.7143,30.3062,-1.1574,1.3003,1.2978
324.7643,30.2592,-1.1743,1.3003,1.2978
324.8143,30.2117,-1.1898,1.3003,1.2978
324.8643,30.1638,-1.2043,1.3003,1.2978
324.9143,30.1157,-1.2179,1.2980,1.2978
324.9643,30.0674,-1.2309,1.2980,1.2978
325.0143,30.0189,-1.2430,1.2980,1.2978
325.0643,29.9701,-1.2540,1.3011,1.2958
325.1143,29.9210,-1.2635,1.3011,1.2919
325.1643,29.8716,-1.2710,1.3011,1.2881
325.2143,29.8219,-1.2765,1.3004,1.2881
325.2643,29.7720,-1.2802,1.2969,1.2768
325.3143,29.7221,-1.2822,1.2958,1.2768
325.3643,29.6721,-1.2830,1.2950,1.2768
325.4143,29.6221,-1.2827,1.2950,1.2946
325.4643,29.5721,-1.2816,1.2956,1.3012
325.5143,29.5221,-1.2797,1.2956,1.3012
325.5643,29.4722,-1.2770,1.3057,1.3012
325.6143,29.4223,-1.2734,1.3057,1.3012
325.6643,29.3726,-1.2687,1.3057,1.3012
325.7143,29.3229,-1.2630,1.3023,1.3012
325.7643,29.2734,-1.2562,1.3023,1.3012
325.8143,29.2239,-1.2486,1.3023,1.3020
325.8643,29.1746,-1.2403,1.3023,1.3020
325.9143,29.1254,-1.2313,1.3071,1.3020
325.9643,29.0764,-1.2216,1.3071,1.3015
326.0143,29.0275,-1.2111,1.3071,1.3001
326.0643,28.9788,-1.1997,1.3069,1.2979
326.1143,28.9304,-1.1872,1.3059,1.2979
326.1643,28.8823,-1.1735,1.3056,1.2953
326.2143,28.8347,-1.1584,1.3008,1.2953
326.2643,28.7874,-1.1421,1.2997,1.2953
326.3143,28.7406,-1.1246,1.2997,1.2953
326.3643,28.6941,-1.1060,1.2997,1.2948
326.4143,28.6481,-1.0864,1.2987,1.2948
326.4643,28.6026,-1.0659,1.2987,1.2948
326.5143,28.5574,-1.0444,1.2987,1.2948
326.5643,28.5126,-1.0221,1.2969,1.2945
326.6143,28.4683,-0.9990,1.2969,1.2962
326.6643,28.4244,-0.9750,1.2956,1.2962
326.7143,28.3809,-0.9503,1.2968,1.2940
326.7643,28.3379,-0.9250,1.2955,1.2926
326.8143,28.2952,-0.8990,1.2968,1.2926
326.8643,28.2529,-0.8722,1.2955,1.2911
326.9143,28.2112,-0.8446,1.2953,1.2891
326.9643,28.1702,-0.8160,1.2953,1.2886
327.0143,28.1299,-0.7864,1.2946,1.2886
327.0643,28.0903,-0.7559,1.2900,1.2886
327.1143,28.0512,-0.7247,1.2900,1.2886
327.1643,28.0126,-0.6929,1.2900,1.2886
327.2143,27.9743,-0.6608,1.2906,1.2886
327.2643,27.9362,-0.6284,1.2946,1.2894
327.3143,27.8984,-0.5957,1.2969,1.2896
327.3643,27.8607,-0.5628,1.2974,1.2896
327.4143,27.8234,-0.5296,1.2974,1.2908
327.4643,27.7863,-0.4960,1.2974,1.2940
327.5143,27.7496,-0.4620,1.2989,1.2940
327.5643,27.7132,-0.4278,1.2989,1.3000
327.6143,27.6769,-0.3934,1.3002,1.3092
327.6643,27.6406,-0.3590,1.3016,1.3092
327.7144,27.6042,-0.3247,1.3070,1.3092
327.7644,27.5679,-0.2903,1.3117,1.3092
327.8144,27.5318,-0.2557,1.3117,1.3040
327.8644,27.4962,-0.2206,1.3117,1.3040
327.9144,27.4610,-0.1851,1.3045,1.3040
327.9644,27.4261,-0.1493,1.3016,1.3024
328.0144,27.3914,-0.1132,1.3001,1.3003
328.0644,27.3570,-0.0770,1.3001,1.3003
328.1144,27.3228,-0.0405,1.2969,1.2995
328.1644,27.2889,-0.0038,1.2962,1.2987
328.2144,27.2550,0.0330,1.2962,1.2973
328.2644,27.2214,0.0701,1.2961,1.2914
328.3144,27.1881,0.1073,1.2927,1.2907
328.3644,27.1549,0.1448,1.2961,1.2907
328.4144,27.1220,0.1824,1.2961,1.2914
328.4644,27.0892,0.2201,1.2961,1.2914
328.5144,27.0565,0.2579,1.2965,1.2954
328.5644,27.0236,0.2956,1.2965,1.2978
328.6144,26.9907,0.3333,1.2965,1.2978
328.6644,26.9577,0.3708,1.2965,1.2978
328.7144,26.9244,0.4082,1.2965,1.2978
328.7644,26.8911,0.4454,1.2965,1.2954
328.8144,26.8578,0.4828,1.2965,1.2954
328.8644,26.8247,0.5202,1.2971,1.2941
328.9144,26.7918,0.5578,1.2971,1.2941
328.9644,26.7592,0.5958,1.2976,1.2941
329.0144,26.7271,0.6341,1.2976,1.2941
329.0644,26.6951,0.6725,1.2932,1.2941
329.1144,26.6632,0.7111,1.2919,1.2941
329.1644,26.6313,0.7495,1.2916,1.2941
329.2144,26.5990,0.7877,1.2916,1.2941
329.2644,26.5664,0.8257,1.2916,1.2941
329.3144,26.5336,0.8633,1.2930,1.2934
329.3644,26.5005,0.9008,1.2936,1.2934
329.4144,26.4672,0.9381,1.2936,1.2934
329.4644,26.4339,0.9754,1.2934,1.2934
329.5144,26.4006,1.0128,1.2930,1.2964
329.5644,26.3675,1.0502,1.2930,1.2964
329.6144,26.3345,1.0878,1.2930,1.2964
329.6644,26.3017,1.1255,1.2926,1.2958
329.7144,26.2689,1.1633,1.2926,1.2936
329.7644,26.2362,1.2011,1.2926,1.2913
329.8144,26.2035,1.2389,1.2926,1.2909
329.8645,26.1708,1.2767,1.2926,1.2909
329.9145,26.1380,1.3145,1.2926,1.2913
329.9645,26.1051,1.3521,1.2926,1.2905
330.0145,26.0722,1.3898,1.2926,1.2897
330.0645,26.0393,1.4275,1.2926,1.2890
330.1145,26.0065,1.4652,1.2926,1.2897
330.1645,25.9738,1.5030,1.2926,1.2897
330.2145,25.9412,1.5410,1.2926,1.2920
330.2645,25.9087,1.5789,1.2926,1.2920
330.3145,25.8761,1.6168,1.2926,1.2920
330.3645,25.8435,1.6548,1.2945,1.2920
330.4145,25.8109,1.6927,1.2945,1.2920
330.4645,25.7784,1.7307,1.2945,1.2900
330.5145,25.7460,1.7688,1.2945,1.2900
330.5645,25.7137,1.8069,1.2914,1.2900
330.6145,25.6813,1.8450,1.2897,1.2900
330.6645,25.6488,1.8830,1.2897,1.2900
330.7145,25.6161,1.9209,1.2897,1.2900
330.7645,25.5833,1.9586,1.2897,1.2896
330.8145,25.5504,1.9962,1.2897,1.2892
330.8645,25.5175,2.0339,1.2906,1.2892
330.9145,25.4846,2.0715,1.2914,1.2881
330.9645,25.4517,2.1092,1.2914,1.2881
331.0145,25.4190,2.1470,1.2914,1.2869
331.0645,25.3864,2.1850,1.2897,1.2869
331.1145,25.3540,2.2231,1.2853,1.2869
331.1645,25.3217,2.2612,1.2853,1.2869
331.2145,25.2893,2.2993,1.2853,1.2869
331.2645,25.2568,2.3373,1.2878,1.2869
331.3145,25.2242,2.3752,1.2901,1.2869
331.3645,25.1914,2.4130,1.2905,1.2868
331.4145,25.1587,2.4508,1.2905,1.2868
331.4645,25.1262,2.4887,1.2905,1.2868
331.5145,25.0939,2.5269,1.2905,1.2990
331.5645,25.0618,2.5653,1.2905,1.2990
331.6145,25.0297,2.6036,1.2905,1.2990
331.6645,24.9973,2.6417,1.2905,1.2986
331.7145,24.9646,2.6796,1.2907,1.2981
331.7645,24.9319,2.7173,1.2907,1.2906
331.8145,24.8991,2.7551,1.2907,1.2887
331.8645,24.8663,2.7929,1.2909,1.2887
331.9146,24.8336,2.8307,1.2909,1.2887
331.9646,24.8009,2.8685,1.2909,1.2887
332.0146,24.7683,2.9064,1.2909,1.2887
332.0646,24.7359,2.9445,1.2909,1.2896
332.1146,24.7035,2.9826,1.2912,1.2922
332.1646,24.6711,3.0207,1.2912,1.2922
332.2146,24.6387,3.0587,1.2913,1.2928
332.2646,24.6061,3.0967,1.2916,1.2922
332.3146,24.5735,3.1345,1.2916,1.2928
332.3646,24.5407,3.1724,1.2965,1.2928
332.4146,24.5079,3.2101,1.2987,1.2968
332.4646,24.4749,3.2476,1.2987,1.2968
332.5146,24.4418,3.2851,1.2987,1.2968
332.5646,24.4088,3.3227,1.2987,1.2959
332.6146,24.3760,3.3604,1.2987,1.2959
332.6646,24.3434,3.3983,1.2987,1.2959
332.7146,24.3109,3.4363,1.2987,1.2979
332.7646,24.2785,3.4744,1.2987,1.2979
332.8146,24.2462,3.5126,1.2987,1.2979
332.8646,24.2139,3.5507,1.2995,1.2979
332.9146,24.1816,3.5889,1.2995,1.2979
332.9646,24.1494,3.6272,1.2995,1.2979
333.0146,24.1173,3.6655,1.2995,1.2979
333.0646,24.0850,3.7037,1.2987,1.2976
333.1146,24.0526,3.7418,1.2938,1.2964
333.1646,24.0201,3.7797,1.2938,1.2964
333.2146,23.9873,3.8175,1.2938,1.2964
333.2646,23.9543,3.8551,1.2938,1.2964
333.3146,23.9213,3.8926,1.2960,1.2956
333.3646,23.8882,3.9301,1.2960,1.2952
333.4146,23.8552,3.9677,1.2965,1.2948
333.4646,23.8225,4.0055,1.2960,1.2938
333.5146,23.7900,4.0435,1.2960,1.2938
333.5646,23.7577,4.0817,1.2949,1.2948
333.6146,23.7256,4.1200,1.2939,1.2948
333.6646,23.6934,4.1583,1.2939,1.2948
333.7146,23.6611,4.1965,1.2939,1.2948
333.7646,23.6287,4.2346,1.2939,1.2943
333.8146,23.5963,4.2726,1.2940,1.2943
333.8646,23.5637,4.3106,1.2940,1.2943
333.9146,23.5312,4.3486,1.2940,1.2943
333.9647,23.4987,4.3866,1.2940,1.2958
334.0147,23.4663,4.4246,1.2940,1.2961
334.0647,23.4338,4.4626,1.2940,1.2961
334.1147,23.4013,4.5006,1.2940,1.2961
334.1647,23.3687,4.5386,1.2938,1.2949
334.2147,23.3362,4.5765,1.2938,1.2949
334.2647,23.3036,4.6144,1.2938,1.2949
334.3147,23.2708,4.6522,1.2938,1.2936
334.3647,23.2380,4.6899,1.2937,1.2936
334.4147,23.2050,4.7275,1.2937,1.2936
334.4647,23.1720,4.7651,1.2937,1.2936
334.5147,23.1391,4.8027,1.2961,1.2936
334.5647,23.1062,4.8404,1.2962,1.2924
334.6147,23.0734,4.8781,1.2962,1.2924
334.6647,23.0407,4.9159,1.2962,1.2924
334.7147,23.0080,4.9537,1.2961,1.2924
334.7647,22.9753,4.9916,1.2961,1.2924
334.8147,22.9426,5.0294,1.2930,1.2924
334.8647,22.9100,5.0673,1.2917,1.2922
334.9147,22.8775,5.1053,1.2917,1.2921
334.9647,22.8450,5.1434,1.2917,1.2921
335.0147,22.8126,5.1815,1.2933,1.2917
335.0647,22.7803,5.2196,1.2933,1.2917
335.1147,22.7481,5.2578,1.2933,1.2917
335.1647,22.7159,5.2961,1.2933,1.2917
335.2147,22.6838,5.3344,1.2885,1.2902
335.2647,22.6516,5.3727,1.2885,1.2917
335.3147,22.6193,5.4108,1.2885,1.2917
335.3647,22.5867,5.4488,1.2885,1.2917
335.4147,22.5539,5.4866,1.2900,1.2917
335.4647,22.5210,5.5241,1.2909,1.2917
335.5147,22.4878,5.5616,1.2917,1.2917
335.5647,22.4547,5.5990,1.2917,1.2917
335.6147,22.4216,5.6365,1.2917,1.2918
335.6647,22.3885,5.6740,1.2917,1.2925
335.7147,22.3553,5.7114,1.2914,1.2925
335.7647,22.3221,5.7488,1.2914,1.2918
335.8147,22.2886,5.7859,1.2910,1.2918
335.8647,22.2548,5.8228,1.2910,1.2918
335.9147,22.2208,5.8594,1.2910,1.2911
335.9647,22.1866,5.8959,1.2910,1.2911
336.0148,22.1523,5.9323,1.2910,1.2911
336.0648,22.1181,5.9687,1.2910,1.2911
336.1148,22.0839,6.0052,1.2922,1.2925
336.1648,22.0499,6.0419,1.2963,1.2928
336.2148,22.0162,6.0788,1.2977,1.2953
336.2648,21.9829,6.1161,1.2995,1.2960
336.3148,21.9498,6.1536,1.2995,1.3025
336.3648,21.9170,6.1913,1.2995,1.3025
336.4148,21.8842,6.2291,1.2995,1.3025
336.4648,21.8515,6.2669,1.2992,1.3025
336.5148,21.8187,6.3046,1.2973,1.3025
336.5648,21.7856,6.3421,1.2952,1.3014
336.6148,21.7521,6.3792,1.2950,1.2997
336.6648,21.7181,6.4159,1.2950,1.2981
336.7148,21.6837,6.4522,1.2939,1.2923
336.7648,21.6491,6.4883,1.2919,1.2878
336.8148,21.6146,6.5245,1.2907,1.2850
336.8648,21.5803,6.5609,1.2903,1.2842
336.9148,21.5463,6.5976,1.2872,1.2842
336.9648,21.5126,6.6345,1.2872,1.2842
337.0148,21.4789,6.6715,1.2872,1.2850
337.0648,21.4452,6.7084,1.2895,1.2881
337.1148,21.4113,6.7451,1.2899,1.2919
337.1648,21.3771,6.7816,1.2928,1.2971
337.2148,21.3427,6.8179,1.2950,1.2973
337.2648,21.3084,6.8543,1.3023,1.2973
337.3148,21.2743,6.8908,1.3023,1.2990
337.3648,21.2405,6.9277,1.3041,1.3008
337.4148,21.2070,6.9648,1.3044,1.3008
337.4648,21.1736,7.0020,1.3044,1.3033
337.5148,21.1401,7.0391,1.3044,1.3071
337.5648,21.1062,7.0759,1.3039,1.3076
337.6148,21.0720,7.1124,1.3039,1.3076
337.6648,21.0374,7.1485,1.3031,1.3071
337.7148,21.0025,7.1843,1.3039,1.3071
337.7648,20.9674,7.2199,1.3039,1.3063
337.8148,20.9322,7.2554,1.3039,1.3063
337.8648,20.8968,7.2908,1.3039,1.3063
337.9148,20.8613,7.3260,1.3039,1.3063
337.9648,20.8256,7.3610,1.3039,1.3063
338.0148,20.7896,7.3957,1.3039,1.3063
338.0648,20.7533,7.4301,1.3039,1.3063
338.1148,20.7168,7.4642,1.3039,1.3063
338.1648,20.6801,7.4981,1.3039,1.3041
338.2148,20.6434,7.5321,1.3039,1.3014
338.2649,20.6069,7.5663,1.3039,1.3011
338.3149,20.5707,7.6008,1.3036,1.2984
338.3649,20.5346,7.6354,1.3036,1.2978
338.4149,20.4987,7.6702,1.2988,1.2973
338.4649,20.4626,7.7049,1.2988,1.2945
338.5149,20.4264,7.7394,1.2968,1.2945
338.5649,20.3900,7.7736,1.2933,1.2942
338.6149,20.3532,7.8074,1.2907,1.2938
338.6649,20.3160,7.8408,1.2881,1.2922
338.7149,20.2784,7.8739,1.2881,1.2910
338.7649,20.2407,7.9066,1.2881,1.2910
338.8149,20.2029,7.9394,1.2904,1.2910
338.8649,20.1653,7.9724,1.2933,1.2910
338.9149,20.1280,8.0057,1.2940,1.2911
338.9649,20.0911,8.0394,1.2940,1.2945
339.0149,20.0543,8.0732,1.2940,1.2945
339.0649,20.0175,8.1071,1.2947,1.2945
339.1149,19.9807,8.1409,1.2947,1.2945
339.1649,19.9436,8.1745,1.2947,1.2945
339.2149,19.9062,8.2077,1.2947,1.2956
339.2649,19.8685,8.2405,1.2947,1.2970
339.3149,19.8305,8.2731,1.2957,1.2983
339.3649,19.7923,8.3053,1.2966,1.2983
339.4149,19.7539,8.3373,1.2974,1.2984
339.4649,19.7154,8.3693,1.2974,1.2984
339.5149,19.6769,8.4012,1.2986,1.2984
339.5649,19.6385,8.4332,1.2986,1.2947
339.6149,19.6002,8.4653,1.2958,1.2903
339.6649,19.5619,8.4975,1.2868,1.2903
339.7149,19.5236,8.5296,1.2868,1.2903
339.7649,19.4851,8.5615,1.2868,1.2947
339.8149,19.4463,8.5931,1.2868,1.2947
339.8649,19.4074,8.6244,1.2881,1.2947
339.9149,19.3683,8.6556,1.2946,1.2941
339.9649,19.3293,8.6869,1.2946,1.2941
340.0149,19.2904,8.7183,1.2946,1.2926
340.0649,19.2516,8.7498,1.2939,1.2926
340.1149,19.2128,8.7814,1.2939,1.2926
340.1649,19.1739,8.8128,1.2933,1.2941
340.2149,19.1347,8.8439,1.2933,1.2943
340.2649,19.0954,8.8747,1.2933,1.2947
340.3149,19.0558,8.9053,1.2976,1.2947
340.3649,19.0163,8.9360,1.2976,1.2947
340.4150,18.9770,8.9669,1.2976,1.2943
340.4650,18.9380,8.9982,1.2976,1.2943
340.5150,18.8994,9.0300,1.2976,1.2943
340.5650,18.8611,9.0621,1.2933,1.2960
340.6150,18.8227,9.0942,1.2908,1.2960
340.6650,18.7841,9.1260,1.2908,1.2960
340.7150,18.7452,9.1573,1.2908,1.2960
340.7650,18.7057,9.1880,1.2908,1.2949
340.8150,18.6660,9.2184,1.2908,1.2914
340.8650,18.6263,9.2488,1.2908,1.2878
340.9150,18.5868,9.2794,1.2903,1.2877
340.9650,18.5475,9.3103,1.2902,1.2877
341.0150,18.5084,9.3415,1.2895,1.2878
341.0650,18.4694,9.3728,1.2895,1.2878
341.1150,18.4303,9.4040,1.2895,1.2878
341.1650,18.3912,9.4351,1.2902,1.2878
341.2150,18.3520,9.4662,1.2904,1.2883
341.2650,18.3130,9.4976,1.2914,1.2876
341.3150,18.2743,9.5292,1.2914,1.2876
341.3650,18.2360,9.5613,1.2914,1.2883
341.4150,18.1978,9.5936,1.2873,1.2895
341.4650,18.1596,9.6259,1.2873,1.2899
341.5150,18.1213,9.6580,1.2873,1.2926
341.5650,18.0828,9.6899,1.2921,1.2954
341.6150,18.0440,9.7215,1.2978,1.2970
341.6650,18.0052,9.7530,1.2978,1.2970
341.7150,17.9664,9.7845,1.2978,1.2970
341.7650,17.9277,9.8161,1.2978,1.2958
341.8150,17.8891,9.8480,1.2978,1.2948
341.8650,17.8507,9.8800,1.2950,1.2938
341.9150,17.8125,9.9123,1.2946,1.2937
341.9650,17.7744,9.9446,1.2934,1.2937
342.0150,17.7364,9.9771,1.2934,1.2937
342.0650,17.6984,10.0096,1.2946,1.2937
342.1150,17.6605,10.0422,1.2979,1.2938
342.1650,17.6226,10.0749,1.2979,1.2938
342.2150,17.5848,10.1076,1.2982,1.2938
342.2650,17.5472,10.1406,1.2983,1.2938
342.3150,17.5097,10.1736,1.2983,1.2949
342.3650,17.4723,10.2068,1.2983,1.2985
342.4150,17.4349,10.2400,1.2983,1.2985
342.4650,17.3974,10.2730,1.2983,1.3009
342.5150,17.3598,10.3060,1.2983,1.3009
342.5650,17.3221,10.3389,1.2985,1.3009
342.6151,17.2844,10.3717,1.2985,1.2985
342.6651,17.2468,10.4047,1.2985,1.2985
342.7151,17.2094,10.4379,1.2985,1.2961
342.7651,17.1722,10.4713,1.2983,1.2935
342.8151,17.1353,10.5050,1.2967,1.2924
342.8651,17.0984,10.5388,1.2889,1.2914
342.9151,17.0614,10.5725,1.2889,1.2914
342.9651,17.0244,10.6060,1.2886,1.2902
343.0151,16.9872,10.6395,1.2886,1.2897
343.0651,16.9500,10.6728,1.2886,1.2874
343.1151,16.9127,10.7061,1.2886,1.2874
343.1651,16.8753,10.7393,1.2886,1.2874
343.2151,16.8377,10.7723,1.2887,1.2885
343.2651,16.7998,10.8049,1.2887,1.2916
343.3151,16.7615,10.8370,1.2887,1.2921
343.3651,16.7227,10.8687,1.2890,1.2921
343.4151,16.6836,10.8998,1.2891,1.2916
343.4651,16.6443,10.9308,1.2891,1.2885
343.5151,16.6050,10.9616,1.2904,1.2874
343.5651,16.5657,10.9926,1.2904,1.2874
343.6151,16.5265,11.0236,1.2904,1.2874
343.6651,16.4873,11.0547,1.2904,1.2895
343.7151,16.4481,11.0857,1.2866,1.2896
343.7651,16.4087,11.1164,1.2866,1.2934
343.8151,16.3690,11.1469,1.2902,1.2934
343.8651,16.3292,11.1771,1.2904,1.2934
343.9151,16.2891,11.2070,1.2904,1.2934
343.9651,16.2489,11.2367,1.2904,1.2934
344.0151,16.2085,11.2662,1.2902,1.2934
344.0651,16.1677,11.2951,1.2887,1.2945
344.1151,16.1264,11.3232,1.2874,1.2961
344.1651,16.0844,11.3505,1.2861,1.2961
344.2151,16.0420,11.3769,1.2861,1.2961
344.2651,15.9990,11.4024,1.2861,1.2953
344.3151,15.9555,11.4272,1.2895,1.2945
344.3651,15.9117,11.4513,1.2903,1.2945
344.4151,15.8676,11.4748,1.2903,1.2927
344.4651,15.8232,11.4978,1.2903,1.2916
344.5151,15.7787,11.5206,1.2903,1.2913
344.5651,15.7340,11.5430,1.2903,1.2909
344.6151,15.6892,11.5652,1.2903,1.2908
344.6651,15.6443,11.5872,1.2903,1.2908
344.7151,15.5992,11.6089,1.2903,1.2908
344.7651,15.5541,11.6303,1.2903,1.2909
344.8151,15.5087,11.6514,1.2903,1.2913
344.8651,15.4632,11.6720,1.2916,1.2916
344.9151,15.4173,11.6918,1.2916,1.2919
344.9651,15.3710,11.7107,1.2916,1.2919
345.0151,15.3242,11.7284,1.2916,1.2947
345.0651,15.2771,11.7451,1.2916,1.2947
345.1151,15.2296,11.7608,1.2929,1.2947
345.1651,15.1818,11.7756,1.2929,1.2979
345.2151,15.1338,11.7894,1.2929,1.2979
345.2651,15.0854,11.8021,1.2895,1.2979
345.3151,15.0367,11.8135,1.2895,1.2977
345.3651,14.9878,11.8237,1.2882,1.2946
345.4151,14.9386,11.8326,1.2862,1.2896
345.4651,14.8892,11.8406,1.2848,1.2873
345.5151,14.8398,11.8482,1.2848,1.2873
345.5651,14.7903,11.8555,1.2848,1.2873
345.6152,14.7409,11.8628,1.2848,1.2876
345.6652,14.6914,11.8700,1.2848,1.2908
345.7152,14.6419,11.8768,1.2845,1.2908
345.7652,14.5922,11.8830,1.2845,1.2908
345.8152,14.5425,11.8883,1.2845,1.2908
345.8652,14.4927,11.8925,1.2845,1.2908
345.9152,14.4428,11.8953,1.2845,1.2908
345.9652,14.3928,11.8968,1.2853,1.2909
346.0152,14.3428,11.8970,1.2905,1.2929
346.0652,14.2928,11.8963,1.2905,1.2929
346.1152,14.2428,11.8947,1.2905,1.2929
346.1652,14.1929,11.8924,1.2857,1.2909
346.2152,14.1430,11.8895,1.2857,1.2902
346.2652,14.0931,11.8861,1.2857,1.2894
346.3152,14.0432,11.8822,1.2857,1.2891
346.3652,13.9934,11.8779,1.2867,1.2891
346.4152,13.9436,11.8734,1.2867,1.2889
346.4652,13.8938,11.8687,1.2867,1.2887
346.5152,13.8441,11.8638,1.2867,1.2887
346.5652,13.7943,11.8588,1.2867,1.2874
346.6152,13.7446,11.8537,1.2867,1.2866
346.6652,13.6949,11.8484,1.2867,1.2866
346.7152,13.6452,11.8429,1.2867,1.2866
346.7652,13.5955,11.8371,1.2867,1.2866
346.8152,13.5459,11.8309,1.2867,1.2885
346.8652,13.4963,11.8241,1.2876,1.2907
346.9152,13.4469,11.8167,1.2934,1.2940
346.9652,13.3975,11.8088,1.2934,1.2940
347.0152,13.3482,11.8004,1.2934,1.2940
347.0652,13.2990,11.7918,1.2934,1.2939
347.1152,13.2497,11.7832,1.2934,1.2937
347.1652,13.2005,11.7745,1.2934,1.2937
347.2152,13.1512,11.7657,1.2945,1.2937
347.2652,13.1020,11.7570,1.2956,1.2939
347.3152,13.0528,11.7481,1.2963,1.2939
347.3652,13.0036,11.7390,1.2974,1.2943
347.4152,12.9545,11.7296,1.2974,1.2967
347.4652,12.9054,11.7200,1.2974,1.2967
347.5152,12.8564,11.7101,1.2974,1.2972
347.5652,12.8075,11.7000,1.2956,1.2972
347.6152,12.7586,11.6896,1.2955,1.2972
347.6652,12.7097,11.6788,1.2955,1.2972
347.7152,12.6610,11.6676,1.2955,1.2972
347.7652,12.6123,11.6562,1.2955,1.2972
347.8152,12.5637,11.6444,1.2955,1.2967
347.8652,12.5152,11.6322,1.2933,1.2965
347.9152,12.4669,11.6195,1.2923,1.2962
347.9652,12.4187,11.6061,1.2903,1.2962
348.0152,12.3708,11.5918,1.2890,1.2962
348.0652,12.3232,11.5765,1.2877,1.2962
348.1152,12.2759,11.5604,1.2877,1.2943
348.1652,12.2288,11.5434,1.2877,1.2902
348.2153,12.1821,11.5256,1.2848,1.2902
348.2653,12.1356,11.5072,1.2848,1.2902
348.3153,12.0894,11.4880,1.2865,1.2902
348.3653,12.0436,11.4680,1.2871,1.2925
348.4153,11.9982,11.4471,1.2865,1.2925
348.4653,11.9532,11.4253,1.2865,1.2925
348.5153,11.9085,11.4028,1.2865,1.2925
348.5653,11.8643,11.3795,1.2871,1.2925
348.6153,11.8204,11.3556,1.2922,1.2925
348.6653,11.7767,11.3312,1.2922,1.2924
348.7153,11.7333,11.3064,1.2922,1.2925
348.7653,11.6902,11.2810,1.2922,1.2925
348.8153,11.6474,11.2551,1.2922,1.2939
348.8653,11.6051,11.2286,1.2903,1.2941
348.9153,11.5632,11.2013,1.2903,1.2941
348.9653,11.5218,11.1733,1.2922,1.2944
349.0153,11.4808,11.1446,1.2922,1.2952
349.0653,11.4402,11.1154,1.2943,1.2986
349.1153,11.4001,11.0856,1.2979,1.2986
349.1653,11.3602,11.0554,1.2979,1.2994
349.2153,11.3208,11.0246,1.2979,1.3004
349.2653,11.2817,10.9934,1.2979,1.3004
349.3153,11.2431,10.9617,1.2979,1.3009
349.3653,11.2047,10.9296,1.2990,1.3009
349.4153,11.1668,10.8971,1.2979,1.3009
349.4653,11.1291,10.8642,1.2990,1.3009
349.5153,11.0917,10.8310,1.2990,1.3011
349.5653,11.0547,10.7974,1.2990,1.3011
349.6153,11.0181,10.7633,1.3002,1.3024
349.6653,10.9820,10.7287,1.3002,1.3024
349.7153,10.9465,10.6935,1.2990,1.3024
349.7653,10.9116,10.6577,1.2975,1.2994
349.8153,10.8773,10.6213,1.2964,1.2974
349.8653,10.8435,10.5845,1.2953,1.2968
349.9153,10.8102,10.5472,1.2942,1.2968
349.9653,10.7774,10.5094,1.2901,1.2961
350.0153,10.7453,10.4711,1.2901,1.2961
350.0653,10.7137,10.4323,1.2942,1.2961
350.1153,10.6828,10.3930,1.2942,1.2959
350.1653,10.6524,10.3533,1.2942,1.2957
350.2153,10.6225,10.3132,1.2942,1.2957
350.2653,10.5931,10.2728,1.2942,1.2923
350.3153,10.5640,10.2321,1.2942,1.2923
350.3653,10.5353,10.1912,1.2942,1.2923
350.4153,10.5071,10.1499,1.2942,1.3031
350.4653,10.4796,10.1082,1.2942,1.3031
350.5153,10.4529,10.0658,1.2934,1.3031
350.5653,10.4274,10.0229,1.2934,1.3031
350.6153,10.4027,9.9793,1.2934,1.2981
350.6653,10.3790,9.9354,1.2937,1.2981
350.7153,10.3559,9.8910,1.2937,1.2981
350.7653,10.3333,9.8464,1.2937,1.2981
350.8153,10.3113,9.8015,1.2937,1.2981
350.8653,10.2898,9.7564,1.2937,1.2989
350.9153,10.2691,9.7109,1.2937,1.2989
350.9653,10.2492,9.6650,1.2948,1.2989
351.0153,10.2302,9.6187,1.2976,1.2989
351.0653,10.2120,9.5722,1.2976,1.2981
351.1153,10.1944,9.5253,1.2976,1.2981
351.1654,10.1773,9.4784,1.2997,1.2981
351.2154,10.1606,9.4312,1.2997,1.2995
351.2654,10.1445,9.3839,1.2997,1.2996
351.3154,10.1291,9.3363,1.2941,1.2998
351.3654,10.1145,9.2885,1.2941,1.3039
351.4154,10.1010,9.2404,1.2941,1.3039
351.4654,10.0885,9.1919,1.2941,1.3039
351.5154,10.0772,9.1432,1.2941,1.3039
351.5654,10.0669,9.0943,1.2941,1.3019
351.6154,10.0576,9.0452,1.2941,1.3015
351.6654,10.0495,8.9958,1.2941,1.3008
351.7154,10.0423,8.9463,1.2941,1.3004
351.7654,10.0363,8.8967,1.2941,1.3001
351.8154,10.0315,8.8469,1.2908,1.2997
351.8654,10.0280,8.7971,1.2908,1.2994
351.9154,10.0255,8.7471,1.2908,1.2984
351.9654,10.0242,8.6971,1.2941,1.2976
352.0154,10.0238,8.6471,1.2955,1.2957
352.0654,10.0240,8.5971,1.2969,1.2953
352.1154,10.0247,8.5471,1.2969,1.2953
352.1654,10.0256,8.4971,1.2969,1.2953
352.2154,10.0266,8.4471,1.2969,1.2953
352.2654,10.0276,8.3972,1.2969,1.2954
352.3154,10.0284,8.3472,1.2957,1.2958
352.3654,10.0293,8.2972,1.2946,1.2976
352.4154,10.0304,8.2472,1.2946,1.2976
352.4654,10.0320,8.1972,1.2946,1.2976
352.5154,10.0342,8.1472,1.2962,1.2976
352.5654,10.0373,8.0973,1.2962,1.2976
352.6154,10.0412,8.0475,1.2962,1.2986
352.6654,10.0461,7.9977,1.2938,1.2992
352.7154,10.0519,7.9481,1.2938,1.2992
352.7654,10.0586,7.8985,1.2930,1.2992
352.8154,10.0662,7.8491,1.2901,1.2992
352.8654,10.0748,7.7998,1.2866,1.2988
352.9154,10.0846,7.7508,1.2901,1.2974
352.9654,10.0953,7.7020,1.2901,1.2974
353.0154,10.1071,7.6534,1.2939,1.2961
353.0654,10.1196,7.6049,1.2939,1.2965
353.1154,10.1327,7.5567,1.2956,1.2957
353.1654,10.1464,7.5086,1.2956,1.2957
353.2154,10.1608,7.4607,1.2956,1.2956
353.2654,10.1758,7.4130,1.2956,1.2927
353.3154,10.1915,7.3655,1.2904,1.2927
353.3654,10.2076,7.3182,1.2888,1.2914
353.4154,10.2243,7.2711,1.2888,1.2913
353.4654,10.2414,7.2241,1.2883,1.2913
353.5154,10.2592,7.1774,1.2888,1.2911
353.5654,10.2776,7.1309,1.2883,1.2911
353.6154,10.2968,7.0847,1.2883,1.2903
353.6654,10.3168,7.0389,1.2883,1.2903
353.7154,10.3375,6.9934,1.2883,1.2903
353.7654,10.3588,6.9482,1.2862,1.2894
353.8154,10.3806,6.9031,1.2862,1.2894
353.8654,10.4028,6.8583,1.2862,1.2894
353.9154,10.4253,6.8137,1.2862,1.2907
353.9654,10.4484,6.7693,1.2917,1.2932
354.0155,10.4721,6.7253,1.2918,1.2932
354.0655,10.4963,6.6816,1.2979,1.2958
354.1155,10.5210,6.6381,1.2979,1.2970
354.1655,10.5462,6.5949,1.2979,1.2975
354.2155,10.5717,6.5519,1.2979,1.2975
354.2655,10.5976,6.5091,1.2979,1.2997
354.3155,10.6239,6.4666,1.2974,1.2997
354.3655,10.6505,6.4242,1.2974,1.3002
354.4155,10.6773,6.3820,1.2974,1.3002
354.4655,10.7043,6.3399,1.2974,1.3002
354.5155,10.7317,6.2981,1.2987,1.3037
354.5655,10.7597,6.2566,1.2987,1.3037
354.6155,10.7882,6.2156,1.2987,1.3037
354.6655,10.8173,6.1750,1.2980,1.3014
354.7155,10.8471,6.1348,1.2974,1.3002
354.7655,10.8774,6.0950,1.2968,1.2964
354.8155,10.9082,6.0556,1.2956,1.2950
354.8655,10.9395,6.0166,1.2944,1.2936
354.9155,10.9712,5.9780,1.2944,1.2929
354.9655,11.0034,5.9397,1.2884,1.2905
355.0155,11.0360,5.9018,1.2882,1.2903
355.0655,11.0692,5.8644,1.2868,1.2897
355.1155,11.1030,5.8275,1.2868,1.2891
355.1655,11.1374,5.7913,1.2868,1.2889
355.2155,11.1724,5.7556,1.2868,1.2886
355.2655,11.2079,5.7203,1.2874,1.2856
355.3155,11.2435,5.6853,1.2874,1.2856
355.3655,11.2793,5.6503,1.2868,1.2856
355.4155,11.3150,5.6153,1.2850,1.2846
355.4655,11.3506,5.5802,1.2850,1.2846
355.5155,11.3861,5.5450,1.2850,1.2846
355.5655,11.4215,5.5097,1.2850,1.2846
355.6155,11.4569,5.4743,1.2850,1.2846
355.6655,11.4923,5.4390,1.2850,1.2866
355.7155,11.5279,5.4040,1.2850,1.2867
355.7655,11.5640,5.3693,1.2850,1.2867
355.8155,11.6006,5.3352,1.2850,1.2904
355.8655,11.6378,5.3018,1.2850,1.2910
355.9155,11.6755,5.2690,1.2854,1.2911
355.9655,11.7134,5.2364,1.2962,1.2911
356.0155,11.7514,5.2038,1.2962,1.2938
356.0655,11.7892,5.1711,1.2962,1.2944
356.1155,11.8268,5.1382,1.2967,1.2949
356.1655,11.8645,5.1053,1.2967,1.2955
356.2155,11.9023,5.0726,1.2967,1.2997
356.2656,11.9404,5.0402,1.2967,1.2997
356.3156,11.9788,5.0083,1.2972,1.2997
356.3656,12.0176,4.9766,1.2975,1.2992
356.4156,12.0565,4.9453,1.2980,1.2973
356.4656,12.0956,4.9140,1.2980,1.2973
356.5156,12.1346,4.8828,1.2975,1.2973
356.5656,12.1737,4.8516,1.2975,1.2973
356.6156,12.2129,4.8205,1.2967,1.2992
356.6656,12.2522,4.7897,1.2967,1.2992
356.7156,12.2918,4.7591,1.2967,1.2992
356.7656,12.3316,4.7289,1.2972,1.2992
356.8156,12.3715,4.6987,1.2975,1.2981
356.8656,12.4114,4.6686,1.2975,1.2975
356.9156,12.4512,4.6384,1.2983,1.2970
356.9656,12.4910,4.6080,1.2983,1.2970
357.0156,12.5306,4.5776,1.2984,1.2975
357.0656,12.5703,4.5471,1.2983,1.2975
357.1156,12.6100,4.5167,1.2983,1.2970
357.1656,12.6498,4.4864,1.2984,1.2970
357.2156,12.6895,4.4560,1.2983,1.2964
357.2656,12.7291,4.4255,1.2971,1.2964
357.3156,12.7687,4.3949,1.2971,1.2964
357.3656,12.8082,4.3643,1.2971,1.2970
357.4156,12.8476,4.3335,1.2971,1.2972
357.4656,12.8869,4.3027,1.2971,1.2973
357.5156,12.9262,4.2717,1.2992,1.2977
357.5656,12.9655,4.2408,1.2992,1.2977
357.6156,13.0047,4.2098,1.2992,1.2980
357.6656,13.0439,4.1787,1.2979,1.2980
357.7156,13.0831,4.1477,1.2979,1.2981
357.7656,13.1223,4.1166,1.2979,1.2981
357.8156,13.1616,4.0857,1.3000,1.2981
357.8656,13.2010,4.0550,1.3000,1.2981
357.9156,13.2407,4.0245,1.3000,1.2987
357.9656,13.2805,3.9942,1.3000,1.2987
358.0156,13.3204,3.9641,1.2984,1.2987
358.0656,13.3605,3.9342,1.2968,1.2983
358.1156,13.4005,3.9042,1.2968,1.2977
358.1656,13.4404,3.8741,1.2968,1.2977
358.2156,13.4802,3.8439,1.2968,1.2975
358.2656,13.5199,3.8134,1.2938,1.2936
358.3157,13.5593,3.7826,1.2938,1.2904
358.3657,13.5985,3.7515,1.2908,1.2904
358.4157,13.6374,3.7202,1.2908,1.2904
358.4657,13.6763,3.6888,1.2908,1.2904
358.5157,13.7152,3.6573,1.2908,1.2904
358.5657,13.7541,3.6259,1.2908,1.2904
358.6157,13.7930,3.5946,1.2937,1.2904
358.6657,13.8319,3.5631,1.2937,1.2904
358.7157,13.8707,3.5315,1.2937,1.2904
358.7657,13.9093,3.4998,1.2937,1.2919
358.8157,13.9478,3.4678,1.2937,1.2919
358.8657,13.9862,3.4358,1.2928,1.2927
358.9157,14.0245,3.4037,1.2928,1.2932
358.9657,14.0629,3.3716,1.2928,1.2950
359.0157,14.1012,3.3396,1.2968,1.2980
359.0657,14.1397,3.3076,1.2974,1.2980
359.1157,14.1781,3.2756,1.2974,1.2980
359.1657,14.2166,3.2436,1.2974,1.2973
359.2157,14.2549,3.2115,1.2965,1.2958
359.2657,14.2930,3.1791,1.2959,1.2958
359.3157,14.3309,3.1465,1.2959,1.2958
359.3657,14.3688,3.1139,1.2954,1.2999
359.4157,14.4068,3.0814,1.2959,1.2999
359.4657,14.4450,3.0491,1.2959,1.2999
359.5157,14.4834,3.0171,1.2959,1.2999
359.5657,14.5220,2.9854,1.2959,1.2999
359.6157,14.5608,2.9538,1.2959,1.2993
359.6657,14.5996,2.9223,1.2952,1.2993
359.7157,14.6384,2.8907,1.2952,1.2919
359.7657,14.6770,2.8589,1.2926,1.2919
359.8157,14.7154,2.8270,1.2926,1.2919
359.8657,14.7538,2.7948,1.2926,1.2920
359.9157,14.7920,2.7626,1.2912,1.2920
359.9657,14.8303,2.7305,1.2912,1.2921
360.0157,14.8686,2.6984,1.2926,1.2921
360.0657,14.9070,2.6663,1.2899,1.2921
360.1157,14.9454,2.6343,1.2926,1.2914
360.1657,14.9837,2.6021,1.2926,1.2914
360.2157,15.0219,2.5698,1.2900,1.2885
360.2657,15.0599,2.5374,1.2877,1.2885
360.3157,15.0979,2.5049,1.2861,1.2885
360.3658,15.1361,2.4726,1.2861,1.2897
360.4158,15.1744,2.4405,1.2893,1.2921
360.4658,15.2130,2.4087,1.2893,1.2923
360.5158,15.2518,2.3772,1.2938,1.2935
360.5658,15.2907,2.3457,1.2995,1.2935
360.6158,15.3294,2.3140,1.2995,1.2942
360.6658,15.3679,2.2822,1.2995,1.2935
360.7158,15.4063,2.2501,1.2995,1.2942
360.7658,15.4443,2.2177,1.2995,1.2942
360.8158,15.4822,2.1850,1.2976,1.2942
360.8658,15.5200,2.1523,1.2975,1.2955
360.9158,15.5578,2.1195,1.2975,1.2955
360.9658,15.5958,2.0870,1.2975,1.3003
361.0158,15.6340,2.0548,1.2981,1.3019
361.0658,15.6726,2.0230,1.2981,1.3019
361.1158,15.7114,1.9915,1.2981,1.3003
361.1658,15.7505,1.9602,1.2981,1.3003
361.2158,15.7895,1.9290,1.2966,1.2987
361.2658,15.8284,1.8975,1.2957,1.2967
361.3158,15.8670,1.8658,1.2948,1.2941
361.3658,15.9053,1.8337,1.2948,1.2941
361.4158,15.9435,1.8014,1.2948,1.2941
361.4658,15.9817,1.7692,1.2948,1.2964
361.5158,16.0202,1.7372,1.2948,1.2964
361.5658,16.0588,1.7055,1.2972,1.2964
361.6158,16.0976,1.6739,1.2972,1.2964
361.6658,16.1364,1.6423,1.2972,1.2941
361.7158,16.1751,1.6107,1.2957,1.2941
361.7658,16.2137,1.5789,1.2957,1.2941
361.8158,16.2522,1.5470,1.2957,1.2941
361.8658,16.2908,1.5151,1.2957,1.2941
361.9158,16.3294,1.4835,1.2957,1.2998
361.9658,16.3684,1.4521,1.2986,1.3035
362.0158,16.4076,1.4211,1.2986,1.3035
362.0658,16.4470,1.3902,1.3029,1.3035
362.1158,16.4862,1.3592,1.3029,1.2974
362.1658,16.5251,1.3279,1.3029,1.2974
362.2158,16.5638,1.2961,1.2976,1.2974
362.2658,16.6023,1.2642,1.2964,1.2974
362.3158,16.6409,1.2324,1.2964,1.2976
362.3658,16.6796,1.2008,1.2964,1.2976
362.4159,16.7186,1.1695,1.2964,1.2976
362.4659,16.7577,1.1383,1.2964,1.2972
362.5159,16.7967,1.1071,1.2964,1.2972
362.5659,16.8357,1.0757,1.2964,1.2950
362.6159,16.8744,1.0440,1.2961,1.2929
362.6659,16.9128,1.0121,1.2936,1.2929
362.7159,16.9511,0.9799,1.2911,1.2929
362.7659,16.9895,0.9479,1.2911,1.2929
362.8159,17.0282,0.9162,1.2911,1.2950
362.8659,17.0671,0.8849,1.2911,1.2950
362.9159,17.1065,0.8540,1.2911,1.2950
362.9659,17.1459,0.8233,1.2911,1.2873
363.0159,17.1853,0.7925,1.2911,1.2856
363.0659,17.2244,0.7613,1.2894,1.2839
363.1159,17.2630,0.7295,1.2894,1.2839
363.1659,17.3012,0.6973,1.2878,1.2839
363.2159,17.3394,0.6649,1.2878,1.2883
363.2659,17.3776,0.6328,1.2878,1.2929
363.3159,17.4164,0.6011,1.2878,1.2953
363.3659,17.4555,0.5700,1.2918,1.2953
363.4159,17.4949,0.5392,1.2958,1.2929
363.4659,17.5342,0.5084,1.2972,1.2929
363.5159,17.5733,0.4771,1.2972,1.2929
363.5659,17.6120,0.4454,1.2958,1.2929
363.6159,17.6505,0.4136,1.2958,1.2963
363.6659,17.6890,0.3817,1.2956,1.2973
363.7159,17.7277,0.3500,1.2956,1.2973
363.7659,17.7667,0.3187,1.2958,1.2973
363.8159,17.8058,0.2875,1.2973,1.2973
363.8659,17.8450,0.2564,1.2973,1.2962
363.9159,17.8841,0.2253,1.2973,1.2962
363.9659,17.9230,0.1939,1.2966,1.2949
364.0159,17.9619,0.1625,1.2938,1.2949
364.0659,18.0007,0.1309,1.2938,1.2949
364.1159,18.0395,0.0995,1.2938,1.2949
364.1659,18.0786,0.0682,1.2944,1.2949
364.2159,18.1178,0.0371,1.2951,1.2949
364.2659,18.1570,0.0062,1.2951,1.2944
364.3159,18.1963,-0.0248,1.2951,1.2937
364.3659,18.2355,-0.0558,1.2938,1.2937
364.4159,18.2746,-0.0869,1.2938,1.2937
364.4659,18.3137,-0.1181,1.2926,1.2937
364.5159,18.3528,-0.1493,1.2926,1.2946
364.5660,18.3919,-0.1805,1.2944,1.2946
364.6160,18.4310,-0.2116,1.2945,1.2946
364.6660,18.4701,-0.2428,1.2945,1.2946
364.7160,18.5091,-0.2741,1.2945,1.2918
364.7660,18.5481,-0.3054,1.2927,1.2916
364.8160,18.5870,-0.3368,1.2908,1.2916
364.8660,18.6259,-0.3682,1.2901,1.2916
364.9160,18.6648,-0.3996,1.2901,1.2918
364.9660,18.7038,-0.4309,1.2901,1.2950
365.0160,18.7428,-0.4623,1.2965,1.2953
365.0660,18.7816,-0.4937,1.2965,1.2953
365.1160,18.8203,-0.5254,1.2965,1.2953
365.1660,18.8589,-0.5572,1.2961,1.2918
365.2160,18.8973,-0.5892,1.2961,1.2918
365.2660,18.9356,-0.6214,1.2961,1.2918
365.3160,18.9738,-0.6537,1.2954,1.2925
365.3660,19.0118,-0.6862,1.2953,1.2925
365.4160,19.0497,-0.7188,1.2953,1.2946
365.4660,19.0875,-0.7515,1.2953,1.2946
365.5160,19.1255,-0.7841,1.2953,1.2962
365.5660,19.1635,-0.8165,1.2953,1.2962
365.6160,19.2018,-0.8487,1.2953,1.2962
365.6660,19.2401,-0.8808,1.2953,1.2962
365.7160,19.2786,-0.9128,1.2945,1.2962
365.7660,19.3171,-0.9447,1.2938,1.2962
365.8160,19.3556,-0.9765,1.2945,1.2962
365.8660,19.3941,-1.0084,1.2945,1.2962
365.9160,19.4327,-1.0402,1.2945,1.3024
365.9660,19.4714,-1.0719,1.2955,1.3024
366.0160,19.5102,-1.1034,1.2986,1.3024
366.0660,19.5493,-1.1345,1.2986,1.3024
366.1160,19.5887,-1.1654,1.2955,1.3024
366.1660,19.6282,-1.1961,1.2955,1.2909
366.2160,19.6676,-1.2268,1.2955,1.2906
366.2660,19.7068,-1.2578,1.2955,1.2906
366.3160,19.7458,-1.2891,1.2947,1.2906
366.3660,19.7846,-1.3207,1.2919,1.2906
366.4160,19.8233,-1.3524,1.2919,1.2906
366.4660,19.8617,-1.3843,1.2919,1.2906
366.5160,19.9000,-1.4165,1.2919,1.2906
366.5660,19.9381,-1.4490,1.2915,1.2899
366.6161,19.9759,-1.4816,1.2915,1.2889
366.6661,20.0138,-1.5143,1.2866,1.2889
366.7161,20.0517,-1.5469,1.2866,1.2889
366.7661,20.0898,-1.5793,1.2866,1.2889
366.8161,20.1280,-1.6115,1.2858,1.2929
366.8661,20.1664,-1.6435,1.2858,1.2929
366.9161,20.2050,-1.6754,1.2866,1.2929
366.9661,20.2436,-1.7071,1.2915,1.2929
367.0161,20.2823,-1.7388,1.2915,1.2929
367.0661,20.3211,-1.7703,1.2915,1.2921
367.1161,20.3600,-1.8017,1.2915,1.2914
367.1661,20.3991,-1.8329,1.2898,1.2914
367.2161,20.4385,-1.8637,1.2898,1.2914
367.2661,20.4779,-1.8945,1.2898,1.2914
367.3161,20.5173,-1.9253,1.2973,1.2926
367.3661,20.5563,-1.9565,1.2973,1.2927
367.4161,20.5949,-1.9883,1.2973,1.2957
367.4661,20.6330,-2.0207,1.2977,1.2984
367.5161,20.6708,-2.0535,1.2977,1.2984
367.5661,20.7084,-2.0865,1.2977,1.3001
367.6161,20.7459,-2.1195,1.2977,1.3017
367.6661,20.7835,-2.1525,1.2977,1.3017
367.7161,20.8211,-2.1855,1.2973,1.3001
367.7661,20.8586,-2.2184,1.2977,1.2985
367.8161,20.8962,-2.2515,1.2973,1.2985
367.8661,20.9336,-2.2847,1.2953,1.2926
367.9161,20.9707,-2.3181,1.2953,1.2852
367.9661,21.0077,-2.3518,1.2936,1.2851
368.0161,21.0445,-2.3856,1.2901,1.2837
368.0661,21.0814,-2.4194,1.2849,1.2819
368.1161,21.1184,-2.4530,1.2848,1.2805
368.1661,21.1555,-2.4865,1.2831,1.2805
368.2161,21.1926,-2.5201,1.2831,1.2805
368.2661,21.2293,-2.5541,1.2831,1.2809
368.3161,21.2655,-2.5886,1.2831,1.2809
368.3661,21.3010,-2.6238,1.2831,1.2830
368.4161,21.3358,-2.6596,1.2850,1.2836
368.4661,21.3700,-2.6962,1.2868,1.2836
368.5161,21.4034,-2.7333,1.2868,1.2838
368.5661,21.4363,-2.7710,1.2868,1.2847
368.6161,21.4686,-2.8092,1.2878,1.2907
368.6661,21.5005,-2.8476,1.2925,1.2907
368.7161,21.5322,-2.8863,1.2942,1.2962
368.7662,21.5637,-2.9252,1.2942,1.2962
368.8162,21.5950,-2.9642,1.2963,1.2962
368.8662,21.6259,-3.0035,1.2979,1.2962
368.9162,21.6564,-3.0431,1.3003,1.2979
368.9662,21.6866,-3.0830,1.3010,1.2986
369.0162,21.7162,-3.1232,1.3012,1.2986
369.0662,21.7454,-3.1638,1.3025,1.2987
369.1162,21.7740,-3.2049,1.3025,1.2987
369.1662,21.8018,-3.2464,1.3041,1.2987
369.2162,21.8288,-3.2885,1.3041,1.3013
369.2662,21.8550,-3.3311,1.3054,1.3013
369.3162,21.8804,-3.3741,1.3065,1.3013
369.3662,21.9052,-3.4176,1.3065,1.3026
369.4162,21.9294,-3.4613,1.3065,1.3026
369.4662,21.9531,-3.5054,1.3064,1.3040
369.5162,21.9764,-3.5496,1.3045,1.3040
369.5662,21.9992,-3.5941,1.3045,1.3040
369.6162,22.0215,-3.6388,1.3041,1.3013
369.6662,22.0435,-3.6838,1.3041,1.3013
369.7162,22.0650,-3.7289,1.3037,1.3013
369.7662,22.0861,-3.7743,1.3023,1.2994
369.8162,22.1067,-3.8198,1.3012,1.2994
369.8662,22.1269,-3.8655,1.3012,1.2994
369.9162,22.1467,-3.9115,1.3009,1.2960
369.9662,22.1660,-3.9576,1.3002,1.2960
370.0162,22.1848,-4.0039,1.2984,1.2936
370.0662,22.2030,-4.0505,1.2984,1.2936
370.1162,22.2207,-4.0973,1.2969,1.2931
370.1662,22.2378,-4.1442,1.2969,1.2931
370.2162,22.2543,-4.1914,1.2969,1.2931
370.2662,22.2704,-4.2388,1.2954,1.2933
370.3162,22.2861,-4.2863,1.2954,1.2941
370.3662,22.3016,-4.3338,1.2925,1.2941
370.4162,22.3167,-4.3815,1.2925,1.2947
370.4662,22.3316,-4.4292,1.2935,1.2947
370.5162,22.3460,-4.4771,1.2935,1.2941
370.5662,22.3598,-4.5251,1.2935,1.2941
370.6162,22.3732,-4.5733,1.2935,1.2947
370.6662,22.3862,-4.6216,1.2915,1.2947
370.7162,22.3991,-4.6699,1.2915,1.2947
370.7662,22.4122,-4.7182,1.2915,1.2947
370.8162,22.4255,-4.7664,1.2915,1.2947
370.8662,22.4388,-4.8146,1.2915,1.2947
370.9162,22.4517,-4.8629,1.2894,1.2891
370.9662,22.4639,-4.9114,1.2894,1.2866
371.0162,22.4750,-4.9601,1.2894,1.2866
371.0663,22.4852,-5.0091,1.2948,1.2866
371.1163,22.4944,-5.0582,1.2948,1.2902
371.1663,22.5030,-5.1075,1.2948,1.2915
371.2163,22.5112,-5.1568,1.2920,1.2921
371.2663,22.5193,-5.2061,1.2920,1.2921
371.3163,22.5272,-5.2555,1.2920,1.2921
371.3663,22.5350,-5.3049,1.2933,1.2921
371.4163,22.5426,-5.3543,1.2939,1.2921
371.4663,22.5498,-5.4038,1.2939,1.2927
371.5163,22.5568,-5.4533,1.2965,1.2952
371.5663,22.5634,-5.5029,1.2992,1.2971
371.6163,22.5697,-5.5525,1.2992,1.2971
371.6663,22.5756,-5.6021,1.2992,1.2971
371.7163,22.5812,-5.6518,1.2968,1.2969
371.7663,22.5865,-5.7016,1.2965,1.2945
371.8163,22.5913,-5.7513,1.2965,1.2920
371.8663,22.5956,-5.8011,1.2965,1.2920
371.9163,22.5993,-5.8510,1.2965,1.2920
371.9663,22.6022,-5.9009,1.2996,1.2920
372.0163,22.6043,-5.9509,1.3000,1.2949
372.0663,22.6056,-6.0009,1.3000,1.2949
372.1163,22.6062,-6.0509,1.3000,1.2949
372.1663,22.6064,-6.1009,1.2986,1.2949
372.2163,22.6064,-6.1509,1.2986,1.2966
372.2663,22.6064,-6.2009,1.2979,1.2966
372.3163,22.6066,-6.2509,1.2934,1.2968
372.3663,22.6072,-6.3009,1.2934,1.2968
372.4163,22.6080,-6.3509,1.2986,1.2968
372.4663,22.6088,-6.4009,1.2986,1.2968
372.5163,22.6095,-6.4509,1.2986,1.2968
372.5663,22.6097,-6.5009,1.2986,1.2968
372.6163,22.6095,-6.5509,1.2986,1.2966
372.6663,22.6087,-6.6009,1.2986,1.2966
372.7163,22.6073,-6.6508,1.2986,1.2966
372.7663,22.6052,-6.7008,1.2984,1.2966
372.8163,22.6025,-6.7507,1.2983,1.2965
372.8663,22.5994,-6.8006,1.2967,1.2949
372.9163,22.5960,-6.8505,1.2967,1.2945
372.9663,22.5920,-6.9004,1.2967,1.2941
373.0163,22.5876,-6.9502,1.2967,1.2938
373.0663,22.5826,-6.9999,1.2967,1.2938
373.1163,22.5769,-7.0496,1.2967,1.2941
373.1663,22.5704,-7.0992,1.2967,1.2941
373.2164,22.5631,-7.1487,1.2967,1.2938
373.2664,22.5552,-7.1980,1.2926,1.2926
373.3164,22.5470,-7.2473,1.2913,1.2913
373.3664,22.5385,-7.2966,1.2913,1.2900
373.4164,22.5301,-7.3459,1.2909,1.2900
373.4664,22.5217,-7.3952,1.2909,1.2900
373.5164,22.5133,-7.4445,1.2909,1.2936
373.5664,22.5048,-7.4938,1.2920,1.2936
373.6164,22.4959,-7.5430,1.2920,1.2936
373.6664,22.4865,-7.5921,1.2920,1.2905
373.7164,22.4765,-7.6411,1.2922,1.2876
373.7664,22.4657,-7.6899,1.2920,1.2876
373.8164,22.4543,-7.7386,1.2920,1.2876
373.8664,22.4424,-7.7872,1.2950,1.2876
373.9164,22.4302,-7.8356,1.2950,1.2913
373.9664,22.4176,-7.8840,1.2922,1.2913
374.0164,22.4046,-7.9323,1.2950,1.2917
374.0664,22.3912,-7.9805,1.2950,1.2922
374.1164,22.3773,-8.0285,1.2922,1.2922
374.1664,22.3629,-8.0764,1.2922,1.2922
374.2164,22.3479,-8.1241,1.2928,1.2909
374.2664,22.3324,-8.1716,1.2928,1.2909
374.3164,22.3163,-8.2190,1.2917,1.2903
374.3664,22.2997,-8.2662,1.2917,1.2901
374.4164,22.2827,-8.3132,1.2917,1.2903
374.4664,22.2654,-8.3601,1.2917,1.2903
374.5164,22.2479,-8.4069,1.2911,1.2903
374.5664,22.2304,-8.4538,1.2911,1.2908
374.6164,22.2127,-8.5005,1.2923,1.2908
374.6664,22.1949,-8.5472,1.2932,1.2908
374.7164,22.1766,-8.5938,1.2937,1.2888
374.7664,22.1579,-8.6402,1.2937,1.2888
374.8164,22.1386,-8.6863,1.2946,1.2888
374.8664,22.1190,-8.7323,1.2946,1.2888
374.9164,22.0990,-8.7781,1.2946,1.2918
374.9664,22.0787,-8.8238,1.2942,1.2918
375.0164,22.0581,-8.8694,1.2933,1.2915
375.0664,22.0370,-8.9147,1.2933,1.2915
375.1164,22.0155,-8.9599,1.2942,1.2915
375.1664,21.9934,-9.0047,1.2950,1.2915
375.2164,21.9708,-9.0493,1.2955,1.2904
375.2664,21.9475,-9.0936,1.2955,1.2904
375.3165,21.9238,-9.1376,1.2955,1.2936
375.3665,21.8997,-9.1814,1.2921,1.2936
375.4165,21.8754,-9.2251,1.2921,1.2914
375.4665,21.8509,-9.2687,1.2920,1.2924
375.5165,21.8265,-9.3123,1.2920,1.2914
375.5665,21.8020,-9.3559,1.2920,1.2904
375.6165,21.7774,-9.3995,1.2920,1.2904
375.6665,21.7527,-9.4429,1.2920,1.2908
375.7165,21.7277,-9.4862,1.2920,1.2908
375.7665,21.7023,-9.5293,1.2943,1.2908
375.8165,21.6764,-9.5721,1.2943,1.2908
375.8665,21.6499,-9.6145,1.2943,1.2906
375.9165,21.6227,-9.6564,1.2943,1.2897
375.9665,21.5949,-9.6980,1.2943,1.2897
376.0165,21.5666,-9.7392,1.2935,1.2890
376.0665,21.5377,-9.7801,1.2935,1.2897
376.1165,21.5084,-9.8206,1.2927,1.2897
376.1665,21.4786,-9.8607,1.2927,1.2908
376.2165,21.4485,-9.9006,1.2927,1.2911
376.2665,21.4181,-9.9403,1.2927,1.2914
376.3165,21.3875,-9.9799,1.2944,1.2914
376.3665,21.3567,-10.0193,1.2944,1.2914
376.4165,21.3257,-10.0585,1.2944,1.2909
376.4665,21.2945,-10.0975,1.2927,1.2909
376.5165,21.2629,-10.1363,1.2926,1.2903
376.5665,21.2309,-10.1747,1.2908,1.2903
376.6165,21.1986,-10.2129,1.2896,1.2897
376.6665,21.1659,-10.2507,1.2896,1.2890
376.7165,21.1328,-10.2882,1.2891,1.2890
376.7665,21.0992,-10.3252,1.2880,1.2870
376.8165,21.0651,-10.3618,1.2869,1.2863
376.8665,21.0307,-10.3981,1.2852,1.2855
376.9165,20.9960,-10.4341,1.2844,1.2855
376.9665,20.9611,-10.4699,1.2844,1.2840
377.0165,20.9260,-10.5055,1.2844,1.2840
377.0665,20.8907,-10.5409,1.2844,1.2840
377.1165,20.8552,-10.5762,1.2844,1.2840
377.1665,20.8196,-10.6113,1.2844,1.2827
377.2165,20.7838,-10.6462,1.2861,1.2840
377.2665,20.7479,-10.6810,1.2877,1.2860
377.3165,20.7117,-10.7155,1.2913,1.2865
377.3665,20.6753,-10.7497,1.2913,1.2870
377.4166,20.6384,-10.7835,1.2913,1.2870
377.4666,20.6011,-10.8168,1.2917,1.2879
377.5166,20.5634,-10.8497,1.2920,1.2887
377.5666,20.5251,-10.8819,1.2923,1.2887
377.6166,20.4863,-10.9134,1.2927,1.2892
377.6666,20.4470,-10.9443,1.2927,1.2897
377.7166,20.4072,-10.9746,1.2931,1.2897
377.7666,20.3672,-11.0045,1.2936,1.2920
377.8166,20.3269,-11.0342,1.2936,1.2934
377.8666,20.2866,-11.0637,1.2936,1.2948
377.9166,20.2461,-11.0930,1.2954,1.2941
377.9666,20.2053,-11.1220,1.2936,1.2941
378.0166,20.1644,-11.1507,1.2954,1.2941
378.0666,20.1231,-11.1790,1.2927,1.2941
378.1166,20.0817,-11.2069,1.2926,1.2920
378.1666,20.0402,-11.2348,1.2925,1.2905
378.2166,19.9986,-11.2626,1.2893,1.2905
378.2666,19.9571,-11.2905,1.2893,1.2897
378.3166,19.9156,-11.3184,1.2891,1.2893
378.3666,19.8739,-11.3460,1.2891,1.2856
378.4166,19.8319,-11.3730,1.2893,1.2856
378.4666,19.7894,-11.3994,1.2891,1.2856
378.5166,19.7465,-11.4252,1.2891,1.2856
378.5666,19.7032,-11.4502,1.2902,1.2860
378.6166,19.6596,-11.4746,1.2911,1.2860
378.6666,19.6157,-11.4985,1.2902,1.2870
378.7166,19.5714,-11.5217,1.2911,1.2879
378.7666,19.5268,-11.5443,1.2911,1.2879
378.8166,19.4819,-11.5663,1.2932,1.2879
378.8666,19.4367,-11.5877,1.2932,1.2893
378.9166,19.3912,-11.6085,1.2938,1.2906
378.9666,19.3455,-11.6288,1.2944,1.2910
379.0166,19.2996,-11.6486,1.2938,1.2917
379.0666,19.2536,-11.6681,1.2932,1.2917
379.1166,19.2074,-11.6874,1.2932,1.2917
379.1666,19.1613,-11.7067,1.2927,1.2917
379.2166,19.1151,-11.7258,1.2902,1.2917
379.2666,19.0688,-11.7447,1.2893,1.2917
379.3166,19.0224,-11.7632,1.2893,1.2913
379.3666,18.9757,-11.7813,1.2893,1.2917
379.4166,18.9290,-11.7990,1.2893,1.2917
379.4666,18.8821,-11.8163,1.2893,1.2920
379.5167,18.8351,-11.8335,1.2893,1.2920
379.5667,18.7881,-11.8506,1.2893,1.2920
379.6167,18.7411,-11.8675,1.2902,1.2894
379.6667,18.6939,-11.8840,1.2902,1.2868
379.7167,18.6464,-11.8997,1.2906,1.2868
379.7667,18.5986,-11.9145,1.2924,1.2868
379.8167,18.5505,-11.9281,1.2931,1.2913
379.8667,18.5021,-11.9408,1.2938,1.2951
379.9167,18.4536,-11.9527,1.2945,1.3001
379.9667,18.4049,-11.9640,1.2945,1.3001
380.0167,18.3561,-11.9750,1.2945,1.3001
380.0667,18.3073,-11.9858,1.2945,1.2957
380.1167,18.2584,-11.9963,1.2945,1.2913
380.1667,18.2094,-12.0066,1.2945,1.2913
380.2167,18.1605,-12.0166,1.2945,1.2913
380.2667,18.1114,-12.0264,1.2945,1.2913
380.3167,18.0623,-12.0359,1.2945,1.2913
380.3667,18.0132,-12.0450,1.2954,1.2913
380.4167,17.9639,-12.0537,1.2954,1.2913
380.4667,17.9145,-12.0615,1.2955,1.2893
380.5167,17.8650,-12.0681,1.2961,1.2893
380.5667,17.8152,-12.0733,1.2963,1.2893
380.6167,17.7654,-12.0769,1.2973,1.2893
380.6667,17.7154,-12.0791,1.2973,1.2956
380.7167,17.6654,-12.0803,1.2973,1.2956
380.7667,17.6154,-12.0809,1.2979,1.2957
380.8167,17.5654,-12.0811,1.2973,1.2974
380.8667,17.5154,-12.0812,1.2973,1.2977
380.9167,17.4654,-12.0811,1.2973,1.2979
380.9667,17.4154,-12.0811,1.2966,1.2979
381.0167,17.3654,-12.0812,1.2962,1.2981
381.0667,17.3154,-12.0813,1.2961,1.2987
381.1167,17.2654,-12.0815,1.2961,1.2990
381.1667,17.2154,-12.0816,1.2958,1.2990
381.2167,17.1654,-12.0818,1.2956,1.2990
381.2667,17.1154,-12.0822,1.2949,1.2990
381.3167,17.0654,-12.0827,1.2945,1.2990
381.3667,17.0154,-12.0833,1.2940,1.2990
381.4167,16.9654,-12.0839,1.2940,1.2986
381.4667,16.9154,-12.0845,1.2940,1.2986
381.5167,16.8654,-12.0849,1.2940,1.2986
381.5667,16.8154,-12.0851,1.2974,1.2986
381.6167,16.7654,-12.0849,1.2976,1.2979
381.6667,16.7154,-12.0840,1.2976,1.2978
381.7168,16.6654,-12.0824,1.2976,1.2938
381.7668,16.6155,-12.0800,1.2974,1.2937
381.8168,16.5656,-12.0769,1.2974,1.2937
381.8668,16.5157,-12.0731,1.2974,1.2896
381.9168,16.4659,-12.0685,1.2974,1.2896
381.9668,16.4162,-12.0632,1.2974,1.2896
382.0168,16.3666,-12.0570,1.2967,1.2939
382.0668,16.3171,-12.0501,1.2952,1.2939
382.1168,16.2676,-12.0426,1.2952,1.2939
382.1668,16.2183,-12.0343,1.2952,1.2937
382.2168,16.1691,-12.0254,1.2927,1.2915
382.2668,16.1200,-12.0159,1.2927,1.2915
382.3168,16.0710,-12.0060,1.2927,1.2915
382.3668,16.0220,-11.9961,1.2943,1.3035
382.4168,15.9730,-11.9862,1.2962,1.3045
382.4668,15.9240,-11.9763,1.3001,1.3045
382.5168,15.8750,-11.9664,1.3001,1.3035
382.5668,15.8260,-11.9563,1.3001,1.3035
382.6168,15.7771,-11.9458,1.2991,1.3005
382.6668,15.7283,-11.9348,1.2956,1.2918
382.7168,15.6797,-11.9231,1.2943,1.2918
382.7668,15.6312,-11.9109,1.2955,1.2917
382.8168,15.5828,-11.8984,1.2941,1.2917
382.8668,15.5344,-11.8858,1.2940,1.2915
382.9168,15.4861,-11.8731,1.2940,1.2894
382.9668,15.4378,-11.8600,1.2922,1.2894
383.0168,15.3896,-11.8466,1.2890,1.2885
383.0668,15.3416,-11.8328,1.2890,1.2877
383.1168,15.2937,-11.8185,1.2885,1.2877
383.1668,15.2459,-11.8038,1.2885,1.2877
383.2168,15.1982,-11.7886,1.2881,1.2850
383.2668,15.1508,-11.7728,1.2881,1.2850
383.3168,15.1036,-11.7564,1.2885,1.2850
383.3668,15.0566,-11.7392,1.2908,1.2850
383.4168,15.0099,-11.7214,1.2944,1.2902
383.4668,14.9633,-11.7032,1.2944,1.2907
383.5168,14.9168,-11.6848,1.2944,1.2932
383.5668,14.8704,-11.6662,1.2934,1.2932
383.6168,14.8240,-11.6476,1.2925,1.2932
383.6668,14.7776,-11.6290,1.2899,1.2932
383.7168,14.7312,-11.6103,1.2912,1.2932
383.7669,14.6848,-11.5915,1.2912,1.2932
383.8169,14.6385,-11.5727,1.2912,1.2915
383.8669,14.5922,-11.5538,1.2912,1.2915
383.9169,14.5460,-11.5347,1.2922,1.2915
383.9669,14.4999,-11.5154,1.2934,1.2915
384.0169,14.4539,-11.4958,1.2934,1.2911
384.0669,14.4080,-11.4759,1.2934,1.2907
384.1169,14.3623,-11.4556,1.2934,1.2898
384.1669,14.3168,-11.4349,1.2934,1.2894
384.2169,14.2715,-11.4138,1.2934,1.2894
384.2669,14.2262,-11.3925,1.2934,1.2894
384.3169,14.1812,-11.3708,1.2938,1.2894
384.3669,14.1364,-11.3485,1.2968,1.2894
384.4169,14.0920,-11.3256,1.2981,1.2929
384.4669,14.0479,-11.3020,1.2995,1.2959
384.5169,14.0041,-11.2779,1.2995,1.2960
384.5669,13.9606,-11.2532,1.2995,1.2960
384.6169,13.9174,-11.2281,1.2995,1.2960
384.6669,13.8742,-11.2028,1.2952,1.2965
384.7169,13.8310,-11.1776,1.2952,1.2965
384.7669,13.7877,-11.1526,1.2952,1.2959
384.8169,13.7443,-11.1278,1.2995,1.2961
384.8669,13.7009,-11.1030,1.3000,1.2961
384.9169,13.6577,-11.0778,1.3000,1.2961
384.9669,13.6147,-11.0523,1.3000,1.2961
385.0169,13.5717,-11.0268,1.2926,1.2961
385.0669,13.5286,-11.0014,1.2926,1.2961
385.1169,13.4854,-10.9762,1.2926,1.2939
385.1669,13.4422,-10.9511,1.2926,1.2939
385.2169,13.3990,-10.9259,1.2926,1.2926
385.2669,13.3561,-10.9003,1.2976,1.2926
385.3169,13.3135,-10.8741,1.2976,1.2926
385.3669,13.2713,-10.8472,1.2976,1.2926
385.4169,13.2295,-10.8197,1.2957,1.2926
385.4669,13.1880,-10.7919,1.2956,1.2961
385.5169,13.1466,-10.7639,1.2956,1.2994
385.5669,13.1051,-10.7360,1.2956,1.2994
385.6169,13.0635,-10.7083,1.2956,1.2994
385.6669,13.0218,-10.6806,1.2979,1.2992
385.7169,12.9803,-10.6527,1.3002,1.2992
385.7669,12.9390,-10.6246,1.3002,1.2991
385.8170,12.8979,-10.5961,1.3002,1.2991
385.8670,12.8569,-10.5674,1.2979,1.2991
385.9170,12.8160,-10.5386,1.2937,1.2990
385.9670,12.7751,-10.5099,1.2937,1.2937
386.0170,12.7343,-10.4810,1.2937,1.2937
386.0670,12.6937,-10.4519,1.2937,1.2901
386.1170,12.6533,-10.4224,1.2937,1.2901
386.1670,12.6132,-10.3925,1.2933,1.2901
386.2170,12.5732,-10.3624,1.2930,1.2918
386.2670,12.5333,-10.3323,1.2930,1.2931
386.3170,12.4934,-10.3022,1.2930,1.2937
386.3670,12.4534,-10.2722,1.2930,1.2944
386.4170,12.4132,-10.2424,1.2930,1.2950
386.4670,12.3729,-10.2128,1.2932,1.2950
386.5170,12.3326,-10.1833,1.2933,1.2950
386.5670,12.2922,-10.1537,1.2935,1.2950
386.6170,12.2520,-10.1240,1.2935,1.2950
386.6670,12.2120,-10.0941,1.2935,1.2950
386.7170,12.1721,-10.0640,1.2918,1.2950
386.7670,12.1323,-10.0337,1.2918,1.2950
386.8170,12.0926,-10.0032,1.2918,1.2950
386.8670,12.0530,-9.9727,1.2944,1.2903
386.9170,12.0136,-9.9419,1.2957,1.2903
386.9670,11.9743,-9.9110,1.2957,1.2903
387.0170,11.9352,-9.8798,1.2957,1.2903
387.0670,11.8961,-9.8486,1.2957,1.2955
387.1170,11.8571,-9.8174,1.2957,1.2955
387.1670,11.8181,-9.7861,1.2957,1.2955
387.2170,11.7792,-9.7547,1.2957,1.2905
387.2670,11.7406,-9.7229,1.2957,1.2905
387.3170,11.7023,-9.6907,1.2957,1.2905
387.3670,11.6642,-9.6584,1.2957,1.2955
387.4170,11.6261,-9.6260,1.2957,1.2955
387.4670,11.5878,-9.5938,1.2957,1.2955
387.5170,11.5492,-9.5620,1.2957,1.2955
387.5670,11.5104,-9.5305,1.2957,1.2955
387.6170,11.4716,-9.4990,1.2947,1.2909
387.6670,11.4329,-9.4673,1.2909,1.2907
387.7170,11.3946,-9.4352,1.2897,1.2897
387.7670,11.3565,-9.4028,1.2897,1.2897
387.8171,11.3186,-9.3701,1.2896,1.2897
387.8671,11.2808,-9.3374,1.2894,1.2897
387.9171,11.2430,-9.3046,1.2894,1.2897
387.9671,11.2052,-9.2720,1.2894,1.2912
388.0171,11.1671,-9.2395,1.2894,1.2912
388.0671,11.1289,-9.2073,1.2900,1.2915
388.1171,11.0905,-9.1753,1.2903,1.2915
388.1671,11.0520,-9.1434,1.2926,1.2915
388.2171,11.0135,-9.1115,1.2926,1.2915
388.2671,10.9751,-9.0795,1.2926,1.2915
388.3171,10.9369,-9.0472,1.2926,1.2915
388.3671,10.8989,-9.0146,1.2926,1.2922
388.4171,10.8611,-8.9819,1.2926,1.2923
388.4671,10.8234,-8.9491,1.2926,1.2928
388.5171,10.7856,-8.9163,1.2926,1.2928
388.5671,10.7477,-8.8837,1.2926,1.2930
388.6171,10.7096,-8.8513,1.2926,1.2930
388.6671,10.6714,-8.8191,1.2936,1.2930
388.7171,10.6330,-8.7870,1.2936,1.2930
388.7671,10.5947,-8.7550,1.2936,1.2928
388.8171,10.5564,-8.7228,1.2926,1.2928
388.8671,10.5183,-8.6904,1.2922,1.2925
388.9171,10.4803,-8.6578,1.2922,1.2925
388.9671,10.4425,-8.6252,1.2922,1.2925
389.0171,10.4045,-8.5927,1.2909,1.2925
389.0671,10.3664,-8.5603,1.2909,1.2933
389.1171,10.3280,-8.5282,1.2909,1.2933
389.1671,10.2894,-8.4965,1.2922,1.2933
389.2171,10.2506,-8.4650,1.2922,1.2921
389.2671,10.2117,-8.4335,1.2934,1.2891
389.3171,10.1730,-8.4018,1.2934,1.2867
389.3671,10.1346,-8.3698,1.2934,1.2867
389.4171,10.0964,-8.3375,1.2909,1.2867
389.4671,10.0584,-8.3050,1.2885,1.2874
389.5171,10.0205,-8.2725,1.2873,1.2874
389.5671,9.9825,-8.2400,1.2885,1.2882
389.6171,9.9444,-8.2076,1.2885,1.2886
389.6671,9.9060,-8.1755,1.2885,1.2921
389.7171,9.8675,-8.1437,1.2947,1.2921
389.7671,9.8288,-8.1119,1.2972,1.2925
389.8172,9.7903,-8.0801,1.2972,1.2925
389.8672,9.7520,-8.0479,1.2972,1.2925
389.9172,9.7139,-8.0155,1.2949,1.2925
389.9672,9.6761,-7.9828,1.2949,1.2925
390.0172,9.6382,-7.9502,1.2898,1.2937
390.0672,9.6001,-7.9178,1.2898,1.2943
390.1172,9.5617,-7.8857,1.2898,1.2943
390.1672,9.5231,-7.8540,1.2898,1.2943
390.2172,9.4842,-7.8226,1.2949,1.2943
390.2672,9.4452,-7.7913,1.2949,1.2943
390.3172,9.4062,-7.7600,1.2949,1.2937
390.3672,9.3674,-7.7285,1.2949,1.2919
390.4172,9.3288,-7.6967,1.2945,1.2916
390.4672,9.2905,-7.6645,1.2942,1.2916
390.5172,9.2525,-7.6320,1.2942,1.2916
390.5672,9.2146,-7.5994,1.2942,1.2919
390.6172,9.1767,-7.5667,1.2942,1.2959
390.6672,9.1388,-7.5342,1.2948,1.2959
390.7172,9.1005,-7.5020,1.2954,1.2959
390.7672,9.0621,-7.4700,1.2984,1.2960
390.8172,9.0236,-7.4381,1.2984,1.2960
390.8672,8.9850,-7.4062,1.2984,1.2959
390.9172,8.9466,-7.3743,1.2959,1.2959
390.9672,8.9083,-7.3422,1.2959,1.2959
391.0172,8.8700,-7.3100,1.2951,1.2959
391.0672,8.8317,-7.2778,1.2942,1.2959
391.1172,8.7934,-7.2457,1.2924,1.2960
391.1672,8.7548,-7.2139,1.2924,1.2960
391.2172,8.7161,-7.1822,1.2924,1.2960
391.2672,8.6773,-7.1506,1.2924,1.2960
391.3172,8.6386,-7.1190,1.2924,1.2892
391.3672,8.6002,-7.0870,1.2924,1.2892
391.4172,8.5621,-7.0546,1.2905,1.2892
391.4672,8.5243,-7.0219,1.2905,1.2901
391.5172,8.4864,-6.9893,1.2904,1.2909
391.5672,8.4482,-6.9570,1.2904,1.2935
391.6172,8.4096,-6.9252,1.2904,1.2944
391.6672,8.3705,-6.8940,1.2934,1.2959
391.7172,8.3312,-6.8632,1.2954,1.2959
391.7672,8.2917,-6.8325,1.2975,1.2944
391.8172,8.2524,-6.8016,1.2975,1.2935
391.8673,8.2133,-6.7703,1.2975,1.2935
391.9173,8.1746,-6.7387,1.2956,1.2935
391.9673,8.1361,-6.7069,1.2956,1.2944
392.0173,8.0976,-6.6749,1.2956,1.2962
392.0673,8.0591,-6.6430,1.2956,1.2962
392.1173,8.0204,-6.6113,1.2959,1.2962
392.1673,7.9817,-6.5796,1.2963,1.2962
392.2173,7.9430,-6.5480,1.2963,1.2962
392.2673,7.9043,-6.5163,1.2963,1.2971
392.3173,7.8658,-6.4845,1.2961,1.2962
392.3673,7.8273,-6.4526,1.2961,1.2962
392.4173,7.7889,-6.4206,1.2961,1.2962
392.4673,7.7504,-6.3886,1.2961,1.2962
392.5173,7.7119,-6.3567,1.2963,1.2962
392.5673,7.6733,-6.3249,1.2969,1.2980
392.6173,7.6346,-6.2932,1.2997,1.2985
392.6673,7.5959,-6.2615,1.2997,1.2985
392.7173,7.5573,-6.2298,1.2997,1.2985
392.7673,7.5187,-6.1980,1.2997,1.2985
392.8173,7.4802,-6.1661,1.2997,1.2985
392.8673,7.4418,-6.1341,1.2997,1.2985
392.9173,7.4033,-6.1021,1.2997,1.3028
392.9673,7.3647,-6.0704,1.2997,1.3030
393.0173,7.3259,-6.0389,1.2997,1.3030
393.0673,7.2868,-6.0077,1.2997,1.3028
393.1173,7.2475,-5.9768,1.2997,1.3028
393.1673,7.2080,-5.9461,1.2989,1.3003
393.2173,7.1687,-5.9153,1.2977,1.2960
393.2673,7.1294,-5.8843,1.2977,1.2941
393.3173,7.0903,-5.8531,1.2969,1.2941
393.3673,7.0514,-5.8217,1.2960,1.2941
393.4173,7.0126,-5.7901,1.2960,1.2941
393.4673,6.9739,-5.7585,1.2960,1.2979
393.5173,6.9351,-5.7270,1.2969,1.2979
393.5673,6.8961,-5.6956,1.2969,1.2979
393.6173,6.8571,-5.6644,1.2981,1.2979
393.6673,6.8181,-5.6331,1.2981,1.2979
393.7173,6.7792,-5.6016,1.2981,1.2930
393.7673,6.7407,-5.5698,1.2965,1.2930
393.8173,6.7024,-5.5376,1.2952,1.2930
393.8674,6.6645,-5.5050,1.2952,1.2930
393.9174,6.6267,-5.4723,1.2952,1.2982
393.9674,6.5888,-5.4396,1.2952,1.3013
394.0174,6.5507,-5.4073,1.2952,1.3013
394.0674,6.5123,-5.3752,1.2952,1.3013
394.1174,6.4736,-5.3436,1.2952,1.3013
394.1674,6.4348,-5.3120,1.2952,1.2917
394.2174,6.3962,-5.2803,1.2929,1.2917
394.2674,6.3577,-5.2484,1.2929,1.2917
394.3174,6.3192,-5.2164,1.2952,1.2926
394.3674,6.2808,-5.1844,1.2952,1.2981
394.4174,6.2421,-5.1528,1.2952,1.3013
394.4674,6.2031,-5.1214,1.2964,1.3013
394.5174,6.1640,-5.0903,1.2983,1.3013
394.5674,6.1248,-5.0592,1.2983,1.2966
394.6174,6.0858,-5.0279,1.2983,1.2950
394.6674,6.0470,-4.9964,1.2979,1.2950
394.7174,6.0083,-4.9647,1.2979,1.2966
394.7674,5.9697,-4.9329,1.2979,1.2966
394.8174,5.9312,-4.9011,1.2989,1.2990
394.8674,5.8927,-4.8692,1.2992,1.2990
394.9174,5.8541,-4.8373,1.2996,1.2993
394.9674,5.8156,-4.8054,1.2996,1.2993
395.0174,5.7772,-4.7735,1.2996,1.2989
395.0674,5.7387,-4.7415,1.2996,1.2973
395.1174,5.7004,-4.7094,1.2996,1.2963
395.1674,5.6621,-4.6772,1.2996,1.2944
395.2174,5.6239,-4.6449,1.2921,1.2944
395.2674,5.5857,-4.6127,1.2921,1.2963
395.3174,5.5473,-4.5806,1.2921,1.2963
395.3674,5.5087,-4.5489,1.2946,1.2963
395.4174,5.4699,-4.5174,1.2946,1.2963
395.4674,5.4308,-4.4861,1.2946,1.2963
395.5174,5.3916,-4.4551,1.2946,1.2963
395.5674,5.3524,-4.4241,1.2921,1.2915
395.6174,5.3133,-4.3930,1.2921,1.2915
395.6674,5.2744,-4.3615,1.2921,1.2915
395.7174,5.2357,-4.3298,1.2921,1.2929
395.7674,5.1972,-4.2979,1.2921,1.2979
395.8174,5.1587,-4.2660,1.2921,1.2979
395.8675,5.1201,-4.2342,1.2932,1.2979
395.9175,5.0814,-4.2026,1.2980,1.2979
395.9675,5.0426,-4.1711,1.2980,1.2976
396.0175,5.0036,-4.1398,1.2980,1.2976
396.0675,4.9646,-4.1085,1.2980,1.2936
396.1175,4.9255,-4.0773,1.2962,1.2936
396.1675,4.8866,-4.0459,1.2945,1.2936
396.2175,4.8477,-4.0145,1.2945,1.2942
396.2675,4.8089,-3.9829,1.2945,1.2960
396.3175,4.7702,-3.9513,1.2969,1.2974
396.3675,4.7317,-3.9194,1.2994,1.2974
396.4175,4.6933,-3.8873,1.2994,1.2974
396.4675,4.6552,-3.8550,1.2994,1.2974
396.5175,4.6172,-3.8224,1.2994,1.2962
396.5675,4.5793,-3.7898,1.2975,1.2962
396.6175,4.5414,-3.7572,1.2975,1.2962
396.6675,4.5035,-3.7246,1.2952,1.2962
396.7175,4.4654,-3.6922,1.2952,1.2968
396.7675,4.4272,-3.6600,1.2952,1.2968
396.8175,4.3888,-3.6279,1.2970,1.2974
396.8675,4.3504,-3.5959,1.2970,1.2974
396.9175,4.3120,-3.5639,1.2970,1.2974
396.9675,4.2735,-3.5320,1.2970,1.2968
397.0175,4.2349,-3.5001,1.2959,1.2961
397.0675,4.1963,-3.4684,1.2959,1.2958
397.1175,4.1577,-3.4367,1.2959,1.2958
397.1675,4.1189,-3.4050,1.2959,1.2958
397.2175,4.0802,-3.3734,1.2959,1.2958
397.2675,4.0413,-3.3419,1.2959,1.2974
397.3175,4.0025,-3.3104,1.2970,1.2974
397.3675,3.9637,-3.2788,1.2970,1.2974
397.4175,3.9251,-3.2472,1.2970,1.2974
397.4675,3.8866,-3.2152,1.2937,1.2888
397.5175,3.8485,-3.1828,1.2932,1.2888
397.5675,3.8108,-3.1500,1.2894,1.2888
397.6175,3.7733,-3.1169,1.2891,1.2906
397.6675,3.7358,-3.0839,1.2891,1.2923
397.7175,3.6980,-3.0511,1.2884,1.2931
397.7675,3.6600,-3.0186,1.2884,1.2931
397.8175,3.6216,-2.9865,1.2884,1.2931
397.8676,3.5831,-2.9547,1.2891,1.2931
397.9176,3.5443,-2.9231,1.2891,1.2913
397.9676,3.5054,-2.8917,1.2891,1.2913
398.0176,3.4665,-2.8603,1.2878,1.2913
398.0676,3.4274,-2.8291,1.2878,1.2913
398.1176,3.3883,-2.7979,1.2878,1.2923
398.1676,3.3491,-2.7669,1.2878,1.2931
398.2176,3.3098,-2.7361,1.2918,1.2945
398.2676,3.2704,-2.7052,1.2960,1.2945
398.3176,3.2311,-2.6743,1.2960,1.2931
398.3676,3.1920,-2.6431,1.2980,1.2929
398.4176,3.1532,-2.6116,1.2980,1.2929
398.4676,3.1145,-2.5799,1.2980,1.2929
398.5176,3.0761,-2.5479,1.2953,1.2929
398.5676,3.0377,-2.5158,1.2953,1.2961
398.6176,2.9994,-2.4837,1.2953,1.2973
398.6676,2.9611,-2.4516,1.2960,1.2985
398.7176,2.9227,-2.4196,1.2990,1.2985
398.7676,2.8843,-2.3875,1.2990,1.2985
398.8176,2.8459,-2.3555,1.2994,1.2985
398.8676,2.8076,-2.3234,1.2994,1.2985
398.9176,2.7692,-2.2913,1.2990,1.2984
398.9676,2.7309,-2.2591,1.2989,1.2984
399.0176,2.6926,-2.2270,1.2956,1.2983
399.0676,2.6543,-2.1949,1.2956,1.2983
399.1176,2.6158,-2.1630,1.2956,1.2972
399.1676,2.5773,-2.1311,1.2956,1.2972
399.2176,2.5386,-2.0994,1.2989,1.2961
399.2676,2.5000,-2.0676,1.2989,1.2961
399.3176,2.4614,-2.0359,1.2989,1.2929
399.3676,2.4229,-2.0039,1.2911,1.2892
399.4176,2.3845,-1.9719,1.2911,1.2892
399.4676,2.3463,-1.9396,1.2911,1.2892
399.5176,2.3082,-1.9073,1.2911,1.2886
399.5676,2.2700,-1.8750,1.2874,1.2888
399.6176,2.2319,-1.8427,1.2874,1.2888
399.6676,2.1936,-1.8105,1.2874,1.2892
399.7176,2.1550,-1.7787,1.2874,1.2911
399.7676,2.1163,-1.7470,1.2911,1.2938
399.8176,2.0775,-1.7155,1.2967,1.2938
399.8677,2.0388,-1.6838,1.2967,1.2935
399.9177,2.0003,-1.6518,1.2967,1.2935
399.9677,1.9620,-1.6198,1.2946,1.2941
400.0177,1.9235,-1.5878,1.2929,1.2941
400.0677,1.8848,-1.5561,1.2923,1.2955
400.1177,1.8458,-1.5249,1.2929,1.2968
400.1677,1.8066,-1.4939,1.2929,1.2968
400.2177,1.7673,-1.4630,1.2998,1.2968
400.2677,1.7281,-1.4319,1.2998,1.2968
400.3177,1.6893,-1.4004,1.2998,1.2962
400.3677,1.6507,-1.3686,1.2998,1.2962
400.4177,1.6124,-1.3364,1.2998,1.2952
400.4677,1.5743,-1.3040,1.2941,1.2942
400.5177,1.5362,-1.2717,1.2923,1.2942
400.5677,1.4979,-1.2396,1.2923,1.2950
400.6177,1.4593,-1.2077,1.2923,1.2950
400.6677,1.4206,-1.1761,1.2924,1.2950
400.7177,1.3817,-1.1447,1.2924,1.2950
400.7677,1.3427,-1.1134,1.2924,1.2934
400.8177,1.3038,-1.0820,1.2924,1.2917
400.8677,1.2651,-1.0503,1.2916,1.2899
400.9177,1.2266,-1.0184,1.2916,1.2899
400.9677,1.1883,-0.9862,1.2900,1.2899
401.0177,1.1501,-0.9539,1.2900,1.2899
401.0677,1.1119,-0.9217,1.2900,1.2917
401.1177,1.0735,-0.8897,1.2904,1.2934
401.1677,1.0349,-0.8578,1.2931,1.2934
401.2177,0.9963,-0.8261,1.2932,1.2934
401.2677,0.9577,-0.7943,1.2932,1.2910
401.3177,0.9192,-0.7624,1.2932,1.2903
401.3677,0.8809,-0.7303,1.2930,1.2903
401.4177,0.8427,-0.6981,1.2926,1.2903
401.4677,0.8045,-0.6658,1.2917,1.2927
401.5177,0.7662,-0.6335,1.2926,1.2932
401.5677,0.7278,-0.6016,1.2930,1.2932
401.6177,0.6892,-0.5698,1.2940,1.2934
401.6677,0.6505,-0.5381,1.2959,1.2932
401.7177,0.6119,-0.5064,1.2978,1.2932
401.7677,0.5734,-0.4745,1.2978,1.2927
401.8177,0.5351,-0.4423,1.2978,1.2916
401.8677,0.4970,-0.4098,1.2940,1.2916
401.9178,0.4591,-0.3772,1.2940,1.2912
401.9678,0.4212,-0.3446,1.2940,1.2916
402.0178,0.3832,-0.3122,1.2913,1.2919
402.0678,0.3449,-0.2800,1.2908,1.2919
402.1178,0.3063,-0.2483,1.2897,1.2914
402.1678,0.2674,-0.2168,1.2886,1.2914
402.2178,0.2286,-0.1853,1.2881,1.2914
402.2678,0.1898,-0.1537,1.2881,1.2909
402.3178,0.1513,-0.1218,1.2886,1.2909
402.3678,0.1131,-0.0895,1.2881,1.2909
402.4178,0.0750,-0.0572,1.2881,1.2912
402.4678,0.0368,-0.0249,1.2880,1.2912
