s,x,y,heading,curvature,w_left,w_right
0.000000,-0.007035,0.003976,-2.876469,0.084466,1.110190,1.119910
0.050000,-0.055260,-0.009227,-2.872310,0.081867,1.110071,1.119629
0.100000,-0.103432,-0.022623,-2.868466,0.071890,1.110288,1.119413
0.150000,-0.151556,-0.036190,-2.865298,0.054840,1.114657,1.118743
0.200000,-0.199644,-0.049887,-2.863120,0.032291,1.115482,1.117917
0.250000,-0.247710,-0.063660,-2.862141,0.006841,1.116546,1.114354
0.300000,-0.295770,-0.077449,-2.862431,-0.018409,1.117493,1.113407
0.350000,-0.343844,-0.091196,-2.863901,-0.040403,1.118369,1.112332
0.400000,-0.391944,-0.104847,-2.866330,-0.056726,1.118854,1.112246
0.450000,-0.440082,-0.118365,-2.869398,-0.065994,1.119135,1.112265
0.500000,-0.488263,-0.131727,-2.872749,-0.068049,1.118774,1.112426
0.550000,-0.536489,-0.144928,-2.876047,-0.063845,1.118367,1.112833
0.600000,-0.584757,-0.157976,-2.879021,-0.055137,1.117676,1.113423
0.650000,-0.633060,-0.170892,-2.881499,-0.043982,1.116657,1.113943
0.700000,-0.681391,-0.183702,-2.883405,-0.032254,1.116314,1.114286
0.750000,-0.729743,-0.196434,-2.884742,-0.021227,1.116078,1.114522
0.800000,-0.778108,-0.209114,-2.885559,-0.011437,1.116113,1.114486
0.850000,-0.826481,-0.221766,-2.885914,-0.002763,1.115753,1.114347
0.900000,-0.874855,-0.234411,-2.885850,0.005295,1.115825,1.114275
0.950000,-0.923227,-0.247069,-2.885388,0.013199,1.115762,1.114338
1.000000,-0.971590,-0.259759,-2.884531,0.021076,1.115568,1.114532
1.050000,-1.019939,-0.272499,-2.883291,0.028518,1.115005,1.114996
1.100000,-1.068271,-0.285308,-2.881712,0.034658,1.114788,1.115312
1.150000,-1.116580,-0.298200,-2.879885,0.038416,1.114387,1.115713
1.200000,-1.164865,-0.311183,-2.877953,0.038842,1.114305,1.115796
1.250000,-1.213125,-0.324258,-2.876095,0.035450,1.115015,1.115685
1.300000,-1.261363,-0.337418,-2.874499,0.028414,1.115580,1.115321
1.350000,-1.309581,-0.350644,-2.873324,0.018555,1.115973,1.115031
1.400000,-1.357788,-0.363915,-2.872681,0.007170,1.117213,1.115487
1.450000,-1.405990,-0.377203,-2.872609,-0.004269,1.117637,1.115061
1.500000,-1.454195,-0.390482,-2.873077,-0.014453,1.118071,1.113729
1.550000,-1.502408,-0.403726,-2.874000,-0.022471,1.118224,1.113578
1.600000,-1.550637,-0.416917,-2.875260,-0.027924,1.118143,1.114557
1.650000,-1.598884,-0.430042,-2.876729,-0.030830,1.118010,1.114691
1.700000,-1.647150,-0.443094,-2.878287,-0.031489,1.118454,1.114848
1.750000,-1.695437,-0.456070,-2.879831,-0.030240,1.118474,1.115727
1.800000,-1.743743,-0.468974,-2.881270,-0.027350,1.118973,1.115729
1.850000,-1.792067,-0.481812,-2.882529,-0.022986,1.119937,1.115663
1.900000,-1.840405,-0.494595,-2.883537,-0.017320,1.119962,1.115636
1.950000,-1.888754,-0.507337,-2.884236,-0.010648,1.119811,1.114888
2.000000,-1.937110,-0.520053,-2.884590,-0.003525,1.118869,1.115231
2.050000,-1.985469,-0.532761,-2.884596,0.003301,1.118164,1.115635
2.100000,-2.033825,-0.545476,-2.884289,0.008977,1.117517,1.115677
2.150000,-2.082176,-0.558212,-2.883744,0.012803,1.113786,1.115817
2.200000,-2.130518,-0.570978,-2.883064,0.014402,1.117520,1.114080
2.250000,-2.178852,-0.583778,-2.882357,0.013861,1.117622,1.113974
2.300000,-2.227177,-0.596611,-2.881718,0.011709,1.115496,1.113806
2.350000,-2.275495,-0.609472,-2.881205,0.008808,1.116955,1.113545
2.400000,-2.323807,-0.622355,-2.880831,0.006140,1.117069,1.113429
2.450000,-2.372115,-0.635252,-2.880562,0.004628,1.115876,1.113524
2.500000,-2.420419,-0.648162,-2.880323,0.004947,1.115964,1.113436
2.550000,-2.468721,-0.661084,-2.880015,0.007386,1.115943,1.113458
2.600000,-2.517017,-0.674025,-2.879535,0.011821,1.115801,1.113794
2.650000,-2.565305,-0.686995,-2.878797,0.017674,1.113212,1.113989
2.700000,-2.613582,-0.700008,-2.877755,0.024026,1.112902,1.115296
2.750000,-2.661844,-0.713079,-2.876411,0.029729,1.111207,1.115593
2.800000,-2.710086,-0.726220,-2.874827,0.033605,1.110959,1.115841
2.850000,-2.758306,-0.739442,-2.873121,0.034653,1.110848,1.115952
2.900000,-2.806504,-0.752746,-2.871448,0.032258,1.110940,1.115860
2.950000,-2.854680,-0.766126,-2.869984,0.026301,1.111076,1.115723
3.000000,-2.902839,-0.779568,-2.868895,0.017241,1.111346,1.114958
3.050000,-2.950987,-0.793051,-2.868313,0.006026,1.114256,1.114045
3.100000,-2.999131,-0.806548,-2.868314,-0.006045,1.114685,1.114116
3.150000,-3.047279,-0.820030,-2.868903,-0.017532,1.116224,1.113173
3.200000,-3.095438,-0.833471,-2.870020,-0.027118,1.116588,1.111716
3.250000,-3.143616,-0.846848,-2.871543,-0.033815,1.117825,1.112676
3.300000,-3.191815,-0.860145,-2.873317,-0.037133,1.118427,1.113073
3.350000,-3.240039,-0.873354,-2.875173,-0.037102,1.118398,1.113102
3.400000,-3.288287,-0.886474,-2.876957,-0.034240,1.118170,1.113329
3.450000,-3.336557,-0.899513,-2.878547,-0.029383,1.117331,1.113567
3.500000,-3.384846,-0.912481,-2.879869,-0.023473,1.115944,1.113854
3.550000,-3.433150,-0.925392,-2.880889,-0.017356,1.114942,1.114058
3.600000,-3.481466,-0.938262,-2.881614,-0.011637,1.114553,1.114146
3.650000,-3.529789,-0.951103,-2.882070,-0.006595,1.113919,1.114180
3.700000,-3.578116,-0.963927,-2.882291,-0.002244,1.113303,1.114194
3.750000,-3.626445,-0.976747,-2.882308,0.001563,1.113288,1.112914
3.800000,-3.674772,-0.989569,-2.882144,0.004993,1.113152,1.114248
3.850000,-3.723097,-1.002404,-2.881816,0.008119,1.113124,1.114276
3.900000,-3.771417,-1.015258,-2.881341,0.010872,1.112955,1.114446
3.950000,-3.819729,-1.028138,-2.880743,0.013073,1.112884,1.114616
4.000000,-3.868033,-1.041050,-2.880053,0.014506,1.112849,1.114652
4.050000,-3.916328,-1.053996,-2.879314,0.015041,1.113403,1.114697
4.100000,-3.964613,-1.066978,-2.878572,0.014645,1.113541,1.114561
4.150000,-4.012889,-1.079995,-2.877870,0.013438,1.115212,1.114492
4.200000,-4.061156,-1.093044,-2.877244,0.011608,1.115280,1.117023
4.250000,-4.109416,-1.106122,-2.876721,0.009330,1.115990,1.118313
4.300000,-4.157669,-1.119221,-2.876319,0.006715,1.117901,1.118299
4.350000,-4.205919,-1.132337,-2.876057,0.003780,1.117873,1.118327
4.400000,-4.254165,-1.145461,-2.875951,0.000470,1.117958,1.118242
4.450000,-4.302412,-1.158587,-2.876020,-0.003253,1.117920,1.118280
4.500000,-4.350660,-1.171704,-2.876285,-0.007339,1.118012,1.117587
4.550000,-4.398914,-1.184804,-2.876759,-0.011599,1.118119,1.116781
4.600000,-4.447175,-1.197876,-2.877441,-0.015689,1.118059,1.116641
4.650000,-4.495446,-1.210910,-2.878312,-0.019171,1.118237,1.116463
4.700000,-4.543730,-1.223898,-2.879331,-0.021568,1.118341,1.116359
4.750000,-4.592027,-1.236835,-2.880432,-0.022483,1.118304,1.116396
4.800000,-4.640339,-1.249718,-2.881535,-0.021646,1.118323,1.116377
4.850000,-4.688664,-1.262550,-2.882551,-0.018988,1.118177,1.116623
4.900000,-4.737002,-1.275337,-2.883393,-0.014685,1.118199,1.116500
4.950000,-4.785348,-1.288088,-2.883989,-0.009133,1.118038,1.116461
5.000000,-4.833701,-1.300818,-2.884291,-0.002955,1.117205,1.116695
5.050000,-4.882055,-1.313540,-2.884287,0.003100,1.116978,1.116922
5.100000,-4.930407,-1.326270,-2.884003,0.008285,1.116743,1.117157
5.150000,-4.978755,-1.339019,-2.883495,0.012012,1.116089,1.117710
5.200000,-5.027095,-1.351796,-2.882845,0.014005,1.115597,1.118003
5.250000,-5.075426,-1.364607,-2.882134,0.014405,1.115692,1.117909
5.300000,-5.123748,-1.377452,-2.881431,0.013719,1.116347,1.117753
5.350000,-5.172061,-1.390330,-2.880770,0.012723,1.116590,1.117510
5.400000,-5.220365,-1.403239,-2.880147,0.012218,1.116776,1.117324
5.450000,-5.268662,-1.416178,-2.879521,0.012795,1.116737,1.117262
5.500000,-5.316951,-1.429148,-2.878835,0.014668,1.115967,1.116833
5.550000,-5.365230,-1.442154,-2.878028,0.017588,1.115762,1.117039
5.600000,-5.413497,-1.455203,-2.877066,0.020893,1.115487,1.117813
5.650000,-5.461751,-1.468302,-2.875952,0.023692,1.115281,1.118016
5.700000,-5.509989,-1.481457,-2.874733,0.025042,1.113140,1.117560
5.750000,-5.558211,-1.494672,-2.873502,0.024201,1.113105,1.117595
5.800000,-5.606417,-1.507945,-2.872379,0.020728,1.113134,1.117565
5.850000,-5.654610,-1.521266,-2.871495,0.014608,1.113231,1.116269
5.900000,-5.702793,-1.534621,-2.870975,0.006191,1.113489,1.116006
5.950000,-5.750973,-1.547991,-2.870917,-0.003867,1.113828,1.111072
6.000000,-5.799155,-1.561351,-2.871383,-0.014748,1.114178,1.110721
6.050000,-5.847346,-1.574676,-2.872391,-0.025586,1.114568,1.109231
6.100000,-5.895555,-1.587939,-2.873921,-0.035597,1.115598,1.107803
6.150000,-5.943787,-1.601117,-2.875913,-0.044107,1.116124,1.108880
6.200000,-5.992048,-1.614189,-2.878281,-0.050596,1.116263,1.112037
6.250000,-6.040342,-1.627141,-2.880912,-0.054651,1.116431,1.111869
6.300000,-6.088670,-1.639961,-2.883678,-0.055975,1.116589,1.111811
6.350000,-6.137034,-1.652647,-2.886436,-0.054340,1.116623,1.111878
6.400000,-6.185432,-1.665203,-2.889035,-0.049633,1.117766,1.111940
6.450000,-6.233860,-1.677640,-2.891323,-0.041857,1.117617,1.116185
6.500000,-6.282314,-1.689977,-2.893149,-0.031202,1.118476,1.116527
6.550000,-6.330788,-1.702239,-2.894381,-0.018076,1.119389,1.117412
6.600000,-6.379271,-1.714459,-2.894911,-0.003125,1.119075,1.118326
6.650000,-6.427757,-1.726671,-2.894670,0.012787,1.118550,1.119151
6.700000,-6.476235,-1.738914,-2.893634,0.028649,1.117491,1.120309
6.750000,-6.524696,-1.751226,-2.891833,0.043368,1.117058,1.120745
6.800000,-6.573129,-1.763642,-2.889352,0.055878,1.116736,1.122664
6.850000,-6.621529,-1.776192,-2.886325,0.065195,1.116574,1.122834
6.900000,-6.669887,-1.788898,-2.882933,0.070488,1.120878,1.122922
6.950000,-6.718201,-1.801773,-2.879391,0.071153,1.120785,1.123019
7.000000,-6.766470,-1.814817,-2.875939,0.066918,1.120956,1.124647
7.050000,-6.814695,-1.828021,-2.872817,0.057958,1.121033,1.126467
7.100000,-6.862882,-1.841363,-2.870243,0.045016,1.121306,1.126194
7.150000,-6.911039,-1.854813,-2.868382,0.029416,1.121873,1.125617
7.200000,-6.959176,-1.868333,-2.867323,0.012930,1.120094,1.123001
7.250000,-7.007305,-1.881885,-2.867063,-0.002496,1.120780,1.120215
7.300000,-7.055435,-1.895431,-2.867504,-0.015142,1.121251,1.117749
7.350000,-7.103574,-1.908943,-2.868479,-0.023853,1.121442,1.117458
7.400000,-7.151730,-1.922399,-2.869783,-0.028287,1.121279,1.117521
7.450000,-7.199904,-1.935788,-2.871212,-0.028893,1.120960,1.117934
7.500000,-7.248097,-1.949109,-2.872603,-0.026742,1.118327,1.118271
7.550000,-7.296307,-1.962367,-2.873851,-0.023173,1.117580,1.118320
7.600000,-7.344533,-1.975568,-2.874918,-0.019484,1.117462,1.118433
7.650000,-7.392772,-1.988722,-2.875821,-0.016670,1.117421,1.116679
7.700000,-7.441021,-2.001835,-2.876621,-0.015307,1.117490,1.116609
7.750000,-7.489281,-2.014910,-2.877392,-0.015537,1.117030,1.116568
7.800000,-7.537552,-2.027948,-2.878208,-0.017133,1.116786,1.115913
7.850000,-7.585833,-2.040944,-2.879126,-0.019559,1.116708,1.115792
7.900000,-7.634128,-2.053892,-2.880167,-0.022103,1.116853,1.115647
7.950000,-7.682436,-2.066788,-2.881318,-0.023929,1.116956,1.115544
8.000000,-7.730760,-2.079626,-2.882523,-0.024269,1.117118,1.115382
8.050000,-7.779099,-2.092406,-2.883694,-0.022546,1.117251,1.115256
8.100000,-7.827452,-2.105133,-2.884721,-0.018549,1.120430,1.115272
8.150000,-7.875817,-2.117816,-2.885497,-0.012485,1.120122,1.116478
8.200000,-7.924189,-2.130469,-2.885934,-0.004978,1.119765,1.116828
8.250000,-7.972565,-2.143111,-2.885981,0.003092,1.115315,1.118085
8.300000,-8.020938,-2.155759,-2.885634,0.010801,1.115043,1.118357
8.350000,-8.069305,-2.168434,-2.884929,0.017389,1.114968,1.118438
8.400000,-8.117661,-2.181149,-2.883934,0.022407,1.117163,1.118937
8.450000,-8.166003,-2.193919,-2.882730,0.025733,1.117503,1.118398
8.500000,-8.214329,-2.206750,-2.881399,0.027514,1.117851,1.118849
8.550000,-8.262637,-2.219646,-2.880010,0.028031,1.117856,1.118841
8.600000,-8.310927,-2.232611,-2.878620,0.027575,1.117791,1.117306
8.650000,-8.359199,-2.245641,-2.877272,0.026352,1.117456,1.116246
8.700000,-8.407454,-2.258735,-2.876002,0.024460,1.117872,1.116527
8.750000,-8.455693,-2.271887,-2.874843,0.021868,1.117928,1.116071
8.800000,-8.503918,-2.285092,-2.873835,0.018462,1.117727,1.115574
8.850000,-8.552131,-2.298341,-2.873020,0.014117,1.117777,1.115921
8.900000,-8.600334,-2.311624,-2.872449,0.008759,1.116789,1.116003
8.950000,-8.648532,-2.324927,-2.872167,0.002492,1.113194,1.116006
9.000000,-8.696728,-2.338236,-2.872215,-0.004385,1.113404,1.115796
9.050000,-8.744927,-2.351535,-2.872607,-0.011320,1.113699,1.115507
9.100000,-8.793134,-2.364806,-2.873332,-0.017661,1.115939,1.115656
9.150000,-8.841352,-2.378035,-2.874343,-0.022776,1.116231,1.113169
9.200000,-8.889585,-2.391211,-2.875569,-0.026261,1.116359,1.113041
9.250000,-8.937835,-2.404323,-2.876926,-0.028038,1.116237,1.113168
9.300000,-8.986103,-2.417368,-2.878336,-0.028328,1.115892,1.115607
9.350000,-9.034390,-2.430346,-2.879731,-0.027503,1.115691,1.115309
9.400000,-9.082694,-2.443257,-2.881065,-0.025831,1.115585,1.115422
9.450000,-9.131015,-2.456107,-2.882293,-0.023291,1.115639,1.117955
9.500000,-9.179350,-2.468900,-2.883363,-0.019496,1.115751,1.115249
9.550000,-9.227698,-2.481647,-2.884195,-0.013807,1.116111,1.115087
9.600000,-9.276054,-2.494362,-2.884682,-0.005646,1.116682,1.114019
9.650000,-9.324414,-2.507065,-2.884693,0.005203,1.116975,1.114225
9.700000,-9.372770,-2.519780,-2.884106,0.018270,1.116536,1.114671
9.750000,-9.421114,-2.532540,-2.882841,0.032326,1.115858,1.118742
9.800000,-9.469438,-2.545379,-2.880896,0.045490,1.115293,1.119310
9.850000,-9.517733,-2.558325,-2.878369,0.055558,1.115038,1.121062
9.900000,-9.565992,-2.571404,-2.875469,0.060448,1.114760,1.121338
9.950000,-9.614212,-2.584626,-2.872491,0.058655,1.114951,1.120153
10.000000,-9.662394,-2.597986,-2.869784,0.049607,1.118172,1.118728
10.050000,-9.710543,-2.611463,-2.867697,0.033851,1.118620,1.118280
10.100000,-9.758671,-2.625020,-2.866525,0.013014,1.119302,1.117598
10.150000,-9.806789,-2.638607,-2.866461,-0.010427,1.120238,1.116660
10.200000,-9.854915,-2.652168,-2.867560,-0.033549,1.120307,1.115791
10.250000,-9.903063,-2.665651,-2.869736,-0.053461,1.121061,1.114527
10.300000,-9.951246,-2.679007,-2.872767,-0.067759,1.120413,1.111187
10.350000,-9.999473,-2.692202,-2.876334,-0.074898,1.120510,1.111080
10.400000,-10.047749,-2.705220,-2.880066,-0.074353,1.117197,1.111202
10.450000,-10.096072,-2.718061,-2.883590,-0.066598,1.116551,1.111649
10.500000,-10.144437,-2.730744,-2.886579,-0.052931,1.116049,1.112157
10.550000,-10.192834,-2.743300,-2.888781,-0.035158,1.115460,1.114440
10.600000,-10.241254,-2.755771,-2.890043,-0.015327,1.114887,1.115014
10.650000,-10.289683,-2.768206,-2.890313,0.004531,1.114622,1.115480
10.700000,-10.338110,-2.780651,-2.889636,0.022540,1.114174,1.116628
10.750000,-10.386522,-2.793149,-2.888145,0.037092,1.113767,1.117533
10.800000,-10.434912,-2.805735,-2.886044,0.046919,1.113463,1.117841
10.850000,-10.483273,-2.818432,-2.883590,0.051198,1.113265,1.119036
10.900000,-10.531602,-2.831251,-2.881068,0.049677,1.113555,1.119051
10.950000,-10.579900,-2.844188,-2.878755,0.042818,1.113919,1.120187
11.000000,-10.628170,-2.857226,-2.876889,0.031828,1.115812,1.119796
11.050000,-10.676419,-2.870340,-2.875629,0.018579,1.117432,1.119987
11.100000,-10.724657,-2.883499,-2.875031,0.005342,1.122367,1.119333
11.150000,-10.772890,-2.896672,-2.875039,-0.005644,1.123017,1.118694
11.200000,-10.821127,-2.909833,-2.875496,-0.012638,1.125668,1.118334
11.250000,-10.869372,-2.922965,-2.876183,-0.014802,1.125606,1.118679
11.300000,-10.917625,-2.936064,-2.876864,-0.012416,1.122019,1.118992
11.350000,-10.965887,-2.949133,-2.877343,-0.006753,1.121433,1.122067
11.400000,-11.014153,-2.962187,-2.877506,0.000219,1.120864,1.122636
11.450000,-11.062419,-2.975241,-2.877341,0.006366,1.120489,1.123011
11.500000,-11.110681,-2.988310,-2.876934,0.009895,1.120317,1.123183
11.550000,-11.158937,-3.001401,-2.876444,0.009696,1.120438,1.123057
11.600000,-11.207187,-3.014513,-2.876063,0.005534,1.120729,1.121771
11.650000,-11.255433,-3.027638,-2.875976,-0.002050,1.121130,1.121370
11.700000,-11.303682,-3.040757,-2.876325,-0.011918,1.121510,1.120990
11.750000,-11.351938,-3.053846,-2.877188,-0.022612,1.121727,1.120768
11.800000,-11.400209,-3.066882,-2.878569,-0.032592,1.122000,1.119499
11.850000,-11.448500,-3.079839,-2.880394,-0.040416,1.122158,1.119242
11.900000,-11.496818,-3.092701,-2.882528,-0.044915,1.122393,1.118999
11.950000,-11.545164,-3.105455,-2.884784,-0.045303,1.122544,1.116956
12.000000,-11.593538,-3.118102,-2.886950,-0.041314,1.122491,1.117008
12.050000,-11.641938,-3.130650,-2.888814,-0.033250,1.122249,1.117051
12.100000,-11.690358,-3.143119,-2.890195,-0.021982,1.121854,1.117431
12.150000,-11.738792,-3.155536,-2.890964,-0.008780,1.117832,1.118268
12.200000,-11.787231,-3.167931,-2.891061,0.004902,1.117309,1.118787
12.250000,-11.835667,-3.180338,-2.890495,0.017751,1.116103,1.119197
12.300000,-11.884093,-3.192788,-2.889331,0.028800,1.115845,1.119455
12.350000,-11.932500,-3.205306,-2.887671,0.037567,1.115927,1.119373
12.400000,-11.980884,-3.217914,-2.885632,0.043976,1.115916,1.119385
12.450000,-12.029241,-3.230627,-2.883328,0.048191,1.116018,1.119386
12.500000,-12.077567,-3.243457,-2.880862,0.050421,1.116766,1.119434
12.550000,-12.125861,-3.256407,-2.878332,0.050764,1.116620,1.119580
12.600000,-12.174122,-3.269479,-2.875833,0.049199,1.116445,1.119755
12.650000,-12.222351,-3.282669,-2.873461,0.045677,1.116341,1.119859
12.700000,-12.270550,-3.295969,-2.871313,0.040243,1.116562,1.119646
12.750000,-12.318722,-3.309364,-2.869478,0.033123,1.116902,1.120924
12.800000,-12.366872,-3.322839,-2.868032,0.024719,1.122625,1.120475
12.850000,-12.415005,-3.336373,-2.867027,0.015509,1.122889,1.120211
12.900000,-12.463128,-3.349945,-2.866490,0.005945,1.122995,1.120081
12.950000,-12.511247,-3.363530,-2.866432,-0.003630,1.118239,1.120044
13.000000,-12.559368,-3.377107,-2.866847,-0.012974,1.118363,1.116430
13.050000,-12.607499,-3.390653,-2.867719,-0.021873,1.118525,1.114880
13.100000,-12.655643,-3.404147,-2.869017,-0.030055,1.119853,1.114547
13.150000,-12.703808,-3.417568,-2.870698,-0.037183,1.120042,1.114351
13.200000,-12.751998,-3.430901,-2.872700,-0.042867,1.120287,1.112703
13.250000,-12.800216,-3.444131,-2.874942,-0.046800,1.118690,1.112510
13.300000,-12.848464,-3.457249,-2.877332,-0.048816,1.118648,1.112542
13.350000,-12.896745,-3.470249,-2.879776,-0.048942,1.116655,1.112638
13.400000,-12.945056,-3.483133,-2.882184,-0.047335,1.116449,1.111446
13.450000,-12.993398,-3.495902,-2.884471,-0.044157,1.115201,1.111599
13.500000,-13.041768,-3.508566,-2.886562,-0.039469,1.115132,1.111668
13.550000,-13.090163,-3.521134,-2.888378,-0.033161,1.115166,1.111640
13.600000,-13.138578,-3.533623,-2.889833,-0.025044,1.116275,1.111626
13.650000,-13.187008,-3.546052,-2.890834,-0.014956,1.116327,1.111681
13.700000,-13.235448,-3.558446,-2.891282,-0.002974,1.116026,1.113397
13.750000,-13.283889,-3.570833,-2.891094,0.010481,1.115540,1.118060
13.800000,-13.332324,-3.583246,-2.890217,0.024594,1.115010,1.118597
13.850000,-13.380743,-3.595718,-2.888646,0.038262,1.115817,1.118981
13.900000,-13.429139,-3.608282,-2.886433,0.050215,1.114346,1.120154
13.950000,-13.477503,-3.620966,-2.883697,0.059239,1.114160,1.120340
14.000000,-13.525830,-3.633792,-2.880607,0.064304,1.114021,1.120476
14.050000,-13.574116,-3.646772,-2.877381,0.064739,1.113942,1.120061
14.100000,-13.622361,-3.659906,-2.874254,0.060312,1.114025,1.120481
14.150000,-13.670565,-3.673183,-2.871463,0.051303,1.115141,1.120259
14.200000,-13.718737,-3.686583,-2.869216,0.038542,1.115547,1.119851
14.250000,-13.766882,-3.700074,-2.867670,0.023314,1.116077,1.118920
14.300000,-13.815012,-3.713621,-2.866905,0.007255,1.116671,1.117829
14.350000,-13.863137,-3.727186,-2.866923,-0.007944,1.117213,1.117254
14.400000,-13.911266,-3.740733,-2.867641,-0.020771,1.116587,1.112390
14.450000,-13.959410,-3.754231,-2.868916,-0.030197,1.116294,1.108700
14.500000,-14.007573,-3.767658,-2.870567,-0.035804,1.116257,1.107743
14.550000,-14.055760,-3.781000,-2.872408,-0.037825,1.116116,1.107890
14.600000,-14.103972,-3.794252,-2.874279,-0.036994,1.115942,1.109061
14.650000,-14.152208,-3.807415,-2.876062,-0.034339,1.115101,1.110306
14.700000,-14.200467,-3.820496,-2.877693,-0.030891,1.114979,1.111515
14.750000,-14.248746,-3.833503,-2.879152,-0.027495,1.113777,1.111623
14.800000,-14.297042,-3.846443,-2.880456,-0.024644,1.113737,1.111663
14.850000,-14.345355,-3.859323,-2.881634,-0.022476,1.113753,1.111640
14.900000,-14.393682,-3.872148,-2.882716,-0.020821,1.112738,1.111562
14.950000,-14.442022,-3.884923,-2.883720,-0.019324,1.112772,1.111528
15.000000,-14.490375,-3.897652,-2.884643,-0.017593,1.112732,1.111568
15.050000,-14.538739,-3.910338,-2.885465,-0.015291,1.112766,1.111541
15.100000,-14.587112,-3.922988,-2.886153,-0.012217,1.113514,1.111908
15.150000,-14.635493,-3.935608,-2.886666,-0.008312,1.114183,1.114717
15.200000,-14.683879,-3.948209,-2.886965,-0.003626,1.113965,1.114950
15.250000,-14.732268,-3.960801,-2.887012,0.001730,1.114469,1.116935
15.300000,-14.780655,-3.973397,-2.886778,0.007630,1.114381,1.117827
15.350000,-14.829038,-3.986012,-2.886239,0.013941,1.115586,1.117947
15.400000,-14.877411,-3.998661,-2.885378,0.020518,1.120293,1.118693
15.450000,-14.925772,-4.011360,-2.884186,0.027141,1.117794,1.118798
15.500000,-14.974115,-4.024124,-2.882671,0.033452,1.116436,1.118971
15.550000,-15.022437,-4.036968,-2.880862,0.038910,1.117470,1.119126
15.600000,-15.070734,-4.049906,-2.878819,0.042799,1.117337,1.118663
15.650000,-15.119004,-4.062946,-2.876641,0.044307,1.117194,1.118806
15.700000,-15.167245,-4.076092,-2.874465,0.042700,1.117039,1.118961
15.750000,-15.215458,-4.089340,-2.872458,0.037548,1.116995,1.119002
15.800000,-15.263646,-4.102676,-2.870797,0.028907,1.116551,1.118845
15.850000,-15.311816,-4.116082,-2.869637,0.017445,1.116382,1.118286
15.900000,-15.359974,-4.129528,-2.869092,0.004369,1.116958,1.112442
15.950000,-15.408129,-4.142985,-2.869203,-0.008799,1.117617,1.111782
16.000000,-15.456290,-4.156421,-2.869937,-0.020536,1.117998,1.111294
16.050000,-15.504464,-4.169809,-2.871192,-0.029668,1.116892,1.111099
16.100000,-15.552658,-4.183127,-2.872824,-0.035572,1.115385,1.111215
16.150000,-15.600875,-4.196360,-2.874670,-0.038247,1.115253,1.111343
16.200000,-15.649117,-4.209503,-2.876580,-0.038166,1.113907,1.112091
16.250000,-15.697383,-4.222553,-2.878436,-0.036066,1.113751,1.111947
16.300000,-15.745674,-4.235518,-2.880156,-0.032698,1.113288,1.112012
16.350000,-15.793985,-4.248403,-2.881690,-0.028655,1.113301,1.111996
16.400000,-15.842314,-4.261220,-2.883014,-0.024302,1.112772,1.112127
16.450000,-15.890659,-4.273978,-2.884116,-0.019793,1.112525,1.112173
16.500000,-15.939017,-4.286688,-2.884989,-0.015111,1.112007,1.112495
16.550000,-15.987384,-4.299361,-2.885620,-0.010134,1.111830,1.112970
16.600000,-16.035757,-4.312010,-2.885989,-0.004639,1.111686,1.113121
16.650000,-16.084134,-4.324649,-2.886064,0.001668,1.112615,1.113285
16.700000,-16.132509,-4.337292,-2.885795,0.009105,1.112592,1.113308
16.750000,-16.180878,-4.349957,-2.885120,0.017897,1.112534,1.113378
16.800000,-16.229236,-4.362666,-2.883973,0.027988,1.114403,1.113401
16.850000,-16.277576,-4.375444,-2.882302,0.038858,1.114417,1.113921
16.900000,-16.325891,-4.388315,-2.880095,0.049374,1.114047,1.120263
16.950000,-16.374174,-4.401304,-2.877414,0.057858,1.115135,1.120767
17.000000,-16.422420,-4.414431,-2.874409,0.062308,1.114588,1.121612
17.050000,-16.470625,-4.427707,-2.871329,0.060828,1.114301,1.121898
17.100000,-16.518791,-4.441126,-2.868504,0.052130,1.114372,1.121526
17.150000,-16.566922,-4.454667,-2.866301,0.035961,1.114756,1.120821
17.200000,-16.615030,-4.468293,-2.865067,0.013364,1.115560,1.116517
17.250000,-16.663129,-4.481949,-2.865068,-0.013393,1.116646,1.111954
17.300000,-16.711237,-4.495572,-2.866430,-0.041085,1.117668,1.110932
17.350000,-16.759373,-4.509098,-2.869110,-0.066080,1.118571,1.110029
17.400000,-16.807553,-4.522467,-2.872887,-0.084929,1.119224,1.109375
17.450000,-16.855788,-4.535635,-2.877387,-0.094968,1.119576,1.108824
17.500000,-16.904083,-4.548577,-2.882132,-0.094786,1.119626,1.108774
17.550000,-16.952439,-4.561295,-2.886616,-0.084469,1.119295,1.109097
17.600000,-17.000847,-4.573812,-2.890369,-0.065622,1.117652,1.109753
17.650000,-17.049295,-4.586171,-2.893036,-0.041022,1.116562,1.111445
17.700000,-17.097769,-4.598433,-2.894415,-0.014160,1.115465,1.113324
17.750000,-17.146251,-4.610659,-2.894482,0.011455,1.113206,1.114401
17.800000,-17.194726,-4.622912,-2.893372,0.032884,1.112448,1.115873
17.850000,-17.243182,-4.635242,-2.891343,0.048197,1.112318,1.118294
17.900000,-17.291609,-4.647686,-2.888721,0.056614,1.112481,1.119420
17.950000,-17.340001,-4.660265,-2.885845,0.058370,1.113011,1.118989
18.000000,-17.388356,-4.672982,-2.883026,0.054372,1.113300,1.118702
18.050000,-17.436678,-4.685829,-2.880518,0.045892,1.113579,1.118622
18.100000,-17.484970,-4.698786,-2.878513,0.034318,1.113720,1.118580
18.150000,-17.533240,-4.711825,-2.877126,0.021143,1.113869,1.118431
18.200000,-17.581496,-4.724915,-2.876398,0.008018,1.114117,1.118184
18.250000,-17.629746,-4.738025,-2.876279,-0.003254,1.114831,1.117572
18.300000,-17.677999,-4.751128,-2.876635,-0.010899,1.115981,1.116774
18.350000,-17.726258,-4.764208,-2.877248,-0.013575,1.120877,1.117325
18.400000,-17.774525,-4.777256,-2.877860,-0.010858,1.120961,1.117394
18.450000,-17.822799,-4.790280,-2.878221,-0.003562,1.115967,1.118051
18.500000,-17.871075,-4.803297,-2.878154,0.006232,1.115023,1.120776
18.550000,-17.919347,-4.816328,-2.877606,0.015673,1.113968,1.121732
18.600000,-17.967609,-4.829396,-2.876666,0.021849,1.113294,1.122394
18.650000,-18.015857,-4.842515,-2.875551,0.022673,1.113175,1.121326
18.700000,-18.064092,-4.855686,-2.874547,0.017461,1.113840,1.120737
18.750000,-18.112315,-4.868897,-2.873932,0.007109,1.116244,1.116250
18.800000,-18.160533,-4.882124,-2.873910,-0.006228,1.117141,1.114724
18.850000,-18.208756,-4.895336,-2.874561,-0.019796,1.117747,1.110936
18.900000,-18.256992,-4.908501,-2.875832,-0.030987,1.116584,1.110526
18.950000,-18.305247,-4.921593,-2.877556,-0.037928,1.116207,1.111779
19.000000,-18.353527,-4.934595,-2.879500,-0.039778,1.115978,1.110722
19.050000,-18.401832,-4.947504,-2.881412,-0.036682,1.115656,1.111035
19.100000,-18.450160,-4.960325,-2.883067,-0.029482,1.113250,1.112650
19.150000,-18.498507,-4.973076,-2.884290,-0.019392,1.112969,1.112917
19.200000,-18.546866,-4.985781,-2.884966,-0.007670,1.112759,1.111856
19.250000,-18.595230,-4.998468,-2.885045,0.004525,1.112473,1.113427
19.300000,-18.643591,-5.011165,-2.884527,0.016162,1.112271,1.113644
19.350000,-18.691942,-5.023901,-2.883465,0.026296,1.111911,1.115291
19.400000,-18.740276,-5.036699,-2.881957,0.034001,1.111703,1.115598
19.450000,-18.788589,-5.049579,-2.880146,0.038400,1.111534,1.115866
19.500000,-18.836877,-5.062549,-2.878214,0.038802,1.111343,1.116057
19.550000,-18.885141,-5.075611,-2.876371,0.034880,1.111303,1.116132
19.600000,-18.933382,-5.088756,-2.874826,0.026883,1.111506,1.119033
19.650000,-18.981605,-5.101965,-2.873760,0.015737,1.115354,1.118646
19.700000,-19.029819,-5.115211,-2.873293,0.002974,1.116084,1.117966
19.750000,-19.078031,-5.128464,-2.873456,-0.009504,1.120451,1.117984
19.800000,-19.126248,-5.141695,-2.874191,-0.019831,1.123399,1.118101
19.850000,-19.174478,-5.154880,-2.875352,-0.026589,1.123610,1.117890
19.900000,-19.222726,-5.168002,-2.876746,-0.029107,1.123413,1.118024
19.950000,-19.270992,-5.181056,-2.878164,-0.027584,1.117620,1.118280
20.000000,-19.319275,-5.194044,-2.879428,-0.022945,1.117214,1.118685
20.050000,-19.367574,-5.206977,-2.880415,-0.016522,1.116761,1.119019
20.100000,-19.415883,-5.219871,-2.881069,-0.009675,1.115954,1.118022
20.150000,-19.464198,-5.232741,-2.881396,-0.003414,1.115202,1.116698
20.200000,-19.512515,-5.245603,-2.881438,0.001743,1.115245,1.116621
20.250000,-19.560832,-5.258468,-2.881249,0.005798,1.115378,1.113522
20.300000,-19.609145,-5.271347,-2.880877,0.009064,1.115403,1.113497
20.350000,-19.657452,-5.284248,-2.880353,0.011912,1.115498,1.113402
20.400000,-19.705751,-5.297177,-2.879692,0.014510,1.115373,1.113532
20.450000,-19.754041,-5.310141,-2.878911,0.016716,1.115186,1.114144
20.500000,-19.802320,-5.323146,-2.878042,0.018061,1.114985,1.116886
20.550000,-19.850588,-5.336193,-2.877140,0.017984,1.114835,1.114465
20.600000,-19.898844,-5.349283,-2.876290,0.016005,1.114740,1.114589
20.650000,-19.947090,-5.362411,-2.875588,0.012044,1.114920,1.116970
20.700000,-19.995328,-5.375567,-2.875124,0.006496,1.115166,1.115834
20.750000,-20.043562,-5.388738,-2.874956,0.000234,1.115518,1.115485
20.800000,-20.091796,-5.401911,-2.875090,-0.005561,1.115886,1.115484
20.850000,-20.140033,-5.415070,-2.875472,-0.009716,1.119923,1.117517
20.900000,-20.188276,-5.428208,-2.876000,-0.011359,1.121274,1.119646
20.950000,-20.236527,-5.441318,-2.876539,-0.010174,1.121167,1.121548
21.000000,-20.284784,-5.454406,-2.876956,-0.006478,1.122173,1.121849
21.050000,-20.333044,-5.467478,-2.877147,-0.001168,1.122763,1.123237
21.100000,-20.381306,-5.480547,-2.877063,0.004538,1.122417,1.123621
21.150000,-20.429565,-5.493628,-2.876714,0.009370,1.123893,1.125507
21.200000,-20.477818,-5.506730,-2.876171,0.012347,1.123880,1.125527
21.250000,-20.526063,-5.519861,-2.875538,0.012938,1.123964,1.126036
21.300000,-20.574299,-5.533022,-2.874935,0.011181,1.124202,1.125792
21.350000,-20.622529,-5.546209,-2.874465,0.007573,1.124213,1.125171
21.400000,-20.670754,-5.559415,-2.874203,0.002915,1.123732,1.124162
21.450000,-20.718976,-5.572627,-2.874179,-0.001929,1.123424,1.123975
21.500000,-20.767200,-5.585835,-2.874383,-0.006219,1.123513,1.123754
21.550000,-20.815428,-5.599028,-2.874775,-0.009469,1.123106,1.121173
21.600000,-20.863662,-5.612199,-2.875299,-0.011477,1.121159,1.121206
21.650000,-20.911904,-5.625343,-2.875893,-0.012245,1.120300,1.118887
21.700000,-20.960153,-5.638457,-2.876496,-0.011882,1.119083,1.118909
21.750000,-21.008410,-5.651544,-2.877056,-0.010519,1.118811,1.118486
21.800000,-21.056674,-5.664605,-2.877526,-0.008274,1.118542,1.118458
21.850000,-21.104944,-5.677647,-2.877866,-0.005307,1.118614,1.118386
21.900000,-21.153216,-5.690676,-2.878046,-0.001883,1.118469,1.118515
21.950000,-21.201490,-5.703700,-2.878054,0.001541,1.117129,1.118471
22.000000,-21.249763,-5.716728,-2.877907,0.004346,1.116915,1.118698
22.050000,-21.298033,-5.729766,-2.877650,0.005881,1.117963,1.118843
22.100000,-21.346300,-5.742817,-2.877362,0.005645,1.117882,1.119391
22.150000,-21.394563,-5.755882,-2.877131,0.003571,1.115461,1.119365
22.200000,-21.442824,-5.768954,-2.877038,0.000131,1.118076,1.119224
22.250000,-21.491084,-5.782027,-2.877126,-0.003637,1.118409,1.118876
22.300000,-21.539348,-5.795091,-2.877378,-0.006398,1.118870,1.117023
22.350000,-21.587615,-5.808141,-2.877711,-0.006900,1.119137,1.116172
22.400000,-21.635886,-5.821175,-2.877995,-0.004439,1.120111,1.115998
22.450000,-21.684160,-5.834199,-2.878087,0.000782,1.120640,1.116312
22.500000,-21.732433,-5.847226,-2.877877,0.007604,1.119211,1.122628
22.550000,-21.780701,-5.860271,-2.877333,0.014142,1.118628,1.126872
22.600000,-21.828960,-5.873350,-2.876520,0.018333,1.118045,1.127462
22.650000,-21.877208,-5.886471,-2.875596,0.018570,1.118621,1.127588
22.700000,-21.925444,-5.899635,-2.874775,0.014240,1.119782,1.127321
22.750000,-21.973671,-5.912832,-2.874270,0.005935,1.120698,1.126665
22.800000,-22.021894,-5.926043,-2.874239,-0.004677,1.121619,1.122381
22.850000,-22.070120,-5.939242,-2.874740,-0.015339,1.122230,1.121756
22.900000,-22.118357,-5.952405,-2.875720,-0.023850,1.122677,1.119992
22.950000,-22.166608,-5.965512,-2.877034,-0.028627,1.122282,1.117618
23.000000,-22.214878,-5.978551,-2.878477,-0.029072,1.122040,1.117860
23.050000,-22.263166,-5.991522,-2.879845,-0.025611,1.121640,1.118248
23.100000,-22.311471,-6.004432,-2.880972,-0.019445,1.120131,1.118669
23.150000,-22.359788,-6.017295,-2.881761,-0.012136,1.119712,1.119051
23.200000,-22.408113,-6.030129,-2.882193,-0.005178,1.117612,1.117973
23.250000,-22.456441,-6.042950,-2.882313,0.000366,1.117173,1.117027
23.300000,-22.504769,-6.055771,-2.882204,0.003965,1.116763,1.117433
23.350000,-22.553095,-6.068601,-2.881965,0.005612,1.116634,1.117263
23.400000,-22.601418,-6.081444,-2.881682,0.005657,1.116498,1.117202
23.450000,-22.649737,-6.094300,-2.881427,0.004574,1.116545,1.117158
23.500000,-22.698053,-6.107167,-2.881242,0.002812,1.116581,1.117419
23.550000,-22.746367,-6.120041,-2.881154,0.000716,1.116610,1.117390
23.600000,-22.794681,-6.132916,-2.881172,-0.001471,1.116611,1.117389
23.650000,-22.842996,-6.145788,-2.881297,-0.003486,1.116548,1.117452
23.700000,-22.891313,-6.158651,-2.881509,-0.004982,1.116683,1.117325
23.750000,-22.939633,-6.171503,-2.881770,-0.005461,1.116748,1.117964
23.800000,-22.987956,-6.184342,-2.882017,-0.004384,1.118096,1.117797
23.850000,-23.036282,-6.197172,-2.882160,-0.001319,1.118178,1.117030
23.900000,-23.084609,-6.209999,-2.882098,0.003796,1.118949,1.117030
23.950000,-23.132933,-6.222836,-2.881742,0.010462,1.118795,1.115205
24.000000,-23.181250,-6.235698,-2.881041,0.017569,1.118413,1.115579
24.050000,-23.229556,-6.248602,-2.880012,0.023545,1.117010,1.116209
24.100000,-23.277847,-6.261563,-2.878754,0.026726,1.116047,1.118953
24.150000,-23.326122,-6.274586,-2.877440,0.025789,1.115899,1.119101
24.200000,-23.374379,-6.287669,-2.876289,0.020209,1.116032,1.118933
24.250000,-23.422624,-6.300800,-2.875523,0.010407,1.116622,1.115178
24.300000,-23.470863,-6.313954,-2.875319,-0.002252,1.117409,1.114398
24.350000,-23.519103,-6.327103,-2.875771,-0.015827,1.118570,1.113830
24.400000,-23.567354,-6.340214,-2.876873,-0.028216,1.119077,1.113326
24.450000,-23.615622,-6.353258,-2.878520,-0.037618,1.119243,1.113465
24.500000,-23.663915,-6.366213,-2.880532,-0.042800,1.119281,1.114119
24.550000,-23.712234,-6.379066,-2.882683,-0.043172,1.119104,1.114284
24.600000,-23.760581,-6.391817,-2.884732,-0.038745,1.118349,1.114055
24.650000,-23.808952,-6.404476,-2.886450,-0.029935,1.118091,1.114709
24.700000,-23.857342,-6.417064,-2.887635,-0.017458,1.117887,1.114890
24.750000,-23.905742,-6.429611,-2.888129,-0.002258,1.116039,1.114761
24.800000,-23.954143,-6.442153,-2.887823,0.014482,1.115586,1.115219
24.850000,-24.002536,-6.454730,-2.886678,0.031311,1.115056,1.116103
24.900000,-24.050908,-6.467382,-2.884730,0.046554,1.111002,1.116693
24.950000,-24.099252,-6.480146,-2.882104,0.058452,1.110047,1.117153
25.000000,-24.147558,-6.493048,-2.879006,0.065404,1.109640,1.117560
25.050000,-24.195823,-6.506107,-2.875712,0.066272,1.109578,1.117623
25.100000,-24.244045,-6.519322,-2.872537,0.060660,1.109687,1.117629
25.150000,-24.292227,-6.532682,-2.869792,0.049087,1.111431,1.117179
25.200000,-24.340377,-6.546158,-2.867740,0.032950,1.112870,1.116630
25.250000,-24.388505,-6.559712,-2.866557,0.014364,1.113669,1.115831
25.300000,-24.436623,-6.573301,-2.866305,-0.004244,1.115998,1.113509
25.350000,-24.484743,-6.586881,-2.866926,-0.020543,1.117122,1.112978
25.400000,-24.532877,-6.600412,-2.868260,-0.032752,1.117509,1.112591
25.450000,-24.581033,-6.613867,-2.870078,-0.039913,1.117659,1.112441
25.500000,-24.629215,-6.627228,-2.872128,-0.042037,1.117467,1.112647
25.550000,-24.677424,-6.640489,-2.874179,-0.039965,1.116922,1.114278
25.600000,-24.725660,-6.653654,-2.876056,-0.035109,1.116521,1.114674
25.650000,-24.773918,-6.666736,-2.877660,-0.029074,1.115829,1.114957
25.700000,-24.822196,-6.679747,-2.878969,-0.023274,1.114509,1.115188
25.750000,-24.870488,-6.692701,-2.880018,-0.018729,1.114455,1.114942
25.800000,-24.918793,-6.705610,-2.880884,-0.015916,1.114544,1.114656
25.850000,-24.967109,-6.718479,-2.881654,-0.014902,1.114618,1.114596
25.900000,-25.015434,-6.731312,-2.882412,-0.015453,1.115872,1.114433
25.950000,-25.063769,-6.744107,-2.883230,-0.017267,1.116058,1.114642
26.000000,-25.112115,-6.756860,-2.884163,-0.020045,1.116114,1.114586
26.050000,-25.160474,-6.769564,-2.885252,-0.023526,1.116099,1.114601
26.100000,-25.208848,-6.782212,-2.886524,-0.027341,1.116061,1.114627
26.150000,-25.257240,-6.794793,-2.887980,-0.030884,1.115285,1.114518
26.200000,-25.305650,-6.807299,-2.889582,-0.033179,1.115474,1.114635
26.250000,-25.354081,-6.819727,-2.891235,-0.032900,1.115668,1.115151
26.300000,-25.402532,-6.832076,-2.892775,-0.028625,1.117402,1.114898
26.350000,-25.451000,-6.844358,-2.893972,-0.019212,1.117554,1.114779
26.400000,-25.499479,-6.856596,-2.894562,-0.004300,1.119385,1.115515
26.450000,-25.547961,-6.868825,-2.894287,0.015332,1.118837,1.116096
26.500000,-25.596433,-6.881092,-2.892963,0.037631,1.117839,1.119657
26.550000,-25.644881,-6.893450,-2.890532,0.059524,1.116456,1.120765
26.600000,-25.693293,-6.905951,-2.887105,0.077493,1.115285,1.123472
26.650000,-25.741657,-6.918637,-2.882955,0.088353,1.111581,1.124063
26.700000,-25.789966,-6.931533,-2.878494,0.089986,1.114728,1.124072
26.750000,-25.838217,-6.944642,-2.874195,0.081846,1.115296,1.123551
26.800000,-25.886415,-6.957945,-2.870521,0.065029,1.119401,1.122706
26.850000,-25.934569,-6.971402,-2.867843,0.042020,1.120379,1.122214
26.900000,-25.982696,-6.984959,-2.866391,0.016087,1.121246,1.120848
26.950000,-26.030812,-6.998556,-2.866224,-0.009369,1.121677,1.120005
27.000000,-26.078934,-7.012130,-2.867245,-0.031383,1.122032,1.118428
27.050000,-26.127077,-7.025632,-2.869228,-0.047818,1.121932,1.115836
27.100000,-26.175251,-7.039021,-2.871863,-0.057505,1.122051,1.113647
27.150000,-26.223462,-7.052274,-2.874808,-0.060203,1.121777,1.113820
27.200000,-26.271713,-7.065385,-2.877727,-0.056445,1.121445,1.113958
27.250000,-26.320000,-7.078361,-2.880323,-0.047356,1.120484,1.115116
27.300000,-26.368317,-7.091224,-2.882369,-0.034457,1.120192,1.115397
27.350000,-26.416656,-7.104005,-2.883718,-0.019503,1.118952,1.115905
27.400000,-26.465007,-7.116739,-2.884313,-0.004298,1.115598,1.116452
27.450000,-26.513361,-7.129462,-2.884182,0.009501,1.112299,1.116482
27.500000,-26.561710,-7.142207,-2.883428,0.020601,1.111862,1.115738
27.550000,-26.610045,-7.155000,-2.882206,0.028235,1.111760,1.115828
27.600000,-26.658363,-7.167860,-2.880692,0.032238,1.111901,1.114899
27.650000,-26.706661,-7.180797,-2.879061,0.032985,1.112086,1.114714
27.700000,-26.754937,-7.193812,-2.877455,0.031219,1.112285,1.114515
27.750000,-26.803193,-7.206902,-2.875979,0.027819,1.112475,1.114322
27.800000,-26.851431,-7.220059,-2.874694,0.023577,1.112527,1.114072
27.850000,-26.899653,-7.233273,-2.873628,0.019066,1.112522,1.113979
27.900000,-26.947863,-7.246533,-2.872786,0.014590,1.112687,1.113936
27.950000,-26.996063,-7.259828,-2.872166,0.010242,1.114266,1.113834
28.000000,-27.044256,-7.273147,-2.871761,0.005960,1.114399,1.113731
28.050000,-27.092446,-7.286481,-2.871570,0.001645,1.116433,1.113579
28.100000,-27.140634,-7.299819,-2.871599,-0.002797,1.116990,1.113852
28.150000,-27.188824,-7.313150,-2.871854,-0.007380,1.117550,1.115965
28.200000,-27.237019,-7.326463,-2.872339,-0.012021,1.117671,1.116841
28.250000,-27.285222,-7.339748,-2.873052,-0.016494,1.118569,1.116728
28.300000,-27.333436,-7.352992,-2.873976,-0.020474,1.118622,1.116481
28.350000,-27.381663,-7.366188,-2.875078,-0.023564,1.118926,1.116374
28.400000,-27.429906,-7.379327,-2.876302,-0.025377,1.118991,1.116306
28.450000,-27.478165,-7.392406,-2.877577,-0.025619,1.118828,1.116266
28.500000,-27.526440,-7.405424,-2.878822,-0.024157,1.118801,1.115899
28.550000,-27.574732,-7.418384,-2.879953,-0.021039,1.118619,1.116081
28.600000,-27.623036,-7.431293,-2.880891,-0.016493,1.118513,1.116178
28.650000,-27.671351,-7.444164,-2.881576,-0.010889,1.118352,1.115753
28.700000,-27.719674,-7.457008,-2.881966,-0.004683,1.118163,1.116208
28.750000,-27.767999,-7.469841,-2.882042,0.001620,1.116145,1.116355
28.800000,-27.816323,-7.482677,-2.881813,0.007518,1.116017,1.116482
28.850000,-27.864642,-7.495532,-2.881311,0.012544,1.115747,1.116656
28.900000,-27.912954,-7.508416,-2.880589,0.016328,1.115451,1.117149
28.950000,-27.961255,-7.521339,-2.879714,0.018634,1.115430,1.117170
29.000000,-28.009544,-7.534307,-2.878763,0.019402,1.115459,1.117144
29.050000,-28.057821,-7.547321,-2.877808,0.018777,1.115469,1.117334
29.100000,-28.106085,-7.560380,-2.876912,0.017053,1.115704,1.117303
29.150000,-28.154339,-7.573479,-2.876120,0.014629,1.116408,1.117092
29.200000,-28.202582,-7.586614,-2.875457,0.011891,1.116588,1.116923
29.250000,-28.250819,-7.599778,-2.874931,0.009126,1.117322,1.116878
29.300000,-28.299049,-7.612963,-2.874542,0.006461,1.117343,1.116857
29.350000,-28.347275,-7.626164,-2.874283,0.003870,1.117323,1.116892
29.400000,-28.395498,-7.639375,-2.874156,0.001221,1.117319,1.117881
29.450000,-28.443720,-7.652588,-2.874165,-0.001602,1.117315,1.117888
29.500000,-28.491944,-7.665798,-2.874321,-0.004630,1.117513,1.117887
29.550000,-28.540170,-7.678996,-2.874631,-0.007759,1.117822,1.117686
29.600000,-28.588402,-7.692175,-2.875094,-0.010773,1.125034,1.117513
29.650000,-28.636641,-7.705329,-2.875700,-0.013429,1.125182,1.120480
29.700000,-28.684889,-7.718450,-2.876425,-0.015560,1.125172,1.124528
29.750000,-28.733146,-7.731535,-2.877243,-0.017150,1.125080,1.124620
29.800000,-28.781415,-7.744578,-2.878130,-0.018343,1.125030,1.124608
29.850000,-28.829696,-7.757576,-2.879073,-0.019393,1.124988,1.120573
29.900000,-28.877989,-7.770528,-2.880072,-0.020558,1.122470,1.120530
29.950000,-28.926296,-7.783430,-2.881135,-0.021962,1.122468,1.120502
30.000000,-28.974617,-7.796279,-2.882272,-0.023513,1.122391,1.118550
30.050000,-29.022953,-7.809071,-2.883481,-0.024856,1.120079,1.116959
30.100000,-29.071304,-7.821804,-2.884739,-0.025423,1.122677,1.116779
30.150000,-29.119672,-7.834475,-2.885989,-0.024569,1.120313,1.116270
30.200000,-29.168055,-7.847088,-2.887148,-0.021746,1.119331,1.116169
30.250000,-29.216451,-7.859649,-2.888109,-0.016675,1.119221,1.116258
30.300000,-29.264858,-7.872171,-2.888764,-0.009478,1.117518,1.116568
30.350000,-29.313271,-7.884670,-2.889018,-0.000672,1.116319,1.116881
30.400000,-29.361683,-7.897168,-2.888811,0.008935,1.115905,1.117287
30.450000,-29.410091,-7.909688,-2.888128,0.018386,1.115083,1.117617
30.500000,-29.458487,-7.922251,-2.886998,0.026797,1.114900,1.117807
30.550000,-29.506866,-7.934879,-2.885490,0.033456,1.114774,1.118426
30.600000,-29.555224,-7.947587,-2.883706,0.037904,1.114757,1.118446
30.650000,-29.603558,-7.960386,-2.881760,0.039891,1.114785,1.118634
30.700000,-29.651867,-7.973279,-2.879778,0.039333,1.115878,1.118822
30.750000,-29.700151,-7.986267,-2.877888,0.036257,1.115888,1.118812
30.800000,-29.748411,-7.999342,-2.876210,0.030801,1.115932,1.118769
30.850000,-29.796651,-8.012490,-2.874858,0.023258,1.116199,1.118630
30.900000,-29.844876,-8.025693,-2.873923,0.014153,1.116998,1.119691
30.950000,-29.893092,-8.038931,-2.873463,0.004238,1.117976,1.118030
31.000000,-29.941305,-8.052178,-2.873495,-0.005518,1.118745,1.117662
31.050000,-29.989522,-8.065413,-2.873986,-0.014075,1.119556,1.117401
31.100000,-30.037748,-8.078615,-2.874852,-0.020501,1.123617,1.117083
31.150000,-30.085987,-8.091768,-2.875970,-0.024178,1.123764,1.116936
31.200000,-30.134241,-8.104864,-2.877198,-0.024926,1.123658,1.117051
31.250000,-30.182512,-8.117901,-2.878399,-0.023067,1.123482,1.117790
31.300000,-30.230797,-8.130883,-2.879459,-0.019341,1.121010,1.118392
31.350000,-30.279095,-8.143819,-2.880311,-0.014713,1.120581,1.118920
31.400000,-30.327402,-8.156719,-2.880932,-0.010141,1.120169,1.119431
31.450000,-30.375716,-8.169594,-2.881343,-0.006341,1.120099,1.119501
31.500000,-30.424034,-8.182453,-2.881592,-0.003623,1.120022,1.119573
31.550000,-30.472354,-8.195304,-2.881729,-0.001860,1.120077,1.119223
31.600000,-30.520676,-8.208149,-2.881789,-0.000554,1.120232,1.119068
31.650000,-30.568998,-8.220994,-2.881780,0.000954,1.120394,1.118879
31.700000,-30.617319,-8.233841,-2.881675,0.003263,1.119230,1.118147
31.750000,-30.665638,-8.246696,-2.881425,0.006722,1.118389,1.117422
31.800000,-30.713953,-8.259568,-2.880975,0.011308,1.118071,1.118484
31.850000,-30.762260,-8.272468,-2.880276,0.016649,1.115506,1.117976
31.900000,-30.810557,-8.285408,-2.879307,0.022116,1.114461,1.117837
31.950000,-30.858839,-8.298401,-2.878078,0.026996,1.114269,1.117931
32.000000,-30.907104,-8.311459,-2.876638,0.030586,1.114207,1.117994
32.050000,-30.955349,-8.324590,-2.875065,0.032304,1.114273,1.118028
32.100000,-31.003573,-8.337798,-2.873464,0.031705,1.114960,1.117440
32.150000,-31.051776,-8.351081,-2.871958,0.028502,1.114977,1.117430
32.200000,-31.099961,-8.364432,-2.870679,0.022611,1.114927,1.117966
32.250000,-31.148131,-8.377836,-2.869758,0.014212,1.115041,1.117336
32.300000,-31.196291,-8.391274,-2.869306,0.003859,1.115295,1.115459
32.350000,-31.244449,-8.404721,-2.869397,-0.007519,1.114608,1.113110
32.400000,-31.292612,-8.418150,-2.870052,-0.018645,1.116167,1.112668
32.450000,-31.340787,-8.431534,-2.871222,-0.028105,1.116744,1.107789
32.500000,-31.388981,-8.444852,-2.872791,-0.034607,1.119298,1.107416
32.550000,-31.437197,-8.458088,-2.874590,-0.037286,1.119361,1.108233
32.600000,-31.485437,-8.471236,-2.876422,-0.035925,1.119280,1.107913
32.650000,-31.533701,-8.484298,-2.878097,-0.031044,1.118032,1.108668
32.700000,-31.581985,-8.497287,-2.879468,-0.023791,1.117625,1.109201
32.750000,-31.630283,-8.510218,-2.880455,-0.015715,1.117184,1.117834
32.800000,-31.678593,-8.523111,-2.881057,-0.008407,1.116879,1.119321
32.850000,-31.726907,-8.535983,-2.881347,-0.003217,1.116707,1.119506
32.900000,-31.775225,-8.548846,-2.881451,-0.000981,1.117634,1.119466
32.950000,-31.823543,-8.561705,-2.881522,-0.001927,1.117681,1.119400
33.000000,-31.871862,-8.574559,-2.881712,-0.005694,1.117925,1.117875
33.050000,-31.920186,-8.587398,-2.882140,-0.011443,1.118207,1.117593
33.100000,-31.968517,-8.600209,-2.882877,-0.018014,1.118377,1.117403
33.150000,-32.016859,-8.612976,-2.883931,-0.024137,1.117231,1.117169
33.200000,-32.065217,-8.625686,-2.885250,-0.028581,1.117428,1.116970
33.250000,-32.113592,-8.638328,-2.886724,-0.030328,1.117610,1.116703
33.300000,-32.161986,-8.650898,-2.888201,-0.028682,1.118522,1.116678
33.350000,-32.210398,-8.663400,-2.889503,-0.023346,1.118398,1.116792
33.400000,-32.258824,-8.675847,-2.890449,-0.014470,1.118112,1.116362
33.450000,-32.307259,-8.688260,-2.890877,-0.002597,1.115921,1.116773
33.500000,-32.355695,-8.700667,-2.890658,0.011359,1.115512,1.116794
33.550000,-32.404124,-8.713102,-2.889718,0.026246,1.115145,1.117555
33.600000,-32.452536,-8.725601,-2.888042,0.040741,1.114740,1.117960
33.650000,-32.500924,-8.738197,-2.885686,0.053492,1.114460,1.118274
33.700000,-32.549277,-8.750922,-2.882766,0.063226,1.114802,1.120323
33.750000,-32.597591,-8.763798,-2.879460,0.068943,1.114517,1.122283
33.800000,-32.645860,-8.776839,-2.875984,0.070052,1.114380,1.122420
33.850000,-32.694084,-8.790047,-2.872567,0.066582,1.114496,1.122270
33.900000,-32.742265,-8.803414,-2.869421,0.059200,1.115832,1.118665
33.950000,-32.790405,-8.816922,-2.866712,0.049146,1.116347,1.117950
34.000000,-32.838513,-8.830548,-2.864534,0.037968,1.116955,1.117145
34.050000,-32.886594,-8.844266,-2.862907,0.027138,1.117440,1.116598
34.100000,-32.934657,-8.858050,-2.861788,0.017658,1.117768,1.112316
34.150000,-32.982707,-8.871876,-2.861102,0.009774,1.116573,1.112357
34.200000,-33.030750,-8.885726,-2.860785,0.002932,1.111865,1.112632
34.250000,-33.078792,-8.899584,-2.860812,-0.004048,1.110226,1.114074
34.300000,-33.126836,-8.913431,-2.861228,-0.012622,1.110169,1.114131
34.350000,-33.174890,-8.927246,-2.862145,-0.024115,1.110365,1.113935
34.400000,-33.222960,-8.941002,-2.863732,-0.039446,1.110838,1.113462
34.450000,-33.271058,-8.954662,-2.866191,-0.058989,1.111410,1.112916
34.500000,-33.319196,-8.968178,-2.869730,-0.082614,1.113653,1.112321
34.550000,-33.367391,-8.981494,-2.874541,-0.109868,1.112476,1.111869
34.600000,-33.415658,-8.994544,-2.880791,-0.140162,1.111911,1.115238
34.650000,-33.464015,-9.007254,-2.888617,-0.172945,1.115469,1.114631
34.700000,-33.512481,-9.019545,-2.898136,-0.207830,1.116220,1.113914
34.750000,-33.561072,-9.031331,-2.909447,-0.244656,1.118693,1.113375
34.800000,-33.609804,-9.042521,-2.922650,-0.283503,1.123249,1.112253
34.850000,-33.658690,-9.053017,-2.937852,-0.324653,1.124059,1.111525
34.900000,-33.707740,-9.062719,-2.955180,-0.368529,1.124755,1.110003
34.950000,-33.756960,-9.071513,-2.974778,-0.415505,1.125452,1.103948
35.000000,-33.806353,-9.079282,-2.996808,-0.465798,1.126381,1.102985
35.050000,-33.855913,-9.085897,-3.021432,-0.519274,1.127547,1.100705
35.100000,-33.905629,-9.091223,-3.048797,-0.575396,1.128846,1.095722
35.150000,-33.955477,-9.095115,-3.079011,-0.633218,1.129437,1.093746
35.200000,-34.005423,-9.097428,-3.112129,-0.691451,1.130742,1.079645
35.250000,-34.055420,-9.098013,3.135053,-0.748501,1.131945,1.077736
35.300000,-34.105403,-9.096728,3.096268,-0.802494,1.132969,1.069243
35.350000,-34.155295,-9.093440,3.054908,-0.851220,1.133708,1.057297
35.400000,-34.205002,-9.088035,3.011299,-0.892137,1.134606,1.040994
35.450000,-34.254419,-9.080421,2.965895,-0.922529,1.135694,1.040115
35.500000,-34.303433,-9.070541,2.919288,-0.939911,1.138344,1.044549
35.550000,-34.351929,-9.058372,2.872172,-0.942581,1.141321,1.074544
35.600000,-34.399799,-9.043935,2.825298,-0.930187,1.141848,1.074852
35.650000,-34.446948,-9.027292,2.779395,-0.903988,1.140842,1.075858
35.700000,-34.493297,-9.008537,2.735091,-0.866679,1.139490,1.078887
35.750000,-34.538791,-8.987793,2.692856,-0.821858,1.138065,1.088064
35.800000,-34.583395,-8.965199,2.652969,-0.773347,1.137046,1.095524
35.850000,-34.627091,-8.940897,2.615527,-0.724634,1.137408,1.100857
35.900000,-34.669879,-8.915028,2.580466,-0.678568,1.140261,1.107264
35.950000,-34.711764,-8.887722,2.547597,-0.637267,1.139652,1.111848
36.000000,-34.752757,-8.859094,2.516645,-0.602113,1.138723,1.112777
36.050000,-34.792870,-8.829244,2.487282,-0.573685,1.137819,1.113681
36.100000,-34.832109,-8.798255,2.459177,-0.551635,1.136862,1.114255
36.150000,-34.870477,-8.766196,2.432039,-0.534559,1.135819,1.114351
36.200000,-34.907975,-8.733121,2.405675,-0.520064,1.135994,1.114810
36.250000,-34.944601,-8.699083,2.380031,-0.505113,1.136436,1.115964
36.300000,-34.980355,-8.664131,2.355206,-0.486710,1.136676,1.114016
36.350000,-35.015249,-8.628321,2.331435,-0.462699,1.136399,1.109510
36.400000,-35.049305,-8.591713,2.309024,-0.432477,1.135587,1.108013
36.450000,-35.082563,-8.554377,2.288261,-0.397285,1.133754,1.109220
36.500000,-35.115073,-8.516389,2.269331,-0.359993,1.130007,1.110696
36.550000,-35.146894,-8.477822,2.252245,-0.324415,1.125686,1.112076
36.600000,-35.178084,-8.438743,2.236818,-0.294372,1.122765,1.112798
36.650000,-35.208695,-8.399209,2.222694,-0.272778,1.120934,1.112372
36.700000,-35.238763,-8.359260,2.209405,-0.260993,1.118487,1.110453
36.750000,-35.268306,-8.318921,2.196462,-0.258573,1.118866,1.107634
36.800000,-35.297324,-8.278203,2.183441,-0.263477,1.120118,1.106863
36.850000,-35.325803,-8.237106,2.170051,-0.272586,1.122051,1.105849
36.900000,-35.353719,-8.195625,2.156166,-0.282440,1.123029,1.105252
36.950000,-35.381046,-8.153753,2.141834,-0.289917,1.124105,1.104895
37.000000,-35.407764,-8.111490,2.127235,-0.292736,1.124162,1.106100
37.050000,-35.433861,-8.068841,2.112640,-0.289648,1.123886,1.109946
37.100000,-35.459339,-8.025819,2.098355,-0.280327,1.124770,1.112745
37.150000,-35.484212,-7.982445,2.084688,-0.265074,1.126791,1.113522
37.200000,-35.508508,-7.938745,2.071921,-0.244482,1.126646,1.114054
37.250000,-35.532269,-7.894752,2.060304,-0.219184,1.126422,1.114457
37.300000,-35.555547,-7.850501,2.050058,-0.189810,1.126207,1.114993
37.350000,-35.578404,-7.806031,2.041370,-0.157069,1.125606,1.115594
37.400000,-35.600912,-7.761383,2.034386,-0.121919,1.124618,1.116438
37.450000,-35.623147,-7.716600,2.029195,-0.085695,1.123251,1.117405
37.500000,-35.645190,-7.671721,2.025811,-0.050112,1.121978,1.118422
37.550000,-35.667120,-7.626787,2.024152,-0.017115,1.121036,1.120699
37.600000,-35.689012,-7.581834,2.024041,0.011376,1.120287,1.123813
37.650000,-35.710928,-7.536893,2.025210,0.033757,1.119714,1.124277
37.700000,-35.732919,-7.491989,2.027322,0.048997,1.119414,1.125651
37.750000,-35.755019,-7.447138,2.030009,0.056770,1.119039,1.127972
37.800000,-35.777246,-7.402350,2.032902,0.057449,1.118974,1.126550
37.850000,-35.799601,-7.357626,2.035669,0.052006,1.119786,1.124014
37.900000,-35.822071,-7.312959,2.038036,0.041804,1.120552,1.123537
37.950000,-35.844634,-7.268340,2.039804,0.028425,1.121598,1.123002
38.000000,-35.867260,-7.223752,2.040855,0.013495,1.122494,1.122612
38.050000,-35.889917,-7.179180,2.041152,-0.001390,1.123720,1.122280
38.100000,-35.912570,-7.134606,2.040735,-0.014715,1.124079,1.121921
38.150000,-35.935191,-7.090016,2.039718,-0.025065,1.124400,1.121600
38.200000,-35.957756,-7.045397,2.038284,-0.031167,1.124653,1.121057
38.250000,-35.980253,-7.000744,2.036671,-0.032008,1.124743,1.120457
38.300000,-36.002678,-6.956055,2.035161,-0.026983,1.124722,1.120478
38.350000,-36.025044,-6.911337,2.034053,-0.016079,1.124510,1.120437
38.400000,-36.047375,-6.866600,2.033625,0.000010,1.123657,1.120445
38.450000,-36.069706,-6.821864,2.034107,0.019873,1.122324,1.121076
38.500000,-36.092082,-6.777150,2.035640,0.041527,1.121537,1.121863
38.550000,-36.114551,-6.732483,2.038258,0.062740,1.120323,1.122678
38.600000,-36.137159,-6.687887,2.041883,0.081400,1.118583,1.123174
38.650000,-36.159949,-6.643382,2.046344,0.095918,1.115657,1.123040
38.700000,-36.182950,-6.598987,2.051408,0.105482,1.111985,1.121418
38.750000,-36.206186,-6.554714,2.056825,0.110138,1.111002,1.119344
38.800000,-36.229664,-6.510569,2.062365,0.110643,1.111151,1.118894
38.850000,-36.253385,-6.466554,2.067847,0.108160,1.111699,1.118710
38.900000,-36.277344,-6.422669,2.073155,0.103877,1.111915,1.118685
38.950000,-36.301531,-6.378908,2.078222,0.098680,1.112568,1.118578
39.000000,-36.325933,-6.335267,2.083016,0.092956,1.113542,1.118558
39.050000,-36.350538,-6.291740,2.087510,0.086613,1.113498,1.118492
39.100000,-36.375331,-6.248319,2.091664,0.079263,1.113480,1.118320
39.150000,-36.400295,-6.204998,2.095418,0.070532,1.112237,1.118250
39.200000,-36.425412,-6.161764,2.098698,0.060388,1.110123,1.116836
39.250000,-36.450660,-6.118607,2.101443,0.049354,1.110437,1.113888
39.300000,-36.476013,-6.075512,2.103634,0.038553,1.110951,1.112074
39.350000,-36.501450,-6.032465,2.105320,0.029515,1.112318,1.110722
39.400000,-36.526951,-5.989457,2.106628,0.023819,1.114198,1.110302
39.450000,-36.552504,-5.946480,2.107761,0.022656,1.114401,1.110099
39.500000,-36.578105,-5.903531,2.108960,0.026436,1.113419,1.110241
39.550000,-36.603764,-5.860617,2.110466,0.034628,1.111503,1.111318
39.600000,-36.629498,-5.817748,2.112466,0.045820,1.110872,1.113941
39.650000,-36.655329,-5.774938,2.115065,0.058050,1.109331,1.116192
39.700000,-36.681285,-5.732202,2.118261,0.069274,1.107291,1.116746
39.750000,-36.707389,-5.689557,2.121958,0.077825,1.108300,1.117043
39.800000,-36.733658,-5.647014,2.125995,0.082743,1.111262,1.116970
39.850000,-36.760102,-5.604579,2.130181,0.083878,1.112751,1.116749
39.900000,-36.786724,-5.562256,2.134338,0.081777,1.113269,1.117109
39.950000,-36.813518,-5.520041,2.138327,0.077432,1.113999,1.117901
40.000000,-36.840475,-5.477930,2.142065,0.071977,1.114157,1.117743
40.050000,-36.867584,-5.435917,2.145522,0.066424,1.114403,1.117606
40.100000,-36.894832,-5.393994,2.148715,0.061513,1.114702,1.117498
40.150000,-36.922209,-5.352155,2.151687,0.057645,1.114794,1.117442
40.200000,-36.949706,-5.310395,2.154495,0.054905,1.115207,1.117460
40.250000,-36.977319,-5.268711,2.157191,0.053134,1.115807,1.117493
40.300000,-37.005042,-5.227101,2.159818,0.052021,1.115772,1.117528
40.350000,-37.032873,-5.185562,2.162398,0.051213,1.115732,1.117568
40.400000,-37.060810,-5.144095,2.164939,0.050395,1.115691,1.117609
40.450000,-37.088852,-5.102699,2.167435,0.049355,1.115320,1.117577
40.500000,-37.116996,-5.061372,2.169871,0.048001,1.114720,1.117517
40.550000,-37.145239,-5.020113,2.172231,0.046346,1.114895,1.117662
40.600000,-37.173577,-4.978919,2.174502,0.044448,1.114927,1.118037
40.650000,-37.202007,-4.937788,2.176673,0.042360,1.114594,1.118013
40.700000,-37.230524,-4.896717,2.178735,0.040074,1.114108,1.118249
40.750000,-37.259123,-4.855704,2.180677,0.037521,1.114117,1.118683
40.800000,-37.287799,-4.814745,2.182483,0.034607,1.114114,1.118686
40.850000,-37.316546,-4.773835,2.184132,0.031254,1.114808,1.118615
40.900000,-37.345356,-4.732970,2.185602,0.027479,1.115975,1.118305
40.950000,-37.374223,-4.692144,2.186876,0.023429,1.116121,1.117779
41.000000,-37.403137,-4.651353,2.187945,0.019412,1.116223,1.117677
41.050000,-37.432092,-4.610589,2.188822,0.015875,1.116313,1.117770
41.100000,-37.461078,-4.569849,2.189545,0.013336,1.116650,1.119144
41.150000,-37.490092,-4.529128,2.190176,0.012300,1.117049,1.121151
41.200000,-37.519131,-4.488425,2.190800,0.013133,1.117385,1.121109
41.250000,-37.548197,-4.447741,2.191515,0.015943,1.118643,1.120284
41.300000,-37.577296,-4.407081,2.192418,0.020510,1.119083,1.118947
41.350000,-37.606436,-4.366450,2.193583,0.026260,1.117017,1.118839
41.400000,-37.635630,-4.325858,2.195050,0.032342,1.115862,1.118538
41.450000,-37.664889,-4.285313,2.196810,0.037750,1.115574,1.118496
41.500000,-37.694225,-4.244823,2.198804,0.041506,1.114511,1.118036
41.550000,-37.723644,-4.204394,2.200929,0.042818,1.112921,1.117759
41.600000,-37.753150,-4.164028,2.203047,0.041200,1.113483,1.117330
41.650000,-37.782738,-4.123723,2.205008,0.036523,1.114502,1.117088
41.700000,-37.812400,-4.083471,2.206661,0.029021,1.114441,1.116702
41.750000,-37.842120,-4.043263,2.207878,0.019238,1.114261,1.115118
41.800000,-37.871878,-4.003083,2.208564,0.007970,1.113392,1.112460
41.850000,-37.901652,-3.962914,2.208667,-0.003819,1.111673,1.112027
41.900000,-37.931419,-3.922740,2.208187,-0.015082,1.111117,1.111592
41.950000,-37.961155,-3.882544,2.207178,-0.024799,1.109866,1.111134
42.000000,-37.990842,-3.842311,2.205739,-0.032086,1.111006,1.110911
42.050000,-38.020464,-3.802030,2.204010,-0.036298,1.113141,1.110763
42.100000,-38.050014,-3.761697,2.202154,-0.037094,1.113817,1.110783
42.150000,-38.079489,-3.721308,2.200346,-0.034466,1.113676,1.111145
42.200000,-38.108895,-3.680870,2.198750,-0.028717,1.114235,1.111736
42.250000,-38.138243,-3.640389,2.197510,-0.020382,1.115048,1.111958
42.300000,-38.167550,-3.599878,2.196738,-0.010164,1.114297,1.112203
42.350000,-38.196837,-3.559353,2.196510,0.001156,1.114304,1.112490
42.400000,-38.226126,-3.518829,2.196859,0.012776,1.114499,1.114122
42.450000,-38.255440,-3.478325,2.197782,0.023920,1.115015,1.117499
42.500000,-38.284803,-3.437855,2.199237,0.033886,1.116130,1.119170
42.550000,-38.314235,-3.397434,2.201148,0.042062,1.116283,1.119347
42.600000,-38.343751,-3.357076,2.203413,0.047985,1.117055,1.119622
42.650000,-38.373364,-3.316788,2.205912,0.051378,1.117518,1.120642
42.700000,-38.403079,-3.276577,2.208516,0.052195,1.117475,1.121825
42.750000,-38.432900,-3.236443,2.211100,0.050653,1.117538,1.121762
42.800000,-38.462821,-3.196384,2.213555,0.047215,1.117672,1.121078
42.850000,-38.492837,-3.156396,2.215803,0.042517,1.117912,1.119888
42.900000,-38.522938,-3.116472,2.217798,0.037244,1.118147,1.119653
42.950000,-38.553114,-3.076604,2.219527,0.031952,1.118341,1.118946
43.000000,-38.583352,-3.036784,2.220997,0.026922,1.118492,1.117908
43.050000,-38.613645,-2.997005,2.222222,0.022064,1.118486,1.117914
43.100000,-38.643981,-2.957260,2.223201,0.016940,1.118426,1.117974
43.150000,-38.674351,-2.917540,2.223905,0.010907,1.117796,1.117687
43.200000,-38.704743,-2.877837,2.224272,0.003359,1.116858,1.117042
43.250000,-38.735140,-2.838138,2.224216,-0.006027,1.117031,1.116869
43.300000,-38.765526,-2.798430,2.223646,-0.017085,1.117343,1.116557
43.350000,-38.795878,-2.758697,2.222493,-0.029121,1.117804,1.115986
43.400000,-38.826172,-2.718919,2.220734,-0.041010,1.118784,1.115330
43.450000,-38.856384,-2.679079,2.218409,-0.051458,1.120114,1.114886
43.500000,-38.886494,-2.639161,2.215621,-0.059314,1.120448,1.114552
43.550000,-38.916486,-2.599155,2.212522,-0.063851,1.120556,1.114444
43.600000,-38.946350,-2.559054,2.209283,-0.064913,1.120403,1.114377
43.650000,-38.976084,-2.518856,2.206072,-0.062910,1.118219,1.114123
43.700000,-39.005692,-2.478565,2.203024,-0.058630,1.114608,1.113751
43.750000,-39.035182,-2.438187,2.200229,-0.052998,1.114381,1.112447
43.800000,-39.064565,-2.397732,2.197733,-0.046826,1.114264,1.111236
43.850000,-39.093853,-2.357207,2.195547,-0.040666,1.113926,1.111280
43.900000,-39.123058,-2.316624,2.193662,-0.034797,1.113441,1.111259
43.950000,-39.152193,-2.275989,2.192062,-0.029299,1.113410,1.111290
44.000000,-39.181268,-2.235312,2.190727,-0.024185,1.113246,1.111454
44.050000,-39.210294,-2.194600,2.189638,-0.019502,1.113061,1.112043
44.100000,-39.239281,-2.153859,2.188770,-0.015356,1.112882,1.111705
44.150000,-39.268235,-2.113096,2.188094,-0.011886,1.112779,1.109721
44.200000,-39.297166,-2.072316,2.187571,-0.009182,1.112962,1.110089
44.250000,-39.326078,-2.031523,2.187165,-0.007241,1.113643,1.110651
44.300000,-39.354975,-1.990719,2.186839,-0.005927,1.115249,1.110580
44.350000,-39.383859,-1.949906,2.186566,-0.005014,1.117428,1.111788
44.400000,-39.412734,-1.909086,2.186335,-0.004235,1.118020,1.114862
44.450000,-39.441600,-1.868260,2.186144,-0.003363,1.117996,1.116404
44.500000,-39.470459,-1.827429,2.186002,-0.002249,1.117974,1.116426
44.550000,-39.499313,-1.786595,2.185923,-0.000864,1.117964,1.116436
44.600000,-39.528166,-1.745760,2.185918,0.000712,1.117993,1.116480
44.650000,-39.557020,-1.704926,2.185994,0.002300,1.118058,1.117203
44.700000,-39.585879,-1.664095,2.186146,0.003674,1.118007,1.118393
44.750000,-39.614745,-1.623269,2.186356,0.004625,1.117909,1.118564
44.800000,-39.643621,-1.582450,2.186601,0.005016,1.117852,1.118748
44.850000,-39.672507,-1.541638,2.186850,0.004826,1.117900,1.118810
44.900000,-39.701403,-1.500833,2.187077,0.004170,1.117943,1.118920
44.950000,-39.730307,-1.460034,2.187263,0.003243,1.117942,1.118858
45.000000,-39.759218,-1.419240,2.187400,0.002262,1.118033,1.117959
45.050000,-39.788133,-1.378449,2.187490,0.001371,1.118104,1.116496
45.100000,-39.817051,-1.337660,2.187539,0.000583,1.118046,1.116517
45.150000,-39.845971,-1.296872,2.187549,-0.000207,1.117836,1.116591
45.200000,-39.874890,-1.256084,2.187516,-0.001155,1.117746,1.116701
45.250000,-39.903806,-1.215294,2.187430,-0.002351,1.117980,1.116720
45.300000,-39.932718,-1.174500,2.187279,-0.003706,1.119120,1.116681
45.350000,-39.961622,-1.133701,2.187061,-0.004916,1.121154,1.116546
45.400000,-39.990516,-1.092895,2.186794,-0.005528,1.121332,1.115744
45.450000,-40.019399,-1.052082,2.186521,-0.005097,1.119689,1.112899
45.500000,-40.048272,-1.011260,2.186302,-0.003373,1.116558,1.110142
45.550000,-40.077138,-0.970435,2.186201,-0.000448,1.116379,1.110321
45.600000,-40.106003,-0.929608,2.186268,0.003230,1.116061,1.113169
45.650000,-40.134875,-0.888786,2.186526,0.006967,1.115736,1.117938
45.700000,-40.163761,-0.847974,2.186957,0.010046,1.115825,1.118305
45.750000,-40.192667,-0.807177,2.187515,0.011931,1.116747,1.118283
45.800000,-40.221598,-0.766397,2.188131,0.012407,1.117501,1.118099
45.850000,-40.250554,-0.725635,2.188738,0.011581,1.117677,1.117923
45.900000,-40.279533,-0.684889,2.189275,0.009749,1.117839,1.117761
45.950000,-40.308532,-0.644157,2.189703,0.007233,1.117889,1.117711
46.000000,-40.337545,-0.603436,2.189992,0.004238,1.117824,1.117776
46.050000,-40.366568,-0.562721,2.190121,0.000805,1.118234,1.117916
46.100000,-40.395592,-0.522007,2.190066,-0.003123,1.119036,1.118064
46.150000,-40.424609,-0.481289,2.189801,-0.007581,1.119283,1.118037
46.200000,-40.453611,-0.440560,2.189302,-0.012451,1.119813,1.117997
46.250000,-40.482587,-0.399812,2.188555,-0.017405,1.120052,1.118278
46.300000,-40.511528,-0.359039,2.187567,-0.021919,1.120262,1.118308
46.350000,-40.540425,-0.318235,2.186376,-0.025388,1.120438,1.117562
46.400000,-40.569270,-0.277394,2.185048,-0.027268,1.119686,1.117471
46.450000,-40.598059,-0.236514,2.183674,-0.027220,1.117955,1.117488
46.500000,-40.626793,-0.195595,2.182353,-0.025195,1.117370,1.117080
46.550000,-40.655475,-0.154640,2.181178,-0.021467,1.117088,1.116339
46.600000,-40.684114,-0.113654,2.180223,-0.016572,1.116714,1.116549
46.650000,-40.712719,-0.072645,2.179528,-0.011232,1.116459,1.116191
46.700000,-40.741300,-0.031620,2.179097,-0.006231,1.116282,1.115382
46.750000,-40.769869,0.009415,2.178892,-0.002291,1.116071,1.115529
46.800000,-40.798433,0.050453,2.178846,0.000031,1.115983,1.115617
46.850000,-40.826997,0.091491,2.178870,0.000446,1.115946,1.115654
46.900000,-40.855561,0.132528,2.178866,-0.001003,1.115007,1.115530
46.950000,-40.884124,0.173567,2.178749,-0.003920,1.113381,1.115136
47.000000,-40.912678,0.214612,2.178462,-0.007602,1.113578,1.114622
47.050000,-40.941216,0.255667,2.177989,-0.011150,1.114365,1.114348
47.100000,-40.969732,0.296738,2.177360,-0.013642,1.115481,1.114302
47.150000,-40.998220,0.337829,2.176648,-0.014332,1.115596,1.114504
47.200000,-41.026679,0.378940,2.175956,-0.012789,1.115503,1.114634
47.250000,-41.055111,0.420069,2.175400,-0.008974,1.114532,1.114862
47.300000,-41.083526,0.461210,2.175086,-0.003197,1.112640,1.115067
47.350000,-41.111934,0.502356,2.175100,0.003991,1.111872,1.115035
47.400000,-41.140350,0.543496,2.175497,0.011957,1.111652,1.114199
47.450000,-41.168791,0.584620,2.176299,0.020086,1.111520,1.113380
47.500000,-41.197273,0.625714,2.177501,0.027846,1.111704,1.113489
47.550000,-41.225812,0.666769,2.179073,0.034759,1.112099,1.113601
47.600000,-41.254423,0.707775,2.180960,0.040358,1.111953,1.113747
47.650000,-41.283116,0.748722,2.183085,0.044162,1.111758,1.114235
47.700000,-41.311899,0.789607,2.185347,0.045706,1.111622,1.114878
47.750000,-41.340775,0.830425,2.187621,0.044656,1.111271,1.114936
47.800000,-41.369742,0.871180,2.189776,0.040944,1.111080,1.114877
47.850000,-41.398792,0.911875,2.191684,0.034884,1.111765,1.114965
47.900000,-41.427913,0.952519,2.193241,0.027172,1.112995,1.115221
47.950000,-41.457088,0.993124,2.194390,0.018775,1.115052,1.114785
48.000000,-41.486303,1.033702,2.195121,0.010683,1.115542,1.114358
48.050000,-41.515538,1.074264,2.195472,0.003637,1.115772,1.114128
48.100000,-41.544782,1.114820,2.195503,-0.002090,1.115801,1.114466
48.150000,-41.574021,1.155380,2.195278,-0.006748,1.115666,1.115894
48.200000,-41.603246,1.195949,2.194835,-0.010966,1.115438,1.117262
48.250000,-41.632450,1.236534,2.194179,-0.015448,1.115339,1.117581
48.300000,-41.661622,1.277142,2.193282,-0.020602,1.115419,1.117881
48.350000,-41.690752,1.317780,2.192111,-0.026247,1.117026,1.117631
48.400000,-41.719828,1.358457,2.190660,-0.031504,1.119728,1.117272
48.450000,-41.748841,1.399178,2.188982,-0.034956,1.121537,1.117479
48.500000,-41.777783,1.439951,2.187207,-0.035020,1.124339,1.118161
48.550000,-41.806653,1.480773,2.185541,-0.030459,1.124500,1.118000
48.600000,-41.835463,1.521639,2.184229,-0.020871,1.122856,1.117333
48.650000,-41.864229,1.562535,2.183514,-0.006973,1.119826,1.116374
48.700000,-41.892982,1.603440,2.183569,0.009393,1.118071,1.117139
48.750000,-41.921755,1.644332,2.184455,0.025600,1.114493,1.118457
48.800000,-41.950579,1.685188,2.186093,0.038808,1.112043,1.120801
48.850000,-41.979482,1.725988,2.188267,0.046640,1.111604,1.122696
48.900000,-42.008479,1.766720,2.190668,0.047742,1.112859,1.122653
48.950000,-42.037573,1.807384,2.192950,0.042089,1.116601,1.122175
49.000000,-42.066752,1.847987,2.194800,0.030948,1.119302,1.121498
49.050000,-42.095993,1.888545,2.195996,0.016525,1.120027,1.120369
49.100000,-42.125268,1.929079,2.196440,0.001434,1.120602,1.118767
49.150000,-42.154545,1.969611,2.196160,-0.011869,1.120940,1.117860
49.200000,-42.183799,2.010160,2.195299,-0.021529,1.120597,1.117064
49.250000,-42.213010,2.050740,2.194069,-0.026547,1.119687,1.115902
49.300000,-42.242167,2.091358,2.192709,-0.026814,1.118998,1.115961
49.350000,-42.271270,2.132015,2.191444,-0.022977,1.117799,1.116915
49.400000,-42.300327,2.172706,2.190453,-0.016207,1.117525,1.117450
49.450000,-42.329351,2.213419,2.189846,-0.007939,1.117180,1.116646
49.500000,-42.358359,2.254145,2.189661,0.000360,1.116907,1.116793
49.550000,-42.387367,2.294869,2.189866,0.007384,1.116354,1.116941
49.600000,-42.416391,2.335583,2.190370,0.012102,1.115663,1.116900
49.650000,-42.445438,2.376280,2.191038,0.013849,1.115586,1.116914
49.700000,-42.474514,2.416957,2.191712,0.012356,1.114857,1.116871
49.750000,-42.503614,2.457617,2.192231,0.007763,1.113731,1.116669
49.800000,-42.532730,2.498265,2.192452,0.000578,1.113947,1.116453
49.850000,-42.561847,2.538912,2.192263,-0.008399,1.115023,1.116076
49.900000,-42.590946,2.579572,2.191600,-0.018171,1.117400,1.115636
49.950000,-42.620009,2.620258,2.190448,-0.027673,1.118969,1.115331
50.000000,-42.649015,2.660984,2.188849,-0.035870,1.119151,1.115149
50.050000,-42.677949,2.701762,2.186890,-0.041842,1.119273,1.115027
50.100000,-42.706797,2.742601,2.184703,-0.044834,1.119354,1.114946
50.150000,-42.735555,2.783503,2.182453,-0.044301,1.119412,1.114888
50.200000,-42.764222,2.824469,2.180324,-0.039967,1.119777,1.114927
50.250000,-42.792807,2.865492,2.178507,-0.031902,1.119921,1.115074
50.300000,-42.821327,2.906560,2.177178,-0.020619,1.119003,1.115554
50.350000,-42.849805,2.947657,2.176477,-0.007105,1.118604,1.116396
50.400000,-42.878269,2.988765,2.176481,0.007222,1.118104,1.116896
50.450000,-42.906748,3.029862,2.177190,0.020706,1.117534,1.117944
50.500000,-42.935269,3.070930,2.178521,0.031748,1.115302,1.119305
50.550000,-42.963854,3.111952,2.180318,0.039163,1.112051,1.119649
50.600000,-42.992520,3.152919,2.182382,0.042454,1.112022,1.118058
50.650000,-43.021272,3.193826,2.184511,0.041907,1.112595,1.114963
50.700000,-43.050109,3.234672,2.186532,0.038476,1.113786,1.114398
50.750000,-43.079024,3.275463,2.188335,0.033450,1.114660,1.113840
50.800000,-43.108008,3.316205,2.189871,0.028063,1.114869,1.113631
50.850000,-43.137049,3.356907,2.191147,0.023157,1.114860,1.114229
50.900000,-43.166137,3.397575,2.192197,0.019041,1.114698,1.115402
50.950000,-43.195264,3.438215,2.193060,0.015556,1.114296,1.115546
51.000000,-43.224422,3.478832,2.193757,0.012327,1.113811,1.115589
51.050000,-43.253606,3.519432,2.194292,0.009045,1.113876,1.115377
51.100000,-43.282808,3.560018,2.194660,0.005676,1.114058,1.114942
51.150000,-43.312021,3.600596,2.194862,0.002501,1.114756,1.114685
51.200000,-43.341240,3.641171,2.194918,-0.000031,1.115743,1.114457
51.250000,-43.370458,3.681745,2.194872,-0.001537,1.115904,1.114296
51.300000,-43.399674,3.722321,2.194779,-0.001933,1.115510,1.114285
51.350000,-43.428886,3.762901,2.194690,-0.001541,1.114167,1.114601
51.400000,-43.458094,3.803482,2.194628,-0.001011,1.113072,1.114981
51.450000,-43.487301,3.844065,2.194582,-0.001083,1.112666,1.115061
51.500000,-43.516505,3.884650,2.194506,-0.002270,1.112490,1.113528
51.550000,-43.545705,3.925238,2.194339,-0.004628,1.112675,1.110367
51.600000,-43.574895,3.965833,2.194032,-0.007674,1.112990,1.109610
51.650000,-43.604069,4.006439,2.193572,-0.010541,1.113493,1.109254
51.700000,-43.633222,4.047060,2.192992,-0.012298,1.114003,1.108997
51.750000,-43.662351,4.087699,2.192365,-0.012327,1.114084,1.108916
51.800000,-43.691454,4.128356,2.191783,-0.010591,1.112805,1.108945
51.850000,-43.720536,4.169028,2.191323,-0.007687,1.109585,1.108287
51.900000,-43.749603,4.209712,2.191019,-0.004638,1.106907,1.107294
51.950000,-43.778660,4.250402,2.190849,-0.002504,1.105300,1.107626
52.000000,-43.807711,4.291096,2.190747,-0.001955,1.105121,1.107679
52.050000,-43.836759,4.331793,2.190631,-0.002990,1.105457,1.107417
52.100000,-43.865800,4.372494,2.190435,-0.004903,1.106823,1.107832
52.150000,-43.894832,4.413203,2.190142,-0.006554,1.108753,1.108858
52.200000,-43.923850,4.453921,2.189797,-0.006794,1.110740,1.109560
52.250000,-43.952854,4.494648,2.189491,-0.004897,1.113326,1.111274
52.300000,-43.981849,4.535383,2.189337,-0.000838,1.112938,1.112508
52.350000,-44.010842,4.576118,2.189429,0.004715,1.112462,1.114438
52.400000,-44.039845,4.616847,2.189816,0.010665,1.112026,1.115094
52.450000,-44.068870,4.657560,2.190487,0.015872,1.112205,1.115737
52.500000,-44.097927,4.698251,2.191383,0.019520,1.112955,1.115745
52.550000,-44.127023,4.738913,2.192414,0.021299,1.113340,1.115323
52.600000,-44.156162,4.779544,2.193489,0.021366,1.114488,1.114664
52.650000,-44.185345,4.820144,2.194532,0.020122,1.115606,1.114494
52.700000,-44.214568,4.860715,2.195488,0.017928,1.115622,1.114920
52.750000,-44.243828,4.901260,2.196314,0.014917,1.115211,1.116310
52.800000,-44.273118,4.941783,2.196968,0.010956,1.114547,1.117353
52.850000,-44.302430,4.982290,2.197394,0.005802,1.114470,1.117430
52.900000,-44.331753,5.022788,2.197530,-0.000643,1.114496,1.117404
52.950000,-44.361075,5.063288,2.197316,-0.008101,1.114774,1.117126
53.000000,-44.390381,5.103799,2.196715,-0.015811,1.115176,1.116724
53.050000,-44.419654,5.144334,2.195744,-0.022645,1.115580,1.114628
53.100000,-44.448882,5.184902,2.194477,-0.027375,1.115988,1.111312
53.150000,-44.478055,5.225509,2.193046,-0.029050,1.116191,1.111109
53.200000,-44.507169,5.266158,2.191619,-0.027276,1.116039,1.111261
53.250000,-44.536228,5.306847,2.190362,-0.022370,1.115659,1.111641
53.300000,-44.565241,5.347568,2.189413,-0.015253,1.115158,1.112031
53.350000,-44.594224,5.388312,2.188851,-0.007192,1.114725,1.112275
53.400000,-44.623192,5.429065,2.188691,0.000544,1.114465,1.112535
53.450000,-44.652161,5.469818,2.188889,0.006970,1.114829,1.112539
53.500000,-44.681144,5.510561,2.189364,0.011530,1.115550,1.112450
53.550000,-44.710150,5.551288,2.190016,0.014114,1.115559,1.111852
53.600000,-44.739185,5.591994,2.190751,0.014926,1.115564,1.110836
53.650000,-44.768250,5.632678,2.191489,0.014337,1.115554,1.110846
53.700000,-44.797344,5.673342,2.192171,0.012764,1.115170,1.112408
53.750000,-44.826464,5.713987,2.192757,0.010581,1.114630,1.114970
53.800000,-44.855605,5.754617,2.193225,0.008110,1.115115,1.114890
53.850000,-44.884763,5.795235,2.193567,0.005618,1.115881,1.114819
53.900000,-44.913932,5.835844,2.193789,0.003351,1.116170,1.116444
53.950000,-44.943108,5.876449,2.193908,0.001555,1.116715,1.119295
54.000000,-44.972288,5.917052,2.193954,0.000495,1.116872,1.119328
54.050000,-45.001468,5.957653,2.193970,0.000425,1.116919,1.119134
54.100000,-45.030650,5.998254,2.194012,0.001540,1.117007,1.118793
54.150000,-45.059834,6.038853,2.194141,0.003850,1.117055,1.118561
54.200000,-45.089027,6.079446,2.194410,0.007069,1.118660,1.118296
54.250000,-45.118234,6.120029,2.194852,0.010529,1.121348,1.118452
54.300000,-45.147462,6.160596,2.195455,0.013225,1.121106,1.119393
54.350000,-45.176717,6.201144,2.196151,0.014008,1.118824,1.120963
54.400000,-45.206000,6.241672,2.196818,0.011902,1.115303,1.121197
54.450000,-45.235307,6.282183,2.197296,0.006472,1.115387,1.121113
54.500000,-45.264627,6.322684,2.197424,-0.001927,1.115697,1.119736
54.550000,-45.293942,6.363188,2.197077,-0.012114,1.116235,1.116703
54.600000,-45.323233,6.403710,2.196209,-0.022306,1.116885,1.112928
54.650000,-45.352479,6.444265,2.194869,-0.030588,1.116713,1.108951
54.700000,-45.381663,6.484864,2.193195,-0.035424,1.115690,1.108710
54.750000,-45.410776,6.525514,2.191383,-0.036075,1.115246,1.108823
54.800000,-45.439816,6.566217,2.189642,-0.032748,1.114212,1.109288
54.850000,-45.468789,6.606967,2.188150,-0.026456,1.113636,1.110195
54.900000,-45.497708,6.647755,2.187019,-0.018615,1.113099,1.112441
54.950000,-45.526590,6.688570,2.186292,-0.010602,1.112863,1.114637
55.000000,-45.555450,6.729400,2.185950,-0.003375,1.113558,1.114641
55.050000,-45.584303,6.770235,2.185939,0.002681,1.114846,1.114554
55.100000,-45.613161,6.811066,2.186203,0.007671,1.114949,1.114194
55.150000,-45.642035,6.851887,2.186696,0.011941,1.114950,1.113750
55.200000,-45.670933,6.892690,2.187391,0.015794,1.114850,1.113850
55.250000,-45.699864,6.933470,2.188271,0.019290,1.114342,1.114285
55.300000,-45.728833,6.974222,2.189313,0.022199,1.113570,1.115446
55.350000,-45.757848,7.014943,2.190478,0.024110,1.113710,1.116559
55.400000,-45.786912,7.055628,2.191706,0.024652,1.114454,1.116740
55.450000,-45.816025,7.096278,2.192923,0.023686,1.115001,1.116699
55.500000,-45.845187,7.136893,2.194057,0.021415,1.115196,1.116504
55.550000,-45.874392,7.177477,2.195053,0.018350,1.115462,1.115759
55.600000,-45.903634,7.218034,2.195889,0.015131,1.115713,1.114687
55.650000,-45.932907,7.258570,2.196570,0.012282,1.115970,1.114504
55.700000,-45.962205,7.299087,2.197125,0.010023,1.116057,1.114543
55.750000,-45.991523,7.339589,2.197579,0.008167,1.115904,1.115174
55.800000,-46.020858,7.380079,2.197941,0.006208,1.115732,1.116168
55.850000,-46.050205,7.420561,2.198191,0.003532,1.115595,1.116526
55.900000,-46.079560,7.461037,2.198279,-0.000333,1.115987,1.117396
55.950000,-46.108913,7.501514,2.198140,-0.005500,1.117167,1.118064
56.000000,-46.138255,7.541999,2.197715,-0.011672,1.118055,1.117745
56.050000,-46.167574,7.582501,2.196967,-0.018227,1.118771,1.117397
56.100000,-46.196856,7.623030,2.195895,-0.024434,1.119716,1.117084
56.150000,-46.226088,7.663594,2.194535,-0.029678,1.119847,1.117026
56.200000,-46.255260,7.704202,2.192945,-0.033604,1.119426,1.117132
56.250000,-46.284364,7.744859,2.191194,-0.036117,1.118958,1.117210
56.300000,-46.313394,7.785568,2.189352,-0.037237,1.119356,1.117922
56.350000,-46.342349,7.826330,2.187489,-0.036916,1.119290,1.118810
56.400000,-46.371229,7.867147,2.185683,-0.034895,1.119734,1.118734
56.450000,-46.400038,7.908013,2.184028,-0.030716,1.120971,1.118534
56.500000,-46.428784,7.948923,2.182646,-0.023901,1.121772,1.118428
56.550000,-46.457482,7.989868,2.181676,-0.014250,1.121693,1.118138
56.600000,-46.486151,8.030832,2.181255,-0.002117,1.121047,1.117748
56.650000,-46.514815,8.071800,2.181485,0.011445,1.119945,1.118155
56.700000,-46.543503,8.112751,2.182399,0.024762,1.118612,1.118825
56.750000,-46.572242,8.153667,2.183935,0.035833,1.116603,1.120139
56.800000,-46.601053,8.194531,2.185930,0.042778,1.116078,1.121680
56.850000,-46.629951,8.235334,2.188141,0.044258,1.116465,1.121993
56.900000,-46.658939,8.276074,2.190276,0.039786,1.116714,1.122186
56.950000,-46.688007,8.316756,2.192044,0.029815,1.117165,1.121735
57.000000,-46.717136,8.357395,2.193198,0.015613,1.117729,1.121171
57.050000,-46.746296,8.398012,2.193570,-0.001005,1.118328,1.119614
57.100000,-46.775453,8.438630,2.193090,-0.018003,1.118847,1.116715
57.150000,-46.804574,8.479274,2.191788,-0.033414,1.119257,1.115043
57.200000,-46.833628,8.519967,2.189790,-0.045543,1.119353,1.114800
57.250000,-46.862589,8.560725,2.187293,-0.053120,1.119271,1.114629
57.300000,-46.891443,8.601560,2.184549,-0.055375,1.119417,1.114483
57.350000,-46.920184,8.642474,2.181829,-0.052144,1.119479,1.114421
57.400000,-46.948818,8.683462,2.179403,-0.043894,1.119309,1.114075
57.450000,-46.977363,8.724513,2.177494,-0.031737,1.118717,1.113119
57.500000,-47.005843,8.765609,2.176262,-0.017305,1.117805,1.112968
57.550000,-47.034288,8.806730,2.175772,-0.002509,1.115994,1.113763
57.600000,-47.062727,8.847854,2.175994,0.010767,1.113147,1.114321
57.650000,-47.091188,8.888963,2.176810,0.021005,1.112303,1.114597
57.700000,-47.119692,8.930043,2.178041,0.027250,1.112317,1.114583
57.750000,-47.148252,8.971084,2.179477,0.029189,1.112506,1.114394
57.800000,-47.176871,9.012083,2.180905,0.027032,1.112734,1.114129
57.850000,-47.205545,9.053044,2.182132,0.021332,1.113833,1.113890
57.900000,-47.234262,9.093975,2.182999,0.012807,1.115549,1.113751
57.950000,-47.263005,9.134887,2.183384,0.002243,1.115694,1.113606
58.000000,-47.291753,9.175797,2.183206,-0.009497,1.114925,1.113452
58.050000,-47.320481,9.216720,2.182430,-0.021431,1.113702,1.113098
58.100000,-47.349166,9.257673,2.181074,-0.032433,1.114140,1.112660
58.150000,-47.377784,9.298673,2.179213,-0.041332,1.114627,1.112173
58.200000,-47.406317,9.339732,2.176981,-0.047089,1.115720,1.112521
58.250000,-47.434755,9.380858,2.174555,-0.049041,1.117117,1.113583
58.300000,-47.463092,9.422053,2.172130,-0.047093,1.116929,1.113771
58.350000,-47.491332,9.463314,2.169891,-0.041811,1.115492,1.114136
58.400000,-47.519486,9.504634,2.167980,-0.034353,1.113299,1.114501
58.450000,-47.547569,9.546003,2.166467,-0.026259,1.112694,1.114884
58.500000,-47.575597,9.587408,2.165343,-0.019164,1.111988,1.115286
58.550000,-47.603586,9.628840,2.164520,-0.014489,1.111757,1.115643
58.600000,-47.631545,9.670293,2.163850,-0.013185,1.111660,1.115740
58.650000,-47.659475,9.711764,2.163152,-0.015559,1.111723,1.115677
58.700000,-47.687373,9.753257,2.162249,-0.021220,1.112202,1.115014
58.750000,-47.715227,9.794780,2.160998,-0.029173,1.113464,1.113547
58.800000,-47.743020,9.836344,2.159318,-0.038005,1.114614,1.112549
58.850000,-47.770734,9.877961,2.157204,-0.046182,1.115350,1.111824
58.900000,-47.798352,9.919641,2.154725,-0.052343,1.116161,1.110843
58.950000,-47.825862,9.961393,2.152007,-0.055591,1.116268,1.110232
59.000000,-47.853255,10.003221,2.149209,-0.055647,1.116260,1.110240
59.050000,-47.880532,10.045126,2.146481,-0.052906,1.116803,1.111029
59.100000,-47.907699,10.087102,2.143945,-0.048308,1.118106,1.113177
59.150000,-47.934764,10.129143,2.141660,-0.043116,1.118455,1.115067
59.200000,-47.961738,10.171243,2.139625,-0.038628,1.118253,1.115647
59.250000,-47.988631,10.213394,2.137776,-0.035875,1.118148,1.115752
59.300000,-48.015448,10.255595,2.136007,-0.035416,1.118245,1.117505
59.350000,-48.042190,10.297842,2.134203,-0.037228,1.118170,1.120360
59.400000,-48.068853,10.340140,2.132261,-0.040749,1.117813,1.120087
59.450000,-48.095429,10.382492,2.130117,-0.045023,1.118120,1.117449
59.500000,-48.121911,10.424903,2.127761,-0.048932,1.118315,1.113285
59.550000,-48.148288,10.467380,2.125241,-0.051445,1.117526,1.113149
59.600000,-48.174557,10.509923,2.122645,-0.051822,1.115815,1.112545
59.650000,-48.200715,10.552535,2.120091,-0.049746,1.115415,1.111611
59.700000,-48.226768,10.595211,2.117702,-0.045338,1.114371,1.111382
59.750000,-48.252724,10.637946,2.115583,-0.039081,1.112020,1.110671
59.800000,-48.278596,10.680732,2.113810,-0.031658,1.110383,1.110417
59.850000,-48.304401,10.723558,2.112424,-0.023786,1.110115,1.110685
59.900000,-48.330155,10.766415,2.111431,-0.016069,1.111554,1.111206
59.950000,-48.355874,10.809293,2.110810,-0.008944,1.115315,1.112227
60.000000,-48.381574,10.852183,2.110525,-0.002705,1.117246,1.112939
60.050000,-48.407269,10.895076,2.110524,0.002376,1.117403,1.113429
60.100000,-48.432968,10.937966,2.110743,0.005932,1.117293,1.115327
60.150000,-48.458679,10.980848,2.111091,0.007435,1.117137,1.118340
60.200000,-48.484407,11.023721,2.111451,0.006264,1.116982,1.119818
60.250000,-48.510147,11.066587,2.111675,0.001887,1.116876,1.119924
60.300000,-48.535891,11.109450,2.111595,-0.005880,1.116923,1.119433
60.350000,-48.561623,11.152320,2.111046,-0.016647,1.117223,1.118377
60.400000,-48.587318,11.195213,2.109902,-0.029352,1.117742,1.117858
60.450000,-48.612950,11.238143,2.108104,-0.042385,1.118416,1.116073
60.500000,-48.638491,11.281127,2.105681,-0.053908,1.119036,1.113564
60.550000,-48.663917,11.324180,2.102753,-0.062275,1.118960,1.111677
60.600000,-48.689209,11.367311,2.099509,-0.066434,1.116871,1.108836
60.650000,-48.714358,11.410526,2.096169,-0.066144,1.113539,1.108646
60.700000,-48.739364,11.453824,2.092948,-0.061973,1.111704,1.109096
60.750000,-48.764236,11.497198,2.090011,-0.055062,1.111266,1.109793
60.800000,-48.788990,11.540641,2.087462,-0.046781,1.111541,1.110849
60.850000,-48.813641,11.584142,2.085336,-0.038383,1.112333,1.111567
60.900000,-48.838209,11.627690,2.083614,-0.030783,1.113061,1.111654
60.950000,-48.862709,11.671276,2.082241,-0.024472,1.114404,1.111733
61.000000,-48.887157,11.714892,2.081147,-0.019599,1.114351,1.111849
61.050000,-48.911561,11.758531,2.080262,-0.016088,1.113210,1.111915
61.100000,-48.935930,11.802191,2.079522,-0.013779,1.111304,1.111773
61.150000,-48.960268,11.845867,2.078871,-0.012496,1.110591,1.111256
61.200000,-48.984580,11.889559,2.078261,-0.012059,1.109074,1.110956
61.250000,-49.008865,11.933265,2.077656,-0.012255,1.108461,1.111125
61.300000,-49.033123,11.976986,2.077030,-0.012796,1.108878,1.111392
61.350000,-49.057353,12.020723,2.076376,-0.013319,1.109216,1.111313
61.400000,-49.081554,12.064476,2.075704,-0.013407,1.109741,1.111234
61.450000,-49.105726,12.108245,2.075046,-0.012678,1.112644,1.111008
61.500000,-49.129870,12.152029,2.074450,-0.010859,1.114415,1.110685
61.550000,-49.153991,12.195826,2.073975,-0.007870,1.114344,1.110756
61.600000,-49.178094,12.239633,2.073677,-0.003849,1.114879,1.110925
61.650000,-49.202189,12.283444,2.073601,0.000880,1.115892,1.111108
61.700000,-49.226286,12.327255,2.073770,0.005875,1.115730,1.112270
61.750000,-49.250396,12.371058,2.074186,0.010692,1.115882,1.115151
61.800000,-49.274529,12.414848,2.074832,0.014950,1.116340,1.116960
61.850000,-49.298695,12.458620,2.075671,0.018378,1.116288,1.117012
61.900000,-49.322901,12.502370,2.076656,0.020762,1.116339,1.116961
61.950000,-49.347152,12.546095,2.077730,0.021880,1.116393,1.116907
62.000000,-49.371451,12.589794,2.078824,0.021430,1.116394,1.116906
62.050000,-49.395797,12.633466,2.079848,0.019028,1.113736,1.115713
62.100000,-49.420184,12.677116,2.080696,0.014297,1.107998,1.113643
62.150000,-49.444601,12.720748,2.081244,0.007044,1.105892,1.113868
62.200000,-49.469034,12.764372,2.081368,-0.002549,1.107357,1.113843
62.250000,-49.493461,12.807999,2.080965,-0.013810,1.109970,1.112930
62.300000,-49.517858,12.851643,2.079978,-0.025588,1.111166,1.111623
62.350000,-49.542199,12.895318,2.078417,-0.036424,1.112787,1.109813
62.400000,-49.566461,12.939037,2.076366,-0.044843,1.113131,1.109469
62.450000,-49.590625,12.982811,2.073979,-0.049669,1.113267,1.109333
62.500000,-49.614680,13.026644,2.071455,-0.050291,1.114059,1.109356
62.550000,-49.638626,13.070537,2.069006,-0.046802,1.115231,1.109643
62.600000,-49.662470,13.114485,2.066821,-0.039967,1.114945,1.110129
62.650000,-49.686226,13.158481,2.065039,-0.031054,1.114681,1.110667
62.700000,-49.709913,13.202514,2.063726,-0.021561,1.114565,1.111629
62.750000,-49.733553,13.246573,2.062874,-0.012893,1.114377,1.113046
62.800000,-49.757165,13.290647,2.062413,-0.006086,1.114380,1.113457
62.850000,-49.780762,13.334728,2.062234,-0.001601,1.114282,1.113618
62.900000,-49.804356,13.378811,2.062223,0.000720,1.114447,1.113453
62.950000,-49.827952,13.422893,2.062285,0.001554,1.114666,1.113234
63.000000,-49.851551,13.466974,2.062370,0.001873,1.114959,1.113052
63.050000,-49.875153,13.511052,2.062477,0.002622,1.115327,1.112910
63.100000,-49.898762,13.555127,2.062646,0.004452,1.115456,1.112844
63.150000,-49.922381,13.599197,2.062939,0.007509,1.115192,1.113850
63.200000,-49.946016,13.643258,2.063409,0.011425,1.114870,1.115541
63.250000,-49.969677,13.687306,2.064084,0.015429,1.114645,1.116623
63.300000,-49.993372,13.731335,2.064942,0.018600,1.114198,1.118202
63.350000,-50.017107,13.775342,2.065923,0.020155,1.114381,1.118316
63.400000,-50.040886,13.819326,2.066931,0.019659,1.114922,1.118278
63.450000,-50.064709,13.863286,2.067862,0.017149,1.115158,1.117152
63.500000,-50.088568,13.907225,2.068624,0.013068,1.115437,1.115363
63.550000,-50.112457,13.951150,2.069156,0.008131,1.115369,1.115134
63.600000,-50.136363,13.995064,2.069434,0.003095,1.115030,1.114970
63.650000,-50.160276,14.038975,2.069472,-0.001412,1.115110,1.114890
63.700000,-50.184187,14.082888,2.069305,-0.005015,1.115108,1.115337
63.750000,-50.208086,14.126806,2.068984,-0.007610,1.115101,1.116099
63.800000,-50.231968,14.170733,2.068556,-0.009324,1.115099,1.114804
63.850000,-50.255831,14.214672,2.068060,-0.010428,1.115119,1.112581
63.900000,-50.279670,14.258623,2.067517,-0.011258,1.114975,1.112539
63.950000,-50.303485,14.302587,2.066934,-0.012152,1.113676,1.112451
64.000000,-50.327272,14.346566,2.066298,-0.013397,1.111818,1.112482
64.050000,-50.351031,14.390561,2.065587,-0.015174,1.111612,1.112503
64.100000,-50.374756,14.434574,2.064773,-0.017513,1.111522,1.112574
64.150000,-50.398442,14.478607,2.063830,-0.020233,1.111899,1.112849
64.200000,-50.422084,14.522665,2.062749,-0.022929,1.112663,1.112966
64.250000,-50.445675,14.566750,2.061545,-0.024991,1.114166,1.112830
64.300000,-50.469211,14.610864,2.060267,-0.025694,1.114818,1.112830
64.350000,-50.492691,14.655008,2.059002,-0.024350,1.114912,1.112988
64.400000,-50.516117,14.699180,2.057865,-0.020482,1.114799,1.112990
64.450000,-50.539499,14.743376,2.056989,-0.013990,1.114385,1.113178
64.500000,-50.562849,14.787589,2.056497,-0.005280,1.114040,1.113460
64.550000,-50.586188,14.831807,2.056480,0.004724,1.113708,1.113792
64.600000,-50.609538,14.876021,2.056970,0.014635,1.113308,1.114044
64.650000,-50.632920,14.920217,2.057923,0.022793,1.112923,1.114029
64.700000,-50.656352,14.964386,2.059206,0.027529,1.112633,1.113919
64.750000,-50.679844,15.008524,2.060613,0.027478,1.112487,1.113776
64.800000,-50.703396,15.052629,2.061881,0.021891,1.112491,1.113635
64.850000,-50.726996,15.096709,2.062729,0.010876,1.112691,1.113309
64.900000,-50.750619,15.140777,2.062908,-0.004494,1.113219,1.112855
64.950000,-50.774232,15.184850,2.062244,-0.022276,1.113921,1.112279
65.000000,-50.797796,15.228949,2.060678,-0.039935,1.114824,1.111487
65.050000,-50.821272,15.273095,2.058284,-0.054780,1.116074,1.110796
65.100000,-50.844628,15.317305,2.055265,-0.064473,1.117167,1.110407
65.150000,-50.867841,15.361589,2.051925,-0.067462,1.117291,1.110558
65.200000,-50.890906,15.405952,2.048615,-0.063266,1.116998,1.112438
65.250000,-50.913831,15.450386,2.045687,-0.052516,1.116429,1.116496
65.300000,-50.936640,15.494881,2.043433,-0.036780,1.116595,1.119371
65.350000,-50.959368,15.539417,2.042050,-0.018240,1.117298,1.120302
65.400000,-50.982055,15.583973,2.041618,0.000681,1.118470,1.120802
65.450000,-51.004743,15.628529,2.042096,0.017657,1.120898,1.121202
65.500000,-51.027471,15.673066,2.043334,0.030745,1.120516,1.121584
65.550000,-51.050266,15.717567,2.045102,0.038585,1.117726,1.121734
65.600000,-51.073146,15.762025,2.047115,0.040557,1.113391,1.120642
65.650000,-51.096116,15.806436,2.049081,0.036882,1.113452,1.118948
65.700000,-51.119167,15.850806,2.050740,0.028623,1.112818,1.117685
65.750000,-51.142282,15.895142,2.051903,0.017560,1.111811,1.115489
65.800000,-51.165435,15.939459,2.052484,0.005901,1.112502,1.111747
65.850000,-51.188601,15.983768,2.052512,-0.004114,1.112517,1.106062
65.900000,-51.211758,16.028082,2.052117,-0.010648,1.111388,1.105791
65.950000,-51.234893,16.072408,2.051507,-0.012614,1.110446,1.105854
66.000000,-51.258000,16.116748,2.050919,-0.009856,1.109560,1.106331
66.050000,-51.281085,16.161100,2.050576,-0.003115,1.108181,1.107019
66.100000,-51.304164,16.205455,2.050644,0.006186,1.107746,1.108570
66.150000,-51.327257,16.249803,2.051208,0.016245,1.107357,1.110843
66.200000,-51.350386,16.294132,2.052257,0.025208,1.107662,1.111393
66.250000,-51.373570,16.338431,2.053694,0.031446,1.108935,1.112011
66.300000,-51.396824,16.382695,2.055350,0.033747,1.109556,1.112144
66.350000,-51.420152,16.426920,2.057008,0.031444,1.109554,1.112406
66.400000,-51.443548,16.471108,2.058432,0.024480,1.109710,1.112802
66.450000,-51.466999,16.515268,2.059400,0.013415,1.110019,1.112793
66.500000,-51.490478,16.559412,2.059732,-0.000641,1.110703,1.112521
66.550000,-51.513956,16.603557,2.059314,-0.016161,1.111845,1.111978
66.600000,-51.537398,16.647721,2.058117,-0.031396,1.112822,1.111378
66.650000,-51.560771,16.691922,2.056198,-0.044636,1.113287,1.110913
66.700000,-51.584046,16.736174,2.053697,-0.054438,1.114177,1.111252
66.750000,-51.607201,16.780490,2.050812,-0.059824,1.115931,1.112463
66.800000,-51.630223,16.824874,2.047779,-0.060404,1.116961,1.112939
66.850000,-51.653112,16.869327,2.044834,-0.056407,1.118854,1.113506
66.900000,-51.675876,16.913845,2.042190,-0.048630,1.122068,1.114432
66.950000,-51.698532,16.958417,2.040006,-0.038346,1.121752,1.114860
67.000000,-51.721103,17.003033,2.038370,-0.027125,1.121339,1.116617
67.050000,-51.743612,17.047679,2.037287,-0.016645,1.120947,1.120072
67.100000,-51.766085,17.092345,2.036678,-0.008456,1.120589,1.122311
67.150000,-51.788538,17.137020,2.036396,-0.003759,1.120445,1.122455
67.200000,-51.810983,17.181699,2.036247,-0.003189,1.120446,1.121746
67.250000,-51.833420,17.226382,2.036022,-0.006696,1.120537,1.120426
67.300000,-51.855841,17.271073,2.035531,-0.013530,1.120797,1.119916
67.350000,-51.878232,17.315779,2.034640,-0.022322,1.121250,1.119113
67.400000,-51.900573,17.360510,2.033294,-0.031313,1.121486,1.118702
67.450000,-51.922844,17.405277,2.031529,-0.038633,1.121691,1.118309
67.500000,-51.945029,17.450085,2.029472,-0.042630,1.122116,1.118033
67.550000,-51.967119,17.494941,2.027324,-0.042146,1.122264,1.118211
67.600000,-51.989115,17.539843,2.025324,-0.036713,1.121815,1.118785
67.650000,-52.011029,17.584785,2.023716,-0.026616,1.121200,1.119027
67.700000,-52.032883,17.629756,2.022713,-0.012835,1.120248,1.119352
67.750000,-52.054709,17.674741,2.022464,0.003120,1.119732,1.119868
67.800000,-52.076542,17.719722,2.023033,0.019447,1.119219,1.120269
67.850000,-52.098419,17.764682,2.024392,0.034283,1.118788,1.120512
67.900000,-52.120373,17.809605,2.026421,0.045946,1.116997,1.120884
67.950000,-52.142429,17.854477,2.028928,0.053132,1.114412,1.121088
68.000000,-52.164603,17.899291,2.031665,0.055080,1.114188,1.119818
68.050000,-52.186900,17.944044,2.034365,0.051684,1.113948,1.117365
68.100000,-52.209313,17.988739,2.036769,0.043547,1.114057,1.116943
68.150000,-52.231822,18.033386,2.038671,0.031938,1.114470,1.116493
68.200000,-52.254402,18.077997,2.039937,0.018632,1.115027,1.115574
68.250000,-52.277024,18.122587,2.040535,0.005640,1.115627,1.114473
68.300000,-52.299659,18.167170,2.040529,-0.005116,1.116062,1.114038
68.350000,-52.322282,18.211759,2.040071,-0.012166,1.116611,1.113788
68.400000,-52.344879,18.256362,2.039371,-0.014749,1.117525,1.114086
68.450000,-52.367444,18.300981,2.038655,-0.012934,1.118313,1.115796
68.500000,-52.389980,18.345614,2.038127,-0.007573,1.118562,1.118187
68.550000,-52.412499,18.390256,2.037929,-0.000084,1.118714,1.119833
68.600000,-52.435018,18.434897,2.038127,0.007855,1.119227,1.121073
68.650000,-52.457555,18.479530,2.038701,0.014608,1.118995,1.121343
68.700000,-52.480124,18.524147,2.039556,0.018829,1.118944,1.121456
68.750000,-52.502735,18.568742,2.040539,0.019590,1.118966,1.121434
68.800000,-52.525389,18.613316,2.041463,0.016425,1.119046,1.121690
68.850000,-52.548079,18.657871,2.042128,0.009304,1.119222,1.122228
68.900000,-52.570789,18.702415,2.042345,-0.001389,1.119667,1.122370
68.950000,-52.593496,18.746962,2.041951,-0.014860,1.120850,1.122310
69.000000,-52.616170,18.791525,2.040835,-0.029924,1.122396,1.121891
69.050000,-52.638777,18.836123,2.038955,-0.045030,1.123238,1.121362
69.100000,-52.661284,18.880771,2.036353,-0.058400,1.123744,1.120856
69.150000,-52.683660,18.925484,2.033160,-0.068251,1.124243,1.120357
69.200000,-52.705885,18.970274,2.029592,-0.073084,1.124582,1.120018
69.250000,-52.727946,19.015144,2.025929,-0.071990,1.125431,1.120031
69.300000,-52.749846,19.060092,2.022474,-0.064864,1.126587,1.120313
69.350000,-52.771601,19.105111,2.019515,-0.052460,1.126068,1.120832
69.400000,-52.793238,19.150187,2.017281,-0.036290,1.124569,1.121469
69.450000,-52.814794,19.195302,2.015912,-0.018375,1.121602,1.120524
69.500000,-52.836308,19.240437,2.015441,-0.000933,1.118819,1.117757
69.550000,-52.857820,19.285573,2.015788,0.013923,1.117006,1.117045
69.600000,-52.879363,19.330694,2.016777,0.024439,1.116300,1.117350
69.650000,-52.900960,19.375789,2.018159,0.029398,1.115384,1.117491
69.700000,-52.922623,19.420852,2.019636,0.028234,1.114521,1.116804
69.750000,-52.944349,19.465885,2.020902,0.021104,1.113301,1.114199
69.800000,-52.966121,19.510896,2.021677,0.008905,1.110616,1.111672
69.850000,-52.987914,19.555897,2.021743,-0.006771,1.109938,1.110862
69.900000,-53.009691,19.600905,2.020979,-0.023784,1.110582,1.109718
69.950000,-53.031414,19.645940,2.019376,-0.039692,1.111291,1.109009
70.000000,-53.053048,19.691017,2.017053,-0.052084,1.112051,1.108437
70.050000,-53.074566,19.736150,2.014239,-0.058947,1.113149,1.108553
70.100000,-53.095951,19.781346,2.011247,-0.059015,1.114418,1.109233
70.150000,-53.117203,19.826605,2.008432,-0.051972,1.114891,1.109509
70.200000,-53.138339,19.871918,2.006137,-0.038531,1.114413,1.109987
70.250000,-53.159388,19.917271,2.004645,-0.020338,1.113305,1.110757
70.300000,-53.180391,19.962646,2.004139,0.000273,1.112317,1.112874
70.350000,-53.201394,20.008021,2.004673,0.020602,1.111940,1.116548
70.400000,-53.222444,20.053374,2.006164,0.037973,1.111012,1.118739
70.450000,-53.243580,20.098687,2.008403,0.050096,1.111585,1.119215
70.500000,-53.264828,20.143947,2.011084,0.055404,1.111877,1.119423
70.550000,-53.286201,20.189149,2.013845,0.053292,1.111965,1.119335
70.600000,-53.307693,20.234294,2.016319,0.044206,1.112497,1.118991
70.650000,-53.329284,20.279392,2.018190,0.029587,1.113778,1.118399
70.700000,-53.350942,20.324458,2.019230,0.011633,1.115128,1.116769
70.750000,-53.372626,20.369512,2.019339,-0.007053,1.115849,1.114551
70.800000,-53.394294,20.414573,2.018546,-0.023887,1.116502,1.113898
70.850000,-53.415908,20.459660,2.017001,-0.036692,1.117264,1.113513
70.900000,-53.437441,20.504786,2.014948,-0.043996,1.118129,1.113271
70.950000,-53.458874,20.549958,2.012683,-0.045176,1.118052,1.113348
71.000000,-53.480207,20.595179,2.010510,-0.040459,1.117756,1.113455
71.050000,-53.501448,20.640443,2.008705,-0.030777,1.117393,1.113507
71.100000,-53.522620,20.685739,2.007481,-0.017587,1.116211,1.113256
71.150000,-53.543753,20.731054,2.006972,-0.002630,1.114547,1.111950
71.200000,-53.564879,20.776371,2.007220,0.012247,1.112495,1.111421
71.250000,-53.586034,20.821676,2.008175,0.025266,1.109201,1.112325
71.300000,-53.607245,20.866954,2.009703,0.034857,1.108727,1.113437
71.350000,-53.628534,20.912195,2.011600,0.039805,1.108951,1.113649
71.400000,-53.649913,20.957394,2.013613,0.039373,1.108903,1.114489
71.450000,-53.671380,21.002551,2.015464,0.033416,1.110002,1.115227
71.500000,-53.692922,21.047672,2.016886,0.022446,1.111943,1.114609
71.550000,-53.714514,21.092770,2.017655,0.007589,1.114365,1.115539
71.600000,-53.736123,21.137859,2.017613,-0.009541,1.118265,1.116463
71.650000,-53.757711,21.182959,2.016692,-0.027088,1.120240,1.116795
71.700000,-53.779237,21.228088,2.014920,-0.043241,1.122948,1.116905
71.750000,-53.800666,21.273263,2.012405,-0.056472,1.123277,1.117398
71.800000,-53.821968,21.318498,2.009325,-0.065699,1.122758,1.117286
71.850000,-53.843122,21.363803,2.005896,-0.070303,1.120654,1.117201
71.900000,-53.864116,21.409182,2.002359,-0.070006,1.118976,1.117324
71.950000,-53.884953,21.454633,1.998961,-0.064741,1.118191,1.115916
72.000000,-53.905643,21.500152,1.995950,-0.054541,1.116712,1.113334
72.050000,-53.926209,21.545726,1.993571,-0.039569,1.115753,1.112867
72.100000,-53.946685,21.591341,1.992052,-0.020269,1.114773,1.112386
72.150000,-53.967115,21.636976,1.991590,0.002400,1.112243,1.112465
72.200000,-53.987552,21.682609,1.992318,0.026795,1.109072,1.112415
72.250000,-54.008049,21.728215,1.994266,0.050606,1.108141,1.113159
72.300000,-54.028661,21.773768,1.997338,0.071103,1.107198,1.113837
72.350000,-54.049435,21.819249,2.001301,0.085640,1.105639,1.114089
72.400000,-54.070402,21.864640,2.005799,0.092217,1.103835,1.114807
72.450000,-54.091578,21.909935,2.010406,0.089987,1.103947,1.115253
72.500000,-54.112956,21.955134,2.014686,0.079477,1.106605,1.114873
72.550000,-54.134512,22.000248,2.018264,0.062479,1.113423,1.114322
72.600000,-54.156209,22.045296,2.020879,0.041600,1.118509,1.113657
72.650000,-54.178000,22.090297,2.022407,0.019659,1.119300,1.113604
72.700000,-54.199835,22.135278,2.022860,-0.000917,1.119746,1.113921
72.750000,-54.221668,22.180259,2.022353,-0.018501,1.119992,1.114184
72.800000,-54.243460,22.225261,2.021058,-0.032391,1.119001,1.114157
72.850000,-54.265179,22.270297,2.019162,-0.042647,1.117149,1.114151
72.900000,-54.286802,22.315379,2.016836,-0.049741,1.117088,1.114212
72.950000,-54.308314,22.360515,2.014224,-0.054154,1.116126,1.114223
73.000000,-54.329704,22.405709,2.011453,-0.056103,1.114657,1.114143
73.050000,-54.350967,22.450962,2.008648,-0.055434,1.114788,1.113175
73.100000,-54.372105,22.496274,2.005949,-0.051783,1.114995,1.110996
73.150000,-54.393126,22.541641,2.003513,-0.044863,1.115153,1.109847
73.200000,-54.414045,22.587054,2.001505,-0.034779,1.114895,1.110105
73.250000,-54.434886,22.632504,2.000069,-0.022235,1.114374,1.110626
73.300000,-54.455677,22.677977,1.999299,-0.008495,1.113688,1.111884
73.350000,-54.476448,22.723458,1.999217,0.004847,1.113026,1.114350
73.400000,-54.497230,22.768935,1.999760,0.016228,1.112703,1.116173
73.450000,-54.518048,22.814394,2.000799,0.024471,1.113818,1.116629
73.500000,-54.538922,22.859829,2.002158,0.028999,1.116547,1.117090
73.550000,-54.559861,22.905233,2.003650,0.029857,1.118134,1.116866
73.600000,-54.580867,22.950606,2.005102,0.027578,1.118341,1.116659
73.650000,-54.601936,22.995951,2.006376,0.022978,1.118480,1.116520
73.700000,-54.623057,23.041271,2.007380,0.016976,1.116128,1.116472
73.750000,-54.644216,23.086573,2.008066,0.010482,1.112186,1.116438
73.800000,-54.665399,23.131864,2.008432,0.004363,1.111977,1.116257
73.850000,-54.686591,23.177151,2.008516,-0.000631,1.111820,1.113352
73.900000,-54.707783,23.222438,2.008390,-0.003961,1.111786,1.108581
73.950000,-54.728966,23.267729,2.008144,-0.005452,1.111379,1.108121
74.000000,-54.750136,23.313026,2.007866,-0.005433,1.111205,1.108181
74.050000,-54.771295,23.358328,2.007611,-0.004739,1.110254,1.108260
74.100000,-54.792442,23.403636,2.007387,-0.004558,1.109018,1.108382
74.150000,-54.813580,23.448948,2.007135,-0.006089,1.109501,1.108737
74.200000,-54.834703,23.494267,2.006745,-0.010147,1.110854,1.108936
74.250000,-54.855802,23.539597,2.006085,-0.016832,1.114487,1.109269
74.300000,-54.876864,23.584945,2.005035,-0.025433,1.120408,1.110816
74.350000,-54.897867,23.630320,2.003532,-0.034573,1.121096,1.113404
74.400000,-54.918793,23.675730,2.001590,-0.042553,1.121604,1.114805
74.450000,-54.939622,23.721185,1.999311,-0.047763,1.121617,1.115783
74.500000,-54.960342,23.766690,1.996865,-0.049013,1.121401,1.115923
74.550000,-54.980952,23.812245,1.994470,-0.045691,1.120976,1.116987
74.600000,-55.001458,23.857846,1.992357,-0.037771,1.120600,1.118562
74.650000,-55.021878,23.903486,1.990748,-0.025717,1.119864,1.118816
74.700000,-55.042240,23.949152,1.989830,-0.010406,1.118967,1.118271
74.750000,-55.062579,23.994829,1.989737,0.006929,1.117896,1.116807
74.800000,-55.082933,24.040498,1.990531,0.024712,1.115390,1.116218
74.850000,-55.103344,24.086143,1.992192,0.041094,1.111746,1.116575
74.900000,-55.123848,24.131745,1.994599,0.054123,1.107792,1.117464
74.950000,-55.144475,24.177292,1.997539,0.062032,1.106429,1.118844
75.000000,-55.165242,24.222775,2.000720,0.063575,1.106342,1.119858
75.050000,-55.186153,24.268192,2.003807,0.058323,1.110400,1.119582
75.100000,-55.207196,24.313549,2.006468,0.046802,1.117058,1.119042
75.150000,-55.228344,24.358856,2.008420,0.030427,1.118122,1.118399
75.200000,-55.249561,24.404131,2.009471,0.011286,1.120025,1.117748
75.250000,-55.270803,24.449395,2.009541,-0.008196,1.121540,1.117084
75.300000,-55.292027,24.494667,2.008675,-0.025605,1.122652,1.116460
75.350000,-55.313193,24.539965,2.007032,-0.038862,1.124036,1.116064
75.400000,-55.334272,24.585305,2.004862,-0.046475,1.124302,1.115798
75.450000,-55.355246,24.630693,2.002468,-0.047743,1.124424,1.115676
75.500000,-55.376113,24.676131,2.000170,-0.042858,1.124298,1.115802
75.550000,-55.396882,24.721613,1.998252,-0.032920,1.120955,1.116236
75.600000,-55.417578,24.767129,1.996923,-0.019813,1.115393,1.116877
75.650000,-55.438228,24.812666,1.996284,-0.005931,1.113855,1.117088
75.700000,-55.458864,24.858208,1.996310,0.006198,1.112505,1.116359
75.750000,-55.479514,24.903745,1.996854,0.014366,1.112145,1.115127
75.800000,-55.500197,24.949267,1.997676,0.017085,1.112067,1.114033
75.850000,-55.520917,24.994771,1.998484,0.013892,1.112461,1.113907
75.900000,-55.541669,25.040261,1.998994,0.005449,1.114257,1.113577
75.950000,-55.562432,25.085746,1.998979,-0.006550,1.116507,1.113376
76.000000,-55.583181,25.131238,1.998320,-0.019683,1.116671,1.113331
76.050000,-55.603885,25.176750,1.997028,-0.031243,1.116515,1.112685
76.100000,-55.624518,25.222295,1.995246,-0.038753,1.117980,1.112293
76.150000,-55.645063,25.267878,1.993228,-0.040422,1.118745,1.112182
76.200000,-55.665517,25.313503,1.991291,-0.035489,1.117915,1.112896
76.250000,-55.685891,25.359164,1.989763,-0.024346,1.119211,1.114189
76.300000,-55.706209,25.404850,1.988922,-0.008452,1.117178,1.114841
76.350000,-55.726509,25.450543,1.988954,0.009953,1.114225,1.115844
76.400000,-55.746831,25.496227,1.989920,0.028251,1.113538,1.118190
76.450000,-55.767218,25.541882,1.991747,0.043883,1.112962,1.120738
76.500000,-55.787704,25.587493,1.994247,0.054729,1.112650,1.121050
76.550000,-55.808315,25.633047,1.997140,0.059379,1.112568,1.121132
76.600000,-55.829060,25.678540,2.000096,0.057269,1.112718,1.120598
76.650000,-55.849934,25.723975,2.002781,0.048706,1.113380,1.119704
76.700000,-55.870918,25.769358,2.004894,0.034798,1.114424,1.120044
76.750000,-55.891981,25.814705,2.006210,0.017324,1.114964,1.120736
76.800000,-55.913083,25.860034,2.006606,-0.001445,1.115557,1.120182
76.850000,-55.934181,25.905365,2.006078,-0.019009,1.116265,1.119574
76.900000,-55.955237,25.950715,2.004750,-0.032955,1.117114,1.115711
76.950000,-55.976219,25.996100,2.002854,-0.041334,1.117841,1.110059
77.000000,-55.997107,26.041527,2.000704,-0.043012,1.118052,1.109310
77.050000,-56.017899,26.086999,1.998643,-0.037903,1.117614,1.108732
77.100000,-56.038605,26.132510,1.996992,-0.026982,1.116696,1.111635
77.150000,-56.059250,26.178049,1.996000,-0.012060,1.115828,1.117496
77.200000,-56.079868,26.223600,1.995813,0.004622,1.115115,1.120678
77.250000,-56.100496,26.269147,1.996460,0.020854,1.114666,1.121434
77.300000,-56.121172,26.314671,1.997870,0.034816,1.114562,1.121615
77.350000,-56.141927,26.360160,1.999896,0.045247,1.114765,1.121612
77.400000,-56.162784,26.405603,2.002339,0.051410,1.114943,1.121403
77.450000,-56.183757,26.450991,2.004976,0.052955,1.114872,1.121228
77.500000,-56.204849,26.496324,2.007573,0.049788,1.114624,1.121360
77.550000,-56.226055,26.541605,2.009895,0.042045,1.114322,1.119553
77.600000,-56.247354,26.586841,2.011722,0.030175,1.113681,1.116426
77.650000,-56.268722,26.632046,2.012868,0.015065,1.112869,1.115400
77.700000,-56.290123,26.677234,2.013202,-0.001893,1.113247,1.113429
77.750000,-56.311520,26.722424,2.012675,-0.018876,1.113931,1.111645
77.800000,-56.332875,26.767635,2.011338,-0.033870,1.114504,1.109432
77.850000,-56.354153,26.812881,2.009337,-0.044989,1.114506,1.107508
77.900000,-56.375330,26.858175,2.006907,-0.050831,1.114069,1.107331
77.950000,-56.396393,26.903522,2.004332,-0.050724,1.113986,1.108378
78.000000,-56.417341,26.948922,2.001911,-0.044856,1.113703,1.110622
78.050000,-56.438188,26.994369,1.999911,-0.034249,1.113295,1.111705
78.100000,-56.458957,27.039851,1.998529,-0.020597,1.112829,1.112595
78.150000,-56.479680,27.085355,1.997866,-0.006028,1.112324,1.113776
78.200000,-56.500388,27.130865,1.997912,0.007193,1.111813,1.114287
78.250000,-56.521113,27.176367,1.998543,0.017006,1.111377,1.114723
78.300000,-56.541876,27.221853,1.999549,0.021864,1.110708,1.115199
78.350000,-56.562688,27.267315,2.000655,0.021002,1.110098,1.115502
78.400000,-56.583547,27.312756,2.001575,0.014595,1.109961,1.115252
78.450000,-56.604439,27.358182,2.002054,0.003744,1.109831,1.114769
78.500000,-56.625339,27.403605,2.001912,-0.009686,1.110489,1.112837
78.550000,-56.646217,27.449037,2.001078,-0.023393,1.111802,1.110154
78.600000,-56.667042,27.494494,1.999597,-0.035007,1.113959,1.109659
78.650000,-56.687788,27.539987,1.997630,-0.042455,1.115148,1.109452
78.700000,-56.708437,27.585524,1.995425,-0.044221,1.115586,1.110868
78.750000,-56.728987,27.631106,1.993292,-0.039530,1.116147,1.113253
78.800000,-56.749447,27.676728,1.991557,-0.028412,1.116322,1.113542
78.850000,-56.769844,27.722379,1.990526,-0.011747,1.117168,1.113857
78.900000,-56.790213,27.768041,1.990436,0.008748,1.117550,1.115812
78.950000,-56.810603,27.813695,1.991422,0.030602,1.117314,1.120193
79.000000,-56.831063,27.859317,1.993479,0.050796,1.116722,1.123178
79.050000,-56.851638,27.904888,1.996442,0.066154,1.115855,1.124045
79.100000,-56.872363,27.950390,1.999997,0.073889,1.115197,1.124703
79.150000,-56.893254,27.995816,2.003709,0.072198,1.114796,1.124871
79.200000,-56.914309,28.041167,2.007088,0.060719,1.114825,1.124475
79.250000,-56.935500,28.086455,2.009666,0.040697,1.115552,1.123243
79.300000,-56.956783,28.131699,2.011076,0.014801,1.116416,1.118596
79.350000,-56.978098,28.176928,2.011110,-0.013404,1.117444,1.112701
79.400000,-56.999384,28.222171,2.009750,-0.040121,1.118023,1.111799
79.450000,-57.020579,28.267456,2.007158,-0.061940,1.118432,1.110413
79.500000,-57.041635,28.312807,2.003651,-0.076277,1.118418,1.109238
79.550000,-57.062518,28.358237,1.999648,-0.081567,1.118219,1.110653
79.600000,-57.083217,28.403751,1.995621,-0.077271,1.118138,1.111328
79.650000,-57.103741,28.449344,1.992042,-0.063828,1.117915,1.110085
79.700000,-57.124120,28.495003,1.989343,-0.042580,1.117490,1.110471
79.750000,-57.144403,28.540704,1.987861,-0.015749,1.114869,1.111276
79.800000,-57.164650,28.586421,1.987806,0.013647,1.110940,1.112460
79.850000,-57.184928,28.632124,1.989217,0.042016,1.109796,1.114307
79.900000,-57.205302,28.677785,1.991949,0.065596,1.108502,1.117011
79.950000,-57.225825,28.723379,1.995674,0.081028,1.107325,1.118128
80.000000,-57.246531,28.768890,1.999917,0.085963,1.107062,1.117538
80.050000,-57.267431,28.814313,2.004121,0.079536,1.107427,1.116469
80.100000,-57.288510,28.859652,2.007730,0.062568,1.107981,1.114584
80.150000,-57.309731,28.904926,2.010267,0.037410,1.108918,1.113517
80.200000,-57.331035,28.950160,2.011404,0.007528,1.110286,1.112396
80.250000,-57.352356,28.995386,2.011005,-0.023085,1.111427,1.112368
80.300000,-57.373626,29.040637,2.009133,-0.050502,1.112766,1.113034
80.350000,-57.394781,29.085940,2.006037,-0.071362,1.114189,1.113261
80.400000,-57.415776,29.131319,2.002112,-0.083206,1.118852,1.114763
80.450000,-57.436583,29.176784,1.997850,-0.084718,1.123694,1.115506
80.500000,-57.457198,29.222336,1.993778,-0.075800,1.123446,1.115754
80.550000,-57.477641,29.267966,1.990394,-0.057595,1.122898,1.116302
80.600000,-57.497954,29.313654,1.988113,-0.032383,1.122104,1.117096
80.650000,-57.518194,29.359375,1.987210,-0.003355,1.119628,1.118114
80.700000,-57.538425,29.405099,1.987784,0.025738,1.116293,1.119128
80.750000,-57.558716,29.450797,1.989740,0.051076,1.114552,1.119959
80.800000,-57.579122,29.496443,1.992802,0.069332,1.112593,1.120668
80.850000,-57.599685,29.542019,1.996552,0.078212,1.112172,1.121028
80.900000,-57.620425,29.587514,2.000490,0.076864,1.112267,1.120933
80.950000,-57.641339,29.632930,2.004112,0.066008,1.111938,1.118850
81.000000,-57.662402,29.678277,2.006991,0.047792,1.111023,1.115405
81.050000,-57.683572,29.723574,2.008832,0.025332,1.110817,1.114069
81.100000,-57.704800,29.768844,2.009510,0.002084,1.110975,1.113125
81.150000,-57.726033,29.814112,2.009068,-0.018792,1.111655,1.113435
81.200000,-57.747224,29.859399,2.007690,-0.034941,1.113434,1.114631
81.250000,-57.768336,29.904724,2.005651,-0.045073,1.115692,1.114608
81.300000,-57.789346,29.950095,2.003265,-0.048951,1.117314,1.116036
81.350000,-57.810247,29.995517,2.000831,-0.047190,1.119877,1.118123
81.400000,-57.831040,30.040988,1.998606,-0.040940,1.119690,1.118310
81.450000,-57.851741,30.086502,1.996779,-0.031597,1.119416,1.116166
81.500000,-57.872369,30.132048,1.995470,-0.020605,1.118800,1.112743
81.550000,-57.892951,30.177615,1.994724,-0.009346,1.116519,1.113014
81.600000,-57.913512,30.223192,1.994523,0.000915,1.113923,1.113377
81.650000,-57.934075,30.268769,1.994789,0.009068,1.113463,1.113559
81.700000,-57.954658,30.314335,1.995392,0.014254,1.110944,1.113357
81.750000,-57.975272,30.359888,1.996170,0.015978,1.107708,1.113092
81.800000,-57.995923,30.405424,1.996945,0.014238,1.107749,1.113051
81.850000,-58.016607,30.450945,1.997554,0.009578,1.107971,1.112671
81.900000,-58.037311,30.496457,1.997876,0.003046,1.108587,1.112051
81.950000,-58.058023,30.541966,1.997851,-0.003954,1.109366,1.111634
82.000000,-58.078725,30.587479,1.997493,-0.009908,1.110584,1.111287
82.050000,-58.099406,30.633001,1.996890,-0.013450,1.112764,1.111149
82.100000,-58.120056,30.678538,1.996192,-0.013578,1.114694,1.111177
82.150000,-58.140675,30.724088,1.995583,-0.009791,1.115856,1.111264
82.200000,-58.161273,30.769648,1.995263,-0.002128,1.115641,1.111359
82.250000,-58.181866,30.815211,1.995415,0.008857,1.115369,1.111631
82.300000,-58.202479,30.860764,1.996181,0.022184,1.115019,1.111981
82.350000,-58.223144,30.906294,1.997649,0.036560,1.113741,1.112348
82.400000,-58.243891,30.951786,1.999834,0.050514,1.111769,1.112733
82.450000,-58.264753,30.997226,2.002677,0.062578,1.110656,1.113187
82.500000,-58.285757,31.042600,2.006052,0.071493,1.109418,1.113564
82.550000,-58.306923,31.087900,2.009775,0.076385,1.108181,1.113724
82.600000,-58.328260,31.133118,2.013633,0.076906,1.107294,1.113706
82.650000,-58.349772,31.178254,2.017411,0.073270,1.108481,1.113432
82.700000,-58.371448,31.223311,2.020914,0.066162,1.110266,1.113391
82.750000,-58.393272,31.268297,2.023993,0.056591,1.111362,1.113752
82.800000,-58.415224,31.313220,2.026554,0.045687,1.113145,1.113951
82.850000,-58.437278,31.358093,2.028558,0.034564,1.113907,1.115800
82.900000,-58.459410,31.402929,2.030019,0.024213,1.114858,1.118196
82.950000,-58.481596,31.447737,2.030999,0.015473,1.116165,1.118750
83.000000,-58.503817,31.492528,2.031595,0.008995,1.117891,1.119579
83.050000,-58.526059,31.537308,2.031933,0.005205,1.120738,1.119876
83.100000,-58.548312,31.582083,2.032153,0.004213,1.121356,1.120644
83.150000,-58.570575,31.626853,2.032388,0.005753,1.121233,1.120767
83.200000,-58.592852,31.671617,2.032753,0.009155,1.121017,1.121022
83.250000,-58.615148,31.716370,2.033316,0.013398,1.120705,1.121355
83.300000,-58.637475,31.761108,2.034090,0.017281,1.120011,1.121632
83.350000,-58.659840,31.805827,2.035026,0.019639,1.119372,1.121728
83.400000,-58.682249,31.850524,2.036023,0.019605,1.119363,1.121737
83.450000,-58.704702,31.895200,2.036950,0.016815,1.119117,1.120871
83.500000,-58.727192,31.939856,2.037672,0.011561,1.118578,1.119444
83.550000,-58.749707,31.984500,2.038085,0.004809,1.118334,1.118392
83.600000,-58.772233,32.029138,2.038151,-0.001911,1.118585,1.116815
83.650000,-58.794755,32.073779,2.037917,-0.006735,1.118987,1.116413
83.700000,-58.817263,32.118426,2.037524,-0.007814,1.119413,1.116067
83.750000,-58.839753,32.163083,2.037201,-0.003701,1.119568,1.115953
83.800000,-58.862236,32.207743,2.037231,0.006306,1.119210,1.117143
83.850000,-58.884733,32.252395,2.037907,0.021953,1.118668,1.119132
83.900000,-58.907280,32.297023,2.039486,0.042002,1.117962,1.119838
83.950000,-58.929921,32.341603,2.042140,0.064400,1.117167,1.120514
84.000000,-58.952705,32.386110,2.045927,0.086624,1.114807,1.121102
84.050000,-58.975682,32.430518,2.050770,0.106106,1.111781,1.121201
84.100000,-58.998894,32.474804,2.056475,0.120650,1.111303,1.120897
84.150000,-59.022371,32.518949,2.062753,0.128787,1.111079,1.121121
84.200000,-59.046132,32.562943,2.069264,0.129990,1.111119,1.121081
84.250000,-59.070177,32.606781,2.075666,0.124723,1.111420,1.120780
84.300000,-59.094495,32.650469,2.081667,0.114342,1.111905,1.120295
84.350000,-59.119062,32.694018,2.087058,0.100860,1.113246,1.119074
84.400000,-59.143848,32.737442,2.091740,0.086612,1.115010,1.117490
84.450000,-59.168821,32.780758,2.095736,0.073898,1.115051,1.117009
84.500000,-59.193955,32.823982,2.099173,0.064641,1.114706,1.116694
84.550000,-59.219230,32.867124,2.102261,0.060116,1.114868,1.116973
84.600000,-59.244634,32.910189,2.105252,0.060791,1.114812,1.117688
84.650000,-59.270169,32.953177,2.108403,0.066279,1.115131,1.117970
84.700000,-59.295847,32.996080,2.111930,0.075426,1.115605,1.118395
84.750000,-59.321687,33.038885,2.115973,0.086500,1.115148,1.118852
84.800000,-59.347712,33.081578,2.120581,0.097451,1.114691,1.118707
84.850000,-59.373945,33.124144,2.125692,0.106212,1.114271,1.118189
84.900000,-59.400403,33.166570,2.131152,0.110991,1.113390,1.118407
84.950000,-59.427095,33.208849,2.136725,0.110522,1.111319,1.118456
85.000000,-59.454020,33.250981,2.142129,0.104257,1.109755,1.118465
85.050000,-59.481164,33.292971,2.147077,0.092449,1.110068,1.118775
85.100000,-59.508501,33.334836,2.151314,0.076132,1.111204,1.118899
85.150000,-59.535996,33.376597,2.154652,0.056989,1.112743,1.117935
85.200000,-59.563611,33.418280,2.157000,0.037101,1.114566,1.116641
85.250000,-59.591303,33.459911,2.158378,0.018655,1.116883,1.115938
85.300000,-59.619034,33.501516,2.158908,0.003626,1.117391,1.115609
85.350000,-59.646774,33.543116,2.158803,-0.006488,1.117458,1.115341
85.400000,-59.674500,33.584724,2.158334,-0.010816,1.117137,1.115363
85.450000,-59.702204,33.626347,2.157799,-0.009175,1.116940,1.115560
85.500000,-59.729890,33.667982,2.157489,-0.002025,1.116675,1.115825
85.550000,-59.757572,33.709620,2.157656,0.009621,1.116397,1.116103
85.600000,-59.785274,33.751244,2.158492,0.024305,1.116021,1.116479
85.650000,-59.813027,33.792835,2.160105,0.040241,1.115573,1.117249
85.700000,-59.840864,33.834370,2.162509,0.055460,1.115058,1.117919
85.750000,-59.868815,33.875827,2.165619,0.068012,1.114495,1.118691
85.800000,-59.896907,33.917189,2.169256,0.076216,1.113194,1.120159
85.850000,-59.925156,33.958445,2.173170,0.078927,1.111548,1.120351
85.900000,-59.953567,33.999589,2.177072,0.075746,1.111411,1.119825
85.950000,-59.982133,34.040625,2.180673,0.067070,1.113670,1.118847
86.000000,-60.010836,34.081566,2.183720,0.053974,1.116926,1.118233
86.050000,-60.039649,34.122429,2.186030,0.037942,1.117479,1.117621
86.100000,-60.068539,34.163238,2.187495,0.020545,1.117974,1.117126
86.150000,-60.097471,34.204017,2.188083,0.003165,1.118317,1.117834
86.200000,-60.126410,34.244791,2.187824,-0.013138,1.118498,1.119404
86.250000,-60.155322,34.285584,2.186792,-0.027620,1.118661,1.119337
86.300000,-60.184178,34.326417,2.185092,-0.039772,1.118940,1.118113
86.350000,-60.212953,34.367307,2.182850,-0.049226,1.119568,1.116815
86.400000,-60.241627,34.408268,2.180207,-0.055739,1.120031,1.115394
86.450000,-60.270188,34.449308,2.177315,-0.059231,1.118809,1.113620
86.500000,-60.298627,34.490433,2.174322,-0.059853,1.117298,1.113702
86.550000,-60.326943,34.531642,2.171363,-0.058003,1.116188,1.113963
86.600000,-60.355140,34.572933,2.168547,-0.054256,1.114177,1.114278
86.650000,-60.383225,34.614300,2.165954,-0.049211,1.113739,1.114507
86.700000,-60.411208,34.655736,2.163637,-0.043355,1.115403,1.114590
86.750000,-60.439101,34.697233,2.161626,-0.036963,1.117045,1.114434
86.800000,-60.466917,34.738781,2.159946,-0.030138,1.117083,1.114217
86.850000,-60.494671,34.780371,2.158617,-0.022921,1.117111,1.114431
86.900000,-60.522377,34.821993,2.157658,-0.015434,1.117901,1.115538
86.950000,-60.550052,34.863636,2.157074,-0.007976,1.119287,1.116818
87.000000,-60.577709,34.905290,2.156854,-0.001009,1.119968,1.117137
87.050000,-60.605364,34.946945,2.156961,0.004930,1.120292,1.117732
87.100000,-60.633030,34.988594,2.157328,0.009365,1.120678,1.118753
87.150000,-60.660714,35.030230,2.157874,0.011985,1.121447,1.119677
87.200000,-60.688424,35.071850,2.158502,0.012668,1.121080,1.120479
87.250000,-60.716159,35.113452,2.159116,0.011447,1.120079,1.121056
87.300000,-60.743919,35.155038,2.159623,0.008439,1.119604,1.120996
87.350000,-60.771695,35.196613,2.159938,0.003800,1.119611,1.121556
87.400000,-60.799480,35.238183,2.159985,-0.002253,1.119631,1.122369
87.450000,-60.827259,35.279755,2.159699,-0.009381,1.119758,1.122242
87.500000,-60.855019,35.321341,2.159039,-0.017055,1.120030,1.121404
87.550000,-60.882744,35.362951,2.157995,-0.024537,1.120344,1.120175
87.600000,-60.910417,35.404594,2.156598,-0.030946,1.119999,1.117568
87.650000,-60.938027,35.446280,2.154924,-0.035405,1.119281,1.113674
87.700000,-60.965562,35.488015,2.153091,-0.037238,1.118479,1.112930
87.750000,-60.993021,35.529800,2.151239,-0.036115,1.116856,1.112961
87.800000,-61.020404,35.571635,2.149517,-0.032124,1.116221,1.113179
87.850000,-61.047720,35.613514,2.148058,-0.025739,1.115217,1.113494
87.900000,-61.074982,35.655428,2.146965,-0.017684,1.113793,1.113421
87.950000,-61.102207,35.697366,2.146302,-0.008750,1.113490,1.112848
88.000000,-61.129414,35.739316,2.146093,0.000355,1.113482,1.112375
88.050000,-61.156622,35.781265,2.146334,0.009119,1.113311,1.112189
88.100000,-61.183849,35.823202,2.146997,0.017232,1.113202,1.112298
88.150000,-61.211112,35.865115,2.148047,0.024558,1.113100,1.114100
88.200000,-61.238426,35.906995,2.149442,0.031049,1.112959,1.116741
88.250000,-61.265805,35.948833,2.151140,0.036671,1.112807,1.117621
88.300000,-61.293260,35.990620,2.153097,0.041372,1.113196,1.118992
88.350000,-61.320802,36.032351,2.155265,0.045077,1.115400,1.119298
88.400000,-61.348438,36.074019,2.157591,0.047716,1.117554,1.119629
88.450000,-61.376173,36.115622,2.160022,0.049281,1.117680,1.120123
88.500000,-61.404011,36.157156,2.162507,0.049873,1.117988,1.120112
88.550000,-61.431951,36.198621,2.165000,0.049725,1.118057,1.120043
88.600000,-61.459995,36.240016,2.167474,0.049209,1.118101,1.119999
88.650000,-61.488141,36.281341,2.169921,0.048784,1.118135,1.119965
88.700000,-61.516387,36.322598,2.172359,0.048928,1.118245,1.120058
88.750000,-61.544734,36.363786,2.174826,0.050040,1.118304,1.120985
88.800000,-61.573185,36.404903,2.177378,0.052328,1.119001,1.122029
88.850000,-61.601742,36.445945,2.180074,0.055752,1.119941,1.122159
88.900000,-61.630415,36.486907,2.182964,0.059977,1.119776,1.122284
88.950000,-61.659210,36.527783,2.186076,0.064425,1.119050,1.121896
89.000000,-61.688136,36.568566,2.189401,0.068360,1.118078,1.121322
89.050000,-61.717202,36.609250,2.192896,0.071019,1.117965,1.121435
89.100000,-61.746412,36.649831,2.196479,0.071752,1.117400,1.121027
89.150000,-61.775767,36.690307,2.200041,0.070135,1.116669,1.120331
89.200000,-61.805263,36.730679,2.203460,0.066039,1.117412,1.120196
89.250000,-61.834892,36.770955,2.206615,0.059634,1.119153,1.119955
89.300000,-61.864641,36.811142,2.209399,0.051356,1.120301,1.119699
89.350000,-61.894494,36.851252,2.211733,0.041853,1.120556,1.119444
89.400000,-61.924430,36.891300,2.213577,0.031922,1.120776,1.119224
89.450000,-61.954429,36.931300,2.214931,0.022460,1.121024,1.118368
89.500000,-61.984474,36.971267,2.215841,0.014421,1.118451,1.117250
89.550000,-62.014548,37.011211,2.216402,0.008757,1.114572,1.117028
89.600000,-62.044640,37.051142,2.216757,0.006316,1.114761,1.116636
89.650000,-62.074744,37.091063,2.217083,0.007723,1.114817,1.116283
89.700000,-62.104865,37.130973,2.217582,0.013211,1.114748,1.116352
89.750000,-62.135012,37.170862,2.218454,0.022507,1.114504,1.116596
89.800000,-62.165204,37.210717,2.219873,0.034771,1.113803,1.117013
89.850000,-62.195466,37.250520,2.221954,0.048657,1.112218,1.117208
89.900000,-62.225824,37.290248,2.224740,0.062506,1.110730,1.117270
89.950000,-62.256307,37.329882,2.228184,0.074617,1.109617,1.117733
90.000000,-62.286936,37.369402,2.232162,0.083577,1.107859,1.118054
90.050000,-62.317731,37.408794,2.236490,0.088520,1.106988,1.117725
90.100000,-62.348698,37.448049,2.240960,0.089277,1.107110,1.116890
90.150000,-62.379841,37.487166,2.245369,0.086340,1.108559,1.116294
90.200000,-62.411152,37.526149,2.249557,0.080681,1.110777,1.115242
90.250000,-62.442619,37.565005,2.253416,0.073462,1.111452,1.114488
90.300000,-62.474230,37.603745,2.256896,0.065749,1.111750,1.113803
90.350000,-62.505967,37.642381,2.259994,0.058303,1.111849,1.113051
90.400000,-62.537817,37.680924,2.262735,0.051538,1.111846,1.113502
90.450000,-62.569766,37.719385,2.265158,0.045599,1.112211,1.114765
90.500000,-62.601803,37.757773,2.267306,0.040538,1.113306,1.115623
90.550000,-62.633917,37.796096,2.269225,0.036467,1.114123,1.115577
90.600000,-62.666102,37.834360,2.270968,0.033626,1.114431,1.115473
90.650000,-62.698351,37.872570,2.272607,0.032320,1.114736,1.115464
90.700000,-62.730662,37.910728,2.274223,0.032753,1.114810,1.115390
90.750000,-62.763035,37.948833,2.275904,0.034836,1.114730,1.115470
90.800000,-62.795475,37.986881,2.277722,0.038069,1.114524,1.115676
90.850000,-62.827987,38.024867,2.279715,0.041556,1.114223,1.116262
90.900000,-62.860578,38.062786,2.281868,0.044170,1.113902,1.117609
90.950000,-62.893253,38.100632,2.284108,0.044836,1.113835,1.119013
91.000000,-62.926012,38.138406,2.286317,0.042813,1.114149,1.119473
91.050000,-62.958852,38.176109,2.288352,0.037889,1.114775,1.119270
91.100000,-62.991763,38.213751,2.290073,0.030445,1.115483,1.118917
91.150000,-63.024730,38.251342,2.291373,0.021319,1.115928,1.118310
91.200000,-63.057738,38.288899,2.292196,0.011589,1.116319,1.117681
91.250000,-63.090768,38.326436,2.292537,0.002312,1.116567,1.117433
91.300000,-63.123802,38.363969,2.292443,-0.005661,1.116641,1.117359
91.350000,-63.156826,38.401512,2.291995,-0.011762,1.116575,1.117303
91.400000,-63.189827,38.439073,2.291295,-0.015657,1.116248,1.116434
91.450000,-63.222800,38.476661,2.290460,-0.017143,1.116024,1.114851
91.500000,-63.255741,38.514276,2.289614,-0.016040,1.116075,1.114325
91.550000,-63.288651,38.551918,2.288892,-0.012158,1.117042,1.114295
91.600000,-63.321539,38.589579,2.288436,-0.005341,1.118356,1.114344
91.650000,-63.354417,38.627249,2.288396,0.004415,1.118190,1.114510
91.700000,-63.387304,38.664912,2.288912,0.016832,1.116953,1.114811
91.750000,-63.420222,38.702546,2.290106,0.031281,1.114248,1.115541
91.800000,-63.453200,38.740129,2.292056,0.046793,1.112373,1.116527
91.850000,-63.486265,38.777635,2.294785,0.062176,1.111860,1.117040
91.900000,-63.519447,38.815038,2.298257,0.076183,1.111405,1.117495
91.950000,-63.552771,38.852314,2.302372,0.087687,1.109907,1.117771
92.000000,-63.586257,38.889445,2.306982,0.095805,1.107978,1.117515
92.050000,-63.619921,38.926414,2.311902,0.099931,1.107953,1.116947
92.100000,-63.653769,38.963216,2.316919,0.099694,1.108024,1.116876
92.150000,-63.687799,38.999848,2.321812,0.094905,1.108157,1.116743
92.200000,-63.722002,39.036319,2.326351,0.085541,1.108253,1.116647
92.250000,-63.756361,39.072644,2.330309,0.071790,1.108419,1.116481
92.300000,-63.790849,39.108845,2.333479,0.054184,1.109537,1.116017
92.350000,-63.825435,39.144953,2.335689,0.033719,1.111210,1.115290
92.400000,-63.860082,39.181003,2.336831,0.011891,1.111900,1.113741
92.450000,-63.894751,39.217033,2.336883,-0.009425,1.112932,1.111509
92.500000,-63.929402,39.253078,2.335919,-0.028258,1.113991,1.110509
92.550000,-63.964003,39.289172,2.334109,-0.042922,1.115097,1.109976
92.600000,-63.998527,39.325340,2.331693,-0.052384,1.116641,1.110283
92.650000,-64.032956,39.361598,2.328941,-0.056464,1.117583,1.111595
92.700000,-64.067283,39.397952,2.326109,-0.055800,1.118045,1.112705
92.750000,-64.101509,39.434402,2.323408,-0.051594,1.118166,1.113602
92.800000,-64.135641,39.470939,2.320980,-0.045209,1.119044,1.116984
92.850000,-64.169691,39.507554,2.318901,-0.037787,1.120576,1.121439
92.900000,-64.203671,39.544233,2.317206,-0.029988,1.120574,1.122326
92.950000,-64.237596,39.580963,2.315906,-0.021945,1.121436,1.122284
93.000000,-64.271481,39.617730,2.315018,-0.013395,1.122612,1.121304
93.050000,-64.305342,39.654519,2.314578,-0.003931,1.123333,1.120028
93.100000,-64.339195,39.691315,2.314640,0.006739,1.124288,1.119615
93.150000,-64.373061,39.728100,2.315267,0.018606,1.121566,1.118957
93.200000,-64.406961,39.764853,2.316512,0.031280,1.116305,1.118335
93.250000,-64.440919,39.801553,2.318397,0.044022,1.113337,1.117230
93.300000,-64.474957,39.838178,2.320903,0.055857,1.112150,1.117445
93.350000,-64.509097,39.874708,2.323959,0.065741,1.111584,1.117511
93.400000,-64.543357,39.911126,2.327441,0.072740,1.110354,1.117338
93.450000,-64.577749,39.947419,2.331187,0.076199,1.108890,1.116512
93.500000,-64.612278,39.983582,2.335012,0.075880,1.108835,1.115524
93.550000,-64.646944,40.019613,2.338729,0.072002,1.108997,1.114933
93.600000,-64.681740,40.055520,2.342174,0.065214,1.109348,1.113682
93.650000,-64.716652,40.091313,2.345224,0.056460,1.109678,1.112822
93.700000,-64.751665,40.127007,2.347807,0.046794,1.110297,1.112491
93.750000,-64.786761,40.162620,2.349903,0.037195,1.111018,1.112223
93.800000,-64.821923,40.198167,2.351537,0.028426,1.111416,1.112089
93.850000,-64.857137,40.233664,2.352763,0.020973,1.111801,1.111999
93.900000,-64.892387,40.269124,2.353654,0.015066,1.111909,1.111398
93.950000,-64.927664,40.304557,2.354290,0.010751,1.111992,1.110608
94.000000,-64.962961,40.339971,2.354749,0.007969,1.111717,1.110595
94.050000,-64.998272,40.375371,2.355105,0.006614,1.111356,1.110544
94.100000,-65.033594,40.410759,2.355427,0.006544,1.111415,1.110485
94.150000,-65.068928,40.446135,2.355774,0.007554,1.111374,1.110691
94.200000,-65.104276,40.481498,2.356193,0.009336,1.111601,1.111151
94.250000,-65.139640,40.516845,2.356712,0.011455,1.111900,1.111664
94.300000,-65.175024,40.552171,2.357336,0.013343,1.111746,1.112177
94.350000,-65.210432,40.587474,2.358036,0.014339,1.111207,1.112441
94.400000,-65.245865,40.622751,2.358750,0.013752,1.110068,1.112480
94.450000,-65.281322,40.658005,2.359383,0.010935,1.109365,1.111920
94.500000,-65.316799,40.693239,2.359809,0.005375,1.109324,1.110953
94.550000,-65.352284,40.728464,2.359881,-0.003234,1.109378,1.110722
94.600000,-65.387764,40.763694,2.359445,-0.014922,1.109589,1.110553
94.650000,-65.423216,40.798952,2.358353,-0.029393,1.110236,1.110292
94.700000,-65.458617,40.834261,2.356478,-0.045980,1.111607,1.109885
94.750000,-65.493937,40.869653,2.353739,-0.063648,1.112795,1.109405
94.800000,-65.529144,40.905156,2.350115,-0.081043,1.113676,1.108853
94.850000,-65.564206,40.940802,2.345657,-0.096598,1.114631,1.108369
94.900000,-65.599097,40.976616,2.340498,-0.108675,1.115318,1.108257
94.950000,-65.633792,41.012619,2.334852,-0.115783,1.116317,1.108741
95.000000,-65.668279,41.048821,2.328998,-0.116779,1.117425,1.109810
95.050000,-65.702555,41.085224,2.323261,-0.111049,1.119657,1.110825
95.100000,-65.736629,41.121817,2.317980,-0.098631,1.121933,1.113882
95.150000,-65.770522,41.158576,2.313475,-0.080253,1.122079,1.119105
95.200000,-65.804268,41.195470,2.310015,-0.057280,1.121906,1.120889
95.250000,-65.837908,41.232461,2.307785,-0.031555,1.122450,1.122536
95.300000,-65.871490,41.269505,2.306870,-0.005199,1.122440,1.124867
95.350000,-65.905063,41.306558,2.307248,0.019664,1.122608,1.126149
95.400000,-65.938671,41.343578,2.308795,0.041159,1.123310,1.127090
95.450000,-65.972355,41.380529,2.311304,0.057903,1.122903,1.127497
95.500000,-66.006146,41.417382,2.314515,0.069179,1.122211,1.127486
95.550000,-66.040063,41.454119,2.318151,0.075009,1.121512,1.125079
95.600000,-66.074118,41.490729,2.321954,0.076095,1.121684,1.121750
95.650000,-66.108311,41.527210,2.325714,0.073641,1.120653,1.121182
95.700000,-66.142638,41.563564,2.329289,0.069063,1.118968,1.120353
95.750000,-66.177091,41.599800,2.332608,0.063666,1.119170,1.118999
95.800000,-66.211658,41.635926,2.335657,0.058381,1.119355,1.116938
95.850000,-66.246331,41.671951,2.338453,0.053601,1.118151,1.114907
95.900000,-66.281101,41.707883,2.341022,0.049218,1.113879,1.114938
95.950000,-66.315958,41.743729,2.343375,0.044804,1.110022,1.114326
96.000000,-66.350896,41.779497,2.345496,0.039888,1.109274,1.112856
96.050000,-66.385905,41.815195,2.347354,0.034231,1.109005,1.111150
96.100000,-66.420975,41.850833,2.348912,0.027986,1.109325,1.109775
96.150000,-66.456095,41.886422,2.350151,0.021692,1.109688,1.109412
96.200000,-66.491254,41.921973,2.351089,0.016122,1.110269,1.109121
96.250000,-66.526441,41.957496,2.351782,0.012026,1.110818,1.108982
96.300000,-66.561650,41.992997,2.352317,0.009890,1.111020,1.108945
96.350000,-66.596877,42.028481,2.352797,0.009780,1.111166,1.109200
96.400000,-66.632121,42.063947,2.353317,0.011329,1.110969,1.109631
96.450000,-66.667385,42.099393,2.353943,0.013853,1.109916,1.110022
96.500000,-66.702673,42.134815,2.354705,0.016537,1.108571,1.110429
96.550000,-66.737991,42.170208,2.355590,0.018636,1.108511,1.110489
96.600000,-66.773342,42.205568,2.356554,0.019622,1.108753,1.110495
96.650000,-66.808728,42.240893,2.357535,0.019244,1.109192,1.110408
96.700000,-66.844147,42.276184,2.358461,0.017504,1.109314,1.110286
96.750000,-66.879597,42.311445,2.359270,0.014588,1.109393,1.110207
96.800000,-66.915073,42.346679,2.359908,0.010786,1.110263,1.110868
96.850000,-66.950567,42.381895,2.360341,0.006433,1.111510,1.111790
96.900000,-66.986073,42.417099,2.360548,0.001858,1.111652,1.111648
96.950000,-67.021583,42.452299,2.360528,-0.002614,1.111788,1.111512
97.000000,-67.057087,42.487505,2.360292,-0.006693,1.111902,1.111398
97.050000,-67.092580,42.522722,2.359866,-0.010144,1.112115,1.111309
97.100000,-67.128055,42.557957,2.359287,-0.012834,1.112459,1.111224
97.150000,-67.163508,42.593215,2.358593,-0.014779,1.112663,1.111178
97.200000,-67.198934,42.628499,2.357817,-0.016170,1.112746,1.111196
97.250000,-67.234332,42.663812,2.356978,-0.017371,1.112786,1.111256
97.300000,-67.269700,42.699155,2.356076,-0.018872,1.112840,1.111343
97.350000,-67.305034,42.734532,2.355081,-0.021192,1.112900,1.111441
97.400000,-67.340330,42.769946,2.353941,-0.024772,1.112973,1.111469
97.450000,-67.375582,42.805404,2.352585,-0.029861,1.113285,1.111422
97.500000,-67.410781,42.840915,2.350936,-0.036407,1.113813,1.111228
97.550000,-67.445916,42.876490,2.348930,-0.044017,1.114127,1.111015
97.600000,-67.480972,42.912142,2.346529,-0.051957,1.114409,1.110791
97.650000,-67.515935,42.947885,2.343741,-0.059242,1.114651,1.110466
97.700000,-67.550792,42.983732,2.340626,-0.064815,1.114940,1.110060
97.750000,-67.585534,43.019691,2.337292,-0.067790,1.115190,1.109810
97.800000,-67.620153,43.055767,2.333886,-0.067710,1.115325,1.109716
97.850000,-67.654650,43.091960,2.330559,-0.064728,1.115601,1.109913
97.900000,-67.689031,43.128264,2.327442,-0.059630,1.116117,1.112385
97.950000,-67.723302,43.164671,2.324609,-0.053639,1.116486,1.117278
98.000000,-67.757476,43.201169,2.322074,-0.048041,1.116474,1.119926
98.050000,-67.791563,43.237750,2.319789,-0.043702,1.117362,1.121109
98.100000,-67.825569,43.274405,2.317686,-0.040683,1.121196,1.122317
98.150000,-67.859500,43.311129,2.315714,-0.038093,1.124532,1.121968
98.200000,-67.893362,43.347917,2.313891,-0.034275,1.124945,1.121555
98.250000,-67.927160,43.384764,2.312325,-0.027309,1.125254,1.121246
98.300000,-67.960909,43.421656,2.311219,-0.015672,1.125276,1.121224
98.350000,-67.994629,43.458574,2.310825,0.001154,1.124686,1.121607
98.400000,-68.028352,43.495490,2.311392,0.022342,1.123349,1.122692
98.450000,-68.062116,43.532368,2.313091,0.045802,1.121968,1.124132
98.500000,-68.095964,43.569168,2.315967,0.068633,1.119499,1.125231
98.550000,-68.129939,43.605853,2.319911,0.087842,1.116744,1.126056
98.600000,-68.164073,43.642388,2.324676,0.101064,1.115982,1.123992
98.650000,-68.198391,43.678751,2.329925,0.107079,1.113530,1.118644
98.700000,-68.232903,43.714930,2.335292,0.105956,1.110606,1.114946
98.750000,-68.267606,43.750926,2.340442,0.098833,1.110475,1.113325
98.800000,-68.302485,43.786751,2.345118,0.087442,1.111035,1.112765
98.850000,-68.337521,43.822423,2.349153,0.073575,1.111419,1.112381
98.900000,-68.372688,43.857967,2.352462,0.058713,1.111619,1.112515
98.950000,-68.407958,43.893406,2.355023,0.043874,1.111731,1.112869
99.000000,-68.443307,43.928768,2.356857,0.029718,1.111458,1.112725
99.050000,-68.478708,43.964078,2.358010,0.016762,1.111115,1.112485
99.100000,-68.514139,43.999358,2.358556,0.005575,1.111495,1.111646
99.150000,-68.549579,44.034628,2.358598,-0.003182,1.112472,1.110529
99.200000,-68.585015,44.069903,2.358276,-0.008897,1.113578,1.110122
99.250000,-68.620435,44.105193,2.357751,-0.011259,1.113693,1.110007
99.300000,-68.655835,44.140503,2.357191,-0.010486,1.113511,1.110439
99.350000,-68.691217,44.175832,2.356734,-0.007409,1.113131,1.111461
99.400000,-68.726586,44.211174,2.356464,-0.003333,1.112686,1.112314
99.450000,-68.761949,44.246521,2.356396,0.000299,1.112309,1.112691
99.500000,-68.797313,44.281868,2.356474,0.002310,1.112161,1.112839
99.550000,-68.832680,44.317212,2.356599,0.002125,1.111982,1.112309
99.600000,-68.868051,44.352551,2.356660,-0.000088,1.111882,1.111418
99.650000,-68.903422,44.387891,2.356574,-0.003513,1.112298,1.111002
99.700000,-68.938787,44.423237,2.356307,-0.006986,1.111787,1.110720
99.750000,-68.974139,44.458596,2.355888,-0.009365,1.111602,1.110716
99.800000,-69.009475,44.493971,2.355394,-0.009857,1.112677,1.110923
99.850000,-69.044793,44.529363,2.354930,-0.008214,1.112528,1.111072
99.900000,-69.080097,44.564769,2.354597,-0.004736,1.112287,1.111271
99.950000,-69.115393,44.600184,2.354471,-0.000133,1.112016,1.111484
100.000000,-69.150689,44.635599,2.354587,0.004676,1.111137,1.111403
100.050000,-69.185993,44.671005,2.354931,0.008763,1.110123,1.110994
100.100000,-69.221312,44.706397,2.355444,0.011311,1.109435,1.110731
100.150000,-69.256652,44.741768,2.356034,0.011660,1.108484,1.110474
100.200000,-69.292011,44.777119,2.356576,0.009296,1.108508,1.110392
100.250000,-69.327387,44.812454,2.356924,0.003841,1.108581,1.110319
100.300000,-69.362769,44.847782,2.356918,-0.004928,1.108687,1.110213
100.350000,-69.398142,44.883120,2.356389,-0.016972,1.109116,1.109826
100.400000,-69.433486,44.918487,2.355183,-0.031854,1.109771,1.108937
100.450000,-69.468772,44.953911,2.353179,-0.048591,1.110478,1.108115
100.500000,-69.503972,44.989421,2.350319,-0.065596,1.111463,1.107454
100.550000,-69.539056,45.025046,2.346640,-0.080768,1.112085,1.106715
100.600000,-69.573996,45.060812,2.342293,-0.091763,1.112792,1.106175
100.650000,-69.608772,45.096737,2.337543,-0.096439,1.113480,1.105720
100.700000,-69.643375,45.132829,2.332748,-0.093357,1.113671,1.105529
100.750000,-69.677810,45.169082,2.328311,-0.082225,1.113622,1.105871
100.800000,-69.712096,45.205475,2.324617,-0.064118,1.113779,1.109345
100.850000,-69.746266,45.241978,2.321962,-0.041383,1.114715,1.116739
100.900000,-69.780360,45.278551,2.320500,-0.017237,1.115273,1.121904
100.950000,-69.814422,45.315153,2.320215,0.004859,1.115794,1.123625
101.000000,-69.848493,45.351748,2.320924,0.021891,1.117318,1.124860
101.050000,-69.882604,45.388306,2.322315,0.031885,1.117511,1.125609
101.100000,-69.916772,45.424810,2.324014,0.034249,1.118968,1.126285
101.150000,-69.951002,45.461256,2.325651,0.029821,1.121041,1.126695
101.200000,-69.985286,45.497651,2.326932,0.020616,1.123793,1.126212
101.250000,-70.019607,45.534011,2.327684,0.009354,1.127936,1.125655
101.300000,-70.053945,45.570355,2.327875,-0.001148,1.130210,1.125436
101.350000,-70.088281,45.606701,2.327607,-0.008543,1.130671,1.126191
101.400000,-70.122602,45.643061,2.327078,-0.011425,1.130459,1.127335
101.450000,-70.156903,45.679440,2.326526,-0.009536,1.129848,1.128016
101.500000,-70.191187,45.715836,2.326176,-0.003698,1.128026,1.128493
101.550000,-70.225464,45.752237,2.326188,0.004494,1.125026,1.127419
101.600000,-70.259750,45.788631,2.326633,0.013158,1.122852,1.125564
101.650000,-70.294059,45.825002,2.327490,0.020629,1.121802,1.125659
101.700000,-70.328406,45.861338,2.328668,0.025848,1.119858,1.125603
101.750000,-70.362799,45.897630,2.330042,0.028550,1.118285,1.124420
101.800000,-70.397244,45.933873,2.331496,0.029184,1.117742,1.121540
101.850000,-70.431742,45.970066,2.332945,0.028660,1.117896,1.119578
101.900000,-70.466291,46.006209,2.334359,0.027978,1.117157,1.118296
101.950000,-70.500891,46.042304,2.335750,0.027911,1.116167,1.116145
102.000000,-70.535542,46.078350,2.337162,0.028808,1.116034,1.115466
102.050000,-70.570244,46.114346,2.338643,0.030597,1.114630,1.115107
102.100000,-70.605002,46.150289,2.340229,0.032935,1.112447,1.114518
102.150000,-70.639819,46.186175,2.341939,0.035433,1.110201,1.113697
102.200000,-70.674699,46.222000,2.343771,0.037837,1.109628,1.112267
102.250000,-70.709647,46.257758,2.345720,0.040100,1.110446,1.112059
102.300000,-70.744666,46.293446,2.347781,0.042317,1.109784,1.111900
102.350000,-70.779761,46.329059,2.349953,0.044582,1.111683,1.114099
102.400000,-70.814935,46.364595,2.352239,0.046861,1.111484,1.117316
102.450000,-70.850193,46.400048,2.354636,0.048931,1.111186,1.117614
102.500000,-70.885537,46.435415,2.357125,0.050399,1.110966,1.117834
102.550000,-70.920970,46.470692,2.359663,0.050772,1.110964,1.117836
102.600000,-70.956492,46.505880,2.362182,0.049521,1.112754,1.120246
102.650000,-70.992101,46.540979,2.364588,0.046102,1.115148,1.123652
102.700000,-71.027791,46.575997,2.366758,0.039985,1.114299,1.123619
102.750000,-71.063550,46.610944,2.368546,0.030720,1.112879,1.123737
102.800000,-71.099363,46.645836,2.369787,0.018076,1.112813,1.123771
102.850000,-71.135207,46.680695,2.370312,0.002239,1.113110,1.123506
102.900000,-71.171055,46.715551,2.369978,-0.016029,1.113620,1.119517
102.950000,-71.206875,46.750436,2.368694,-0.035349,1.114449,1.114051
103.000000,-71.242633,46.785384,2.366452,-0.053867,1.115219,1.110884
103.050000,-71.278297,46.820428,2.363342,-0.069544,1.115738,1.107062
103.100000,-71.313839,46.855595,2.359556,-0.080538,1.116035,1.106597
103.150000,-71.349240,46.890905,2.355364,-0.085536,1.116147,1.106253
103.200000,-71.384490,46.926366,2.351086,-0.083977,1.116045,1.106523
103.250000,-71.419591,46.961973,2.347048,-0.076106,1.115643,1.108758
103.300000,-71.454557,46.997714,2.343545,-0.062905,1.115092,1.111508
103.350000,-71.489411,47.033564,2.340808,-0.045906,1.114695,1.111989
103.400000,-71.524183,47.069493,2.338981,-0.026947,1.114250,1.112550
103.450000,-71.558906,47.105470,2.338116,-0.007894,1.113602,1.113114
103.500000,-71.593615,47.141460,2.338174,0.009640,1.111425,1.113487
103.550000,-71.628340,47.177434,2.339047,0.024540,1.107479,1.113686
103.600000,-71.663110,47.213365,2.340588,0.036335,1.105309,1.113891
103.650000,-71.697945,47.249233,2.342643,0.045192,1.105379,1.113821
103.700000,-71.732861,47.285023,2.345077,0.051719,1.105559,1.113641
103.750000,-71.767869,47.320722,2.347793,0.056638,1.105723,1.112337
103.800000,-71.802977,47.356322,2.350726,0.060402,1.105727,1.110773
103.850000,-71.838193,47.391817,2.353818,0.062913,1.105499,1.110452
103.900000,-71.873521,47.427200,2.356993,0.063451,1.105144,1.109929
103.950000,-71.908960,47.462471,2.360124,0.060870,1.104725,1.110048
104.000000,-71.944506,47.497635,2.363026,0.053986,1.104474,1.110126
104.050000,-71.980146,47.532703,2.365459,0.042081,1.104732,1.109995
104.100000,-72.015860,47.567696,2.367171,0.025308,1.105358,1.108317
104.150000,-72.051618,47.602644,2.367941,0.004875,1.107888,1.105886
104.200000,-72.087384,47.637584,2.367636,-0.017089,1.111221,1.104979
104.250000,-72.123120,47.672554,2.366244,-0.037950,1.112111,1.103920
104.300000,-72.158790,47.707592,2.363886,-0.055154,1.112833,1.102967
104.350000,-72.194364,47.742728,2.360798,-0.066818,1.113207,1.102593
104.400000,-72.229821,47.777981,2.357286,-0.072110,1.112333,1.102621
104.450000,-72.265150,47.813362,2.353666,-0.071317,1.108720,1.103007
104.500000,-72.300354,47.848868,2.350219,-0.065566,1.105278,1.103622
104.550000,-72.335442,47.884490,2.347156,-0.056306,1.104693,1.104207
104.600000,-72.370429,47.920209,2.344618,-0.044780,1.105576,1.104341
104.650000,-72.405337,47.956007,2.342698,-0.031662,1.107300,1.104085
104.700000,-72.440187,47.991860,2.341471,-0.017060,1.107564,1.103936
104.750000,-72.475008,48.027742,2.341013,-0.000836,1.107656,1.103886
104.800000,-72.509827,48.063626,2.341406,0.016882,1.107588,1.106004
104.850000,-72.544676,48.099480,2.342711,0.035252,1.107171,1.111545
104.900000,-72.579588,48.135273,2.344920,0.052545,1.106359,1.115641
104.950000,-72.614594,48.170974,2.347924,0.066398,1.105370,1.116630
105.000000,-72.649718,48.206559,2.351487,0.074396,1.104720,1.117280
105.050000,-72.684974,48.242014,2.355267,0.074795,1.104596,1.117404
105.100000,-72.720361,48.277338,2.358863,0.067123,1.105038,1.117005
105.150000,-72.755866,48.312543,2.361888,0.052423,1.108199,1.116153
105.200000,-72.791463,48.347655,2.364043,0.033060,1.112284,1.115116
105.250000,-72.827117,48.382708,2.365171,0.012181,1.113250,1.114150
105.300000,-72.862793,48.417740,2.365280,-0.006965,1.113903,1.111370
105.350000,-72.898457,48.452784,2.364530,-0.021653,1.114156,1.108244
105.400000,-72.934084,48.487866,2.363194,-0.030089,1.114146,1.107786
105.450000,-72.969658,48.523001,2.361610,-0.031555,1.113961,1.104573
105.500000,-73.005178,48.558191,2.360124,-0.026342,1.113254,1.100992
105.550000,-73.040651,48.593428,2.359048,-0.015564,1.109351,1.101254
105.600000,-73.076098,48.628692,2.358619,-0.000932,1.105041,1.104172
105.650000,-73.111543,48.663958,2.358980,0.015513,1.104435,1.107143
105.700000,-73.147015,48.699196,2.360168,0.031636,1.103280,1.107474
105.750000,-73.182543,48.734378,2.362116,0.045477,1.102106,1.109394
105.800000,-73.218150,48.769479,2.364668,0.055505,1.101775,1.109896
105.850000,-73.253854,48.804482,2.367607,0.060823,1.101781,1.110929
105.900000,-73.289665,48.839377,2.370688,0.061265,1.101961,1.112649
105.950000,-73.325581,48.874162,2.373677,0.057386,1.104017,1.113986
106.000000,-73.361597,48.908844,2.376384,0.050319,1.106766,1.114505
106.050000,-73.397700,48.943435,2.378686,0.041538,1.109038,1.114339
106.100000,-73.433875,48.977952,2.380534,0.032565,1.111949,1.113993
106.150000,-73.470106,49.012409,2.381955,0.024658,1.113110,1.113744
106.200000,-73.506379,49.046822,2.383023,0.018531,1.115076,1.114119
106.250000,-73.542685,49.081201,2.383831,0.014196,1.116739,1.115640
106.300000,-73.579015,49.115554,2.384457,0.010954,1.117482,1.117701
106.350000,-73.615364,49.149887,2.384927,0.007609,1.117178,1.118922
106.400000,-73.651726,49.184206,2.385201,0.002856,1.116937,1.120059
106.450000,-73.688092,49.218521,2.385183,-0.004243,1.116854,1.121389
106.500000,-73.724451,49.252843,2.384744,-0.013878,1.119004,1.122324
106.550000,-73.760786,49.287191,2.383771,-0.025319,1.122139,1.123901
106.600000,-73.797078,49.321584,2.382207,-0.037071,1.128862,1.123968
106.650000,-73.833306,49.356045,2.380081,-0.047324,1.137571,1.124722
106.700000,-73.869452,49.390591,2.377513,-0.054501,1.137983,1.127086
106.750000,-73.905505,49.425235,2.374681,-0.057783,1.137867,1.129513
106.800000,-73.941457,49.459983,2.371782,-0.057346,1.137488,1.132892
106.850000,-73.977310,49.494834,2.368981,-0.054293,1.136429,1.135628
106.900000,-74.013068,49.529782,2.366367,-0.050281,1.135251,1.136749
106.950000,-74.048739,49.564819,2.363945,-0.047004,1.134278,1.136483
107.000000,-74.084326,49.599941,2.361642,-0.045680,1.133031,1.132438
107.050000,-74.119833,49.635144,2.359346,-0.046726,1.132826,1.127774
107.100000,-74.155258,49.670430,2.356945,-0.049683,1.133027,1.127487
107.150000,-74.190595,49.705803,2.354367,-0.053394,1.133304,1.127096
107.200000,-74.225837,49.741271,2.351613,-0.056386,1.133596,1.126804
107.250000,-74.260980,49.776838,2.348754,-0.057311,1.133381,1.126079
107.300000,-74.296020,49.812506,2.345919,-0.055339,1.132572,1.125285
107.350000,-74.330962,49.848270,2.343259,-0.050359,1.131876,1.125524
107.400000,-74.365814,49.884121,2.340914,-0.042976,1.129933,1.125927
107.450000,-74.400589,49.920048,2.338979,-0.034266,1.127408,1.126392
107.500000,-74.435302,49.956034,2.337490,-0.025403,1.124543,1.126819
107.550000,-74.469970,49.992064,2.336430,-0.017278,1.121101,1.126400
107.600000,-74.504606,50.028124,2.335749,-0.010251,1.121062,1.124996
107.650000,-74.539224,50.064201,2.335393,-0.004113,1.121103,1.124054
107.700000,-74.573834,50.100286,2.335333,0.001721,1.121122,1.123336
107.750000,-74.608448,50.136368,2.335569,0.007871,1.120692,1.121324
107.800000,-74.643076,50.172437,2.336128,0.014644,1.119289,1.119498
107.850000,-74.677730,50.208480,2.337039,0.021802,1.117936,1.119150
107.900000,-74.712423,50.244485,2.338304,0.028526,1.115891,1.118897
107.950000,-74.747168,50.280440,2.339872,0.033617,1.112464,1.118266
108.000000,-74.781972,50.316338,2.341629,0.035804,1.111082,1.117689
108.050000,-74.816841,50.352173,2.343403,0.034093,1.110940,1.116889
108.100000,-74.851770,50.387949,2.344983,0.028011,1.110996,1.114777
108.150000,-74.886750,50.423677,2.346150,0.017680,1.111064,1.112608
108.200000,-74.921760,50.459374,2.346704,0.003721,1.111127,1.110802
108.250000,-74.956777,50.495065,2.346486,-0.012933,1.111619,1.109281
108.300000,-74.991770,50.530778,2.345388,-0.031253,1.112003,1.108726
108.350000,-75.026708,50.566546,2.343352,-0.050247,1.112323,1.108177
108.400000,-75.061556,50.602402,2.340366,-0.069011,1.112627,1.107873
108.450000,-75.096279,50.638378,2.336463,-0.086723,1.113023,1.107477
108.500000,-75.130847,50.674504,2.331716,-0.102625,1.113857,1.106986
108.550000,-75.165229,50.710806,2.326231,-0.116072,1.115592,1.106523
108.600000,-75.199400,50.747308,2.320145,-0.126618,1.117154,1.106347
108.650000,-75.233340,50.784024,2.313608,-0.134124,1.117452,1.106448
108.700000,-75.267032,50.820968,2.306769,-0.138797,1.117257,1.107934
108.750000,-75.300468,50.858143,2.299759,-0.141117,1.116861,1.110039
108.800000,-75.333641,50.895554,2.292681,-0.141655,1.116816,1.110213
108.850000,-75.366548,50.933199,2.285611,-0.140844,1.117061,1.110268
108.900000,-75.399189,50.971075,2.278612,-0.138837,1.117264,1.110236
108.950000,-75.431567,51.009176,2.271744,-0.135522,1.117441,1.110059
109.000000,-75.463685,51.047495,2.265078,-0.130754,1.117840,1.109747
109.050000,-75.495553,51.086024,2.258685,-0.124720,1.117893,1.109375
109.100000,-75.527180,51.124750,2.252611,-0.118337,1.117338,1.109276
109.150000,-75.558577,51.163663,2.246834,-0.113488,1.116306,1.109588
109.200000,-75.589752,51.202754,2.241210,-0.112982,1.114973,1.110040
109.250000,-75.620706,51.242021,2.235441,-0.120161,1.113200,1.110398
109.300000,-75.651422,51.281474,2.229057,-0.138241,1.111342,1.110558
109.350000,-75.681864,51.321139,2.221450,-0.169517,1.110875,1.109980
109.400000,-75.711967,51.361061,2.211929,-0.214670,1.110466,1.108772
109.450000,-75.741638,51.401305,2.199821,-0.272357,1.111129,1.107157
109.500000,-75.770758,51.441950,2.184572,-0.339252,1.112385,1.102158
109.550000,-75.799184,51.483084,2.165836,-0.410501,1.114586,1.093810
109.600000,-75.826760,51.524792,2.143531,-0.480596,1.116892,1.088598
109.650000,-75.853326,51.567151,2.117851,-0.544390,1.118739,1.086861
109.700000,-75.878730,51.610216,2.089215,-0.598086,1.120492,1.085849
109.750000,-75.902837,51.654021,2.058188,-0.639910,1.121779,1.085468
109.800000,-75.925530,51.698574,2.025365,-0.670250,1.121845,1.085503
109.850000,-75.946719,51.743862,1.991275,-0.691284,1.121679,1.085721
109.900000,-75.966331,51.789856,1.956307,-0.706211,1.121520,1.085930
109.950000,-75.984307,51.836513,1.920681,-0.718380,1.121543,1.086008
110.000000,-76.000595,51.883785,1.884461,-0.730584,1.121749,1.085903
110.050000,-76.015146,51.931621,1.847591,-0.744670,1.122514,1.085664
110.100000,-76.027905,51.979965,1.809951,-0.761494,1.124108,1.085252
110.150000,-76.038815,52.028761,1.771397,-0.781121,1.125449,1.084773
110.200000,-76.047810,52.077945,1.731799,-0.803130,1.126775,1.084419
110.250000,-76.054823,52.127450,1.691052,-0.826913,1.127933,1.084099
110.300000,-76.059784,52.177203,1.649082,-0.851886,1.128547,1.083712
110.350000,-76.062621,52.227123,1.605843,-0.877614,1.129065,1.083296
110.400000,-76.063265,52.277119,1.561302,-0.903899,1.131270,1.082817
110.450000,-76.061650,52.327092,1.515431,-0.930843,1.135715,1.082337
110.500000,-76.057710,52.376937,1.468188,-0.958899,1.137826,1.081940
110.550000,-76.051386,52.426535,1.419498,-0.988866,1.139891,1.081537
110.600000,-76.042617,52.475760,1.369243,-1.021745,1.141250,1.081230
110.650000,-76.031345,52.524472,1.317251,-1.058467,1.141955,1.080933
110.700000,-76.017511,52.572520,1.263316,-1.099479,1.142703,1.080371
110.750000,-76.001057,52.619735,1.207230,-1.144337,1.146160,1.079552
110.800000,-75.981929,52.665931,1.148837,-1.191409,1.148342,1.078396
110.850000,-75.960084,52.710906,1.088093,-1.237878,1.151745,1.077197
110.900000,-75.935501,52.754445,1.025123,-1.280057,1.159847,1.076133
110.950000,-75.908184,52.796323,0.960243,-1.313999,1.164120,1.075286
111.000000,-75.878181,52.836319,0.893958,-1.336239,1.166805,1.074921
111.050000,-75.845577,52.874226,0.826920,-1.344435,1.167059,1.074841
111.100000,-75.810504,52.909861,0.759861,-1.337635,1.166821,1.075178
111.150000,-75.773133,52.943078,0.693524,-1.315765,1.165901,1.075999
111.200000,-75.733662,52.973770,0.628612,-1.280341,1.165124,1.076781
111.250000,-75.692311,53.001877,0.565760,-1.233086,1.164242,1.077758
111.300000,-75.649308,53.027386,0.505525,-1.175433,1.163230,1.078781
111.350000,-75.604883,53.050328,0.448398,-1.108680,1.161992,1.079926
111.400000,-75.559255,53.070775,0.394805,-1.034061,1.159442,1.081342
111.450000,-75.512632,53.088838,0.345109,-0.952898,1.157672,1.083010
111.500000,-75.465202,53.104661,0.299604,-0.866640,1.154873,1.084963
111.550000,-75.417131,53.118416,0.258506,-0.776795,1.148130,1.086968
111.600000,-75.368562,53.130294,0.221960,-0.684806,1.139536,1.089091
111.650000,-75.319616,53.140502,0.190040,-0.591990,1.136681,1.090948
111.700000,-75.270388,53.149257,0.162757,-0.499577,1.134488,1.092570
111.750000,-75.220957,53.156780,0.140058,-0.408879,1.131463,1.094287
111.800000,-75.171383,53.163290,0.121822,-0.321445,1.128681,1.096268
111.850000,-75.121710,53.169002,0.107839,-0.239127,1.125947,1.102677
111.900000,-75.071973,53.174118,0.097803,-0.163937,1.121824,1.117385
111.950000,-75.022195,53.178825,0.091310,-0.097729,1.118738,1.119062
112.000000,-74.972394,53.183287,0.087873,-0.041829,1.116885,1.120238
112.050000,-74.922584,53.187643,0.086961,0.003303,1.113984,1.120929
112.100000,-74.872775,53.192005,0.088043,0.038119,1.112805,1.121295
112.150000,-74.822974,53.196460,0.090629,0.063793,1.112690,1.118562
112.200000,-74.773187,53.201073,0.094301,0.081789,1.112626,1.110574
112.250000,-74.723420,53.205888,0.098707,0.093349,1.112670,1.110661
112.300000,-74.673675,53.210935,0.103547,0.099138,1.112839,1.110861
112.350000,-74.623956,53.216227,0.108534,0.099168,1.112412,1.111708
112.400000,-74.574263,53.221764,0.113371,0.093069,1.111561,1.114448
112.450000,-74.524597,53.227531,0.117743,0.080607,1.111232,1.117819
112.500000,-74.474954,53.233498,0.121338,0.062257,1.111586,1.120414
112.550000,-74.425330,53.239618,0.123896,0.039573,1.112486,1.119514
112.600000,-74.375718,53.245836,0.125262,0.015186,1.114793,1.117707
112.650000,-74.326111,53.252092,0.125432,-0.007613,1.119245,1.114233
112.700000,-74.276502,53.258329,0.124568,-0.025618,1.120131,1.112169
112.750000,-74.226885,53.264504,0.122975,-0.036534,1.119530,1.111874
112.800000,-74.177256,53.270590,0.121036,-0.039592,1.116778,1.112781
112.850000,-74.127616,53.276579,0.119127,-0.035749,1.115489,1.115515
112.900000,-74.077966,53.282480,0.117537,-0.027378,1.113130,1.116374
112.950000,-74.028307,53.288314,0.116418,-0.017518,1.111108,1.117239
113.000000,-73.978644,53.294104,0.115771,-0.008940,1.110448,1.117620
113.050000,-73.928977,53.299871,0.115480,-0.003344,1.110309,1.117259
113.100000,-73.879310,53.305629,0.115386,-0.000921,1.110679,1.115516
113.150000,-73.829642,53.311385,0.115353,-0.000485,1.112117,1.111838
113.200000,-73.779975,53.317139,0.115332,-0.000061,1.114708,1.110792
113.250000,-73.730307,53.322894,0.115373,0.002226,1.115050,1.110450
113.300000,-73.680640,53.328654,0.115599,0.007381,1.114926,1.110785
113.350000,-73.630975,53.334433,0.116153,0.015108,1.112675,1.112460
113.400000,-73.581315,53.340250,0.117131,0.023972,1.106805,1.114566
113.450000,-73.531661,53.346127,0.118542,0.032005,1.104480,1.115420
113.500000,-73.482017,53.352082,0.120296,0.037561,1.104108,1.115792
113.550000,-73.432384,53.358131,0.122249,0.039979,1.105676,1.115152
113.600000,-73.382763,53.364278,0.124252,0.039809,1.111047,1.112989
113.650000,-73.333155,53.370523,0.126208,0.038481,1.115802,1.111272
113.700000,-73.283559,53.376864,0.128103,0.037579,1.119859,1.110741
113.750000,-73.233974,53.383298,0.129987,0.038093,1.119761,1.111822
113.800000,-73.184403,53.389827,0.131935,0.039973,1.116839,1.115336
113.850000,-73.134844,53.396455,0.133993,0.042212,1.109262,1.116506
113.900000,-73.085299,53.403188,0.136143,0.043381,1.107135,1.117165
113.950000,-73.035769,53.410028,0.138299,0.042327,1.107106,1.117087
114.000000,-72.986254,53.416972,0.140336,0.038692,1.111030,1.116087
114.050000,-72.936752,53.424011,0.142135,0.033014,1.121290,1.114923
114.100000,-72.887261,53.431132,0.143620,0.026380,1.122564,1.114236
114.150000,-72.837781,53.438318,0.144773,0.019882,1.122742,1.114750
114.200000,-72.788307,53.445554,0.145619,0.014135,1.122214,1.118490
114.250000,-72.738838,53.452825,0.146199,0.009144,1.120842,1.123511
114.300000,-72.689373,53.460118,0.146540,0.004516,1.119815,1.124685
114.350000,-72.639910,53.467422,0.146650,-0.000150,1.119952,1.124548
114.400000,-72.590446,53.474726,0.146523,-0.004930,1.120853,1.122182
114.450000,-72.540981,53.482018,0.146159,-0.009508,1.122758,1.116535
114.500000,-72.491512,53.489287,0.145582,-0.013399,1.123970,1.116130
114.550000,-72.442038,53.496522,0.144835,-0.016281,1.123935,1.116165
114.600000,-72.392558,53.503718,0.143969,-0.018241,1.122918,1.116916
114.650000,-72.343072,53.510868,0.143019,-0.019769,1.120302,1.119997
114.700000,-72.293579,53.517970,0.141990,-0.021478,1.119093,1.124507
114.750000,-72.244078,53.525018,0.140862,-0.023747,1.119155,1.124445
114.800000,-72.194569,53.532007,0.139607,-0.026468,1.119844,1.122476
114.850000,-72.145051,53.538931,0.138215,-0.029091,1.121222,1.115578
114.900000,-72.095523,53.545783,0.136709,-0.030933,1.122103,1.109197
114.950000,-72.045984,53.552558,0.135140,-0.031615,1.122169,1.109131
115.000000,-71.996435,53.559256,0.133563,-0.031387,1.121762,1.111326
115.050000,-71.946875,53.565875,0.132004,-0.031130,1.119830,1.118036
115.100000,-71.897305,53.572418,0.130435,-0.032037,1.115473,1.121760
115.150000,-71.847724,53.578880,0.128769,-0.035065,1.114587,1.121913
115.200000,-71.798132,53.585256,0.126892,-0.040424,1.114899,1.120426
115.250000,-71.748527,53.591530,0.124700,-0.047356,1.115819,1.115506
115.300000,-71.698908,53.597687,0.122152,-0.054291,1.117325,1.111447
115.350000,-71.649272,53.603710,0.119295,-0.059365,1.117853,1.109506
115.400000,-71.599618,53.609586,0.116264,-0.061071,1.117946,1.108754
115.450000,-71.549947,53.615311,0.113249,-0.058801,1.117602,1.108991
115.500000,-71.500260,53.620890,0.110440,-0.053073,1.115743,1.109620
115.550000,-71.450557,53.626338,0.107976,-0.045353,1.111924,1.110902
115.600000,-71.400843,53.631673,0.105910,-0.037576,1.110749,1.112338
115.650000,-71.351118,53.636915,0.104195,-0.031544,1.110483,1.113144
115.700000,-71.301385,53.642078,0.102712,-0.028445,1.110764,1.113151
115.750000,-71.251645,53.647169,0.101301,-0.028606,1.112660,1.112886
115.800000,-71.201898,53.652189,0.099807,-0.031578,1.115944,1.112402
115.850000,-71.152143,53.657130,0.098112,-0.036421,1.116252,1.111867
115.900000,-71.102378,53.661980,0.096150,-0.042072,1.116419,1.111481
115.950000,-71.052604,53.666725,0.093905,-0.047633,1.116422,1.111478
116.000000,-71.002819,53.671352,0.091397,-0.052465,1.115731,1.111579
116.050000,-70.953021,53.675849,0.088675,-0.056131,1.114515,1.111748
116.100000,-70.903212,53.680206,0.085807,-0.058226,1.116094,1.111706
116.150000,-70.853389,53.684418,0.082883,-0.058241,1.116250,1.111550
116.200000,-70.803555,53.688486,0.080022,-0.055556,1.116430,1.111316
116.250000,-70.753710,53.692415,0.077376,-0.049584,1.116519,1.111054
116.300000,-70.703855,53.696222,0.075119,-0.039999,1.116402,1.110991
116.350000,-70.653992,53.699930,0.073429,-0.027007,1.115263,1.111059
116.400000,-70.604125,53.703571,0.072460,-0.011476,1.112210,1.111587
116.450000,-70.554256,53.707183,0.072302,0.005082,1.110417,1.112417
116.500000,-70.504387,53.710808,0.072959,0.020716,1.109707,1.113922
116.550000,-70.454523,53.714484,0.074332,0.033358,1.108915,1.116368
116.600000,-70.404664,53.718243,0.076224,0.041153,1.108635,1.117965
116.650000,-70.354813,53.722103,0.078355,0.042757,1.109094,1.118204
116.700000,-70.304971,53.726069,0.080396,0.037474,1.111476,1.118503
116.750000,-70.255136,53.730126,0.081997,0.025300,1.114938,1.118129
116.800000,-70.205306,53.734246,0.082828,0.006856,1.118013,1.118063
116.850000,-70.155477,53.738382,0.082602,-0.016713,1.118616,1.118618
116.900000,-70.105645,53.742475,0.081099,-0.043834,1.119572,1.118297
116.950000,-70.055804,53.746459,0.078189,-0.072570,1.120974,1.117626
117.000000,-70.005949,53.750262,0.073845,-0.100711,1.121680,1.116920
117.050000,-69.956075,53.753815,0.068158,-0.125867,1.122259,1.115747
117.100000,-69.906180,53.757054,0.061335,-0.145639,1.121722,1.112976
117.150000,-69.856263,53.759931,0.053704,-0.157853,1.119392,1.107217
117.200000,-69.806325,53.762416,0.045687,-0.160820,1.115094,1.101157
117.250000,-69.756368,53.764500,0.037775,-0.153576,1.112911,1.100517
117.300000,-69.706397,53.766203,0.030486,-0.136074,1.111876,1.100579
117.350000,-69.656416,53.767568,0.024312,-0.109286,1.110331,1.101496
117.400000,-69.606428,53.768660,0.019673,-0.075230,1.108748,1.102825
117.450000,-69.556436,53.769565,0.016862,-0.036900,1.106523,1.104395
117.500000,-69.506443,53.770379,0.016000,0.001922,1.104955,1.107011
117.550000,-69.456449,53.771197,0.017008,0.037054,1.103391,1.109617
117.600000,-69.406458,53.772106,0.019597,0.064460,1.101676,1.111291
117.650000,-69.356469,53.773174,0.023295,0.080970,1.100824,1.114861
117.700000,-69.306485,53.774443,0.027506,0.084961,1.100687,1.119464
117.750000,-69.256507,53.775922,0.031604,0.076772,1.102038,1.121300
117.800000,-69.206535,53.777591,0.035028,0.058720,1.105515,1.123435
117.850000,-69.156568,53.779406,0.037375,0.034586,1.115103,1.123542
117.900000,-69.106604,53.781306,0.038451,0.008774,1.133841,1.123956
117.950000,-69.056641,53.783229,0.038280,-0.014651,1.135843,1.124640
118.000000,-69.006677,53.785116,0.037063,-0.032695,1.136248,1.125644
118.050000,-68.956709,53.786923,0.035114,-0.043794,1.136277,1.129223
118.100000,-68.906738,53.788621,0.032792,-0.047742,1.136007,1.131265
118.150000,-68.856763,53.790201,0.030438,-0.045324,1.137010,1.132628
118.200000,-68.806785,53.791669,0.028338,-0.037864,1.139774,1.133020
118.250000,-68.756804,53.793042,0.026708,-0.026821,1.139569,1.133925
118.300000,-68.706821,53.794350,0.025692,-0.013576,1.139275,1.134891
118.350000,-68.656837,53.795623,0.025368,0.000645,1.137688,1.136440
118.400000,-68.606853,53.796898,0.025757,0.014761,1.134097,1.138553
118.450000,-68.556870,53.798210,0.026829,0.027786,1.133059,1.138941
118.500000,-68.506889,53.799591,0.028507,0.038787,1.132371,1.138935
118.550000,-68.456911,53.801068,0.030666,0.046840,1.130848,1.137735
118.600000,-68.406937,53.802662,0.033135,0.050988,1.128881,1.135903
118.650000,-68.356966,53.804382,0.035694,0.050287,1.126171,1.134235
118.700000,-68.307000,53.806227,0.038080,0.043900,1.125094,1.132978
118.750000,-68.257038,53.808181,0.039992,0.031342,1.124122,1.130882
118.800000,-68.207080,53.810212,0.041123,0.012803,1.123079,1.126854
118.850000,-68.157122,53.812274,0.041196,-0.010584,1.123386,1.124286
118.900000,-68.107164,53.814310,0.040018,-0.036635,1.121550,1.118992
118.950000,-68.057202,53.816253,0.037530,-0.062314,1.117197,1.107651
119.000000,-68.007234,53.818042,0.033836,-0.084225,1.117971,1.103899
119.050000,-67.957258,53.819621,0.029204,-0.099327,1.117072,1.101320
119.100000,-67.907276,53.820953,0.024032,-0.105630,1.114623,1.101203
119.150000,-67.857288,53.822023,0.018781,-0.102668,1.112959,1.101641
119.200000,-67.807294,53.822837,0.013892,-0.091608,1.111447,1.102454
119.250000,-67.757298,53.823424,0.009712,-0.074908,1.108499,1.103546
119.300000,-67.707299,53.823824,0.006445,-0.055717,1.107170,1.104534
119.350000,-67.657300,53.824085,0.004136,-0.037164,1.105544,1.105572
119.400000,-67.607300,53.824252,0.002686,-0.021740,1.104513,1.106499
119.450000,-67.557300,53.824364,0.001894,-0.010978,1.104066,1.107346
119.500000,-67.507300,53.824448,0.001511,-0.005386,1.104249,1.107563
119.550000,-67.457301,53.824518,0.001282,-0.004648,1.104740,1.107332
119.600000,-67.407301,53.824575,0.000983,-0.007968,1.104883,1.107089
119.650000,-67.357301,53.824612,0.000437,-0.014403,1.105048,1.106852
119.700000,-67.307301,53.824612,-0.000493,-0.023141,1.105194,1.106370
119.750000,-67.257301,53.824554,-0.001904,-0.033588,1.105283,1.105053
119.800000,-67.207301,53.824412,-0.003872,-0.045337,1.105500,1.103900
119.850000,-67.157301,53.824157,-0.006452,-0.057972,1.105843,1.103333
119.900000,-67.107303,53.823756,-0.009675,-0.070855,1.106434,1.102222
119.950000,-67.057306,53.823179,-0.013529,-0.082926,1.106999,1.101801
120.000000,-67.007313,53.822394,-0.017936,-0.092654,1.107790,1.100982
120.050000,-66.957323,53.821379,-0.022736,-0.098177,1.108447,1.100478
120.100000,-66.907339,53.820119,-0.027668,-0.097663,1.110157,1.100131
120.150000,-66.857361,53.818616,-0.032394,-0.089771,1.113961,1.100001
120.200000,-66.807391,53.816890,-0.036528,-0.074117,1.118150,1.100389
120.250000,-66.757428,53.814980,-0.039698,-0.051541,1.119089,1.106269
120.300000,-66.707469,53.812943,-0.041604,-0.024088,1.121735,1.121195
120.350000,-66.657513,53.810845,-0.042071,0.005338,1.123269,1.126538
120.400000,-66.607557,53.808761,-0.041081,0.033540,1.123702,1.128945
120.450000,-66.557597,53.806760,-0.038773,0.057633,1.124312,1.131413
120.500000,-66.507631,53.804902,-0.035407,0.075554,1.125093,1.131963
120.550000,-66.457659,53.803232,-0.031323,0.086327,1.125903,1.132109
120.600000,-66.407680,53.801776,-0.026881,0.090052,1.126746,1.132253
120.650000,-66.357695,53.800545,-0.022411,0.087708,1.127362,1.133047
120.700000,-66.307706,53.799531,-0.018181,0.080820,1.128305,1.134395
120.750000,-66.257712,53.798719,-0.014374,0.071113,1.128876,1.134023
120.800000,-66.207716,53.798085,-0.011090,0.060225,1.129999,1.133601
120.850000,-66.157719,53.797601,-0.008352,0.049505,1.130929,1.132659
120.900000,-66.107720,53.797241,-0.006125,0.039901,1.131120,1.131180
120.950000,-66.057721,53.796981,-0.004338,0.031937,1.131282,1.131018
121.000000,-66.007721,53.796802,-0.002904,0.025750,1.131449,1.130936
121.050000,-65.957721,53.796687,-0.001739,0.021159,1.131680,1.131289
121.100000,-65.907721,53.796625,-0.000770,0.017777,1.131756,1.132286
121.150000,-65.857721,53.796607,0.000051,0.015108,1.132074,1.132439
121.200000,-65.807721,53.796628,0.000745,0.012646,1.132298,1.132502
121.250000,-65.757721,53.796680,0.001313,0.009967,1.132346,1.132454
121.300000,-65.707721,53.796756,0.001735,0.006780,1.132370,1.132430
121.350000,-65.657721,53.796850,0.001982,0.003005,1.132406,1.132394
121.400000,-65.607721,53.796951,0.002028,-0.001241,1.132506,1.132266
121.450000,-65.557722,53.797049,0.001855,-0.005619,1.132581,1.132176
121.500000,-65.507722,53.797133,0.001470,-0.009652,1.132598,1.132246
121.550000,-65.457722,53.797193,0.000902,-0.012813,1.132638,1.132090
121.600000,-65.407722,53.797221,0.000207,-0.014642,1.132767,1.132089
121.650000,-65.357722,53.797213,-0.000539,-0.014876,1.132962,1.132038
121.700000,-65.307722,53.797168,-0.001256,-0.013514,1.132879,1.132121
121.750000,-65.257722,53.797089,-0.001870,-0.010840,1.132813,1.132272
121.800000,-65.207722,53.796984,-0.002327,-0.007345,1.132833,1.132467
121.850000,-65.157722,53.796860,-0.002600,-0.003616,1.132656,1.132729
121.900000,-65.107722,53.796727,-0.002691,-0.000175,1.132516,1.133084
121.950000,-65.057722,53.796593,-0.002626,0.002641,1.132478,1.133122
122.000000,-65.007723,53.796466,-0.002438,0.004751,1.132618,1.133096
122.050000,-64.957723,53.796351,-0.002160,0.006310,1.132947,1.133053
122.100000,-64.907723,53.796251,-0.001812,0.007614,1.133018,1.132982
122.150000,-64.857723,53.796171,-0.001398,0.008955,1.133027,1.132916
122.200000,-64.807723,53.796113,-0.000913,0.010485,1.133056,1.132744
122.250000,-64.757723,53.796081,-0.000348,0.012119,1.132959,1.132841
122.300000,-64.707723,53.796079,0.000297,0.013539,1.132704,1.133068
122.350000,-64.657723,53.796111,0.000997,0.014274,1.132300,1.133343
122.400000,-64.607723,53.796179,0.001708,0.013865,1.131961,1.133454
122.450000,-64.557723,53.796281,0.002363,0.012022,1.131773,1.133427
122.500000,-64.507723,53.796413,0.002888,0.008759,1.131898,1.133188
122.550000,-64.457723,53.796567,0.003221,0.004429,1.132117,1.132654
122.600000,-64.407724,53.796731,0.003323,-0.000348,1.132254,1.132276
122.650000,-64.357724,53.796895,0.003189,-0.004827,1.132391,1.131709
122.700000,-64.307724,53.797047,0.002854,-0.008317,1.132512,1.131446
122.750000,-64.257724,53.797178,0.002379,-0.010351,1.132524,1.131047
122.800000,-64.207725,53.797284,0.001843,-0.010770,1.132447,1.131081
122.850000,-64.157725,53.797363,0.001324,-0.009732,1.132354,1.131189
122.900000,-64.107725,53.797418,0.000886,-0.007650,1.132056,1.131344
122.950000,-64.057725,53.797454,0.000568,-0.005052,1.131891,1.131481
123.000000,-64.007725,53.797477,0.000382,-0.002475,1.131724,1.131576
123.050000,-63.957725,53.797494,0.000315,-0.000339,1.131706,1.131594
123.100000,-63.907725,53.797510,0.000338,0.001087,1.131690,1.131638
123.150000,-63.857725,53.797528,0.000411,0.001695,1.131700,1.131700
123.200000,-63.807725,53.797551,0.000495,0.001513,1.131749,1.131651
123.250000,-63.757725,53.797577,0.000552,0.000651,1.131751,1.131706
123.300000,-63.707725,53.797605,0.000552,-0.000730,1.131795,1.131890
123.350000,-63.657725,53.797631,0.000474,-0.002443,1.131798,1.132102
123.400000,-63.607725,53.797651,0.000306,-0.004275,1.131878,1.132022
123.450000,-63.557725,53.797660,0.000047,-0.005994,1.131941,1.132100
123.500000,-63.507725,53.797654,-0.000289,-0.007365,1.132118,1.132566
123.550000,-63.457725,53.797630,-0.000681,-0.008168,1.132742,1.132828
123.600000,-63.407725,53.797586,-0.001095,-0.008250,1.133188,1.132812
123.650000,-63.357725,53.797521,-0.001494,-0.007554,1.133152,1.132961
123.700000,-63.307725,53.797437,-0.001840,-0.006135,1.133107,1.133406
123.750000,-63.257725,53.797339,-0.002099,-0.004156,1.133006,1.133794
123.800000,-63.207725,53.797229,-0.002250,-0.001848,1.132914,1.133886
123.850000,-63.157725,53.797116,-0.002282,0.000541,1.133026,1.133973
123.900000,-63.107725,53.797003,-0.002198,0.002793,1.133468,1.134032
123.950000,-63.057725,53.796898,-0.002007,0.004744,1.133473,1.134027
124.000000,-63.007725,53.796804,-0.001729,0.006304,1.133466,1.134034
124.050000,-62.957726,53.796726,-0.001383,0.007431,1.133444,1.134056
124.100000,-62.907726,53.796666,-0.000992,0.008119,1.133403,1.134097
124.150000,-62.857726,53.796627,-0.000578,0.008384,1.133371,1.133874
124.200000,-62.807726,53.796609,-0.000160,0.008244,1.133503,1.133211
124.250000,-62.757726,53.796611,0.000241,0.007726,1.133844,1.133184
124.300000,-62.707726,53.796632,0.000607,0.006841,1.133966,1.133134
124.350000,-62.657726,53.796670,0.000920,0.005577,1.133956,1.135865
124.400000,-62.607726,53.796723,0.001159,0.003885,1.134005,1.142695
124.450000,-62.557726,53.796785,0.001300,0.001646,1.134043,1.142657
124.500000,-62.507726,53.796851,0.001313,-0.001303,1.134078,1.140184
124.550000,-62.457726,53.796913,0.001157,-0.005149,1.134088,1.133927
124.600000,-62.407726,53.796963,0.000783,-0.010038,1.134040,1.133732
124.650000,-62.357726,53.796987,0.000137,-0.015995,1.134046,1.133654
124.700000,-62.307726,53.796971,-0.000831,-0.022872,1.134192,1.133508
124.750000,-62.257726,53.796898,-0.002160,-0.030326,1.134439,1.133261
124.800000,-62.207726,53.796749,-0.003866,-0.037880,1.134689,1.133011
124.850000,-62.157727,53.796505,-0.005943,-0.045041,1.134978,1.132637
124.900000,-62.107728,53.796149,-0.008359,-0.051440,1.135208,1.132221
124.950000,-62.057730,53.795664,-0.011073,-0.056953,1.135380,1.132063
125.000000,-62.007734,53.795037,-0.014043,-0.061703,1.135437,1.131835
125.050000,-61.957740,53.794256,-0.017236,-0.065945,1.135577,1.131623
125.100000,-61.907749,53.793310,-0.020632,-0.069802,1.135581,1.131364
125.150000,-61.857762,53.792190,-0.024207,-0.072986,1.135789,1.130511
125.200000,-61.807779,53.790888,-0.027910,-0.074609,1.135835,1.130039
125.250000,-61.757801,53.789399,-0.031627,-0.073215,1.135981,1.128451
125.300000,-61.707829,53.787729,-0.035165,-0.067115,1.136393,1.126540
125.350000,-61.657863,53.785891,-0.038251,-0.054956,1.136541,1.124646
125.400000,-61.607902,53.783918,-0.040564,-0.036361,1.136025,1.124148
125.450000,-61.557944,53.781854,-0.041802,-0.012411,1.131511,1.123964
125.500000,-61.507988,53.779760,-0.041757,0.014262,1.116953,1.123791
125.550000,-61.458030,53.777702,-0.040383,0.039838,1.105176,1.123713
125.600000,-61.408069,53.775742,-0.037843,0.060055,1.103127,1.122931
125.650000,-61.358102,53.773932,-0.034506,0.071139,1.102662,1.122038
125.700000,-61.308128,53.772297,-0.030898,0.070637,1.102799,1.121073
125.750000,-61.258150,53.770836,-0.027625,0.057903,1.103521,1.117651
125.800000,-61.208167,53.769519,-0.025276,0.034187,1.104888,1.113968
125.850000,-61.158182,53.768285,-0.024335,0.002310,1.106559,1.109782
125.900000,-61.108197,53.767056,-0.025118,-0.033912,1.108469,1.105887
125.950000,-61.058215,53.765743,-0.027738,-0.070336,1.110463,1.102750
126.000000,-61.008237,53.764254,-0.032106,-0.103115,1.111704,1.101054
126.050000,-60.958267,53.762508,-0.037956,-0.129201,1.113990,1.100562
126.100000,-60.908310,53.760441,-0.044901,-0.146662,1.117433,1.101583
126.150000,-60.858369,53.758009,-0.052485,-0.154820,1.119568,1.104762
126.200000,-60.808449,53.755192,-0.060250,-0.154135,1.119210,1.108709
126.250000,-60.758551,53.751992,-0.067784,-0.145924,1.118545,1.110329
126.300000,-60.708678,53.748429,-0.074754,-0.131954,1.117630,1.111903
126.350000,-60.658830,53.744537,-0.080918,-0.114028,1.117114,1.112986
126.400000,-60.609005,53.740362,-0.086119,-0.093713,1.116679,1.113276
126.450000,-60.559199,53.735954,-0.090270,-0.072250,1.116302,1.113560
126.500000,-60.509410,53.731365,-0.093339,-0.050640,1.116564,1.113936
126.550000,-60.459633,53.726651,-0.095343,-0.029838,1.116142,1.114387
126.600000,-60.409863,53.721862,-0.096348,-0.010890,1.115641,1.114959
126.650000,-60.360095,53.717046,-0.096474,0.005046,1.114979,1.115621
126.700000,-60.310327,53.712241,-0.095902,0.016852,1.113269,1.115844
126.750000,-60.260554,53.707478,-0.094861,0.023681,1.109265,1.114369
126.800000,-60.210776,53.702773,-0.093612,0.025222,1.106854,1.111866
126.850000,-60.160992,53.698129,-0.092413,0.021831,1.106236,1.111068
126.900000,-60.111203,53.693540,-0.091489,0.014499,1.106598,1.109239
126.950000,-60.061411,53.688986,-0.091003,0.004690,1.106798,1.107644
127.000000,-60.011618,53.684443,-0.091036,-0.005930,1.106849,1.105693
127.050000,-59.961826,53.679886,-0.091587,-0.015754,1.106908,1.105433
127.100000,-59.912038,53.675290,-0.092582,-0.023444,1.107006,1.105194
127.150000,-59.862255,53.670636,-0.093888,-0.028092,1.107104,1.105096
127.200000,-59.812478,53.665913,-0.095340,-0.029274,1.107130,1.105216
127.250000,-59.762709,53.661117,-0.096765,-0.027100,1.107342,1.105563
127.300000,-59.712946,53.656254,-0.098008,-0.022193,1.107635,1.106319
127.350000,-59.663188,53.651337,-0.098957,-0.015624,1.107554,1.108592
127.400000,-59.613435,53.646380,-0.099563,-0.008756,1.107778,1.110597
127.450000,-59.563683,53.641402,-0.099847,-0.003012,1.107452,1.111348
127.500000,-59.513932,53.636416,-0.099896,0.000423,1.107775,1.111813
127.550000,-59.464181,53.631431,-0.099847,0.000919,1.109600,1.112367
127.600000,-59.414430,53.626447,-0.099847,-0.001398,1.110851,1.112249
127.650000,-59.364680,53.621460,-0.100018,-0.005599,1.111685,1.111969
127.700000,-59.314930,53.616458,-0.100416,-0.010159,1.113536,1.111377
127.750000,-59.265184,53.611432,-0.101017,-0.013343,1.114620,1.110692
127.800000,-59.215440,53.606372,-0.101712,-0.013756,1.116381,1.110419
127.850000,-59.165700,53.601279,-0.102343,-0.010790,1.116324,1.110797
127.900000,-59.115963,53.596160,-0.102746,-0.004904,1.115619,1.112544
127.950000,-59.066227,53.591028,-0.102807,0.002458,1.113999,1.114947
128.000000,-59.016491,53.585903,-0.102503,0.009263,1.112453,1.116847
128.050000,-58.966752,53.580801,-0.101915,0.013519,1.112040,1.117260
128.100000,-58.917009,53.575731,-0.101207,0.013901,1.111955,1.117345
128.150000,-58.867264,53.570696,-0.100586,0.010189,1.112692,1.116461
128.200000,-58.817515,53.565685,-0.100238,0.003346,1.114549,1.114544
128.250000,-58.767766,53.560682,-0.100275,-0.004755,1.116021,1.113135
128.300000,-58.718018,53.555668,-0.100703,-0.011877,1.117379,1.110865
128.350000,-58.668273,53.550624,-0.101422,-0.016051,1.119094,1.110706
128.400000,-58.618532,53.545541,-0.102249,-0.016062,1.118985,1.110815
128.450000,-58.568795,53.540419,-0.102964,-0.011721,1.117738,1.111916
128.500000,-58.519061,53.535268,-0.103366,-0.003839,1.115063,1.114237
128.550000,-58.469328,53.530109,-0.103314,0.006054,1.114578,1.114722
128.600000,-58.419594,53.524964,-0.102754,0.016090,1.114219,1.115081
128.650000,-58.369855,53.519859,-0.101725,0.024519,1.113878,1.116330
128.700000,-58.320110,53.514815,-0.100343,0.030058,1.113679,1.118780
128.750000,-58.270358,53.509844,-0.098770,0.032125,1.113639,1.119079
128.800000,-58.220597,53.504954,-0.097180,0.030911,1.113784,1.119274
128.850000,-58.170830,53.500140,-0.095718,0.027230,1.114587,1.119286
128.900000,-58.121056,53.495393,-0.094478,0.022270,1.116855,1.119289
128.950000,-58.071276,53.490701,-0.093495,0.017208,1.119208,1.118989
129.000000,-58.021493,53.486053,-0.092748,0.012905,1.121275,1.119411
129.050000,-57.971706,53.481437,-0.092188,0.009661,1.122977,1.121612
129.100000,-57.921918,53.476845,-0.091769,0.007202,1.123224,1.123568
129.150000,-57.872127,53.472271,-0.091465,0.004847,1.123454,1.124046
129.200000,-57.822336,53.467709,-0.091293,0.001795,1.123406,1.124387
129.250000,-57.772544,53.463151,-0.091303,-0.002537,1.123623,1.124643
129.300000,-57.722753,53.458587,-0.091568,-0.008289,1.123959,1.123741
129.350000,-57.672963,53.454002,-0.092149,-0.015054,1.124246,1.123337
129.400000,-57.623178,53.449379,-0.093078,-0.021995,1.124541,1.122759
129.450000,-57.573397,53.444702,-0.094338,-0.028049,1.124791,1.122509
129.500000,-57.523623,53.439955,-0.095857,-0.032253,1.125011,1.122055
129.550000,-57.473856,53.435129,-0.097528,-0.034029,1.124861,1.120820
129.600000,-57.424098,53.430218,-0.099224,-0.033375,1.124078,1.119622
129.650000,-57.374348,53.425224,-0.100837,-0.030906,1.122990,1.119891
129.700000,-57.324606,53.420154,-0.102301,-0.027712,1.119564,1.120195
129.750000,-57.274870,53.415014,-0.103613,-0.025055,1.116583,1.120417
129.800000,-57.225142,53.409812,-0.104828,-0.023997,1.116342,1.119781
129.850000,-57.175419,53.404551,-0.106043,-0.025027,1.116363,1.117637
129.900000,-57.125704,53.399226,-0.107360,-0.027898,1.117265,1.117378
129.950000,-57.075996,53.393832,-0.108849,-0.031636,1.119217,1.116954
130.000000,-57.026296,53.388360,-0.110519,-0.034852,1.119724,1.116405
130.050000,-56.976606,53.382801,-0.112309,-0.036221,1.120237,1.115963
130.100000,-56.926926,53.377153,-0.114103,-0.034978,1.120340,1.115801
130.150000,-56.877256,53.371418,-0.115769,-0.031286,1.120088,1.115912
130.200000,-56.827595,53.365605,-0.117209,-0.026299,1.119607,1.116393
130.250000,-56.777942,53.359728,-0.118403,-0.021874,1.116755,1.117051
130.300000,-56.728295,53.353795,-0.119430,-0.020013,1.110713,1.117173
130.350000,-56.678654,53.347813,-0.120462,-0.022211,1.110188,1.116212
130.400000,-56.629020,53.341774,-0.121718,-0.028932,1.110522,1.115322
130.450000,-56.579395,53.335664,-0.123413,-0.039427,1.111638,1.113243
130.500000,-56.529782,53.329455,-0.125695,-0.051936,1.113556,1.111628
130.550000,-56.480185,53.323117,-0.128608,-0.064216,1.114287,1.109413
130.600000,-56.430609,53.316620,-0.132087,-0.074205,1.114686,1.109014
130.650000,-56.381057,53.309940,-0.135977,-0.080561,1.114644,1.109115
130.700000,-56.331533,53.303061,-0.140084,-0.082926,1.114670,1.109788
130.750000,-56.282037,53.295977,-0.144217,-0.081837,1.114931,1.111163
130.800000,-56.232571,53.288691,-0.148230,-0.078391,1.114845,1.112191
130.850000,-56.183133,53.281212,-0.152037,-0.073801,1.115313,1.112317
130.900000,-56.133724,53.273550,-0.155607,-0.069050,1.115413,1.111934
130.950000,-56.084341,53.265717,-0.158948,-0.064720,1.115516,1.111013
131.000000,-56.034984,53.257725,-0.162088,-0.061034,1.115621,1.110979
131.050000,-55.985652,53.249582,-0.165061,-0.057998,1.115570,1.111030
131.100000,-55.936343,53.241296,-0.167897,-0.055570,1.115427,1.111173
131.150000,-55.887057,53.232873,-0.170626,-0.053735,1.115383,1.111865
131.200000,-55.837795,53.224317,-0.173279,-0.052471,1.115630,1.113612
131.250000,-55.788555,53.215633,-0.175881,-0.051666,1.116149,1.114268
131.300000,-55.739338,53.206820,-0.178449,-0.051035,1.116633,1.114332
131.350000,-55.690143,53.197883,-0.180981,-0.050118,1.117329,1.114536
131.400000,-55.640971,53.188822,-0.183450,-0.048393,1.118692,1.114544
131.450000,-55.591821,53.179642,-0.185803,-0.045455,1.120048,1.115393
131.500000,-55.542691,53.170351,-0.187976,-0.041206,1.119954,1.116546
131.550000,-55.493581,53.160959,-0.189908,-0.035937,1.119675,1.118239
131.600000,-55.444488,53.151479,-0.191563,-0.030305,1.119326,1.122062
131.650000,-55.395410,53.141925,-0.192943,-0.025128,1.119883,1.122600
131.700000,-55.346343,53.132308,-0.194092,-0.021142,1.121841,1.122759
131.750000,-55.297287,53.122640,-0.195080,-0.018735,1.122518,1.122759
131.800000,-55.248240,53.112925,-0.195988,-0.017817,1.124279,1.122650
131.850000,-55.199201,53.103166,-0.196877,-0.017818,1.124664,1.122748
131.900000,-55.150172,53.093364,-0.197772,-0.017869,1.126284,1.123500
131.950000,-55.101151,53.083518,-0.198653,-0.017063,1.129008,1.124416
132.000000,-55.052138,53.073630,-0.199457,-0.014721,1.129018,1.125182
132.050000,-55.003133,53.063707,-0.200099,-0.010594,1.128544,1.125068
132.100000,-54.954133,53.053758,-0.200492,-0.004882,1.126376,1.124411
132.150000,-54.905135,53.043797,-0.200571,0.001853,1.123065,1.123540
132.200000,-54.856136,53.033841,-0.200301,0.008897,1.121836,1.121804
132.250000,-54.807133,53.023906,-0.199685,0.015588,1.119457,1.121643
132.300000,-54.758122,53.014010,-0.198753,0.021462,1.119456,1.121497
132.350000,-54.709101,53.004166,-0.197554,0.026304,1.119438,1.120691
132.400000,-54.660066,52.994386,-0.196139,0.030095,1.118734,1.119589
132.450000,-54.611018,52.984680,-0.194559,0.032924,1.117043,1.119657
132.500000,-54.561953,52.975055,-0.192859,0.034908,1.116970,1.119730
132.550000,-54.512871,52.965515,-0.191079,0.036139,1.116537,1.119839
132.600000,-54.463773,52.956064,-0.189255,0.036701,1.115389,1.119858
132.650000,-54.414657,52.946702,-0.187418,0.036673,1.114564,1.119218
132.700000,-54.365524,52.937431,-0.185595,0.036126,1.114670,1.117482
132.750000,-54.316374,52.928249,-0.183812,0.035074,1.114748,1.117052
132.800000,-54.267209,52.919152,-0.182096,0.033410,1.114721,1.117020
132.850000,-54.218028,52.910138,-0.180484,0.030839,1.114658,1.116913
132.900000,-54.168834,52.901199,-0.179031,0.026886,1.114769,1.116731
132.950000,-54.119627,52.892326,-0.177822,0.021000,1.114684,1.116757
133.000000,-54.070412,52.883504,-0.176966,0.012716,1.114523,1.116718
133.050000,-54.021190,52.874714,-0.176588,0.001857,1.114675,1.116425
133.100000,-53.971968,52.865927,-0.176815,-0.011319,1.115061,1.115538
133.150000,-53.922752,52.857113,-0.177746,-0.026082,1.115774,1.113508
133.200000,-53.873546,52.848234,-0.179433,-0.041320,1.116617,1.112058
133.250000,-53.824359,52.839253,-0.181868,-0.055706,1.116914,1.110809
133.300000,-53.775198,52.830136,-0.184975,-0.067916,1.116755,1.110545
133.350000,-53.726067,52.820852,-0.188613,-0.076787,1.116928,1.110550
133.400000,-53.676972,52.811381,-0.192593,-0.081435,1.116942,1.110958
133.450000,-53.627916,52.801710,-0.196687,-0.081306,1.117222,1.110944
133.500000,-53.578900,52.791841,-0.200651,-0.076243,1.117861,1.110939
133.550000,-53.529922,52.781786,-0.204243,-0.066541,1.118091,1.110828
133.600000,-53.480977,52.771568,-0.207247,-0.053022,1.118186,1.110718
133.650000,-53.432059,52.761221,-0.209505,-0.037027,1.116923,1.111277
133.700000,-53.383161,52.750784,-0.210935,-0.020277,1.116215,1.111985
133.750000,-53.334273,52.740297,-0.211545,-0.004592,1.115953,1.114643
133.800000,-53.285387,52.729799,-0.211430,0.008497,1.115776,1.119814
133.850000,-53.236497,52.719321,-0.210745,0.018105,1.114583,1.120027
133.900000,-53.187598,52.708886,-0.209672,0.024206,1.116516,1.119902
133.950000,-53.138687,52.698510,-0.208367,0.027575,1.117143,1.118906
134.000000,-53.089761,52.688202,-0.206938,0.029481,1.117529,1.116261
134.050000,-53.040820,52.677965,-0.205424,0.031229,1.117708,1.114333
134.100000,-52.991863,52.667805,-0.203805,0.033720,1.116740,1.114301
134.150000,-52.942889,52.657728,-0.202037,0.037163,1.114367,1.114604
134.200000,-52.893897,52.647742,-0.200080,0.041074,1.112911,1.114894
134.250000,-52.844884,52.637856,-0.197935,0.044480,1.110054,1.115146
134.300000,-52.795849,52.628080,-0.195653,0.046313,1.109915,1.115226
134.350000,-52.746791,52.618416,-0.193337,0.045759,1.109932,1.115068
134.400000,-52.697712,52.608865,-0.191117,0.042524,1.110080,1.114920
134.450000,-52.648613,52.599417,-0.189122,0.036874,1.110397,1.114485
134.500000,-52.599496,52.590059,-0.187456,0.029540,1.110545,1.113581
134.550000,-52.550366,52.580774,-0.186180,0.021469,1.110347,1.112475
134.600000,-52.501226,52.571542,-0.185308,0.013583,1.110560,1.111692
134.650000,-52.452079,52.562343,-0.184810,0.006577,1.110663,1.111237
134.700000,-52.402930,52.553161,-0.184632,0.000814,1.110772,1.111187
134.750000,-52.353780,52.543981,-0.184710,-0.003666,1.111021,1.111168
134.800000,-52.304631,52.534792,-0.184983,-0.007102,1.111325,1.111104
134.850000,-52.255486,52.525585,-0.185410,-0.009912,1.111400,1.111041
134.900000,-52.206346,52.516355,-0.185971,-0.012613,1.111614,1.110745
134.950000,-52.157211,52.507093,-0.186676,-0.015746,1.112062,1.110349
135.000000,-52.108084,52.497792,-0.187559,-0.019799,1.112065,1.110135
135.050000,-52.058965,52.488443,-0.188674,-0.025128,1.112154,1.110076
135.100000,-52.009859,52.479032,-0.190092,-0.031863,1.112364,1.109966
135.150000,-51.960768,52.469542,-0.191879,-0.039797,1.112595,1.109805
135.200000,-51.911696,52.459954,-0.194082,-0.048341,1.113142,1.109584
135.250000,-51.862647,52.450248,-0.196711,-0.056530,1.114268,1.109410
135.300000,-51.813626,52.440404,-0.199715,-0.063128,1.114594,1.109506
135.350000,-51.764636,52.430405,-0.202984,-0.066872,1.114914,1.109304
135.400000,-51.715679,52.420243,-0.206347,-0.066725,1.113878,1.109437
135.450000,-51.666757,52.409919,-0.209592,-0.062141,1.111003,1.109497
135.500000,-51.617866,52.399443,-0.212497,-0.053215,1.110715,1.110052
135.550000,-51.569004,52.388837,-0.214859,-0.040676,1.110151,1.111842
135.600000,-51.520163,52.378133,-0.216526,-0.025715,1.109535,1.113865
135.650000,-51.471336,52.367366,-0.217412,-0.009710,1.109012,1.114388
135.700000,-51.422515,52.356576,-0.217498,0.006050,1.108646,1.114161
135.750000,-51.373690,52.345800,-0.216824,0.020571,1.108447,1.113220
135.800000,-51.324854,52.335074,-0.215468,0.033209,1.108295,1.113738
135.850000,-51.276000,52.324429,-0.213535,0.043607,1.108165,1.113087
135.900000,-51.227123,52.313890,-0.211142,0.051565,1.107915,1.112896
135.950000,-51.178220,52.303477,-0.208416,0.056917,1.107465,1.113135
136.000000,-51.129287,52.293202,-0.205491,0.059504,1.107324,1.113128
136.050000,-51.080323,52.283073,-0.202508,0.059211,1.107277,1.112734
136.100000,-51.031331,52.273088,-0.199611,0.056097,1.107704,1.112511
136.150000,-50.982310,52.263240,-0.196936,0.050477,1.108909,1.112291
136.200000,-50.933265,52.253516,-0.194592,0.042976,1.109200,1.112000
136.250000,-50.884199,52.243897,-0.192655,0.034456,1.109996,1.111560
136.300000,-50.835116,52.234362,-0.191150,0.025874,1.111391,1.111009
136.350000,-50.786021,52.224891,-0.190057,0.018085,1.111733,1.110756
136.400000,-50.736918,52.215465,-0.189322,0.011671,1.112040,1.110749
136.450000,-50.687809,52.206067,-0.188867,0.006849,1.112037,1.111082
136.500000,-50.638697,52.196687,-0.188615,0.003458,1.112076,1.111384
136.550000,-50.589583,52.187315,-0.188505,0.001065,1.112186,1.111295
136.600000,-50.540469,52.177946,-0.188501,-0.000887,1.112154,1.111046
136.650000,-50.491355,52.168575,-0.188594,-0.002908,1.112129,1.111190
136.700000,-50.442242,52.159197,-0.188797,-0.005307,1.112624,1.111927
136.750000,-50.393132,52.149805,-0.189132,-0.008128,1.113897,1.112963
136.800000,-50.344026,52.140394,-0.189614,-0.011175,1.114181,1.112819
136.850000,-50.294925,52.130955,-0.190248,-0.014099,1.114519,1.111709
136.900000,-50.245830,52.121481,-0.191018,-0.016584,1.115003,1.109457
136.950000,-50.196744,52.111967,-0.191898,-0.018497,1.115378,1.109400
137.000000,-50.147666,52.102408,-0.192861,-0.019998,1.115997,1.111400
137.050000,-50.098598,52.092799,-0.193897,-0.021546,1.116499,1.116101
137.100000,-50.049541,52.083138,-0.195024,-0.023759,1.116358,1.116242
137.150000,-50.000494,52.073418,-0.196290,-0.027202,1.116314,1.116286
137.200000,-49.951462,52.063631,-0.197766,-0.032141,1.116400,1.116794
137.250000,-49.902445,52.053765,-0.199524,-0.038335,1.117382,1.117990
137.300000,-49.853447,52.043805,-0.201608,-0.044955,1.119579,1.117651
137.350000,-49.804471,52.033735,-0.204010,-0.050670,1.119989,1.117311
137.400000,-49.755521,52.023542,-0.206642,-0.053854,1.120327,1.116973
137.450000,-49.706599,52.013217,-0.209338,-0.052932,1.120121,1.116078
137.500000,-49.657704,52.002764,-0.211860,-0.046721,1.119073,1.114527
137.550000,-49.608833,51.992197,-0.213926,-0.034731,1.118777,1.114823
137.600000,-49.559981,51.981546,-0.215252,-0.017351,1.118311,1.115289
137.650000,-49.511137,51.970854,-0.215597,0.004144,1.117652,1.115948
137.700000,-49.462292,51.960172,-0.214802,0.027737,1.116825,1.116715
137.750000,-49.413431,51.949558,-0.212823,0.050974,1.114974,1.116997
137.800000,-49.364544,51.939068,-0.209742,0.071350,1.111330,1.116377
137.850000,-49.315620,51.928751,-0.205758,0.086709,1.108745,1.116855
137.900000,-49.266652,51.918647,-0.201163,0.095590,1.108524,1.117106
137.950000,-49.217636,51.908775,-0.196302,0.097405,1.108646,1.117054
138.000000,-49.168573,51.899141,-0.191522,0.092479,1.109007,1.116364
138.050000,-49.119466,51.889733,-0.187139,0.081886,1.110084,1.115113
138.100000,-49.070321,51.880525,-0.183397,0.067204,1.111996,1.114604
138.150000,-49.021145,51.871482,-0.180456,0.050216,1.112522,1.114019
138.200000,-48.971947,51.862563,-0.178387,0.032644,1.112876,1.113524
138.250000,-48.922735,51.853724,-0.177181,0.015974,1.113259,1.113141
138.300000,-48.873515,51.844925,-0.176762,0.001332,1.113640,1.112760
138.350000,-48.824295,51.836129,-0.177009,-0.010572,1.114003,1.112457
138.400000,-48.775079,51.827308,-0.177775,-0.019447,1.114376,1.112224
138.450000,-48.725872,51.818439,-0.178911,-0.025437,1.114427,1.112323
138.500000,-48.676676,51.809508,-0.180283,-0.029051,1.114424,1.112706
138.550000,-48.627493,51.800506,-0.181791,-0.031063,1.114360,1.112840
138.600000,-48.578324,51.791428,-0.183377,-0.032338,1.114510,1.113109
138.650000,-48.529170,51.782270,-0.185024,-0.033614,1.115060,1.113540
138.700000,-48.480031,51.773029,-0.186744,-0.035306,1.115060,1.113780
138.750000,-48.430909,51.763702,-0.188560,-0.037380,1.115264,1.114405
138.800000,-48.381804,51.754283,-0.190482,-0.039369,1.115963,1.114816
138.850000,-48.332718,51.744768,-0.192487,-0.040518,1.117561,1.114548
138.900000,-48.283651,51.735153,-0.194512,-0.040044,1.118300,1.114420
138.950000,-48.234604,51.725440,-0.196461,-0.037417,1.118626,1.115990
139.000000,-48.185574,51.715636,-0.198220,-0.032551,1.121005,1.121345
139.050000,-48.136561,51.705753,-0.199688,-0.025877,1.126327,1.125841
139.100000,-48.087560,51.695806,-0.200792,-0.018207,1.126317,1.127183
139.150000,-48.038569,51.685814,-0.201506,-0.010523,1.126008,1.127492
139.200000,-47.989582,51.675797,-0.201855,-0.003714,1.126344,1.127694
139.250000,-47.940598,51.665771,-0.201899,0.001617,1.127634,1.127666
139.300000,-47.891613,51.655748,-0.201719,0.005206,1.127209,1.127523
139.350000,-47.842625,51.645737,-0.201403,0.007095,1.126168,1.126933
139.400000,-47.793634,51.635744,-0.201031,0.007503,1.126163,1.126237
139.450000,-47.744639,51.625769,-0.200670,0.006737,1.126080,1.126260
139.500000,-47.695641,51.615811,-0.200370,0.005150,1.125895,1.125170
139.550000,-47.646640,51.605865,-0.200162,0.003175,1.124758,1.122537
139.600000,-47.597638,51.595926,-0.200052,0.001376,1.122273,1.122427
139.650000,-47.548635,51.585991,-0.200013,0.000448,1.121404,1.121861
139.700000,-47.499631,51.576058,-0.199985,0.001131,1.119053,1.120847
139.750000,-47.450628,51.566127,-0.199869,0.004033,1.119189,1.120083
139.800000,-47.401622,51.556207,-0.199545,0.009422,1.117884,1.118452
139.850000,-47.352611,51.546310,-0.198893,0.017067,1.114811,1.118089
139.900000,-47.303592,51.536456,-0.197815,0.026200,1.114349,1.118342
139.950000,-47.254559,51.526666,-0.196265,0.035641,1.113885,1.118315
140.000000,-47.205510,51.516962,-0.194263,0.044032,1.113543,1.118657
140.050000,-47.156439,51.507367,-0.191894,0.050114,1.113322,1.118130
140.100000,-47.107345,51.497894,-0.189297,0.052990,1.112897,1.116414
140.150000,-47.058226,51.488551,-0.186647,0.052234,1.111820,1.116311
140.200000,-47.009082,51.479336,-0.184126,0.047914,1.111373,1.115588
140.250000,-46.959917,51.470237,-0.181902,0.040477,1.111576,1.113795
140.300000,-46.910733,51.461238,-0.180115,0.030587,1.111795,1.112865
140.350000,-46.861536,51.452314,-0.178870,0.018959,1.112135,1.112426
140.400000,-46.812331,51.443436,-0.178236,0.006259,1.112283,1.111717
140.450000,-46.763122,51.434574,-0.178253,-0.006944,1.112548,1.111452
140.500000,-46.713917,51.425694,-0.178932,-0.020125,1.112809,1.111191
140.550000,-46.664721,51.416765,-0.180259,-0.032750,1.113043,1.110957
140.600000,-46.615539,51.407756,-0.182191,-0.044184,1.113397,1.110483
140.650000,-46.566378,51.398638,-0.184651,-0.053699,1.113829,1.109711
140.700000,-46.517241,51.389389,-0.187523,-0.060520,1.114127,1.109273
140.750000,-46.468132,51.379992,-0.190655,-0.063981,1.114463,1.109117
140.800000,-46.419053,51.370438,-0.193867,-0.063679,1.114804,1.109736
140.850000,-46.370005,51.360728,-0.196968,-0.059629,1.115105,1.111115
140.900000,-46.320986,51.350873,-0.199781,-0.052307,1.115775,1.112745
140.950000,-46.271992,51.340890,-0.202162,-0.042586,1.116076,1.116664
141.000000,-46.223020,51.330803,-0.204018,-0.031561,1.117504,1.118136
141.050000,-46.174064,51.320639,-0.205313,-0.020350,1.117750,1.118450
141.100000,-46.125119,51.310424,-0.206062,-0.009900,1.117586,1.118614
141.150000,-46.076178,51.300186,-0.206323,-0.000874,1.117486,1.118714
141.200000,-46.027238,51.289945,-0.206175,0.006362,1.117356,1.119624
141.250000,-45.978295,51.279719,-0.205714,0.011718,1.117258,1.121542
141.300000,-45.929346,51.269522,-0.205030,0.015296,1.117107,1.121693
141.350000,-45.880389,51.259362,-0.204207,0.017343,1.117091,1.121289
141.400000,-45.831424,51.249244,-0.203314,0.018190,1.116965,1.120255
141.450000,-45.782449,51.239170,-0.202401,0.018225,1.116622,1.119309
141.500000,-45.733465,51.229141,-0.201498,0.017838,1.116683,1.117067
141.550000,-45.684472,51.219156,-0.200619,0.017380,1.116739,1.116661
141.600000,-45.635471,51.209214,-0.199758,0.017100,1.116712,1.116688
141.650000,-45.586461,51.199313,-0.198904,0.017107,1.116710,1.116570
141.700000,-45.537442,51.189454,-0.198044,0.017353,1.116576,1.116274
141.750000,-45.488415,51.179638,-0.197168,0.017646,1.116187,1.116223
141.800000,-45.439380,51.169865,-0.196282,0.017715,1.115731,1.116320
141.850000,-45.390336,51.160135,-0.195403,0.017284,1.114267,1.115994
141.900000,-45.341283,51.150448,-0.194563,0.016154,1.111010,1.114811
141.950000,-45.292223,51.140800,-0.193799,0.014261,1.109345,1.112966
142.000000,-45.243155,51.131188,-0.193147,0.011688,1.109462,1.110508
142.050000,-45.194083,51.121603,-0.192638,0.008628,1.109609,1.110321
142.100000,-45.145006,51.112040,-0.192288,0.005325,1.109815,1.110185
142.150000,-45.095926,51.102490,-0.192106,0.001994,1.110049,1.110160
142.200000,-45.046846,51.092945,-0.192087,-0.001211,1.110754,1.110186
142.250000,-44.997766,51.083397,-0.192224,-0.004209,1.111353,1.110147
142.300000,-44.948688,51.073838,-0.192504,-0.006940,1.111415,1.110085
142.350000,-44.899613,51.064263,-0.192913,-0.009311,1.111674,1.110005
142.400000,-44.850543,51.054665,-0.193428,-0.011158,1.112168,1.109932
142.450000,-44.801479,51.045039,-0.194019,-0.012250,1.112409,1.109990
142.500000,-44.752420,51.035384,-0.194639,-0.012341,1.112956,1.110353
142.550000,-44.703367,51.025698,-0.195236,-0.011286,1.113066,1.111243
142.600000,-44.654319,51.015985,-0.195752,-0.009153,1.113822,1.112307
142.650000,-44.605276,51.006250,-0.196140,-0.006321,1.115820,1.112409
142.700000,-44.556236,50.996499,-0.196382,-0.003482,1.117107,1.113611
142.750000,-44.507198,50.986740,-0.196499,-0.001533,1.116863,1.116237
142.800000,-44.458160,50.976976,-0.196559,-0.001369,1.115785,1.116447
142.850000,-44.409124,50.967209,-0.196670,-0.003576,1.113681,1.116519
142.900000,-44.360089,50.957433,-0.196953,-0.008172,1.113793,1.116946
142.950000,-44.311058,50.947637,-0.197514,-0.014477,1.114315,1.118493
143.000000,-44.262034,50.937804,-0.198409,-0.021165,1.116380,1.119278
143.050000,-44.213021,50.927920,-0.199616,-0.026561,1.119197,1.118703
143.100000,-44.164020,50.917972,-0.201026,-0.029065,1.119602,1.117759
143.150000,-44.115035,50.907953,-0.202466,-0.027616,1.119119,1.116502
143.200000,-44.066062,50.897866,-0.203726,-0.021972,1.117655,1.116845
143.250000,-44.017101,50.887727,-0.204609,-0.012756,1.117056,1.118013
143.300000,-43.968147,50.877557,-0.204965,-0.001241,1.116434,1.119966
143.350000,-43.919192,50.867384,-0.204718,0.011062,1.115949,1.120451
143.400000,-43.870233,50.857237,-0.203865,0.022806,1.115681,1.120719
143.450000,-43.821261,50.847147,-0.202458,0.033099,1.115665,1.119956
143.500000,-43.772274,50.837137,-0.200581,0.041584,1.115743,1.118057
143.550000,-43.723265,50.827229,-0.198325,0.048317,1.115679,1.118121
143.600000,-43.674233,50.817439,-0.195772,0.053547,1.115593,1.118207
143.650000,-43.625175,50.807781,-0.192989,0.057488,1.114932,1.118358
143.700000,-43.576089,50.798263,-0.190041,0.060181,1.113482,1.118168
143.750000,-43.526975,50.788892,-0.186991,0.061469,1.113276,1.117324
143.800000,-43.477832,50.779673,-0.183918,0.061043,1.113201,1.117309
143.850000,-43.428662,50.770603,-0.180916,0.058558,1.112843,1.117097
143.900000,-43.379465,50.761677,-0.178096,0.053722,1.112376,1.116603
143.950000,-43.330244,50.752882,-0.175580,0.046357,1.112539,1.116161
144.000000,-43.281004,50.744201,-0.173497,0.036451,1.112597,1.115952
144.050000,-43.231747,50.735610,-0.171970,0.024166,1.112506,1.115694
144.100000,-43.182481,50.727078,-0.171111,0.009838,1.112848,1.115352
144.150000,-43.133210,50.718570,-0.171010,-0.006017,1.112992,1.113676
144.200000,-43.083942,50.710047,-0.171727,-0.022717,1.112934,1.109926
144.250000,-43.034683,50.701468,-0.173284,-0.039421,1.113160,1.108929
144.300000,-42.985442,50.692792,-0.175657,-0.055158,1.113026,1.108574
144.350000,-42.936224,50.683980,-0.178772,-0.068869,1.113595,1.108215
144.400000,-42.887037,50.674999,-0.182502,-0.079504,1.114615,1.107895
144.450000,-42.837887,50.665824,-0.186666,-0.086116,1.115396,1.107604
144.500000,-42.788775,50.656438,-0.191046,-0.088022,1.115932,1.107580
144.550000,-42.739706,50.646836,-0.195396,-0.084940,1.116753,1.107947
144.600000,-42.690678,50.637027,-0.199470,-0.077084,1.116532,1.108168
144.650000,-42.641687,50.627030,-0.203044,-0.065204,1.116126,1.108454
144.700000,-42.592730,50.616873,-0.205946,-0.050496,1.115640,1.108660
144.750000,-42.543798,50.606593,-0.208071,-0.034444,1.115561,1.109161
144.800000,-42.494884,50.596229,-0.209390,-0.018563,1.116137,1.111251
144.850000,-42.445980,50.585819,-0.209947,-0.004175,1.116168,1.115615
144.900000,-42.397077,50.575399,-0.209841,0.007817,1.116343,1.117039
144.950000,-42.348171,50.564997,-0.209205,0.017016,1.116423,1.117956
145.000000,-42.299256,50.554637,-0.208179,0.023530,1.116144,1.117956
145.050000,-42.250330,50.544334,-0.206885,0.027865,1.116291,1.118412
145.100000,-42.201388,50.534098,-0.205415,0.030734,1.116602,1.119498
145.150000,-42.152432,50.523938,-0.203824,0.032876,1.116480,1.119499
145.200000,-42.103458,50.513859,-0.202131,0.034877,1.116088,1.119008
145.250000,-42.054467,50.503864,-0.200333,0.037078,1.115791,1.117819
145.300000,-42.005458,50.493961,-0.198419,0.039539,1.115663,1.117706
145.350000,-41.956429,50.484154,-0.196378,0.042086,1.115186,1.117873
145.400000,-41.907379,50.474451,-0.194213,0.044403,1.114489,1.118011
145.450000,-41.858309,50.464857,-0.191945,0.046139,1.114420,1.118080
145.500000,-41.809216,50.455375,-0.189611,0.046975,1.114424,1.117956
145.550000,-41.760101,50.446009,-0.187264,0.046671,1.114586,1.117454
145.600000,-41.710964,50.436757,-0.184963,0.045064,1.114665,1.117235
145.650000,-41.661807,50.427616,-0.182778,0.042034,1.114715,1.117155
145.700000,-41.612631,50.418578,-0.180781,0.037509,1.114688,1.117082
145.750000,-41.563437,50.409632,-0.179049,0.031471,1.114696,1.116913
145.800000,-41.514230,50.400763,-0.177655,0.024010,1.114825,1.116605
145.850000,-41.465013,50.391953,-0.176666,0.015368,1.115096,1.116404
145.900000,-41.415788,50.383181,-0.176130,0.005942,1.115630,1.116051
145.950000,-41.366561,50.374423,-0.176076,-0.003755,1.116770,1.115752
146.000000,-41.317336,50.365656,-0.176503,-0.013206,1.118090,1.115440
146.050000,-41.268116,50.356857,-0.177388,-0.021993,1.118331,1.115269
146.100000,-41.218906,50.348003,-0.178690,-0.029881,1.118464,1.115196
146.150000,-41.169709,50.339077,-0.180362,-0.036816,1.117778,1.115268
146.200000,-41.120529,50.330060,-0.182358,-0.042848,1.116025,1.115275
146.250000,-41.071368,50.320937,-0.184635,-0.048010,1.116050,1.115250
146.300000,-41.022230,50.311697,-0.187146,-0.052200,1.116609,1.114962
146.350000,-40.973115,50.302329,-0.189838,-0.055159,1.117893,1.114398
146.400000,-40.924027,50.292825,-0.192639,-0.056522,1.118275,1.114014
146.450000,-40.874965,50.283184,-0.195462,-0.055967,1.118401,1.113399
146.500000,-40.825931,50.273405,-0.198206,-0.053372,1.118110,1.113690
146.550000,-40.776922,50.263495,-0.200772,-0.048916,1.117427,1.114585
146.600000,-40.727938,50.253467,-0.203076,-0.043061,1.117098,1.116549
146.650000,-40.678976,50.243332,-0.205065,-0.036422,1.117237,1.119545
146.700000,-40.630033,50.233109,-0.206715,-0.029551,1.118171,1.119729
146.750000,-40.581104,50.222813,-0.208021,-0.022726,1.118061,1.118571
146.800000,-40.532187,50.212462,-0.208987,-0.015858,1.117555,1.115662
146.850000,-40.483279,50.202072,-0.209601,-0.008488,1.116492,1.115608
146.900000,-40.434375,50.191662,-0.209821,0.000011,1.116470,1.115630
146.950000,-40.385470,50.181251,-0.209576,0.010185,1.116349,1.115751
147.000000,-40.336561,50.170866,-0.208775,0.022214,1.116127,1.115973
147.050000,-40.287640,50.160536,-0.207332,0.035717,1.115390,1.116318
147.100000,-40.238700,50.150293,-0.205194,0.049717,1.113858,1.116851
147.150000,-40.189735,50.140171,-0.202371,0.062774,1.113111,1.117389
147.200000,-40.140739,50.130203,-0.198950,0.073295,1.112052,1.117843
147.250000,-40.091706,50.120414,-0.195096,0.079893,1.110352,1.118148
147.300000,-40.042635,50.110820,-0.191029,0.081720,1.110296,1.118204
147.350000,-39.993526,50.101427,-0.186995,0.078639,1.110555,1.117733
147.400000,-39.944380,50.092225,-0.183230,0.071212,1.111026,1.116774
147.450000,-39.895201,50.083198,-0.179925,0.060461,1.111525,1.116275
147.500000,-39.845996,50.074320,-0.177217,0.047582,1.111732,1.115826
147.550000,-39.796770,50.065558,-0.175184,0.033644,1.111449,1.115551
147.600000,-39.747529,50.056879,-0.173857,0.019452,1.111604,1.115396
147.650000,-39.698279,50.048248,-0.173235,0.005572,1.111664,1.115336
147.700000,-39.649027,50.039631,-0.173289,-0.007518,1.112094,1.115119
147.750000,-39.599779,50.030996,-0.173969,-0.019275,1.113539,1.114677
147.800000,-39.550538,50.022313,-0.175190,-0.029021,1.115642,1.114213
147.850000,-39.501311,50.013559,-0.176833,-0.036039,1.117095,1.113653
147.900000,-39.452099,50.004718,-0.178747,-0.039800,1.117341,1.112907
147.950000,-39.402904,49.995778,-0.180764,-0.040203,1.117330,1.112570
148.000000,-39.353728,49.986740,-0.182724,-0.037723,1.116009,1.112920
148.050000,-39.304568,49.977610,-0.184506,-0.033375,1.113301,1.113399
148.100000,-39.255424,49.968398,-0.186051,-0.028494,1.112927,1.113621
148.150000,-39.206293,49.959116,-0.187365,-0.024405,1.112736,1.113464
148.200000,-39.157174,49.949774,-0.188516,-0.022120,1.112740,1.113035
148.250000,-39.108065,49.940377,-0.189610,-0.022130,1.113158,1.111885
148.300000,-39.058966,49.930925,-0.190762,-0.024369,1.114078,1.111735
148.350000,-39.009879,49.921414,-0.192073,-0.028296,1.114808,1.111553
148.400000,-38.960806,49.911832,-0.193606,-0.033068,1.115101,1.111399
148.450000,-38.911749,49.902170,-0.195379,-0.037705,1.115331,1.111260
148.500000,-38.862709,49.892415,-0.197362,-0.041240,1.115669,1.111131
148.550000,-38.813690,49.882559,-0.199477,-0.042813,1.115795,1.110823
148.600000,-38.764692,49.872599,-0.201607,-0.041742,1.115785,1.110324
148.650000,-38.715715,49.862537,-0.203607,-0.037576,1.115507,1.110393
148.700000,-38.666757,49.852384,-0.205317,-0.030138,1.115358,1.110542
148.750000,-38.617814,49.842157,-0.206575,-0.019556,1.115134,1.112192
148.800000,-38.568881,49.831883,-0.207232,-0.006280,1.116608,1.115874
148.850000,-38.519951,49.821594,-0.207173,0.008906,1.120016,1.116845
148.900000,-38.471017,49.811326,-0.206327,0.024939,1.120048,1.117256
148.950000,-38.422070,49.801120,-0.204683,0.040537,1.120331,1.117791
149.000000,-38.373102,49.791013,-0.202296,0.054332,1.119496,1.119268
149.050000,-38.324107,49.781038,-0.199291,0.065046,1.117879,1.121387
149.100000,-38.275080,49.771222,-0.195849,0.071700,1.116841,1.121659
149.150000,-38.226018,49.761582,-0.192187,0.073775,1.116811,1.121689
149.200000,-38.176921,49.752121,-0.188537,0.071332,1.116996,1.121261
149.250000,-38.127791,49.742836,-0.185113,0.064965,1.117352,1.120136
149.300000,-38.078631,49.733709,-0.182085,0.055676,1.117742,1.119166
149.350000,-38.029446,49.724719,-0.179573,0.044635,1.118137,1.118563
149.400000,-37.980241,49.715839,-0.177633,0.032957,1.116937,1.118211
149.450000,-37.931021,49.707039,-0.176275,0.021529,1.113729,1.117780
149.500000,-37.881792,49.698293,-0.175469,0.010913,1.113736,1.117351
149.550000,-37.832558,49.689574,-0.175168,0.001405,1.113057,1.117086
149.600000,-37.783324,49.680859,-0.175312,-0.006907,1.112159,1.114355
149.650000,-37.734092,49.672126,-0.175841,-0.014017,1.112366,1.108234
149.700000,-37.684867,49.663360,-0.176696,-0.019919,1.112503,1.108097
149.750000,-37.635650,49.654544,-0.177815,-0.024585,1.112597,1.108490
149.800000,-37.586444,49.645669,-0.179136,-0.027959,1.112550,1.109529
149.850000,-37.537250,49.636724,-0.180592,-0.030002,1.112355,1.109475
149.900000,-37.488070,49.627706,-0.182117,-0.030729,1.112347,1.109553
149.950000,-37.438904,49.618613,-0.183647,-0.030226,1.112310,1.109590
150.000000,-37.389752,49.609446,-0.185124,-0.028647,1.112543,1.110422
150.050000,-37.340613,49.600208,-0.186499,-0.026197,1.113388,1.112255
150.100000,-37.291485,49.590906,-0.187734,-0.023091,1.113947,1.112344
150.150000,-37.242369,49.581547,-0.188801,-0.019522,1.114111,1.112389
150.200000,-37.193262,49.572141,-0.189681,-0.015650,1.114049,1.112451
150.250000,-37.144162,49.562696,-0.190363,-0.011591,1.113913,1.112587
150.300000,-37.095068,49.553223,-0.190839,-0.007446,1.113887,1.112643
150.350000,-37.045977,49.543731,-0.191107,-0.003318,1.113881,1.112749
150.400000,-36.996888,49.534231,-0.191173,0.000634,1.113975,1.112817
150.450000,-36.947798,49.524733,-0.191049,0.004194,1.114482,1.112853
150.500000,-36.898706,49.515245,-0.190762,0.007104,1.115125,1.112975
150.550000,-36.849612,49.505774,-0.190351,0.009105,1.114998,1.114014
150.600000,-36.800512,49.496326,-0.189867,0.010054,1.115335,1.117163
150.650000,-36.751409,49.486902,-0.189361,0.009998,1.116364,1.119336
150.700000,-36.702300,49.477502,-0.188878,0.009251,1.116490,1.119210
150.750000,-36.653187,49.468126,-0.188439,0.008370,1.116667,1.118486
150.800000,-36.604070,49.458769,-0.188034,0.008067,1.116831,1.117069
150.850000,-36.554950,49.449433,-0.187616,0.009029,1.116936,1.116964
150.900000,-36.505825,49.440119,-0.187106,0.011739,1.117232,1.117276
150.950000,-36.456695,49.430834,-0.186414,0.016304,1.117809,1.118091
151.000000,-36.407557,49.421590,-0.185453,0.022403,1.118134,1.118282
151.050000,-36.358408,49.412401,-0.184160,0.029319,1.119031,1.118569
151.100000,-36.309247,49.403284,-0.182521,0.036090,1.118740,1.118769
151.150000,-36.260068,49.394255,-0.180566,0.041737,1.118449,1.118669
151.200000,-36.210872,49.385329,-0.178373,0.045484,1.117535,1.118375
151.250000,-36.161655,49.376514,-0.176050,0.046951,1.115703,1.117759
151.300000,-36.112417,49.367815,-0.173711,0.046236,1.115226,1.115680
151.350000,-36.063160,49.359229,-0.171452,0.043861,1.113851,1.114276
151.400000,-36.013884,49.350751,-0.169339,0.040613,1.113221,1.113944
151.450000,-35.964591,49.342373,-0.167393,0.037293,1.112916,1.113454
151.500000,-35.915282,49.334087,-0.165603,0.034481,1.113011,1.113289
151.550000,-35.865959,49.325886,-0.163935,0.032363,1.112644,1.113321
151.600000,-35.816623,49.317766,-0.162359,0.030707,1.111392,1.113474
151.650000,-35.767275,49.309720,-0.160864,0.028971,1.110466,1.113634
151.700000,-35.717915,49.301747,-0.159471,0.026517,1.110329,1.113771
151.750000,-35.668544,49.293838,-0.158229,0.022836,1.110403,1.113697
151.800000,-35.619164,49.285986,-0.157208,0.017717,1.111531,1.113482
151.850000,-35.569778,49.278177,-0.156477,0.011300,1.113932,1.113168
151.900000,-35.520387,49.270396,-0.156092,0.004005,1.114223,1.112998
151.950000,-35.470995,49.262625,-0.156082,-0.003574,1.113825,1.113066
152.000000,-35.421604,49.254845,-0.156446,-0.010840,1.112516,1.112984
152.050000,-35.372217,49.247039,-0.157155,-0.017265,1.112595,1.112905
152.100000,-35.322837,49.239190,-0.158155,-0.022466,1.112800,1.112822
152.150000,-35.273466,49.231285,-0.159381,-0.026224,1.113955,1.112645
152.200000,-35.224105,49.223317,-0.160756,-0.028490,1.115699,1.112258
152.250000,-35.174755,49.215278,-0.162209,-0.029388,1.115749,1.111560
152.300000,-35.125417,49.207167,-0.163678,-0.029162,1.115625,1.111475
152.350000,-35.076092,49.198984,-0.165113,-0.028103,1.115385,1.111655
152.400000,-35.026777,49.190731,-0.166479,-0.026414,1.115028,1.112480
152.450000,-34.977474,49.182414,-0.167746,-0.024104,1.114975,1.114198
152.500000,-34.928181,49.174038,-0.168878,-0.020958,1.115142,1.114719
152.550000,-34.878896,49.165610,-0.169826,-0.016642,1.116420,1.114249
152.600000,-34.829618,49.157141,-0.170522,-0.010889,1.118686,1.114092
152.650000,-34.780345,49.148645,-0.170894,-0.003743,1.118863,1.116088
152.700000,-34.731074,49.140141,-0.170881,0.004328,1.119277,1.118991
152.750000,-34.681801,49.131647,-0.170458,0.012468,1.119108,1.123082
152.800000,-34.632522,49.123184,-0.169646,0.019656,1.118647,1.125718
152.850000,-34.583235,49.114769,-0.168517,0.024996,1.118578,1.126713
152.900000,-34.533938,49.106415,-0.167180,0.027966,1.119695,1.126565
152.950000,-34.484629,49.098130,-0.165756,0.028508,1.121756,1.125727
153.000000,-34.435309,49.089915,-0.164361,0.026970,1.122039,1.122984
153.050000,-34.385977,49.081766,-0.163082,0.023962,1.121191,1.119967
153.100000,-34.336636,49.073676,-0.161977,0.020213,1.118889,1.120111
153.150000,-34.287287,49.065636,-0.161062,0.016511,1.118720,1.120493
153.200000,-34.237931,49.057636,-0.160315,0.013689,1.118817,1.120883
153.250000,-34.188569,49.049671,-0.159670,0.012558,1.120818,1.120555
153.300000,-34.139203,49.041737,-0.159026,0.013798,1.125049,1.119604
153.350000,-34.089831,49.033838,-0.158252,0.017719,1.125228,1.117078
153.400000,-34.040452,49.025982,-0.157217,0.024099,1.123654,1.114839
153.450000,-33.991063,49.018187,-0.155816,0.032136,1.117641,1.115487
153.500000,-33.941662,49.010471,-0.153993,0.040669,1.111475,1.116225
153.550000,-33.892246,49.002855,-0.151756,0.048545,1.110975,1.116725
153.600000,-33.842811,48.995359,-0.149158,0.055016,1.111677,1.116449
153.650000,-33.793355,48.987999,-0.146277,0.059938,1.113847,1.115405
153.700000,-33.743878,48.980787,-0.143183,0.063646,1.114980,1.114711
153.750000,-33.694378,48.973732,-0.139925,0.066573,1.116070,1.113495
153.800000,-33.644855,48.966842,-0.136536,0.068775,1.116040,1.112760
153.850000,-33.595309,48.960123,-0.133064,0.069644,1.113168,1.113252
153.900000,-33.545740,48.953575,-0.129605,0.067989,1.106787,1.113847
153.950000,-33.496148,48.947196,-0.126318,0.062494,1.105147,1.114409
154.000000,-33.446537,48.940970,-0.123422,0.052371,1.104388,1.114612
154.050000,-33.396910,48.934874,-0.121146,0.037921,1.105045,1.113955
154.100000,-33.347272,48.928872,-0.119674,0.020702,1.107118,1.112707
154.150000,-33.297627,48.922921,-0.119085,0.003222,1.111142,1.110405
154.200000,-33.247982,48.916978,-0.119321,-0.011768,1.113086,1.107747
154.250000,-33.198340,48.911006,-0.120198,-0.022096,1.113447,1.106553
154.300000,-33.148704,48.904981,-0.121450,-0.026793,1.112789,1.107150
154.350000,-33.099076,48.898890,-0.122799,-0.026257,1.110969,1.109413
154.400000,-33.049457,48.892734,-0.124018,-0.021958,1.109690,1.112837
154.450000,-32.999844,48.886524,-0.124964,-0.015767,1.109183,1.115523
154.500000,-32.950236,48.880276,-0.125588,-0.009274,1.109359,1.116378
154.550000,-32.900631,48.874004,-0.125899,-0.003322,1.111512,1.116214
154.600000,-32.851027,48.867724,-0.125929,0.002020,1.114732,1.114021
154.650000,-32.801422,48.861448,-0.125701,0.007116,1.115241,1.109620
154.700000,-32.751815,48.855191,-0.125218,0.012216,1.115412,1.109588
154.750000,-32.702205,48.848963,-0.124482,0.017025,1.115048,1.110105
154.800000,-32.652589,48.842778,-0.123530,0.020578,1.114309,1.113215
154.850000,-32.602966,48.836644,-0.122459,0.021557,1.113420,1.119968
154.900000,-32.553338,48.830562,-0.121426,0.018888,1.113086,1.123214
154.950000,-32.503703,48.824527,-0.120627,0.012366,1.113305,1.122995
155.000000,-32.454065,48.818522,-0.120234,0.003031,1.114375,1.121158
155.050000,-32.404426,48.812524,-0.120339,-0.006970,1.116694,1.116707
155.100000,-32.354789,48.806509,-0.120907,-0.014950,1.119245,1.112518
155.150000,-32.305157,48.800458,-0.121775,-0.018578,1.120615,1.109485
155.200000,-32.255530,48.794362,-0.122685,-0.016667,1.120493,1.109607
155.250000,-32.205908,48.788224,-0.123365,-0.009644,1.119527,1.113093
155.300000,-32.156289,48.782064,-0.123598,0.000575,1.116940,1.120377
155.350000,-32.106670,48.775905,-0.123295,0.011204,1.113795,1.121520
155.400000,-32.057047,48.769774,-0.122507,0.019510,1.113270,1.122530
155.450000,-32.007418,48.763690,-0.121401,0.023715,1.114623,1.122592
155.500000,-31.957783,48.757665,-0.120200,0.023544,1.118192,1.121992
155.550000,-31.908140,48.751697,-0.119096,0.020246,1.118893,1.120345
155.600000,-31.858492,48.745780,-0.118193,0.016105,1.119582,1.118156
155.650000,-31.808838,48.739903,-0.117467,0.013605,1.120070,1.116630
155.700000,-31.759181,48.734059,-0.116785,0.014560,1.120193,1.116507
155.750000,-31.709519,48.728253,-0.115952,0.019497,1.119844,1.118675
155.800000,-31.659852,48.722496,-0.114787,0.027491,1.119088,1.124006
155.850000,-31.610176,48.716807,-0.113184,0.036482,1.118302,1.125898
155.900000,-31.560491,48.711209,-0.111156,0.043962,1.117338,1.126553
155.950000,-31.510793,48.705719,-0.108837,0.047786,1.116387,1.126813
156.000000,-31.461082,48.700348,-0.106445,0.046826,1.116550,1.125723
156.050000,-31.411359,48.695092,-0.104222,0.041308,1.117469,1.121835
156.100000,-31.361626,48.689938,-0.102364,0.032678,1.118587,1.118095
156.150000,-31.311884,48.684865,-0.100972,0.023158,1.118706,1.116748
156.200000,-31.262136,48.679850,-0.100031,0.015080,1.120365,1.115806
156.250000,-31.212384,48.674874,-0.099420,0.010254,1.121383,1.115617
156.300000,-31.162630,48.669923,-0.098947,0.009528,1.121274,1.116189
156.350000,-31.112873,48.664996,-0.098410,0.012662,1.120934,1.117566
156.400000,-31.063113,48.660102,-0.097639,0.018497,1.118693,1.118076
156.450000,-31.013349,48.655253,-0.096542,0.025335,1.113988,1.118325
156.500000,-30.963578,48.650468,-0.095113,0.031408,1.112500,1.118098
156.550000,-30.913801,48.645760,-0.093430,0.035296,1.111503,1.117733
156.600000,-30.864014,48.641140,-0.091626,0.036156,1.111586,1.116614
156.650000,-30.814220,48.636610,-0.089861,0.033804,1.111995,1.116421
156.700000,-30.764418,48.632163,-0.088288,0.028622,1.113004,1.116174
156.750000,-30.714610,48.627787,-0.087031,0.021366,1.114516,1.115964
156.800000,-30.664797,48.623464,-0.086169,0.013000,1.116265,1.115456
156.850000,-30.614982,48.619174,-0.085734,0.004546,1.116456,1.114644
156.900000,-30.565165,48.614895,-0.085703,-0.002993,1.116668,1.113721
156.950000,-30.515349,48.610608,-0.086009,-0.008691,1.116156,1.111902
157.000000,-30.465535,48.606301,-0.086536,-0.011746,1.114388,1.111795
157.050000,-30.415724,48.601965,-0.087138,-0.011561,1.114011,1.111596
157.100000,-30.365914,48.597600,-0.087642,-0.007862,1.114018,1.111351
157.150000,-30.316107,48.593216,-0.087875,-0.000820,1.113835,1.111372
157.200000,-30.266300,48.588831,-0.087684,0.008865,1.112926,1.111518
157.250000,-30.216490,48.584468,-0.086965,0.019951,1.111119,1.111926
157.300000,-30.166677,48.580155,-0.085689,0.030761,1.110323,1.112347
157.350000,-30.116857,48.575918,-0.083916,0.039408,1.109781,1.112819
157.400000,-30.067028,48.571778,-0.081802,0.044098,1.109510,1.113090
157.450000,-30.017191,48.567748,-0.079580,0.043514,1.109400,1.113200
157.500000,-29.967345,48.563826,-0.077534,0.037133,1.109106,1.113154
157.550000,-29.917492,48.559995,-0.075945,0.025469,1.108707,1.112793
157.600000,-29.867634,48.556227,-0.075044,0.010092,1.109342,1.111446
157.650000,-29.817774,48.552484,-0.074960,-0.006553,1.110369,1.109078
157.700000,-29.767916,48.548724,-0.075682,-0.021556,1.111848,1.108276
157.750000,-29.718062,48.544912,-0.077056,-0.032076,1.112810,1.107683
157.800000,-29.668213,48.541021,-0.078797,-0.035873,1.113627,1.107848
157.850000,-29.618372,48.537041,-0.080531,-0.031729,1.114648,1.109265
157.900000,-29.568537,48.532983,-0.081854,-0.019633,1.114936,1.111556
157.950000,-29.518706,48.528878,-0.082393,-0.000735,1.114484,1.115116
158.000000,-29.468875,48.524771,-0.081855,0.022883,1.114302,1.117298
158.050000,-29.419039,48.520722,-0.080070,0.048537,1.113531,1.118100
158.100000,-29.369193,48.516794,-0.077009,0.073253,1.112634,1.118787
158.150000,-29.319334,48.513048,-0.072794,0.094052,1.111446,1.119354
158.200000,-29.269457,48.509536,-0.067694,0.108191,1.110949,1.119913
158.250000,-29.219563,48.506292,-0.062099,0.113464,1.110544,1.120456
158.300000,-29.169650,48.503330,-0.056492,0.108492,1.109927,1.120606
158.350000,-29.119723,48.500637,-0.051400,0.093070,1.109110,1.120265
158.400000,-29.069784,48.498175,-0.047322,0.068383,1.109800,1.118676
158.450000,-29.019836,48.495883,-0.044664,0.037000,1.110958,1.115548
158.500000,-28.969885,48.493682,-0.043674,0.002578,1.112870,1.112549
158.550000,-28.919933,48.491488,-0.044399,-0.030710,1.115811,1.110589
158.600000,-28.869984,48.489218,-0.046679,-0.058913,1.118690,1.109562
158.650000,-28.820043,48.486802,-0.050178,-0.078963,1.120770,1.109130
158.700000,-28.770111,48.484190,-0.054436,-0.089132,1.120766,1.109134
158.750000,-28.720191,48.481357,-0.058945,-0.089127,1.120371,1.109749
158.800000,-28.670285,48.478303,-0.063214,-0.079859,1.119730,1.110839
158.850000,-28.620391,48.475051,-0.066819,-0.063023,1.118847,1.111905
158.900000,-28.570507,48.471643,-0.069434,-0.040668,1.118112,1.113944
158.950000,-28.520630,48.468134,-0.070833,-0.014894,1.117326,1.116090
159.000000,-28.470756,48.464588,-0.070900,0.012224,1.115900,1.116616
159.050000,-28.420880,48.461072,-0.069617,0.038589,1.114625,1.117212
159.100000,-28.370997,48.457652,-0.067078,0.061990,1.113587,1.117766
159.150000,-28.321104,48.454387,-0.063489,0.080115,1.111393,1.118513
159.200000,-28.271198,48.451320,-0.059169,0.090741,1.109278,1.119027
159.250000,-28.221279,48.448478,-0.054544,0.092094,1.106190,1.118527
159.300000,-28.171347,48.445865,-0.050104,0.083287,1.100346,1.115978
159.350000,-28.121405,48.443458,-0.046357,0.064700,1.100881,1.113119
159.400000,-28.071456,48.441211,-0.043752,0.038170,1.102589,1.112172
159.450000,-28.021502,48.439059,-0.042615,0.006869,1.107574,1.110952
159.500000,-27.971547,48.436924,-0.043084,-0.025098,1.113947,1.109470
159.550000,-27.921596,48.434727,-0.045081,-0.053365,1.116131,1.108191
159.600000,-27.871650,48.432397,-0.048319,-0.074077,1.119559,1.107277
159.650000,-27.821713,48.429884,-0.052347,-0.084611,1.124381,1.106914
159.700000,-27.771787,48.427161,-0.056623,-0.084073,1.124448,1.107498
159.750000,-27.721873,48.424230,-0.060607,-0.073413,1.124174,1.115263
159.800000,-27.671970,48.421117,-0.063850,-0.055157,1.124716,1.130216
159.850000,-27.622076,48.417867,-0.066057,-0.032782,1.125926,1.132402
159.900000,-27.572187,48.414535,-0.067115,-0.009946,1.125865,1.133183
159.950000,-27.522300,48.411178,-0.067084,0.010305,1.126335,1.133665
160.000000,-27.472411,48.407847,-0.066146,0.026113,1.126025,1.133975
160.050000,-27.422518,48.404579,-0.064542,0.037111,1.125882,1.133575
160.100000,-27.372619,48.401404,-0.062492,0.044347,1.125985,1.131771
160.150000,-27.322713,48.398339,-0.060136,0.049867,1.126348,1.130284
160.200000,-27.272800,48.395399,-0.057500,0.056020,1.126785,1.128283
160.250000,-27.222878,48.392598,-0.054501,0.064628,1.127019,1.123813
160.300000,-27.172948,48.389960,-0.050994,0.076240,1.126412,1.121667
160.350000,-27.123008,48.387512,-0.046847,0.089710,1.123716,1.119835
160.400000,-27.073057,48.385288,-0.042029,0.102245,1.117595,1.117809
160.450000,-27.023096,48.383319,-0.036681,0.110012,1.107175,1.115801
160.500000,-26.973125,48.381624,-0.031143,0.109121,1.099098,1.113316
160.550000,-26.923145,48.380200,-0.025927,0.096785,1.099179,1.112421
160.600000,-26.873159,48.379016,-0.021638,0.072235,1.099997,1.111603
160.650000,-26.823169,48.378010,-0.018858,0.037170,1.101663,1.110067
160.700000,-26.773177,48.377097,-0.018023,-0.004439,1.105135,1.107514
160.750000,-26.723186,48.376172,-0.019329,-0.047121,1.109329,1.104639
160.800000,-26.673197,48.375130,-0.022679,-0.085049,1.111687,1.102473
160.850000,-26.623213,48.373877,-0.027705,-0.113282,1.113947,1.101405
160.900000,-26.573236,48.372342,-0.033832,-0.128796,1.116883,1.100991
160.950000,-26.523271,48.370487,-0.040396,-0.131055,1.119625,1.101426
161.000000,-26.473318,48.368307,-0.046772,-0.121970,1.121358,1.103499
161.050000,-26.423380,48.365824,-0.052478,-0.105273,1.123619,1.111775
161.100000,-26.373455,48.363078,-0.057247,-0.085444,1.124518,1.124489
161.150000,-26.323543,48.360119,-0.061030,-0.066556,1.126042,1.126616
161.200000,-26.273641,48.356993,-0.063950,-0.051262,1.126972,1.126828
161.250000,-26.223747,48.353739,-0.066217,-0.040242,1.127089,1.126711
161.300000,-26.173859,48.350383,-0.068020,-0.032170,1.128263,1.126358
161.350000,-26.123978,48.346948,-0.069443,-0.024240,1.130343,1.125957
161.400000,-26.074100,48.343452,-0.070405,-0.013076,1.129586,1.125630
161.450000,-26.024225,48.339925,-0.070669,0.004186,1.128546,1.125540
161.500000,-25.974348,48.336409,-0.069882,0.028927,1.130402,1.125634
161.550000,-25.924467,48.332966,-0.067677,0.060433,1.128383,1.125997
161.600000,-25.874575,48.329675,-0.063777,0.095828,1.123061,1.127059
161.650000,-25.824669,48.326623,-0.058094,0.130585,1.115734,1.127589
161.700000,-25.774743,48.323896,-0.050790,0.159524,1.108136,1.128073
161.750000,-25.724797,48.321566,-0.042280,0.177975,1.104283,1.128452
161.800000,-25.674833,48.319679,-0.033178,0.182852,1.103967,1.127766
161.850000,-25.624854,48.318246,-0.024197,0.173259,1.104604,1.124925
161.900000,-25.574864,48.317245,-0.016040,0.150510,1.105747,1.118716
161.950000,-25.524868,48.316618,-0.009294,0.117624,1.106817,1.113301
162.000000,-25.474869,48.316285,-0.004371,0.078483,1.107797,1.106429
162.050000,-25.424869,48.316147,-0.001484,0.037044,1.108611,1.102949
162.100000,-25.374869,48.316102,-0.000657,-0.003253,1.108968,1.101064
162.150000,-25.324869,48.316049,-0.001760,-0.039727,1.109531,1.100369
162.200000,-25.274869,48.315898,-0.004553,-0.070461,1.110157,1.099709
162.250000,-25.224870,48.315571,-0.008711,-0.094181,1.110756,1.098943
162.300000,-25.174873,48.315011,-0.013864,-0.110167,1.111220,1.097942
162.350000,-25.124880,48.314175,-0.019618,-0.118260,1.111555,1.096945
162.400000,-25.074893,48.313045,-0.025586,-0.118915,1.111649,1.096919
162.450000,-25.024913,48.311619,-0.031420,-0.113259,1.111433,1.097369
162.500000,-24.974943,48.309911,-0.036845,-0.102987,1.112670,1.101351
162.550000,-24.924981,48.307946,-0.041679,-0.090130,1.116068,1.110788
162.600000,-24.875029,48.305756,-0.045846,-0.076685,1.117473,1.117230
162.650000,-24.825086,48.303374,-0.049360,-0.064242,1.120577,1.119114
162.700000,-24.775151,48.300831,-0.052296,-0.053704,1.123255,1.120135
162.750000,-24.725222,48.298154,-0.054758,-0.045168,1.125982,1.120670
162.800000,-24.675300,48.295364,-0.056834,-0.038010,1.127305,1.121637
162.850000,-24.625384,48.292480,-0.058565,-0.031095,1.128111,1.122608
162.900000,-24.575471,48.289517,-0.059931,-0.023085,1.128070,1.125110
162.950000,-24.525563,48.286498,-0.060843,-0.012752,1.128052,1.126448
163.000000,-24.475656,48.283447,-0.061163,0.000750,1.127931,1.126569
163.050000,-24.425749,48.280398,-0.060721,0.017689,1.127573,1.126927
163.100000,-24.375839,48.277394,-0.059351,0.037665,1.124485,1.126849
163.150000,-24.325924,48.274484,-0.056924,0.059624,1.115973,1.124902
163.200000,-24.276000,48.271723,-0.053380,0.081960,1.109460,1.121915
163.250000,-24.226066,48.269167,-0.048747,0.102686,1.108537,1.120254
163.300000,-24.176119,48.266866,-0.043159,0.119627,1.107276,1.120656
163.350000,-24.126159,48.264864,-0.036862,0.130628,1.106781,1.120644
163.400000,-24.076187,48.263187,-0.030202,0.133785,1.106492,1.119968
163.450000,-24.026205,48.261843,-0.023609,0.127683,1.106413,1.118834
163.500000,-23.976215,48.260817,-0.017570,0.111661,1.106784,1.117085
163.550000,-23.926221,48.260068,-0.012576,0.086086,1.107854,1.116283
163.600000,-23.876224,48.259534,-0.009075,0.052522,1.109458,1.114392
163.650000,-23.826225,48.259130,-0.007401,0.013809,1.110645,1.111777
163.700000,-23.776227,48.258760,-0.007719,-0.026158,1.112264,1.109608
163.750000,-23.726229,48.258326,-0.009980,-0.062859,1.114417,1.107474
163.800000,-23.676232,48.257735,-0.013907,-0.091884,1.116496,1.104666
163.850000,-23.626239,48.256915,-0.019020,-0.109771,1.117621,1.103556
163.900000,-23.576251,48.255824,-0.024709,-0.114816,1.118461,1.103343
163.950000,-23.526270,48.254446,-0.030330,-0.107540,1.118119,1.105405
164.000000,-23.476297,48.252802,-0.035324,-0.090671,1.117778,1.110738
164.050000,-23.426332,48.250932,-0.039316,-0.068550,1.119196,1.115666
164.100000,-23.376374,48.248891,-0.042167,-0.046102,1.120541,1.118794
164.150000,-23.326420,48.246734,-0.043975,-0.027664,1.121193,1.121408
164.200000,-23.276470,48.244507,-0.045023,-0.015997,1.124152,1.125318
164.250000,-23.226521,48.242239,-0.045678,-0.011803,1.126205,1.126183
164.300000,-23.176574,48.239941,-0.046292,-0.013827,1.128440,1.126360
164.350000,-23.126628,48.237608,-0.047116,-0.019482,1.129242,1.126081
164.400000,-23.076685,48.235226,-0.048254,-0.025750,1.129817,1.126657
164.450000,-23.026745,48.232780,-0.049666,-0.029973,1.129889,1.127642
164.500000,-22.976809,48.230259,-0.051201,-0.030383,1.128806,1.129328
164.550000,-22.926876,48.227664,-0.052642,-0.026179,1.123590,1.129834
164.600000,-22.876947,48.225003,-0.053755,-0.017349,1.117057,1.129301
164.650000,-22.827020,48.222300,-0.054319,-0.004376,1.115500,1.126170
164.700000,-22.777094,48.219586,-0.054146,0.011907,1.112968,1.122011
164.750000,-22.727166,48.216903,-0.053097,0.030273,1.111863,1.119057
164.800000,-22.677234,48.214295,-0.051111,0.048917,1.108349,1.117260
164.850000,-22.627296,48.211809,-0.048230,0.065378,1.104723,1.116373
164.900000,-22.577350,48.209486,-0.044638,0.076706,1.102496,1.116474
164.950000,-22.527395,48.207353,-0.040664,0.080046,1.101348,1.116417
165.000000,-22.477433,48.205419,-0.036767,0.073437,1.101099,1.115900
165.050000,-22.427463,48.203667,-0.033462,0.056632,1.101956,1.113919
165.100000,-22.377489,48.202055,-0.031223,0.031539,1.104714,1.111170
165.150000,-22.327513,48.200521,-0.030375,0.002086,1.108511,1.105594
165.200000,-22.277536,48.198993,-0.031012,-0.026569,1.111462,1.100122
165.250000,-22.227562,48.197399,-0.032959,-0.049259,1.113904,1.097765
165.300000,-22.177591,48.195683,-0.035809,-0.062115,1.115773,1.097197
165.350000,-22.127626,48.193813,-0.039015,-0.063545,1.115937,1.098538
165.400000,-22.077667,48.191786,-0.042018,-0.054575,1.116166,1.102105
165.450000,-22.027714,48.189624,-0.044368,-0.038466,1.116016,1.107550
165.500000,-21.977765,48.187366,-0.045821,-0.019758,1.115551,1.114509
165.550000,-21.927818,48.185059,-0.046364,-0.003040,1.116858,1.115778
165.600000,-21.877872,48.182743,-0.046196,0.008138,1.118122,1.116209
165.650000,-21.827925,48.180447,-0.045649,0.011988,1.118810,1.116490
165.700000,-21.777976,48.178180,-0.045096,0.008692,1.119316,1.116762
165.750000,-21.728027,48.175933,-0.044855,0.000161,1.119619,1.118129
165.800000,-21.678077,48.173687,-0.045115,-0.010532,1.119256,1.119121
165.850000,-21.628129,48.171415,-0.045896,-0.019839,1.118955,1.119745
165.900000,-21.578183,48.169093,-0.047040,-0.024452,1.118805,1.119293
165.950000,-21.528239,48.166711,-0.048247,-0.021955,1.117945,1.118701
166.000000,-21.478299,48.164276,-0.049126,-0.011323,1.116952,1.117915
166.050000,-21.428359,48.161813,-0.049275,0.006770,1.113930,1.117027
166.100000,-21.378419,48.159368,-0.048374,0.029938,1.111276,1.115261
166.150000,-21.328475,48.156998,-0.046256,0.054416,1.109909,1.114549
166.200000,-21.278525,48.154764,-0.042968,0.075721,1.106620,1.115415
166.250000,-21.228567,48.152718,-0.038779,0.089531,1.102003,1.116062
166.300000,-21.178601,48.150894,-0.034157,0.092581,1.101744,1.116256
166.350000,-21.128626,48.149300,-0.029687,0.083362,1.102127,1.115873
166.400000,-21.078645,48.147912,-0.025982,0.062427,1.104281,1.114966
166.450000,-21.028660,48.146680,-0.023576,0.032234,1.108888,1.113646
166.500000,-20.978674,48.145527,-0.022840,-0.003400,1.112211,1.111690
166.550000,-20.928687,48.144365,-0.023937,-0.040047,1.113412,1.109302
166.600000,-20.878703,48.143104,-0.026807,-0.073451,1.115155,1.107759
166.650000,-20.828724,48.141660,-0.031195,-0.100130,1.117929,1.107059
166.700000,-20.778753,48.139966,-0.036700,-0.117731,1.119981,1.107099
166.750000,-20.728792,48.137980,-0.042831,-0.125122,1.120633,1.108061
166.800000,-20.678845,48.135683,-0.049073,-0.122304,1.120738,1.109308
166.850000,-20.628913,48.133082,-0.054934,-0.110203,1.121155,1.110297
166.900000,-20.578995,48.130206,-0.059987,-0.090468,1.122244,1.110735
166.950000,-20.529092,48.127106,-0.063903,-0.065277,1.123576,1.112296
167.000000,-20.479198,48.123843,-0.066471,-0.037142,1.122719,1.115818
167.050000,-20.429311,48.120487,-0.067609,-0.008662,1.121077,1.119051
167.100000,-20.379425,48.117110,-0.067361,0.017793,1.118533,1.121899
167.150000,-20.329536,48.113777,-0.065879,0.040433,1.116749,1.124163
167.200000,-20.279641,48.110544,-0.063381,0.058350,1.115807,1.124521
167.250000,-20.229736,48.107456,-0.060108,0.071621,1.115707,1.123590
167.300000,-20.179821,48.104546,-0.056271,0.081153,1.115924,1.121668
167.350000,-20.129895,48.101838,-0.052027,0.088238,1.115806,1.119607
167.400000,-20.079956,48.099351,-0.047467,0.093945,1.114927,1.116539
167.450000,-20.030007,48.097097,-0.042647,0.098544,1.113663,1.116061
167.500000,-19.980048,48.095090,-0.037637,0.101143,1.109742,1.114857
167.550000,-19.930078,48.093335,-0.032582,0.099750,1.102249,1.112983
167.600000,-19.880101,48.091829,-0.027747,0.091747,1.097310,1.111664
167.650000,-19.830117,48.090551,-0.023526,0.074704,1.096765,1.111635
167.700000,-19.780129,48.089458,-0.020415,0.047300,1.097157,1.111243
167.750000,-19.730139,48.088482,-0.018931,0.010082,1.099579,1.110165
167.800000,-19.680148,48.087530,-0.019508,-0.034190,1.105247,1.108454
167.850000,-19.630159,48.086492,-0.022390,-0.080750,1.110463,1.106402
167.900000,-19.580174,48.085253,-0.027543,-0.123571,1.116567,1.104404
167.950000,-19.530198,48.083706,-0.034624,-0.156514,1.124894,1.102912
168.000000,-19.480235,48.081770,-0.043002,-0.174628,1.127603,1.102295
168.050000,-19.430292,48.079400,-0.051854,-0.175253,1.128625,1.102659
168.100000,-19.380370,48.076595,-0.060293,-0.158616,1.128069,1.103568
168.150000,-19.330473,48.073395,-0.067518,-0.127749,1.126581,1.111347
168.200000,-19.280597,48.069879,-0.072936,-0.087688,1.124666,1.123834
168.250000,-19.230736,48.066144,-0.076234,-0.044258,1.122854,1.125609
168.300000,-19.180885,48.062298,-0.077381,-0.002750,1.121356,1.126895
168.350000,-19.131033,48.058446,-0.076580,0.033101,1.120406,1.127594
168.400000,-19.081176,48.054675,-0.074168,0.061621,1.120068,1.127111
168.450000,-19.031307,48.051056,-0.070514,0.083050,1.119918,1.125284
168.500000,-18.981423,48.047644,-0.065940,0.098873,1.120201,1.123999
168.550000,-18.931524,48.044478,-0.060680,0.110887,1.119540,1.123126
168.600000,-18.881607,48.041589,-0.054887,0.120309,1.115128,1.121975
168.650000,-18.831674,48.038999,-0.048681,0.127221,1.107174,1.119677
168.700000,-18.781726,48.036727,-0.042210,0.130501,1.102082,1.115605
168.750000,-18.731764,48.034780,-0.035702,0.128199,1.100930,1.115207
168.800000,-18.681790,48.033152,-0.029490,0.118203,1.099861,1.114012
168.850000,-18.631808,48.031819,-0.024003,0.098948,1.100264,1.111634
168.900000,-18.581820,48.030732,-0.019725,0.069977,1.101086,1.109814
168.950000,-18.531828,48.029818,-0.017125,0.032222,1.102299,1.108714
169.000000,-18.481835,48.028985,-0.016593,-0.011994,1.104162,1.107076
169.050000,-18.431843,48.028120,-0.018370,-0.059196,1.107005,1.105013
169.100000,-18.381853,48.027108,-0.022502,-0.105150,1.110281,1.103600
169.150000,-18.331869,48.025834,-0.028815,-0.145369,1.112925,1.102302
169.200000,-18.281896,48.024198,-0.036913,-0.175687,1.116544,1.101222
169.250000,-18.231939,48.022124,-0.046213,-0.192848,1.122111,1.100940
169.300000,-18.182004,48.019570,-0.056001,-0.195000,1.125751,1.101524
169.350000,-18.132097,48.016532,-0.065512,-0.181969,1.127388,1.102839
169.400000,-18.082219,48.013041,-0.074013,-0.155203,1.126257,1.109132
169.450000,-18.032369,48.009165,-0.080882,-0.117394,1.124822,1.116978
169.500000,-17.982543,48.004997,-0.085647,-0.071881,1.123369,1.120818
169.550000,-17.932732,48.000651,-0.088009,-0.022072,1.122172,1.125982
169.600000,-17.882926,47.996250,-0.087834,0.028932,1.121229,1.127171
169.650000,-17.833114,47.991921,-0.085132,0.078448,1.121306,1.127983
169.700000,-17.783285,47.987787,-0.080038,0.124051,1.121873,1.128827
169.750000,-17.733432,47.983961,-0.072806,0.163350,1.120819,1.129726
169.800000,-17.683549,47.980542,-0.063815,0.193856,1.114331,1.130097
169.850000,-17.633635,47.977605,-0.053566,0.213087,1.104374,1.130163
169.900000,-17.583693,47.975198,-0.042680,0.218901,1.102128,1.128713
169.950000,-17.533728,47.973336,-0.031868,0.209931,1.100597,1.122416
170.000000,-17.483746,47.971998,-0.021883,0.185975,1.100547,1.116124
170.050000,-17.433754,47.971122,-0.013454,0.148180,1.101711,1.113437
170.100000,-17.383756,47.970615,-0.007218,0.098995,1.103091,1.110261
170.150000,-17.333757,47.970355,-0.003662,0.041942,1.104548,1.107075
170.200000,-17.283757,47.970199,-0.003077,-0.018724,1.106063,1.104344
170.250000,-17.233758,47.969997,-0.005527,-0.078363,1.108240,1.101555
170.300000,-17.183759,47.969599,-0.010845,-0.132327,1.112174,1.099999
170.350000,-17.133764,47.968871,-0.018636,-0.176381,1.116003,1.098636
170.400000,-17.083778,47.967704,-0.028313,-0.207134,1.118062,1.097979
170.450000,-17.033806,47.966021,-0.039150,-0.222458,1.121153,1.098735
170.500000,-16.983856,47.963784,-0.050350,-0.221765,1.123419,1.100042
170.550000,-16.933934,47.960996,-0.061129,-0.206019,1.125080,1.105850
170.600000,-16.884043,47.957694,-0.070783,-0.177479,1.127323,1.114439
170.650000,-16.834184,47.953952,-0.078747,-0.139212,1.126085,1.115915
170.700000,-16.784351,47.949863,-0.084618,-0.094550,1.122804,1.118099
170.750000,-16.734538,47.945539,-0.088157,-0.046652,1.118679,1.120621
170.800000,-16.684736,47.941099,-0.089274,0.001736,1.117699,1.120827
170.850000,-16.634933,47.936663,-0.088004,0.048326,1.116674,1.120766
170.900000,-16.585120,47.932347,-0.084487,0.091199,1.115596,1.121904
170.950000,-16.535287,47.928258,-0.078952,0.128693,1.113204,1.122784
171.000000,-16.485429,47.924489,-0.071705,0.159361,1.110088,1.123467
171.050000,-16.435543,47.921116,-0.063118,0.182008,1.108897,1.123975
171.100000,-16.385629,47.918196,-0.053618,0.195783,1.106708,1.124049
171.150000,-16.335688,47.915764,-0.043660,0.200259,1.104588,1.122989
171.200000,-16.285725,47.913831,-0.033712,0.195462,1.104830,1.121529
171.250000,-16.235746,47.912386,-0.024228,0.181827,1.105169,1.121131
171.300000,-16.185756,47.911394,-0.015634,0.160131,1.105344,1.120625
171.350000,-16.135759,47.910801,-0.008306,0.131455,1.105484,1.120016
171.400000,-16.085760,47.910537,-0.002562,0.097206,1.106142,1.119275
171.450000,-16.035760,47.910515,0.001364,0.059176,1.106717,1.118416
171.500000,-15.985760,47.910640,0.003333,0.019583,1.107453,1.117447
171.550000,-15.935761,47.910815,0.003332,-0.018985,1.108532,1.116368
171.600000,-15.885761,47.910943,0.001480,-0.053792,1.109674,1.111770
171.650000,-15.835761,47.910936,-0.001969,-0.082336,1.110681,1.102210
171.700000,-15.785761,47.910725,-0.006651,-0.102806,1.111348,1.096352
171.750000,-15.735763,47.910258,-0.012136,-0.114478,1.111543,1.096157
171.800000,-15.685769,47.909506,-0.017991,-0.117873,1.111622,1.099044
171.850000,-15.635780,47.908459,-0.023836,-0.114619,1.111581,1.105518
171.900000,-15.585798,47.907127,-0.029394,-0.107006,1.110926,1.111968
171.950000,-15.535823,47.905528,-0.034509,-0.097389,1.112391,1.116579
172.000000,-15.485857,47.903685,-0.039130,-0.087617,1.115449,1.118333
172.050000,-15.435900,47.901624,-0.043281,-0.078672,1.117143,1.120568
172.100000,-15.385951,47.899366,-0.047009,-0.070595,1.120085,1.122426
172.150000,-15.336010,47.896931,-0.050343,-0.062699,1.123263,1.122959
172.200000,-15.286077,47.894340,-0.053269,-0.053946,1.125637,1.123330
172.250000,-15.236152,47.891615,-0.055715,-0.043367,1.127839,1.124712
172.300000,-15.186232,47.888781,-0.057575,-0.030404,1.131119,1.126641
172.350000,-15.136317,47.885872,-0.058726,-0.015121,1.134150,1.127850
172.400000,-15.086404,47.882926,-0.059066,0.001718,1.133749,1.128251
172.450000,-15.036490,47.879984,-0.058550,0.018702,1.133244,1.128756
172.500000,-14.986574,47.877088,-0.057216,0.033920,1.132465,1.128486
172.550000,-14.936653,47.874276,-0.055206,0.045207,1.130908,1.127250
172.600000,-14.886726,47.871577,-0.052771,0.050473,1.125168,1.126182
172.650000,-14.836793,47.869003,-0.050256,0.048060,1.118529,1.124167
172.700000,-14.786853,47.866548,-0.048074,0.037094,1.116406,1.121612
172.750000,-14.736909,47.864184,-0.046656,0.017698,1.114067,1.118792
172.800000,-14.686963,47.861864,-0.046400,-0.008975,1.113025,1.115488
172.850000,-14.637018,47.859521,-0.047623,-0.040914,1.112452,1.112131
172.900000,-14.587077,47.857076,-0.050529,-0.075614,1.113120,1.107923
172.950000,-14.537147,47.854441,-0.055189,-0.110502,1.113971,1.105903
173.000000,-14.487232,47.851531,-0.061555,-0.143323,1.114692,1.105134
173.050000,-14.437338,47.848264,-0.069475,-0.172395,1.115519,1.104692
173.100000,-14.387475,47.844567,-0.078733,-0.196670,1.116042,1.104839
173.150000,-14.337651,47.840381,-0.089075,-0.215646,1.116323,1.105204
173.200000,-14.287874,47.835658,-0.100229,-0.229217,1.116980,1.105103
173.250000,-14.238155,47.830366,-0.111929,-0.237548,1.117862,1.104909
173.300000,-14.188502,47.824484,-0.123922,-0.241048,1.118223,1.104777
173.350000,-14.138924,47.818005,-0.135981,-0.240478,1.118264,1.104607
173.400000,-14.089427,47.810930,-0.147932,-0.237090,1.118133,1.104567
173.450000,-14.040017,47.803269,-0.159676,-0.232714,1.117844,1.104856
173.500000,-13.990700,47.795034,-0.171219,-0.229663,1.117372,1.105759
173.550000,-13.941481,47.786232,-0.182689,-0.230410,1.116889,1.109148
173.600000,-13.892367,47.776864,-0.194334,-0.237087,1.116621,1.112479
173.650000,-13.843367,47.766913,-0.206489,-0.250931,1.116742,1.112358
173.700000,-13.794496,47.756347,-0.219519,-0.271879,1.117604,1.111365
173.750000,-13.745773,47.745118,-0.233751,-0.298452,1.118977,1.106269
173.800000,-13.697224,47.733162,-0.249405,-0.328036,1.120222,1.100478
173.850000,-13.648877,47.720411,-0.266555,-0.357465,1.121285,1.097331
173.900000,-13.600765,47.706799,-0.285115,-0.383784,1.122001,1.093999
173.950000,-13.552924,47.692267,-0.304870,-0.404930,1.122324,1.095475
174.000000,-13.505386,47.676769,-0.325534,-0.420133,1.122369,1.097903
174.050000,-13.458184,47.660277,-0.346816,-0.429947,1.122314,1.099977
174.100000,-13.411348,47.642775,-0.368481,-0.435911,1.122105,1.102195
174.150000,-13.364904,47.624256,-0.390384,-0.440000,1.123096,1.102365
174.200000,-13.318878,47.604720,-0.412481,-0.444059,1.124681,1.102353
174.250000,-13.273298,47.584167,-0.434808,-0.449383,1.125080,1.102929
174.300000,-13.228191,47.562594,-0.457444,-0.456524,1.126927,1.103493
174.350000,-13.183588,47.539998,-0.480483,-0.465358,1.129741,1.103902
174.400000,-13.139524,47.516370,-0.503996,-0.475310,1.130921,1.104424
174.450000,-13.096033,47.491701,-0.528022,-0.485680,1.131299,1.104201
174.500000,-13.053154,47.465983,-0.552565,-0.495907,1.131496,1.104004
174.550000,-13.010926,47.439211,-0.577610,-0.505717,1.131534,1.104166
174.600000,-12.969388,47.411379,-0.603134,-0.515103,1.131618,1.105747
174.650000,-12.928581,47.382486,-0.629119,-0.524169,1.131639,1.107110
174.700000,-12.888545,47.352535,-0.655550,-0.532933,1.131585,1.106960
174.750000,-12.849321,47.321527,-0.682409,-0.541207,1.131763,1.105175
174.800000,-12.810950,47.289469,-0.709663,-0.548599,1.132257,1.103448
174.850000,-12.773474,47.256371,-0.737255,-0.554662,1.132679,1.103121
174.900000,-12.736929,47.222246,-0.765112,-0.559118,1.132784,1.103016
174.950000,-12.701352,47.187113,-0.793151,-0.562014,1.132740,1.103115
175.000000,-12.666777,47.150995,-0.821302,-0.563732,1.132562,1.103780
175.050000,-12.633233,47.113917,-0.849520,-0.564816,1.132428,1.104328
175.100000,-12.600750,47.075906,-0.877785,-0.565670,1.132354,1.103993
175.150000,-12.569354,47.036991,-0.906087,-0.566261,1.132376,1.103624
175.200000,-12.539073,46.997204,-0.934402,-0.565968,1.132626,1.103432
175.250000,-12.509930,46.956576,-0.962661,-0.563680,1.133173,1.103161
175.300000,-12.481942,46.915142,-0.990731,-0.558163,1.133815,1.102981
175.350000,-12.455122,46.872944,-1.018427,-0.548585,1.134033,1.103864
175.400000,-12.429469,46.830027,-1.045541,-0.535029,1.133978,1.104703
175.450000,-12.404972,46.786439,-1.071900,-0.518789,1.133501,1.107310
175.500000,-12.381615,46.742230,-1.097423,-0.502294,1.132574,1.109526
175.550000,-12.359375,46.697448,-1.122174,-0.488625,1.130890,1.112450
175.600000,-12.338237,46.652136,-1.146370,-0.480793,1.129724,1.114376
175.650000,-12.318195,46.606329,-1.170364,-0.480953,1.129558,1.114542
175.700000,-12.299261,46.560052,-1.194584,-0.489845,1.131637,1.114049
175.750000,-12.281468,46.513326,-1.219454,-0.506619,1.133651,1.109432
175.800000,-12.264864,46.466163,-1.245321,-0.529088,1.135079,1.103893
175.850000,-12.249514,46.418578,-1.272398,-0.554309,1.135910,1.100262
175.900000,-12.235488,46.370585,-1.300746,-0.579284,1.136246,1.098857
175.950000,-12.222858,46.322207,-1.330288,-0.601569,1.133990,1.098484
176.000000,-12.211688,46.273470,-1.360845,-0.619585,1.131806,1.098319
176.050000,-12.202032,46.224412,-1.392180,-0.632614,1.131080,1.097160
176.100000,-12.193932,46.175072,-1.424038,-0.640556,1.131034,1.097667
176.150000,-12.187415,46.125499,-1.456170,-0.643593,1.130350,1.098084
176.200000,-12.182497,46.075741,-1.488334,-0.641916,1.130078,1.098022
176.250000,-12.179176,46.025852,-1.520298,-0.635637,1.130052,1.098048
176.300000,-12.177443,45.975882,-1.551835,-0.624825,1.129895,1.098205
176.350000,-12.177270,45.925882,-1.582720,-0.609656,1.129583,1.098079
176.400000,-12.178621,45.875900,-1.612745,-0.590520,1.129152,1.098348
176.450000,-12.181446,45.825980,-1.641726,-0.568063,1.128138,1.098916
176.500000,-12.185687,45.776161,-1.669517,-0.543093,1.127291,1.099609
176.550000,-12.191279,45.726474,-1.696013,-0.516427,1.127120,1.101290
176.600000,-12.198153,45.676949,-1.721146,-0.488724,1.126715,1.102944
176.650000,-12.206234,45.627606,-1.744877,-0.460376,1.126164,1.104577
176.700000,-12.215448,45.578463,-1.767178,-0.431558,1.127845,1.105307
176.750000,-12.225721,45.529529,-1.788028,-0.402364,1.128077,1.105723
176.800000,-12.236976,45.480813,-1.807414,-0.373037,1.127473,1.107412
176.850000,-12.249138,45.432314,-1.825342,-0.344159,1.126808,1.108392
176.900000,-12.262133,45.384032,-1.841857,-0.316722,1.126062,1.109138
176.950000,-12.275891,45.335963,-1.857062,-0.292004,1.125254,1.109946
177.000000,-12.290351,45.288099,-1.871126,-0.271277,1.120817,1.112657
177.050000,-12.305459,45.240436,-1.884273,-0.255426,1.119349,1.113651
177.100000,-12.321176,45.192971,-1.896753,-0.244616,1.122762,1.113781
177.150000,-12.337473,45.145701,-1.908804,-0.238132,1.123887,1.113613
177.200000,-12.354333,45.098629,-1.920609,-0.234475,1.124260,1.113240
177.250000,-12.371743,45.051758,-1.932262,-0.231683,1.124607,1.112024
177.300000,-12.389694,45.005092,-1.943755,-0.227808,1.124744,1.111656
177.350000,-12.408176,44.958633,-1.954996,-0.221351,1.124438,1.111724
177.400000,-12.427169,44.912381,-1.965833,-0.211565,1.123439,1.109170
177.450000,-12.446651,44.866333,-1.976098,-0.198522,1.117036,1.108945
177.500000,-12.466587,44.820479,-1.985645,-0.182967,1.113197,1.109395
177.550000,-12.486943,44.774810,-1.994375,-0.166036,1.111914,1.106686
177.600000,-12.507677,44.729312,-2.002249,-0.148947,1.111233,1.106307
177.650000,-12.528749,44.683969,-2.009288,-0.132772,1.110844,1.106656
177.700000,-12.550122,44.638768,-2.015557,-0.118306,1.110557,1.106943
177.750000,-12.571763,44.593693,-2.021157,-0.106083,1.110458,1.106404
177.800000,-12.593643,44.548735,-2.026210,-0.096449,1.110230,1.106390
177.850000,-12.615740,44.503883,-2.030851,-0.089655,1.110200,1.106480
177.900000,-12.638038,44.459130,-2.035228,-0.085923,1.110150,1.106550
177.950000,-12.660529,44.414474,-2.039498,-0.085417,1.111828,1.107824
178.000000,-12.683212,44.369915,-2.043824,-0.088133,1.113862,1.108213
178.050000,-12.706091,44.325457,-2.048359,-0.093727,1.116940,1.108513
178.100000,-12.729178,44.281106,-2.053229,-0.101369,1.117877,1.108563
178.150000,-12.752490,44.236873,-2.058504,-0.109704,1.119705,1.111746
178.200000,-12.776044,44.192769,-2.064177,-0.116977,1.122065,1.112073
178.250000,-12.799855,44.148802,-2.070149,-0.121370,1.122864,1.111636
178.300000,-12.823931,44.104981,-2.076237,-0.121408,1.123317,1.110304
178.350000,-12.848272,44.061306,-2.082202,-0.116383,1.123317,1.112402
178.400000,-12.872866,44.017773,-2.087795,-0.106593,1.122855,1.113445
178.450000,-12.897691,43.974371,-2.092806,-0.093328,1.122156,1.118467
178.500000,-12.922718,43.931085,-2.097108,-0.078588,1.121352,1.120348
178.550000,-12.947915,43.887898,-2.100684,-0.064640,1.121073,1.121828
178.600000,-12.973253,43.844793,-2.103625,-0.053543,1.120872,1.122328
178.650000,-12.998706,43.801757,-2.106116,-0.046804,1.121243,1.122357
178.700000,-13.024261,43.758781,-2.108395,-0.045210,1.121080,1.122219
178.750000,-13.049914,43.715863,-2.110726,-0.048865,1.121172,1.122028
178.800000,-13.075673,43.673009,-2.113362,-0.057308,1.121401,1.121799
178.850000,-13.101555,43.630229,-2.116521,-0.069637,1.121649,1.121551
178.900000,-13.127586,43.587540,-2.120367,-0.084609,1.120332,1.121266
178.950000,-13.153798,43.544961,-2.124996,-0.100643,1.119535,1.117097
179.000000,-13.180223,43.502515,-2.130414,-0.115905,1.119862,1.115157
179.050000,-13.206894,43.460222,-2.136535,-0.128433,1.119669,1.111061
179.100000,-13.233835,43.418101,-2.143176,-0.136447,1.119196,1.106252
179.150000,-13.261061,43.376164,-2.150079,-0.138699,1.119265,1.105135
179.200000,-13.288576,43.334416,-2.156941,-0.134820,1.119171,1.105229
179.250000,-13.316371,43.292853,-2.163469,-0.125484,1.118624,1.105776
179.300000,-13.344426,43.251466,-2.169427,-0.112284,1.117850,1.106872
179.350000,-13.372713,43.210236,-2.174674,-0.097358,1.117064,1.108058
179.400000,-13.401200,43.169145,-2.179175,-0.082828,1.110922,1.108968
179.450000,-13.429857,43.128172,-2.182994,-0.070297,1.109322,1.112255
179.500000,-13.458658,43.087301,-2.186253,-0.060515,1.109327,1.112973
179.550000,-13.487584,43.046517,-2.189090,-0.053346,1.115114,1.112739
179.600000,-13.516619,43.005811,-2.191617,-0.048011,1.118840,1.112533
179.650000,-13.545751,42.965175,-2.193902,-0.043489,1.119360,1.112540
179.700000,-13.574972,42.924602,-2.195963,-0.038926,1.119279,1.112782
179.750000,-13.604271,42.884086,-2.197787,-0.033925,1.119026,1.113074
179.800000,-13.633639,42.843620,-2.199351,-0.028594,1.117543,1.113591
179.850000,-13.663065,42.803196,-2.200651,-0.023460,1.116506,1.114394
179.900000,-13.692539,42.762806,-2.201714,-0.019221,1.116302,1.115886
179.950000,-13.722051,42.722445,-2.202600,-0.016503,1.116617,1.116286
180.000000,-13.751598,42.682109,-2.203397,-0.015684,1.116762,1.115031
180.050000,-13.781176,42.641796,-2.204202,-0.016811,1.116957,1.114624
180.100000,-13.810788,42.601508,-2.205107,-0.019631,1.117134,1.115673
180.150000,-13.840440,42.561250,-2.206185,-0.023686,1.117293,1.116290
180.200000,-13.870140,42.521026,-2.207485,-0.028410,1.117371,1.116329
180.250000,-13.899897,42.480845,-2.209027,-0.033234,1.117827,1.116195
180.300000,-13.929721,42.440713,-2.210800,-0.037639,1.117997,1.117712
180.350000,-13.959620,42.400638,-2.212775,-0.041194,1.118264,1.117996
180.400000,-13.989601,42.360624,-2.214899,-0.043578,1.118678,1.117864
180.450000,-14.019669,42.320675,-2.217109,-0.044605,1.118785,1.117815
180.500000,-14.049826,42.280793,-2.219336,-0.044229,1.118740,1.117860
180.550000,-14.080071,42.240978,-2.221510,-0.042538,1.118380,1.117898
180.600000,-14.110400,42.201227,-2.223570,-0.039714,1.118129,1.117588
180.650000,-14.140808,42.161536,-2.225466,-0.035965,1.118000,1.117600
180.700000,-14.171287,42.121900,-2.227154,-0.031454,1.117896,1.117704
180.750000,-14.201828,42.082311,-2.228599,-0.026252,1.118129,1.117149
180.800000,-14.232421,42.042763,-2.229768,-0.020365,1.118171,1.117029
180.850000,-14.263054,42.003246,-2.230625,-0.013821,1.118122,1.116515
180.900000,-14.293715,41.963750,-2.231143,-0.006828,1.117978,1.116522
180.950000,-14.324389,41.924265,-2.231310,0.000082,1.118308,1.116675
181.000000,-14.355063,41.884779,-2.231154,0.005965,1.117596,1.116941
181.050000,-14.385725,41.845285,-2.230757,0.009519,1.116315,1.117199
181.100000,-14.416370,41.805776,-2.230270,0.009322,1.113110,1.117453
181.150000,-14.446997,41.766254,-2.229912,0.004208,1.112224,1.118239
181.200000,-14.477617,41.726727,-2.229942,-0.006290,1.112295,1.120157
181.250000,-14.508250,41.687209,-2.230621,-0.021593,1.119505,1.120157
181.300000,-14.538926,41.647725,-2.232150,-0.039985,1.121879,1.119421
181.350000,-14.569681,41.608303,-2.234621,-0.058853,1.124219,1.118369
181.400000,-14.600551,41.568971,-2.237986,-0.075264,1.126771,1.117418
181.450000,-14.631568,41.529754,-2.242057,-0.086733,1.127679,1.116096
181.500000,-14.662754,41.490672,-2.246548,-0.091889,1.127753,1.115847
181.550000,-14.694118,41.451732,-2.251141,-0.090863,1.127286,1.116314
181.600000,-14.725658,41.412934,-2.255559,-0.085168,1.123850,1.117170
181.650000,-14.757362,41.374271,-2.259624,-0.077152,1.116958,1.118039
181.700000,-14.789215,41.335731,-2.263280,-0.069181,1.115133,1.118567
181.750000,-14.821202,41.297301,-2.266575,-0.062906,1.115100,1.118600
181.800000,-14.853310,41.258973,-2.269609,-0.058808,1.119743,1.118233
181.850000,-14.885531,41.220739,-2.272480,-0.056265,1.121273,1.116517
181.900000,-14.917859,41.182596,-2.275237,-0.053995,1.121669,1.115024
181.950000,-14.950290,41.144540,-2.277859,-0.050712,1.119732,1.113620
182.000000,-14.982817,41.106567,-2.280277,-0.045723,1.117963,1.113588
182.050000,-15.015430,41.068667,-2.282406,-0.039201,1.115952,1.114137
182.100000,-15.048118,41.030832,-2.284190,-0.032097,1.113140,1.115368
182.150000,-15.080866,40.993049,-2.285632,-0.025736,1.112213,1.115987
182.200000,-15.113664,40.955309,-2.286799,-0.021276,1.112054,1.116631
182.250000,-15.146502,40.917604,-2.287803,-0.019307,1.112178,1.116622
182.300000,-15.179376,40.879931,-2.288769,-0.019659,1.116868,1.116778
182.350000,-15.212288,40.842290,-2.289794,-0.021571,1.118474,1.116487
182.400000,-15.245241,40.804685,-2.290933,-0.024029,1.119230,1.116255
182.450000,-15.278239,40.767120,-2.292191,-0.026226,1.119408,1.116192
182.500000,-15.311285,40.729598,-2.293546,-0.027890,1.118782,1.116414
182.550000,-15.344384,40.692122,-2.294979,-0.029420,1.118541,1.116559
182.600000,-15.377539,40.654695,-2.296505,-0.031773,1.118322,1.116778
182.650000,-15.410753,40.617321,-2.298193,-0.036120,1.118136,1.116964
182.700000,-15.444035,40.580007,-2.300170,-0.043419,1.118215,1.118016
182.750000,-15.477399,40.542766,-2.302592,-0.053973,1.117987,1.118109
182.800000,-15.510863,40.505616,-2.305611,-0.067175,1.118298,1.116570
182.850000,-15.544452,40.468579,-2.309323,-0.081445,1.118906,1.115694
182.900000,-15.578191,40.431678,-2.313728,-0.094495,1.119598,1.115002
182.950000,-15.612104,40.394936,-2.318702,-0.103787,1.120273,1.108343
183.000000,-15.646206,40.358371,-2.324000,-0.107163,1.120286,1.106509
183.050000,-15.680502,40.321987,-2.329292,-0.103391,1.115984,1.106508
183.100000,-15.714984,40.285780,-2.334218,-0.092565,1.112808,1.107073
183.150000,-15.749633,40.249732,-2.338456,-0.076128,1.111587,1.108642
183.200000,-15.784419,40.213815,-2.341784,-0.056612,1.110625,1.109775
183.250000,-15.819306,40.177998,-2.344125,-0.037108,1.109866,1.110534
183.300000,-15.854260,40.142246,-2.345555,-0.020660,1.112582,1.111058
183.350000,-15.889252,40.106531,-2.346292,-0.009727,1.113013,1.111387
183.400000,-15.924262,40.070834,-2.346653,-0.005832,1.112968,1.111432
183.450000,-15.959284,40.035148,-2.347006,-0.009464,1.113166,1.116906
183.500000,-15.994324,39.999480,-2.347719,-0.020127,1.113197,1.117797
183.550000,-16.029401,39.963849,-2.349115,-0.036560,1.113632,1.111596
183.600000,-16.064543,39.928282,-2.351440,-0.056967,1.114255,1.109645
183.650000,-16.099787,39.892815,-2.354839,-0.079225,1.113009,1.108378
183.700000,-16.135171,39.857489,-2.359350,-0.101074,1.113159,1.107641
183.750000,-16.170733,39.822341,-2.364895,-0.120291,1.113721,1.106349
183.800000,-16.206504,39.787406,-2.371294,-0.134887,1.115516,1.105195
183.850000,-16.242509,39.752713,-2.378275,-0.143361,1.117336,1.104701
183.900000,-16.278761,39.718278,-2.385509,-0.144925,1.119007,1.104511
183.950000,-16.315261,39.684105,-2.392649,-0.139681,1.119692,1.104758
184.000000,-16.351997,39.650187,-2.399378,-0.128607,1.119752,1.113142
184.050000,-16.388950,39.616505,-2.405443,-0.113398,1.120140,1.117345
184.100000,-16.426094,39.583033,-2.410686,-0.096095,1.120630,1.118365
184.150000,-16.463397,39.549740,-2.415055,-0.078698,1.120300,1.118900
184.200000,-16.500832,39.516594,-2.418587,-0.062837,1.120236,1.119209
184.250000,-16.538371,39.483567,-2.421387,-0.049606,1.120214,1.119368
184.300000,-16.575993,39.450633,-2.423605,-0.039611,1.120344,1.119419
184.350000,-16.613680,39.417774,-2.425410,-0.033136,1.120753,1.119455
184.400000,-16.651422,39.384979,-2.426984,-0.030372,1.120761,1.119539
184.450000,-16.689214,39.352241,-2.428516,-0.031526,1.120674,1.119626
184.500000,-16.727059,39.319564,-2.430209,-0.036813,1.120513,1.119217
184.550000,-16.764964,39.286958,-2.432270,-0.046267,1.120556,1.118881
184.600000,-16.802945,39.254440,-2.434900,-0.059501,1.120803,1.118597
184.650000,-16.841023,39.222035,-2.438266,-0.075497,1.121326,1.117504
184.700000,-16.879223,39.189774,-2.442464,-0.092554,1.122174,1.116689
184.750000,-16.917572,39.157691,-2.447495,-0.108449,1.122939,1.115390
184.800000,-16.956094,39.125815,-2.453242,-0.120823,1.123652,1.114711
184.850000,-16.994807,39.094171,-2.459477,-0.127697,1.124102,1.114298
184.900000,-17.033720,39.062774,-2.465894,-0.127966,1.124230,1.114170
184.950000,-17.072832,39.031625,-2.472160,-0.121722,1.123921,1.114479
185.000000,-17.112132,39.000714,-2.477979,-0.110275,1.123247,1.115153
185.050000,-17.151602,38.970020,-2.483141,-0.095829,1.122436,1.118334
185.100000,-17.191218,38.939515,-2.487559,-0.080899,1.121701,1.119680
185.150000,-17.230958,38.909172,-2.491266,-0.067668,1.121131,1.120269
185.200000,-17.270801,38.878963,-2.494381,-0.057437,1.121022,1.121850
185.250000,-17.310731,38.848869,-2.497066,-0.050418,1.121287,1.121913
185.300000,-17.350736,38.818877,-2.499465,-0.045886,1.121732,1.121468
185.350000,-17.390811,38.788977,-2.501673,-0.042616,1.122051,1.121149
185.400000,-17.430949,38.759162,-2.503726,-0.039457,1.122012,1.117590
185.450000,-17.471146,38.729426,-2.505609,-0.035809,1.121016,1.117048
185.500000,-17.511396,38.699763,-2.507301,-0.031835,1.119714,1.117450
185.550000,-17.551693,38.670163,-2.508805,-0.028401,1.119188,1.118466
185.600000,-17.592033,38.640621,-2.510175,-0.026727,1.118898,1.118902
185.650000,-17.632412,38.611134,-2.511532,-0.028000,1.118904,1.118896
185.700000,-17.672833,38.581704,-2.513042,-0.032978,1.119051,1.118749
185.750000,-17.713303,38.552341,-2.514897,-0.041797,1.119382,1.118418
185.800000,-17.753835,38.523064,-2.517278,-0.053929,1.119744,1.116910
185.850000,-17.794446,38.493896,-2.520327,-0.068315,1.120202,1.116198
185.900000,-17.835157,38.464867,-2.524122,-0.083589,1.120665,1.115735
185.950000,-17.875988,38.436009,-2.528673,-0.098339,1.121121,1.114706
186.000000,-17.916960,38.407351,-2.533923,-0.111344,1.121486,1.112903
186.050000,-17.958091,38.378922,-2.539760,-0.121740,1.122028,1.112399
186.100000,-17.999394,38.350742,-2.546043,-0.129115,1.122592,1.113548
186.150000,-18.040878,38.322830,-2.552619,-0.133478,1.122657,1.115155
186.200000,-18.082546,38.295194,-2.559344,-0.135149,1.122628,1.115554
186.250000,-18.124400,38.267840,-2.566095,-0.134576,1.122502,1.115698
186.300000,-18.166437,38.240768,-2.572769,-0.132128,1.122296,1.115822
186.350000,-18.208652,38.213974,-2.579278,-0.127967,1.122271,1.117389
186.400000,-18.251037,38.187450,-2.585534,-0.121998,1.122227,1.117773
186.450000,-18.293583,38.161185,-2.591441,-0.113972,1.122234,1.117766
186.500000,-18.336277,38.135162,-2.596890,-0.103671,1.122804,1.117854
186.550000,-18.379106,38.109361,-2.601769,-0.091176,1.122747,1.118053
186.600000,-18.422051,38.083755,-2.605980,-0.077015,1.122673,1.118703
186.650000,-18.465095,38.058314,-2.609463,-0.062245,1.122200,1.119629
186.700000,-18.508218,38.033007,-2.612222,-0.048302,1.120616,1.120297
186.750000,-18.551402,38.007805,-2.614339,-0.036744,1.117562,1.120835
186.800000,-18.594633,37.982684,-2.615966,-0.028896,1.116592,1.120568
186.850000,-18.637900,37.957626,-2.617310,-0.025567,1.115713,1.115941
186.900000,-18.681201,37.932624,-2.618604,-0.026873,1.115774,1.114726
186.950000,-18.724535,37.907681,-2.620068,-0.032241,1.116145,1.114355
187.000000,-18.767909,37.882808,-2.621878,-0.040553,1.116533,1.112898
187.050000,-18.811335,37.858024,-2.624146,-0.050346,1.116824,1.112376
187.100000,-18.854822,37.833349,-2.626906,-0.060023,1.117017,1.112265
187.150000,-18.898383,37.808805,-2.630115,-0.068019,1.116261,1.112052
187.200000,-18.942027,37.784408,-2.633650,-0.072916,1.116281,1.111737
187.250000,-18.985759,37.760169,-2.637329,-0.073597,1.116405,1.111677
187.300000,-19.029579,37.736090,-2.640922,-0.069410,1.116885,1.111627
187.350000,-19.073482,37.712163,-2.644185,-0.060395,1.117410,1.111437
187.400000,-19.117457,37.688367,-2.646895,-0.047455,1.117146,1.111754
187.450000,-19.161488,37.664676,-2.648898,-0.032421,1.116017,1.112389
187.500000,-19.205557,37.641056,-2.650151,-0.017859,1.113254,1.113151
187.550000,-19.249648,37.617477,-2.650750,-0.006657,1.112062,1.113443
187.600000,-19.293747,37.593913,-2.650929,-0.001434,1.107390,1.113148
187.650000,-19.337849,37.570354,-2.651034,-0.003897,1.106453,1.113047
187.700000,-19.381957,37.546805,-2.651462,-0.014386,1.104894,1.112628
187.750000,-19.426082,37.523290,-2.652591,-0.031736,1.105343,1.103018
187.800000,-19.470244,37.499845,-2.654707,-0.053471,1.106071,1.100099
187.850000,-19.514470,37.476519,-2.657950,-0.076358,1.106530,1.099158
187.900000,-19.558784,37.453361,-2.662296,-0.097084,1.107068,1.098450
187.950000,-19.603209,37.430418,-2.667566,-0.112924,1.107431,1.097986
188.000000,-19.647762,37.407724,-2.673469,-0.122204,1.107555,1.097845
188.050000,-19.692452,37.385301,-2.679661,-0.124477,1.107408,1.098735
188.100000,-19.737281,37.363156,-2.685805,-0.120402,1.107228,1.100972
188.150000,-19.782241,37.341280,-2.691617,-0.111384,1.107716,1.102454
188.200000,-19.827322,37.319653,-2.696890,-0.099141,1.110369,1.108317
188.250000,-19.872510,37.298251,-2.701506,-0.085302,1.112818,1.110973
188.300000,-19.917788,37.277041,-2.705418,-0.071152,1.113047,1.111453
188.350000,-19.963142,37.255993,-2.708634,-0.057590,1.113568,1.113166
188.400000,-20.008557,37.235075,-2.711199,-0.045217,1.114742,1.113616
188.450000,-20.054018,37.214261,-2.713186,-0.034520,1.114693,1.113907
188.500000,-20.099516,37.193526,-2.714691,-0.026002,1.114822,1.114771
188.550000,-20.145041,37.172850,-2.715837,-0.020237,1.114959,1.115089
188.600000,-20.190587,37.152222,-2.716775,-0.017765,1.115374,1.115553
188.650000,-20.236152,37.131634,-2.717679,-0.018935,1.115544,1.115970
188.700000,-20.281737,37.111091,-2.718733,-0.023716,1.115716,1.115884
188.750000,-20.327346,37.090602,-2.720105,-0.031591,1.116031,1.114660
188.800000,-20.372988,37.070186,-2.721927,-0.041552,1.116474,1.114274
188.850000,-20.418672,37.049864,-2.724270,-0.052234,1.116886,1.112838
188.900000,-20.464409,37.029662,-2.727131,-0.062082,1.116917,1.112252
188.950000,-20.510208,37.009602,-2.730433,-0.069606,1.116740,1.111864
189.000000,-20.556077,36.989700,-2.734025,-0.073559,1.117076,1.112583
189.050000,-20.602018,36.969966,-2.737709,-0.073122,1.116638,1.112518
189.100000,-20.648030,36.950399,-2.741254,-0.068031,1.116400,1.112600
189.150000,-20.694108,36.930987,-2.744436,-0.058661,1.116061,1.112773
189.200000,-20.740243,36.911710,-2.747065,-0.046049,1.114515,1.113126
189.250000,-20.786422,36.892540,-2.749017,-0.031842,1.113790,1.113610
189.300000,-20.832631,36.873443,-2.750263,-0.018138,1.113163,1.114816
189.350000,-20.878858,36.854388,-2.750885,-0.007197,1.112576,1.115524
189.400000,-20.925092,36.835351,-2.751074,-0.001080,1.112168,1.115932
189.450000,-20.971328,36.816319,-2.751110,-0.001293,1.112091,1.116009
189.500000,-21.017566,36.797290,-2.751329,-0.008478,1.112310,1.115790
189.550000,-21.063812,36.778283,-2.752075,-0.022309,1.112817,1.114952
189.600000,-21.110080,36.759329,-2.753654,-0.041564,1.113503,1.113948
189.650000,-21.156388,36.740471,-2.756291,-0.064383,1.115222,1.112592
189.700000,-21.202756,36.721763,-2.760112,-0.088608,1.117859,1.111367
189.750000,-21.249206,36.703261,-2.765134,-0.112120,1.118909,1.110591
189.800000,-21.295760,36.685018,-2.771274,-0.133080,1.119286,1.110214
189.850000,-21.342433,36.667085,-2.778367,-0.150041,1.119541,1.109544
189.900000,-21.389239,36.649501,-2.786185,-0.161961,1.119837,1.109163
189.950000,-21.436185,36.632295,-2.794458,-0.168136,1.120034,1.108800
190.000000,-21.483274,36.615483,-2.802888,-0.168158,1.120443,1.108690
190.050000,-21.530502,36.599066,-2.811161,-0.161905,1.120466,1.108734
190.100000,-21.577861,36.583031,-2.818969,-0.149544,1.118708,1.109493
190.150000,-21.625338,36.567349,-2.826016,-0.131571,1.117913,1.110087
190.200000,-21.672917,36.551979,-2.832041,-0.108783,1.116276,1.110723
190.250000,-21.720579,36.536867,-2.836829,-0.082255,1.115373,1.111427
190.300000,-21.768302,36.521950,-2.840226,-0.053306,1.114663,1.113305
190.350000,-21.816065,36.507161,-2.842147,-0.023478,1.114030,1.114170
190.400000,-21.863845,36.492428,-2.842595,0.005395,1.113395,1.114805
190.450000,-21.911621,36.477682,-2.841670,0.031144,1.112793,1.115407
190.500000,-21.959375,36.462864,-2.839589,0.051263,1.112150,1.116050
190.550000,-22.007091,36.447926,-2.836700,0.063067,1.110545,1.116653
190.600000,-22.054761,36.432840,-2.833482,0.064107,1.107719,1.117192
190.650000,-22.102383,36.417604,-2.830518,0.052711,1.107152,1.117348
190.700000,-22.149966,36.402245,-2.828441,0.028626,1.107602,1.118319
190.750000,-22.197527,36.386821,-2.827853,-0.006556,1.110312,1.113295
190.800000,-22.245094,36.371414,-2.829226,-0.049354,1.114174,1.115118
190.850000,-22.292699,36.356125,-2.832825,-0.094818,1.116453,1.114047
190.900000,-22.340376,36.341061,-2.838643,-0.137420,1.121531,1.107963
190.950000,-22.388155,36.326323,-2.846412,-0.172166,1.123529,1.104177
191.000000,-22.436058,36.311994,-2.855647,-0.195611,1.124041,1.103359
191.050000,-22.484097,36.298131,-2.865742,-0.206504,1.123756,1.103644
191.100000,-22.532277,36.284762,-2.876088,-0.205806,1.123173,1.108523
191.150000,-22.580591,36.271888,-2.886164,-0.196124,1.122205,1.114174
191.200000,-22.629029,36.259486,-2.895604,-0.180791,1.121415,1.116192
191.250000,-22.677576,36.247523,-2.904203,-0.162908,1.121113,1.116756
191.300000,-22.726220,36.235955,-2.911893,-0.144691,1.120979,1.116921
191.350000,-22.774946,36.224740,-2.918690,-0.127281,1.121674,1.115888
191.400000,-22.823742,36.213835,-2.924642,-0.110950,1.121755,1.115322
191.450000,-22.872598,36.203202,-2.929802,-0.095595,1.121561,1.114847
191.500000,-22.921505,36.192802,-2.934218,-0.081176,1.120618,1.114159
191.550000,-22.970453,36.182602,-2.937944,-0.067994,1.116499,1.114530
191.600000,-23.019436,36.172568,-2.941053,-0.056651,1.115339,1.115061
191.650000,-23.068447,36.162673,-2.943656,-0.047778,1.114934,1.116059
191.700000,-23.117482,36.152897,-2.945883,-0.041679,1.114815,1.116285
191.750000,-23.166538,36.143223,-2.947869,-0.038072,1.115014,1.116086
191.800000,-23.215611,36.133643,-2.949718,-0.036071,1.113904,1.115249
191.850000,-23.264702,36.124152,-2.951480,-0.034423,1.113978,1.114314
191.900000,-23.313809,36.114745,-2.953142,-0.031948,1.114202,1.111628
191.950000,-23.362931,36.105415,-2.954645,-0.027974,1.114885,1.111277
192.000000,-23.412066,36.096155,-2.955915,-0.022656,1.114784,1.111516
192.050000,-23.461211,36.086950,-2.956906,-0.016944,1.114239,1.112146
192.100000,-23.510365,36.077786,-2.957633,-0.012303,1.113660,1.115533
192.150000,-23.559523,36.068654,-2.958186,-0.010169,1.113293,1.117085
192.200000,-23.608687,36.059548,-2.958714,-0.011425,1.113235,1.117265
192.250000,-23.657856,36.050471,-2.959391,-0.016058,1.116917,1.116885
192.300000,-23.707033,36.041433,-2.960363,-0.023159,1.118155,1.116245
192.350000,-23.756220,36.032453,-2.961722,-0.031293,1.118895,1.115505
192.400000,-23.805421,36.023550,-2.963482,-0.039022,1.120284,1.115048
192.450000,-23.854639,36.014742,-2.965599,-0.045457,1.126114,1.116161
192.500000,-23.903877,36.006046,-2.968002,-0.050474,1.126803,1.117629
192.550000,-23.953136,35.997474,-2.970631,-0.054621,1.126278,1.126030
192.600000,-24.002419,35.989036,-2.973464,-0.058682,1.124726,1.127703
192.650000,-24.051727,35.980743,-2.976509,-0.063190,1.124148,1.127628
192.700000,-24.101060,35.972606,-2.979789,-0.068047,1.124264,1.121336
192.750000,-24.150421,35.964637,-2.983304,-0.072510,1.124853,1.114562
192.800000,-24.199811,35.956847,-2.987009,-0.075474,1.122789,1.113083
192.850000,-24.249229,35.949242,-2.990802,-0.075894,1.122339,1.113061
192.900000,-24.298676,35.941824,-2.994540,-0.073204,1.121995,1.113405
192.950000,-24.348149,35.934586,-2.998066,-0.067442,1.118270,1.115858
193.000000,-24.397646,35.927515,-3.001239,-0.059166,1.116388,1.116664
193.050000,-24.447164,35.920590,-3.003953,-0.049203,1.115987,1.116913
193.100000,-24.496699,35.913786,-3.006146,-0.038392,1.115970,1.113622
193.150000,-24.546247,35.907077,-3.007793,-0.027494,1.116902,1.112268
193.200000,-24.595804,35.900437,-3.008908,-0.017226,1.116879,1.112321
193.250000,-24.645367,35.893840,-3.009543,-0.008364,1.116584,1.112616
193.300000,-24.694933,35.887264,-3.009788,-0.001757,1.114354,1.113998
193.350000,-24.744499,35.880693,-3.009777,0.001814,1.113224,1.116673
193.400000,-24.794065,35.874119,-3.009672,0.001913,1.113024,1.117515
193.450000,-24.843631,35.867540,-3.009645,-0.001247,1.113206,1.117394
193.500000,-24.893196,35.860966,-3.009837,-0.006715,1.113607,1.116993
193.550000,-24.942764,35.854408,-3.010327,-0.012921,1.114987,1.114255
193.600000,-24.992337,35.847882,-3.011108,-0.018155,1.118264,1.112773
193.650000,-25.041915,35.841400,-3.012097,-0.021108,1.119005,1.112395
193.700000,-25.091500,35.834970,-3.013168,-0.021389,1.118925,1.112475
193.750000,-25.141091,35.828592,-3.014201,-0.019694,1.118424,1.113145
193.800000,-25.190689,35.822263,-3.015134,-0.017589,1.113562,1.114135
193.850000,-25.240293,35.815979,-3.015991,-0.016921,1.111873,1.115127
193.900000,-25.289901,35.809737,-3.016881,-0.019060,1.111610,1.115390
193.950000,-25.339516,35.803543,-3.017955,-0.024316,1.111941,1.115059
194.000000,-25.389139,35.797410,-3.019349,-0.031675,1.114963,1.113226
194.050000,-25.438771,35.791355,-3.021119,-0.039114,1.117331,1.111663
194.100000,-25.488414,35.785397,-3.023212,-0.044238,1.118218,1.110882
194.150000,-25.538071,35.779547,-3.025461,-0.045163,1.118464,1.110636
194.200000,-25.587741,35.773809,-3.027636,-0.041196,1.117112,1.111054
194.250000,-25.637422,35.768171,-3.029507,-0.033135,1.113784,1.112773
194.300000,-25.687112,35.762616,-3.030917,-0.023043,1.112173,1.114552
194.350000,-25.736809,35.757118,-3.031830,-0.013620,1.111306,1.116513
194.400000,-25.786510,35.751655,-3.032344,-0.007386,1.110967,1.117542
194.450000,-25.836213,35.746212,-3.032662,-0.005991,1.111403,1.117537
194.500000,-25.885917,35.740784,-3.033041,-0.009861,1.115211,1.117102
194.550000,-25.935625,35.735383,-3.033730,-0.018240,1.118335,1.116434
194.600000,-25.985337,35.730027,-3.034917,-0.029584,1.119334,1.115851
194.650000,-26.035057,35.724745,-3.036705,-0.042053,1.119801,1.116673
194.700000,-26.084788,35.719568,-3.039108,-0.053970,1.119903,1.116797
194.750000,-26.134533,35.714524,-3.042065,-0.064045,1.116148,1.116728
194.800000,-26.184294,35.709639,-3.045460,-0.071416,1.115438,1.115488
194.850000,-26.234072,35.704930,-3.049145,-0.075522,1.115614,1.115086
194.900000,-26.283867,35.700409,-3.052945,-0.076038,1.117776,1.114879
194.950000,-26.333679,35.696076,-3.056679,-0.072830,1.118234,1.113406
195.000000,-26.383506,35.691924,-3.060163,-0.066085,1.120098,1.113172
195.050000,-26.433347,35.687936,-3.063234,-0.056419,1.122236,1.113490
195.100000,-26.483199,35.684087,-3.065774,-0.044946,1.122018,1.117058
195.150000,-26.533059,35.680351,-3.067728,-0.033216,1.123520,1.119056
195.200000,-26.582925,35.676698,-3.069128,-0.023023,1.123423,1.121803
195.250000,-26.632796,35.673104,-3.070096,-0.016151,1.124642,1.124870
195.300000,-26.682669,35.669551,-3.070838,-0.014170,1.127894,1.127155
195.350000,-26.732546,35.666035,-3.071629,-0.018273,1.128585,1.129441
195.400000,-26.782425,35.662566,-3.072794,-0.029189,1.128816,1.130435
195.450000,-26.832310,35.659172,-3.074679,-0.047109,1.129044,1.130356
195.500000,-26.882203,35.655897,-3.077624,-0.071533,1.128010,1.129943
195.550000,-26.932107,35.652802,-3.081925,-0.101141,1.128281,1.127546
195.600000,-26.982026,35.649960,-3.087787,-0.133641,1.129219,1.124407
195.650000,-27.031963,35.647451,-3.095277,-0.165870,1.130347,1.120906
195.700000,-27.081919,35.645356,-3.104291,-0.194109,1.131176,1.118273
195.750000,-27.131893,35.643743,-3.114537,-0.214726,1.132114,1.114095
195.800000,-27.181881,35.642664,-3.125562,-0.224934,1.130885,1.113018
195.850000,-27.231878,35.642144,-3.136809,-0.223492,1.130450,1.113150
195.900000,-27.281878,35.642180,3.135479,-0.211068,1.129654,1.114031
195.950000,-27.331875,35.642742,3.125424,-0.190133,1.129383,1.116293
196.000000,-27.381865,35.643777,3.116548,-0.164385,1.128497,1.118879
196.050000,-27.431844,35.645224,3.108991,-0.137908,1.127665,1.121915
196.100000,-27.481812,35.647016,3.102695,-0.114313,1.131459,1.123952
196.150000,-27.531768,35.649095,3.097452,-0.096105,1.131928,1.124372
196.200000,-27.581714,35.651416,3.092960,-0.084363,1.131949,1.125902
196.250000,-27.631650,35.653949,3.088899,-0.078808,1.131662,1.127041
196.300000,-27.681576,35.656680,3.084990,-0.078081,1.131664,1.132394
196.350000,-27.731490,35.659606,3.081041,-0.080201,1.131809,1.133005
196.400000,-27.781392,35.662733,3.076961,-0.083039,1.130153,1.132750
196.450000,-27.831281,35.666067,3.072762,-0.084753,1.128128,1.127227
196.500000,-27.881155,35.669612,3.068532,-0.084182,1.121961,1.123613
196.550000,-27.931014,35.673365,3.064393,-0.081064,1.121004,1.120176
196.600000,-27.980857,35.677321,3.060458,-0.076109,1.120725,1.117214
196.650000,-28.030685,35.681466,3.056786,-0.070786,1.119964,1.114602
196.700000,-28.080498,35.685787,3.053349,-0.066886,1.116955,1.113605
196.750000,-28.130296,35.690276,3.050038,-0.065912,1.111579,1.113068
196.800000,-28.180079,35.694930,3.046689,-0.068479,1.110869,1.112931
196.850000,-28.229846,35.699756,3.043136,-0.073968,1.111355,1.112186
196.900000,-28.279594,35.704765,3.039275,-0.080549,1.115789,1.110734
196.950000,-28.329322,35.709975,3.035114,-0.085682,1.117204,1.109796
197.000000,-28.379027,35.715396,3.030787,-0.086910,1.120903,1.109381
197.050000,-28.428708,35.721031,3.026530,-0.082712,1.121438,1.108498
197.100000,-28.478366,35.726871,3.022619,-0.073105,1.120883,1.108917
197.150000,-28.528002,35.732891,3.019287,-0.059746,1.120047,1.109753
197.200000,-28.577621,35.739060,3.016656,-0.045444,1.117480,1.111282
197.250000,-28.627224,35.745341,3.014695,-0.033304,1.107140,1.113589
197.300000,-28.676818,35.751707,3.013235,-0.025671,1.105222,1.114624
197.350000,-28.726402,35.758138,3.012024,-0.023389,1.105458,1.114442
197.400000,-28.775979,35.764627,3.010813,-0.025541,1.106289,1.113698
197.450000,-28.825548,35.771181,3.009434,-0.029838,1.110800,1.111364
197.500000,-28.875107,35.777808,3.007848,-0.033462,1.116362,1.108216
197.550000,-28.924655,35.784518,3.006150,-0.034089,1.117229,1.107671
197.600000,-28.974191,35.791310,3.004520,-0.030631,1.116804,1.108096
197.650000,-29.023717,35.798178,3.003156,-0.023523,1.113589,1.110098
197.700000,-29.073235,35.805103,3.002203,-0.014384,1.109833,1.112974
197.750000,-29.122748,35.812064,3.001711,-0.005346,1.108855,1.114972
197.800000,-29.172259,35.819039,3.001627,0.001730,1.108759,1.115241
197.850000,-29.221771,35.826010,3.001823,0.005736,1.111510,1.114916
197.900000,-29.271285,35.832968,3.002137,0.006445,1.114241,1.112559
197.950000,-29.320800,35.839911,3.002412,0.004236,1.114900,1.110254
198.000000,-29.370317,35.846844,3.002518,-0.000265,1.114886,1.110014
198.050000,-29.419834,35.853778,3.002354,-0.006475,1.114734,1.110166
198.100000,-29.469349,35.860729,3.001849,-0.013851,1.111801,1.113532
198.150000,-29.518858,35.867713,3.000960,-0.021745,1.111430,1.114923
198.200000,-29.568360,35.874752,2.999685,-0.029174,1.111837,1.114663
198.250000,-29.617852,35.881862,2.998079,-0.034867,1.115130,1.113970
198.300000,-29.667332,35.889058,2.996260,-0.037503,1.118936,1.110044
198.350000,-29.716798,35.896345,2.994406,-0.036198,1.119707,1.109193
198.400000,-29.766251,35.903721,2.992717,-0.030893,1.119300,1.109600
198.450000,-29.815693,35.911172,2.991375,-0.022440,1.118408,1.110492
198.500000,-29.865126,35.918678,2.990502,-0.012297,1.117318,1.112362
198.550000,-29.914555,35.926215,2.990147,-0.001901,1.116673,1.118331
198.600000,-29.963983,35.933757,2.990299,0.007903,1.117334,1.119160
198.650000,-30.013414,35.941279,2.990927,0.017136,1.119547,1.118614
198.700000,-30.062851,35.948759,2.992016,0.026425,1.121234,1.112914
198.750000,-30.112298,35.956173,2.993584,0.036401,1.121624,1.111876
198.800000,-30.161759,35.963497,2.995667,0.046991,1.121223,1.112277
198.850000,-30.211236,35.970705,2.998270,0.057050,1.118880,1.118352
198.900000,-30.260734,35.977773,3.001319,0.064575,1.117519,1.126098
198.950000,-30.310255,35.984682,3.004632,0.067385,1.116836,1.127664
199.000000,-30.359798,35.991426,3.007937,0.064115,1.116769,1.127731
199.050000,-30.409362,35.998013,3.010931,0.054950,1.120053,1.126879
199.100000,-30.458944,36.004464,3.013361,0.041852,1.122930,1.125586
199.150000,-30.508540,36.010812,3.015111,0.028121,1.127420,1.123800
199.200000,-30.558144,36.017089,3.016240,0.017424,1.128717,1.122883
199.250000,-30.607754,36.023321,3.016974,0.012668,1.128927,1.122673
199.300000,-30.657368,36.029520,3.017648,0.015128,1.127114,1.122835
199.350000,-30.706988,36.035680,3.018610,0.024071,1.124530,1.123605
199.400000,-30.756614,36.041778,3.020127,0.037042,1.117211,1.124603
199.450000,-30.806252,36.047785,3.022319,0.050633,1.115279,1.125621
199.500000,-30.855905,36.053667,3.025131,0.061513,1.114678,1.124048
199.550000,-30.905575,36.059398,3.028367,0.067329,1.114522,1.119353
199.600000,-30.955265,36.064963,3.031749,0.067254,1.113946,1.118036
199.650000,-31.004972,36.070362,3.034995,0.062016,1.114535,1.116569
199.700000,-31.054696,36.075608,3.037891,0.053471,1.115185,1.115554
199.750000,-31.104434,36.080721,3.040327,0.043901,1.115704,1.114996
199.800000,-31.154183,36.085725,3.042304,0.035312,1.115938,1.114762
199.850000,-31.203941,36.090640,3.043903,0.028895,1.114317,1.114728
199.900000,-31.253706,36.095483,3.045240,0.024885,1.113488,1.114876
199.950000,-31.303477,36.100263,3.046425,0.022689,1.113199,1.115101
200.000000,-31.353253,36.104987,3.047522,0.021271,1.112489,1.115201
200.050000,-31.403035,36.109657,3.048545,0.019604,1.112359,1.115241
200.100000,-31.452821,36.114280,3.049463,0.017022,1.112456,1.115144
200.150000,-31.502610,36.118860,3.050227,0.013400,1.112711,1.114017
200.200000,-31.552403,36.123407,3.050791,0.009092,1.113045,1.112596
200.250000,-31.602198,36.127931,3.051137,0.004746,1.113370,1.112130
200.300000,-31.651994,36.132444,3.051278,0.000988,1.113690,1.111984
200.350000,-31.701790,36.136953,3.051256,-0.001777,1.113732,1.111968
200.400000,-31.751586,36.141467,3.051120,-0.003525,1.113572,1.112128
200.450000,-31.801381,36.145989,3.050916,-0.004550,1.113396,1.112304
200.500000,-31.851175,36.150523,3.050669,-0.005326,1.113317,1.112383
200.550000,-31.900968,36.155070,3.050379,-0.006320,1.113352,1.112348
200.600000,-31.950759,36.159633,3.050027,-0.007824,1.113416,1.113242
200.650000,-32.000549,36.164215,3.049585,-0.009894,1.113586,1.113650
200.700000,-32.050336,36.168822,3.049029,-0.012389,1.113794,1.113593
200.750000,-32.100121,36.173460,3.048343,-0.015079,1.113859,1.111799
200.800000,-32.149902,36.178136,3.047522,-0.017773,1.113937,1.112247
200.850000,-32.199678,36.182856,3.046566,-0.020431,1.113972,1.112328
200.900000,-32.249450,36.187627,3.045476,-0.023196,1.113951,1.112349
200.950000,-32.299216,36.192455,3.044238,-0.026367,1.113981,1.113276
201.000000,-32.348976,36.197349,3.042824,-0.030280,1.113558,1.113842
201.050000,-32.398729,36.202319,3.041191,-0.035174,1.113299,1.113927
201.100000,-32.448472,36.207377,3.039288,-0.041028,1.113161,1.113778
201.150000,-32.498205,36.212537,3.037078,-0.047468,1.113293,1.113172
201.200000,-32.547926,36.217815,3.034547,-0.053736,1.113577,1.112649
201.250000,-32.597632,36.223226,3.031730,-0.058796,1.114336,1.111516
201.300000,-32.647323,36.228783,3.028714,-0.061559,1.115990,1.110333
201.350000,-32.696996,36.234491,3.025636,-0.061181,1.117204,1.109893
201.400000,-32.746651,36.240351,3.022662,-0.057392,1.117423,1.109864
201.450000,-32.796290,36.246352,3.019951,-0.050726,1.117361,1.110113
201.500000,-32.845913,36.252479,3.017615,-0.042582,1.116941,1.110559
201.550000,-32.895523,36.258711,3.015677,-0.035054,1.116400,1.111971
201.600000,-32.945122,36.265032,3.014047,-0.030522,1.115565,1.112674
201.650000,-32.994711,36.271429,3.012521,-0.031089,1.115189,1.117019
201.700000,-33.044290,36.277906,3.010812,-0.038037,1.115228,1.117659
201.750000,-33.093856,36.284478,3.008593,-0.051408,1.116024,1.117138
201.800000,-33.143405,36.291180,3.005575,-0.069865,1.117901,1.116345
201.850000,-33.192930,36.298055,3.001563,-0.090895,1.119046,1.112390
201.900000,-33.242423,36.305154,2.996506,-0.111253,1.119908,1.110917
201.950000,-33.291876,36.312528,2.990522,-0.127585,1.120550,1.110250
202.000000,-33.341282,36.320215,2.983886,-0.137071,1.120926,1.109874
202.050000,-33.390634,36.328238,2.976987,-0.137929,1.120934,1.110303
202.100000,-33.439930,36.336598,2.970270,-0.129719,1.120659,1.110641
202.150000,-33.489171,36.345276,2.964171,-0.113376,1.120111,1.113899
202.200000,-33.538363,36.354232,2.959046,-0.090969,1.119309,1.115091
202.250000,-33.587513,36.363410,2.955132,-0.065300,1.118307,1.115918
202.300000,-33.636633,36.372749,2.952516,-0.039341,1.115858,1.119217
202.350000,-33.685735,36.382185,2.951146,-0.015739,1.114930,1.120270
202.400000,-33.734829,36.391661,2.950855,0.003623,1.114569,1.118267
202.450000,-33.783924,36.401129,2.951405,0.017797,1.112647,1.118103
202.500000,-33.833027,36.410555,2.952534,0.026776,1.112497,1.118003
202.550000,-33.882143,36.419917,2.953996,0.031245,1.112642,1.117858
202.600000,-33.931273,36.429203,2.955593,0.032258,1.112737,1.117763
202.650000,-33.980418,36.438410,2.957178,0.030892,1.112824,1.117676
202.700000,-34.029577,36.447542,2.958654,0.027999,1.113474,1.118165
202.750000,-34.078749,36.456605,2.959959,0.024090,1.113616,1.118184
202.800000,-34.127932,36.465609,2.961048,0.019381,1.113624,1.117301
202.850000,-34.177123,36.474565,2.961882,0.013910,1.113670,1.117130
202.900000,-34.226320,36.483488,2.962424,0.007705,1.113779,1.115532
202.950000,-34.275521,36.492392,2.962641,0.000915,1.113968,1.114694
203.000000,-34.324722,36.501294,2.962511,-0.006157,1.112782,1.114329
203.050000,-34.373921,36.510210,2.962029,-0.013097,1.112886,1.113926
203.100000,-34.423114,36.519159,2.961213,-0.019499,1.113059,1.113741
203.150000,-34.472298,36.528156,2.960095,-0.025109,1.113272,1.113703
203.200000,-34.521470,36.537214,2.958718,-0.029909,1.113347,1.113566
203.250000,-34.570629,36.546345,2.957115,-0.034127,1.113397,1.112365
203.300000,-34.619773,36.555560,2.955308,-0.038147,1.113334,1.112266
203.350000,-34.668899,36.564869,2.953297,-0.042306,1.113338,1.112262
203.400000,-34.718005,36.574282,2.951072,-0.046733,1.113378,1.110472
203.450000,-34.767088,36.583810,2.948624,-0.051189,1.113509,1.110091
203.500000,-34.816148,36.593463,2.945966,-0.055045,1.113766,1.107208
203.550000,-34.865180,36.603251,2.943151,-0.057398,1.114075,1.106612
203.600000,-34.914185,36.613178,2.940276,-0.057288,1.114239,1.108737
203.650000,-34.963161,36.623245,2.937486,-0.053980,1.114333,1.109317
203.700000,-35.012110,36.633444,2.934947,-0.047203,1.114176,1.110487
203.750000,-35.061035,36.643756,2.932826,-0.037293,1.113810,1.112392
203.800000,-35.109941,36.654160,2.931259,-0.025143,1.116653,1.118506
203.850000,-35.158833,36.664625,2.930327,-0.012038,1.117556,1.119808
203.900000,-35.207719,36.675119,2.930045,0.000671,1.117178,1.120322
203.950000,-35.256606,36.685612,2.930362,0.011818,1.117182,1.120931
204.000000,-35.305499,36.696077,2.931181,0.020679,1.117073,1.121127
204.050000,-35.354402,36.706492,2.932379,0.026962,1.117936,1.121052
204.100000,-35.403319,36.716842,2.933828,0.030761,1.122138,1.125634
204.150000,-35.452252,36.727117,2.935412,0.032325,1.122679,1.126321
204.200000,-35.501201,36.737314,2.937023,0.031911,1.122654,1.126346
204.250000,-35.550166,36.747433,2.938567,0.029680,1.121178,1.126421
204.300000,-35.599146,36.757480,2.939958,0.025751,1.120919,1.125867
204.350000,-35.648140,36.767464,2.941114,0.020343,1.120980,1.124932
204.400000,-35.697143,36.777398,2.941973,0.013929,1.121185,1.124615
204.450000,-35.746153,36.787299,2.942505,0.007310,1.118944,1.124316
204.500000,-35.795166,36.797181,2.942723,0.001536,1.118964,1.122096
204.550000,-35.844181,36.807059,2.942698,-0.002330,1.119352,1.121448
204.600000,-35.893194,36.816942,2.942544,-0.003514,1.119470,1.120892
204.650000,-35.942206,36.826832,2.942403,-0.001812,1.119122,1.120915
204.700000,-35.991218,36.836727,2.942408,0.002279,1.118704,1.120858
204.750000,-36.040230,36.846616,2.942653,0.007624,1.117945,1.119891
204.800000,-36.089246,36.856486,2.943163,0.012715,1.116314,1.118834
204.850000,-36.138268,36.866325,2.943886,0.016011,1.115075,1.118849
204.900000,-36.187298,36.876126,2.944703,0.016320,1.114922,1.116951
204.950000,-36.236336,36.885888,2.945447,0.013044,1.114889,1.114433
205.000000,-36.285380,36.895619,2.945940,0.006301,1.115090,1.113910
205.050000,-36.334427,36.905335,2.946027,-0.003118,1.114524,1.112374
205.100000,-36.383472,36.915060,2.945604,-0.013909,1.114555,1.111695
205.150000,-36.432511,36.924818,2.944643,-0.024486,1.114981,1.111219
205.200000,-36.481537,36.934636,2.943194,-0.033258,1.115332,1.110693
205.250000,-36.530548,36.944534,2.941382,-0.038888,1.115745,1.110431
205.300000,-36.579539,36.954526,2.939385,-0.040541,1.115889,1.110048
205.350000,-36.628510,36.964617,2.937409,-0.038030,1.115806,1.110094
205.400000,-36.677463,36.974800,2.935652,-0.031852,1.115520,1.110380
205.450000,-36.726399,36.985060,2.934272,-0.023088,1.115106,1.110794
205.500000,-36.775323,36.995376,2.933364,-0.013143,1.114620,1.111280
205.550000,-36.824240,37.005724,2.932950,-0.003436,1.114415,1.112536
205.600000,-36.873156,37.016081,2.932992,0.004919,1.114972,1.112916
205.650000,-36.922074,37.026427,2.933402,0.011291,1.115088,1.112912
205.700000,-36.970997,37.036746,2.934080,0.015570,1.115290,1.112798
205.750000,-37.019929,37.047027,2.934924,0.018028,1.114587,1.112812
205.800000,-37.068870,37.057265,2.935856,0.019102,1.114435,1.112865
205.850000,-37.117820,37.067455,2.936816,0.019182,1.113530,1.118239
205.900000,-37.166780,37.077600,2.937760,0.018509,1.113254,1.119146
205.950000,-37.215750,37.087699,2.938654,0.017190,1.110956,1.119253
206.000000,-37.264728,37.097756,2.939468,0.015301,1.110683,1.117114
206.050000,-37.313714,37.107775,2.940176,0.012989,1.110791,1.116709
206.100000,-37.362706,37.117763,2.940765,0.010546,1.113242,1.114959
206.150000,-37.411703,37.127725,2.941237,0.008365,1.113740,1.114560
206.200000,-37.460705,37.137667,2.941615,0.006849,1.113795,1.114505
206.250000,-37.509710,37.147591,2.941941,0.006301,1.110228,1.114393
206.300000,-37.558719,37.157500,2.942267,0.006851,1.109641,1.114021
206.350000,-37.607730,37.167391,2.942647,0.008446,1.109532,1.113105
206.400000,-37.656746,37.177262,2.943128,0.010887,1.111677,1.113013
206.450000,-37.705768,37.187105,2.943746,0.013872,1.111928,1.113072
206.500000,-37.754796,37.196915,2.944518,0.017049,1.111919,1.113081
206.550000,-37.803833,37.206683,2.945446,0.020018,1.109780,1.112680
206.600000,-37.852879,37.216402,2.946507,0.022345,1.109410,1.112690
206.650000,-37.901936,37.226066,2.947658,0.023575,1.109268,1.112832
206.700000,-37.951005,37.235674,2.948833,0.023276,1.109430,1.113721
206.750000,-38.000084,37.245224,2.949948,0.021082,1.113176,1.113977
206.800000,-38.049173,37.254724,2.950899,0.016747,1.113786,1.113914
206.850000,-38.098270,37.264182,2.951578,0.010177,1.114105,1.113858
206.900000,-38.147372,37.273617,2.951874,0.001415,1.114436,1.113652
206.950000,-38.196475,37.283049,2.951681,-0.009352,1.114781,1.113845
207.000000,-38.245572,37.292504,2.950906,-0.021811,1.115398,1.114265
207.050000,-38.294660,37.302013,2.949477,-0.035476,1.115686,1.114464
207.100000,-38.343730,37.311609,2.947351,-0.049644,1.116337,1.114213
207.150000,-38.392777,37.321326,2.944525,-0.063312,1.117774,1.113877
207.200000,-38.441793,37.331199,2.941056,-0.075216,1.119369,1.113482
207.250000,-38.490771,37.341254,2.937069,-0.083900,1.120178,1.112997
207.300000,-38.539707,37.351514,2.932760,-0.087959,1.120522,1.113116
207.350000,-38.588598,37.361987,2.928387,-0.086299,1.120647,1.113053
207.400000,-38.637444,37.372670,2.924252,-0.078439,1.119260,1.112775
207.450000,-38.686247,37.383542,2.920659,-0.064666,1.118610,1.113540
207.500000,-38.735016,37.394571,2.917878,-0.046064,1.117955,1.114245
207.550000,-38.783759,37.405711,2.916110,-0.024325,1.118236,1.115016
207.600000,-38.832488,37.416910,2.915463,-0.001485,1.117666,1.115734
207.650000,-38.881217,37.428113,2.915940,0.020460,1.117040,1.116360
207.700000,-38.929957,37.439268,2.917454,0.039818,1.115229,1.115977
207.750000,-38.978719,37.450326,2.919845,0.055403,1.112034,1.114653
207.800000,-39.027511,37.461250,2.922907,0.066596,1.109350,1.114643
207.850000,-39.076339,37.472013,2.926417,0.073317,1.107222,1.114722
207.900000,-39.125206,37.482598,2.930159,0.075905,1.106766,1.115461
207.950000,-39.174112,37.492998,2.933941,0.075028,1.106716,1.115584
208.000000,-39.223057,37.503216,2.937612,0.071548,1.106891,1.115409
208.050000,-39.272038,37.513259,2.941065,0.066421,1.107812,1.114400
208.100000,-39.321052,37.523139,2.944242,0.060589,1.108176,1.112970
208.150000,-39.370096,37.532871,2.947128,0.054854,1.108754,1.112597
208.200000,-39.419166,37.542468,2.949742,0.049799,1.108904,1.112496
208.250000,-39.468260,37.551942,2.952127,0.045710,1.108616,1.111379
208.300000,-39.517376,37.561304,2.954332,0.042573,1.107912,1.111273
208.350000,-39.566512,37.570561,2.956398,0.040124,1.107415,1.111333
208.400000,-39.615666,37.579720,2.958348,0.037926,1.107407,1.111293
208.450000,-39.664837,37.588785,2.960185,0.035498,1.107378,1.111322
208.500000,-39.714024,37.597763,2.961884,0.032383,1.107785,1.111266
208.550000,-39.763226,37.606662,2.963402,0.028239,1.107920,1.111180
208.600000,-39.812440,37.615492,2.964683,0.022855,1.108034,1.110627
208.650000,-39.861664,37.624266,2.965662,0.016164,1.108733,1.110130
208.700000,-39.910895,37.633000,2.966275,0.008239,1.109741,1.109862
208.750000,-39.960130,37.641715,2.966466,-0.000697,1.111013,1.109653
208.800000,-40.009365,37.650431,2.966193,-0.010279,1.111810,1.109430
208.850000,-40.058594,37.659173,2.965438,-0.019923,1.112649,1.110056
208.900000,-40.107816,37.667963,2.964217,-0.028829,1.114326,1.111033
208.950000,-40.157024,37.676824,2.962593,-0.035933,1.115760,1.111257
209.000000,-40.206217,37.685773,2.960686,-0.039990,1.116682,1.112714
209.050000,-40.255392,37.694818,2.958682,-0.039697,1.117189,1.112687
209.100000,-40.304549,37.703960,2.956826,-0.033969,1.117297,1.112603
209.150000,-40.353691,37.713183,2.955404,-0.022242,1.117152,1.112748
209.200000,-40.402823,37.722459,2.954714,-0.004768,1.116852,1.113136
209.250000,-40.451953,37.731746,2.955013,0.017214,1.116158,1.114369
209.300000,-40.501091,37.740990,2.956476,0.041529,1.117582,1.115303
209.350000,-40.550248,37.750132,2.959151,0.065373,1.117187,1.122956
209.400000,-40.599435,37.759115,2.962941,0.085840,1.116347,1.130380
209.450000,-40.648659,37.767888,2.967617,0.100540,1.115743,1.131757
209.500000,-40.697927,37.776415,2.972853,0.108152,1.115588,1.131912
209.550000,-40.747239,37.784678,2.978294,0.108725,1.116493,1.131623
209.600000,-40.796596,37.792674,2.983616,0.103573,1.119665,1.128182
209.650000,-40.845993,37.800416,2.988584,0.094814,1.121240,1.123918
209.700000,-40.895426,37.807923,2.993074,0.084667,1.122013,1.122787
209.750000,-40.944890,37.815222,2.997059,0.074767,1.124806,1.122461
209.800000,-40.994382,37.822334,3.000570,0.065750,1.125079,1.123842
209.850000,-41.043896,37.829284,3.003645,0.057318,1.122089,1.125865
209.900000,-41.093431,37.836092,3.006296,0.048710,1.119477,1.126913
209.950000,-41.142981,37.842780,3.008502,0.039443,1.119151,1.127049
210.000000,-41.192545,37.849370,3.010236,0.029919,1.119582,1.126618
210.050000,-41.242119,37.855885,3.011522,0.021668,1.121583,1.125235
210.100000,-41.291700,37.862346,3.012479,0.016988,1.122703,1.117231
210.150000,-41.341286,37.868763,3.013342,0.018185,1.123531,1.115028
210.200000,-41.390879,37.875132,3.014443,0.026626,1.123420,1.115080
210.250000,-41.440480,37.881434,3.016142,0.042076,1.122586,1.115914
210.300000,-41.490095,37.887630,3.018746,0.062556,1.119445,1.118084
210.350000,-41.539729,37.893670,3.022427,0.084856,1.114892,1.119594
210.400000,-41.589388,37.899500,3.027191,0.105474,1.109397,1.120640
210.450000,-41.639077,37.905069,3.032883,0.121700,1.108503,1.120202
210.500000,-41.688798,37.910338,3.039249,0.132359,1.108682,1.119830
210.550000,-41.738553,37.915279,3.046021,0.138047,1.109155,1.119345
210.600000,-41.788342,37.919877,3.052998,0.140725,1.109794,1.118706
210.650000,-41.838161,37.924125,3.060089,0.142888,1.110235,1.116760
210.700000,-41.888009,37.928016,3.067321,0.146590,1.110063,1.116471
210.750000,-41.937885,37.931541,3.074797,0.152688,1.109395,1.116839
210.800000,-41.987786,37.934685,3.082622,0.160496,1.106475,1.117419
210.850000,-42.037710,37.937428,3.090836,0.167985,1.105307,1.117583
210.900000,-42.087656,37.939753,3.099353,0.172385,1.104654,1.117702
210.950000,-42.137620,37.941649,3.107953,0.171008,1.104359,1.117852
211.000000,-42.187599,37.943121,3.116299,0.162057,1.104531,1.117580
211.050000,-42.237587,37.944189,3.123998,0.145127,1.106271,1.115740
211.100000,-42.287582,37.944897,3.130677,0.121368,1.107348,1.113851
211.150000,-42.337581,37.945302,3.136052,0.093211,1.108413,1.112687
211.200000,-42.387580,37.945475,3.139980,0.063858,1.109201,1.109582
211.250000,-42.437580,37.945487,-3.140698,0.036651,1.109638,1.108505
211.300000,-42.487580,37.945406,-3.139432,0.014517,1.110050,1.107872
211.350000,-42.537580,37.945287,-3.139098,-0.000422,1.110343,1.102475
211.400000,-42.587580,37.945166,-3.139304,-0.006989,1.110534,1.101844
211.450000,-42.637580,37.945060,-3.139622,-0.004929,1.110372,1.104792
211.500000,-42.687580,37.944964,-3.139633,0.005269,1.109996,1.105504
211.550000,-42.737580,37.944853,-3.138955,0.022561,1.109583,1.098159
211.600000,-42.787579,37.944684,-3.137265,0.045544,1.108933,1.103664
211.650000,-42.837579,37.944399,-3.134321,0.072607,1.108235,1.105065
211.700000,-42.887576,37.943933,-3.129960,0.102048,1.106740,1.105846
211.750000,-42.937571,37.943211,-3.124105,0.132206,1.105539,1.108658
211.800000,-42.987560,37.942159,-3.116757,0.161604,1.104708,1.113177
211.850000,-43.037539,37.940704,-3.107986,0.189072,1.104084,1.116451
211.900000,-43.087502,37.938778,-3.097907,0.213809,1.103500,1.117211
211.950000,-43.137441,37.936318,-3.086670,0.235359,1.103782,1.115215
212.000000,-43.187348,37.933272,-3.074442,0.253441,1.103635,1.115165
212.050000,-43.237213,37.929594,-3.061403,0.267760,1.103392,1.117655
212.100000,-43.287024,37.925251,-3.047754,0.277816,1.102908,1.118031
212.150000,-43.336770,37.920218,-3.033725,0.282897,1.102581,1.118319
212.200000,-43.386440,37.914483,-3.019585,0.282207,1.101914,1.118625
212.250000,-43.436025,37.908051,-3.005635,0.275205,1.102206,1.118656
212.300000,-43.485516,37.900938,-2.992193,0.261949,1.102457,1.118443
212.350000,-43.534910,37.893180,-2.979549,0.243362,1.103105,1.117795
212.400000,-43.584207,37.884822,-2.967927,0.221246,1.104723,1.116905
212.450000,-43.633408,37.875919,-2.957443,0.198034,1.111679,1.116121
212.500000,-43.682518,37.866529,-2.948089,0.176298,1.113055,1.115527
212.550000,-43.731544,37.856706,-2.939733,0.158219,1.115270,1.118437
212.600000,-43.780490,37.846493,-2.932160,0.145115,1.115623,1.119672
212.650000,-43.829360,37.835924,-2.925113,0.137206,1.115541,1.119859
212.700000,-43.878156,37.825019,-2.918349,0.133696,1.110938,1.120078
212.750000,-43.926878,37.813787,-2.911685,0.133064,1.110164,1.120436
212.800000,-43.975525,37.802230,-2.905021,0.133601,1.109866,1.120734
212.850000,-44.024092,37.790349,-2.898333,0.133849,1.109736,1.122875
212.900000,-44.072580,37.778144,-2.891659,0.133024,1.112797,1.122930
212.950000,-44.120985,37.765617,-2.885054,0.131113,1.113323,1.122677
213.000000,-44.169307,37.752772,-2.878555,0.128809,1.113664,1.118858
213.050000,-44.217545,37.739617,-2.872156,0.127209,1.112429,1.115743
213.100000,-44.265699,37.726154,-2.865793,0.127479,1.112422,1.114279
213.150000,-44.313765,37.712384,-2.859349,0.130510,1.112337,1.114263
213.200000,-44.361741,37.698300,-2.852673,0.136765,1.111309,1.114466
213.250000,-44.409618,37.683886,-2.845605,0.146189,1.110882,1.115918
213.300000,-44.457389,37.669123,-2.837997,0.158337,1.109364,1.119004
213.350000,-44.505041,37.653981,-2.829730,0.172487,1.108886,1.119614
213.400000,-44.552561,37.638428,-2.820725,0.187785,1.108491,1.120009
213.450000,-44.599932,37.622430,-2.810949,0.203296,1.106832,1.118541
213.500000,-44.647139,37.605951,-2.800415,0.217997,1.105091,1.118720
213.550000,-44.694163,37.588960,-2.789193,0.230730,1.104722,1.118609
213.600000,-44.740989,37.571428,-2.777414,0.240169,1.104350,1.118950
213.650000,-44.787601,37.553337,-2.765279,0.244911,1.104083,1.119587
213.700000,-44.833989,37.534678,-2.753053,0.243684,1.103390,1.120218
213.750000,-44.880147,37.515457,-2.741058,0.235630,1.100881,1.120495
213.800000,-44.926076,37.495696,-2.729640,0.220630,1.103489,1.120865
213.850000,-44.971785,37.475431,-2.719127,0.199499,1.106836,1.120271
213.900000,-45.017291,37.454713,-2.709783,0.173984,1.107948,1.119352
213.950000,-45.062615,37.433600,-2.701766,0.146562,1.112428,1.119150
214.000000,-45.107783,37.412156,-2.695103,0.120036,1.117057,1.118379
214.050000,-45.152820,37.390439,-2.689681,0.097087,1.119001,1.118468
214.100000,-45.197751,37.368502,-2.685266,0.079868,1.119464,1.120184
214.150000,-45.242593,37.346384,-2.681538,0.069749,1.120536,1.122617
214.200000,-45.287356,37.324108,-2.678126,0.067217,1.121641,1.122877
214.250000,-45.332043,37.301678,-2.674658,0.071968,1.122585,1.123505
214.300000,-45.376648,37.279087,-2.670792,0.083053,1.122312,1.123888
214.350000,-45.421158,37.256309,-2.666247,0.099068,1.121879,1.124321
214.400000,-45.465555,37.233309,-2.660817,0.118324,1.121414,1.124786
214.450000,-45.509814,37.210047,-2.654387,0.138965,1.120876,1.124951
214.500000,-45.553911,37.186479,-2.646934,0.159107,1.120214,1.125586
214.550000,-45.597819,37.162560,-2.638529,0.176947,1.119670,1.126130
214.600000,-45.641514,37.138256,-2.629325,0.190963,1.115352,1.126992
214.650000,-45.684977,37.113537,-2.619542,0.200038,1.114825,1.127275
214.700000,-45.728190,37.088386,-2.609442,0.203628,1.114825,1.127275
214.750000,-45.771147,37.062798,-2.599298,0.201816,1.114994,1.126170
214.800000,-45.813844,37.036779,-2.589363,0.195289,1.115297,1.124209
214.850000,-45.856285,37.010346,-2.579845,0.185231,1.115700,1.123700
214.900000,-45.898480,36.983521,-2.570882,0.173184,1.116016,1.123384
214.950000,-45.940442,36.956332,-2.562531,0.160845,1.116339,1.122497
215.000000,-45.982183,36.928806,-2.554765,0.149879,1.118917,1.122045
215.050000,-46.023716,36.900967,-2.547480,0.141704,1.119386,1.121808
215.100000,-46.065050,36.872833,-2.540511,0.137257,1.119664,1.121442
215.150000,-46.106189,36.844416,-2.533665,0.136811,1.119668,1.120961
215.200000,-46.147132,36.815716,-2.526753,0.139863,1.117415,1.119983
215.250000,-46.187873,36.786730,-2.519630,0.145166,1.114800,1.119196
215.300000,-46.228402,36.757450,-2.512228,0.150945,1.111454,1.119612
215.350000,-46.268710,36.727864,-2.504571,0.155250,1.108218,1.120041
215.400000,-46.308787,36.697968,-2.496776,0.156383,1.107325,1.120304
215.450000,-46.348631,36.667760,-2.489029,0.153268,1.107413,1.120848
215.500000,-46.388242,36.637249,-2.481549,0.145668,1.107815,1.120485
215.550000,-46.427632,36.606451,-2.474547,0.134241,1.114206,1.119954
215.600000,-46.466814,36.575391,-2.468178,0.120392,1.115050,1.117370
215.650000,-46.505808,36.544095,-2.462515,0.106095,1.115462,1.116838
215.700000,-46.544636,36.512592,-2.457524,0.093657,1.115825,1.116475
215.750000,-46.583314,36.480907,-2.453051,0.085506,1.116571,1.116203
215.800000,-46.621856,36.449054,-2.448823,0.083948,1.113366,1.115933
215.850000,-46.660261,36.417038,-2.444463,0.090866,1.117270,1.115805
215.900000,-46.698518,36.384845,-2.439522,0.107286,1.117468,1.115832
215.950000,-46.736600,36.352445,-2.433527,0.132971,1.117100,1.115348
216.000000,-46.774464,36.319791,-2.426060,0.166065,1.116125,1.116275
216.050000,-46.812055,36.286822,-2.416836,0.203078,1.114718,1.117682
216.100000,-46.849309,36.253473,-2.405776,0.239262,1.106228,1.119519
216.150000,-46.886163,36.219683,-2.393052,0.269438,1.097561,1.121270
216.200000,-46.922561,36.185402,-2.379076,0.289081,1.096153,1.123492
216.250000,-46.958463,36.150603,-2.364449,0.295416,1.095872,1.124211
216.300000,-46.993851,36.115280,-2.349848,0.288071,1.096553,1.123547
216.350000,-47.028730,36.079454,-2.335906,0.269131,1.106356,1.122286
216.400000,-47.063125,36.043164,-2.323108,0.242494,1.109657,1.120497
216.450000,-47.097078,36.006460,-2.311724,0.212789,1.117462,1.118899
216.500000,-47.130639,35.969397,-2.301799,0.184255,1.118491,1.118109
216.550000,-47.163856,35.932025,-2.293198,0.159916,1.119128,1.117858
216.600000,-47.196771,35.894388,-2.285674,0.141252,1.118739,1.123086
216.650000,-47.229418,35.856517,-2.278938,0.128402,1.118557,1.123443
216.700000,-47.261820,35.818436,-2.272715,0.120659,1.117685,1.123446
216.750000,-47.293990,35.780160,-2.266776,0.117059,1.117711,1.119719
216.800000,-47.325934,35.741695,-2.260932,0.116802,1.117121,1.119406
216.850000,-47.357653,35.703044,-2.255029,0.119400,1.117270,1.116427
216.900000,-47.389139,35.664203,-2.248931,0.124597,1.115394,1.116369
216.950000,-47.420383,35.625166,-2.242515,0.132116,1.115119,1.116581
217.000000,-47.451367,35.585924,-2.235677,0.141469,1.112819,1.118010
217.050000,-47.482072,35.546463,-2.228344,0.151892,1.112215,1.121005
217.100000,-47.512477,35.506770,-2.220486,0.162423,1.111845,1.121552
217.150000,-47.542559,35.466831,-2.212121,0.172161,1.112191,1.121887
217.200000,-47.572296,35.426636,-2.203304,0.180464,1.112008,1.122092
217.250000,-47.601670,35.386174,-2.194113,0.187131,1.111990,1.122110
217.300000,-47.630665,35.345439,-2.184625,0.192362,1.112087,1.122013
217.350000,-47.659267,35.304427,-2.174899,0.196631,1.112207,1.121602
217.400000,-47.687464,35.263137,-2.164973,0.200414,1.112280,1.121520
217.450000,-47.715246,35.221566,-2.154862,0.204011,1.111161,1.121665
217.500000,-47.742603,35.179714,-2.144577,0.207381,1.110741,1.121572
217.550000,-47.769524,35.137580,-2.134137,0.210234,1.110501,1.121799
217.600000,-47.796002,35.095166,-2.123577,0.212134,1.110374,1.121926
217.650000,-47.822028,35.052474,-2.112955,0.212737,1.110385,1.121915
217.700000,-47.847600,35.009508,-2.102337,0.211940,1.110450,1.121850
217.750000,-47.872715,34.966273,-2.091789,0.209933,1.109186,1.121645
217.800000,-47.897375,34.922777,-2.081362,0.207135,1.109336,1.121464
217.850000,-47.921583,34.879029,-2.071083,0.204049,1.109447,1.121647
217.900000,-47.945344,34.835035,-2.060955,0.201053,1.109542,1.122147
217.950000,-47.968661,34.790805,-2.050971,0.198299,1.109634,1.122164
218.000000,-47.991539,34.746346,-2.041123,0.195631,1.109626,1.122174
218.050000,-48.013981,34.701665,-2.031416,0.192668,1.113848,1.122181
218.100000,-48.035991,34.656770,-2.021875,0.188952,1.113835,1.122265
218.150000,-48.057577,34.611670,-2.012547,0.184153,1.111647,1.123665
218.200000,-48.078747,34.566373,-2.003487,0.178211,1.113969,1.123499
218.250000,-48.099513,34.520889,-1.994745,0.171474,1.114194,1.120742
218.300000,-48.119888,34.475229,-1.986343,0.164606,1.112415,1.117750
218.350000,-48.139887,34.429402,-1.978267,0.158449,1.114856,1.117416
218.400000,-48.159521,34.383419,-1.970461,0.153805,1.115141,1.117159
218.450000,-48.178800,34.337285,-1.962837,0.151177,1.112570,1.117062
218.500000,-48.197729,34.291007,-1.955291,0.150692,1.112349,1.117251
218.550000,-48.216309,34.244587,-1.947723,0.152063,1.109327,1.117504
218.600000,-48.234534,34.198027,-1.940052,0.154796,1.109106,1.117991
218.650000,-48.252398,34.151327,-1.932223,0.158342,1.108975,1.118125
218.700000,-48.269892,34.104487,-1.924206,0.162346,1.110633,1.119042
218.750000,-48.287004,34.057507,-1.915980,0.166701,1.110862,1.120126
218.800000,-48.303725,34.010385,-1.907525,0.171534,1.112360,1.120128
218.850000,-48.320040,33.963122,-1.898810,0.177052,1.110907,1.120105
218.900000,-48.335936,33.915716,-1.889800,0.183341,1.111090,1.120704
218.950000,-48.351397,33.868166,-1.880462,0.190204,1.111412,1.121481
219.000000,-48.366404,33.820472,-1.870779,0.197098,1.110634,1.123261
219.050000,-48.380941,33.772632,-1.860772,0.203195,1.109245,1.123660
219.100000,-48.394993,33.724647,-1.850503,0.207543,1.108974,1.123926
219.150000,-48.408546,33.676519,-1.840082,0.209293,1.108919,1.122386
219.200000,-48.421596,33.628252,-1.829653,0.207857,1.108878,1.121923
219.250000,-48.434146,33.579853,-1.819381,0.203020,1.110117,1.121682
219.300000,-48.446205,33.531328,-1.809433,0.194912,1.110388,1.119414
219.350000,-48.457791,33.482689,-1.799962,0.183911,1.112001,1.118999
219.400000,-48.468931,33.433946,-1.791101,0.170543,1.112247,1.117252
219.450000,-48.479655,33.385110,-1.782951,0.155440,1.111378,1.116922
219.500000,-48.490000,33.336192,-1.775581,0.139367,1.111517,1.116787
219.550000,-48.500004,33.287203,-1.769014,0.123317,1.111838,1.119462
219.600000,-48.509705,33.238153,-1.763217,0.108588,1.112343,1.118960
219.650000,-48.519138,33.189051,-1.758084,0.096738,1.114287,1.118420
219.700000,-48.528332,33.139903,-1.753431,0.089402,1.116297,1.118903
219.750000,-48.537304,33.090715,-1.748997,0.087957,1.116777,1.118634
219.800000,-48.546056,33.041487,-1.744470,0.093164,1.120816,1.118701
219.850000,-48.554577,32.992218,-1.739518,0.104935,1.121227,1.123673
219.900000,-48.562836,32.942905,-1.733839,0.122232,1.120479,1.124424
219.950000,-48.570793,32.893542,-1.727200,0.143314,1.119602,1.125979
220.000000,-48.578395,32.844123,-1.719466,0.166073,1.114017,1.126780
220.050000,-48.585587,32.794643,-1.710602,0.188468,1.113406,1.126678
220.100000,-48.592312,32.745098,-1.700668,0.208867,1.113033,1.124067
220.150000,-48.598521,32.695485,-1.689792,0.226135,1.112846,1.124254
220.200000,-48.604171,32.645805,-1.678149,0.239562,1.112781,1.124289
220.250000,-48.609227,32.596061,-1.665944,0.248596,1.110126,1.123282
220.300000,-48.613666,32.546259,-1.653412,0.252627,1.106567,1.117296
220.350000,-48.617478,32.496404,-1.640823,0.250841,1.102985,1.117480
220.400000,-48.620667,32.446506,-1.628491,0.242367,1.100020,1.117580
220.450000,-48.623254,32.396573,-1.616766,0.226527,1.100119,1.117465
220.500000,-48.625279,32.346614,-1.606019,0.203237,1.100560,1.115910
220.550000,-48.626798,32.296637,-1.596603,0.173331,1.101393,1.113182
220.600000,-48.627886,32.246649,-1.588801,0.138717,1.102503,1.110566
220.650000,-48.628628,32.196654,-1.582776,0.102325,1.104449,1.106835
220.700000,-48.629113,32.146657,-1.578525,0.067835,1.106232,1.104168
220.750000,-48.629427,32.096658,-1.575852,0.039233,1.107652,1.102763
220.800000,-48.629639,32.046658,-1.574370,0.020295,1.109242,1.101947
220.850000,-48.629795,31.996659,-1.573519,0.013996,1.109592,1.101008
220.900000,-48.629910,31.946659,-1.572627,0.021976,1.109598,1.101000
220.950000,-48.629965,31.896659,-1.570980,0.044116,1.109036,1.101460
221.000000,-48.629905,31.846659,-1.567923,0.078342,1.107577,1.102769
221.050000,-48.629646,31.796659,-1.562947,0.120768,1.106011,1.106653
221.100000,-48.629083,31.746663,-1.555771,0.166204,1.103960,1.111815
221.150000,-48.628106,31.696672,-1.546386,0.209018,1.102199,1.117177
221.200000,-48.626610,31.646694,-1.535050,0.244168,1.100853,1.126164
221.250000,-48.624508,31.596739,-1.522235,0.268138,1.100988,1.126733
221.300000,-48.621741,31.546815,-1.508535,0.279537,1.101940,1.126579
221.350000,-48.618282,31.496935,-1.494562,0.279111,1.103092,1.126398
221.400000,-48.614130,31.447108,-1.480849,0.269202,1.113731,1.125425
221.450000,-48.609310,31.397341,-1.467795,0.252876,1.116270,1.124708
221.500000,-48.603863,31.347638,-1.455647,0.233001,1.116743,1.126567
221.550000,-48.597838,31.298003,-1.444529,0.211680,1.116834,1.126717
221.600000,-48.591288,31.248433,-1.434486,0.190041,1.114369,1.127795
221.650000,-48.584267,31.198929,-1.425523,0.168517,1.113606,1.127550
221.700000,-48.576829,31.149485,-1.417628,0.147276,1.113994,1.126006
221.750000,-48.569028,31.100098,-1.410781,0.126687,1.114638,1.125355
221.800000,-48.560912,31.050761,-1.404927,0.107540,1.115922,1.123878
221.850000,-48.552531,31.001468,-1.399967,0.091010,1.116553,1.122866
221.900000,-48.543924,30.952214,-1.395737,0.078381,1.116961,1.112739
221.950000,-48.535123,30.902995,-1.392016,0.070673,1.114614,1.112528
222.000000,-48.526146,30.853808,-1.388545,0.068335,1.113478,1.112237
222.050000,-48.516998,30.804651,-1.385063,0.071116,1.113227,1.112873
222.100000,-48.507675,30.755528,-1.381335,0.078116,1.112804,1.113296
222.150000,-48.498158,30.706442,-1.377183,0.088027,1.112401,1.113715
222.200000,-48.488425,30.657399,-1.372497,0.099421,1.112458,1.114049
222.250000,-48.478449,30.608404,-1.367235,0.111034,1.112183,1.114635
222.300000,-48.468200,30.559466,-1.361409,0.121958,1.112052,1.117648
222.350000,-48.457654,30.510591,-1.355066,0.131729,1.111801,1.117923
222.400000,-48.446787,30.461786,-1.348263,0.140329,1.111618,1.118674
222.450000,-48.435578,30.413059,-1.341052,0.148096,1.110648,1.119452
222.500000,-48.424008,30.364416,-1.333461,0.155588,1.110606,1.119576
222.550000,-48.412060,30.315864,-1.325486,0.163425,1.110565,1.121544
222.600000,-48.399716,30.267412,-1.317099,0.172103,1.110523,1.121777
222.650000,-48.386955,30.219068,-1.308251,0.181839,1.110385,1.121924
222.700000,-48.373754,30.170842,-1.298894,0.192471,1.109927,1.122547
222.750000,-48.360090,30.122745,-1.288996,0.203427,1.108518,1.123382
222.800000,-48.345937,30.074790,-1.278564,0.213785,1.108189,1.123711
222.850000,-48.331274,30.026989,-1.267656,0.222389,1.107845,1.124055
222.900000,-48.316080,29.979353,-1.256391,0.228024,1.107671,1.124205
222.950000,-48.300346,29.931893,-1.244946,0.229558,1.107566,1.123834
223.000000,-48.284070,29.884616,-1.233548,0.226121,1.107613,1.123757
223.050000,-48.267263,29.837526,-1.222457,0.217241,1.107730,1.122918
223.100000,-48.249946,29.790620,-1.211946,0.202964,1.108070,1.119787
223.150000,-48.232156,29.743892,-1.202269,0.183971,1.110238,1.118662
223.200000,-48.213939,29.697329,-1.193628,0.161567,1.111081,1.118084
223.250000,-48.195346,29.650914,-1.186149,0.137636,1.116783,1.117320
223.300000,-48.176434,29.604629,-1.179852,0.114374,1.121262,1.116540
223.350000,-48.157257,29.558453,-1.174649,0.093997,1.121950,1.117683
223.400000,-48.137861,29.512368,-1.170348,0.078329,1.122482,1.117718
223.450000,-48.118283,29.466360,-1.166685,0.068514,1.122668,1.117559
223.500000,-48.098546,29.420421,-1.163359,0.064820,1.121553,1.119142
223.550000,-48.078658,29.374546,-1.160077,0.066680,1.119253,1.121347
223.600000,-48.058616,29.328739,-1.156592,0.072907,1.118788,1.121834
223.650000,-48.038406,29.283005,-1.152721,0.082001,1.118449,1.122551
223.700000,-48.018008,29.237355,-1.148360,0.092446,1.118029,1.122860
223.750000,-47.997400,29.191800,-1.143474,0.102943,1.116034,1.122878
223.800000,-47.976557,29.146351,-1.138087,0.112444,1.115800,1.121439
223.850000,-47.955460,29.101020,-1.132269,0.120134,1.113909,1.120496
223.900000,-47.934092,29.055816,-1.126129,0.125317,1.111999,1.120661
223.950000,-47.912442,29.010746,-1.119806,0.127384,1.109613,1.120630
224.000000,-47.890506,28.965815,-1.113471,0.125820,1.108728,1.120527
224.050000,-47.868290,28.921022,-1.107312,0.120333,1.107987,1.120513
224.100000,-47.845805,28.876363,-1.101524,0.110998,1.108273,1.120273
224.150000,-47.823075,28.831828,-1.096287,0.098357,1.109401,1.119796
224.200000,-47.800126,28.787406,-1.091741,0.083412,1.110769,1.116828
224.250000,-47.776992,28.743079,-1.087969,0.067496,1.112906,1.116253
224.300000,-47.753709,28.698831,-1.084984,0.052005,1.113709,1.114976
224.350000,-47.730310,28.654644,-1.082734,0.038098,1.117160,1.114540
224.400000,-47.706827,28.610502,-1.081123,0.026496,1.117159,1.114455
224.450000,-47.683284,28.566391,-1.080029,0.017360,1.113829,1.116446
224.500000,-47.659702,28.522302,-1.079337,0.010442,1.113750,1.117750
224.550000,-47.636097,28.478225,-1.078946,0.005289,1.113598,1.117890
224.600000,-47.612480,28.434154,-1.078776,0.001567,1.113438,1.117740
224.650000,-47.588859,28.390085,-1.078759,-0.000786,1.113636,1.115552
224.700000,-47.565239,28.346016,-1.078819,-0.001518,1.113955,1.115004
224.750000,-47.541621,28.301945,-1.078867,-0.000264,1.114145,1.114074
224.800000,-47.518004,28.257875,-1.078797,0.003172,1.114207,1.112670
224.850000,-47.494379,28.213808,-1.078505,0.008538,1.113538,1.112922
224.900000,-47.470735,28.169752,-1.077916,0.015036,1.112753,1.113047
224.950000,-47.447058,28.125713,-1.077002,0.021435,1.112305,1.113495
225.000000,-47.423334,28.081700,-1.075803,0.026410,1.111946,1.113854
225.050000,-47.399553,28.037718,-1.074415,0.028949,1.111796,1.114085
225.100000,-47.375708,27.993769,-1.072970,0.028729,1.111887,1.115313
225.150000,-47.351802,27.949855,-1.071594,0.026277,1.112207,1.114947
225.200000,-47.327838,27.905972,-1.070366,0.022866,1.112644,1.113802
225.250000,-47.303824,27.862116,-1.069293,0.020181,1.113849,1.113351
225.300000,-47.279765,27.818285,-1.068297,0.019833,1.114018,1.113135
225.350000,-47.255661,27.774479,-1.067234,0.022873,1.113298,1.113183
225.400000,-47.231506,27.730700,-1.065930,0.029450,1.113761,1.114039
225.450000,-47.207286,27.686958,-1.064227,0.038720,1.113266,1.114534
225.500000,-47.182981,27.643263,-1.062033,0.048994,1.112652,1.115148
225.550000,-47.158569,27.599627,-1.059352,0.058078,1.112176,1.115677
225.600000,-47.134032,27.556062,-1.056299,0.063748,1.111795,1.117004
225.650000,-47.109358,27.512574,-1.053092,0.064174,1.111745,1.118655
225.700000,-47.084546,27.469165,-1.050022,0.058258,1.111853,1.118500
225.750000,-47.059609,27.425827,-1.047413,0.045804,1.111569,1.118107
225.800000,-47.034575,27.382545,-1.045573,0.027540,1.113223,1.117641
225.850000,-47.009483,27.339297,-1.044757,0.004956,1.113929,1.116371
225.900000,-46.984381,27.296055,-1.045131,-0.019914,1.114672,1.115628
225.950000,-46.959323,27.252788,-1.046752,-0.044809,1.115489,1.114811
226.000000,-46.934360,27.209465,-1.049566,-0.067562,1.116235,1.113881
226.050000,-46.909543,27.166059,-1.053422,-0.086387,1.116821,1.110344
226.100000,-46.884912,27.122547,-1.058092,-0.100085,1.117003,1.109597
226.150000,-46.860497,27.078913,-1.063305,-0.108144,1.117076,1.109524
226.200000,-46.836317,27.035148,-1.068783,-0.110687,1.117089,1.109481
226.250000,-46.812378,26.991251,-1.074264,-0.108318,1.116760,1.109298
226.300000,-46.788676,26.947226,-1.079524,-0.101885,1.115841,1.109547
226.350000,-46.765198,26.903082,-1.084380,-0.092228,1.115635,1.109565
226.400000,-46.741922,26.858829,-1.088688,-0.079948,1.115313,1.109899
226.450000,-46.718823,26.814485,-1.092323,-0.065333,1.115053,1.110347
226.500000,-46.695868,26.770066,-1.095169,-0.048359,1.114828,1.110621
226.550000,-46.673020,26.725591,-1.097105,-0.028927,1.115284,1.111106
226.600000,-46.650235,26.681085,-1.098009,-0.007134,1.114978,1.114482
226.650000,-46.627466,26.636570,-1.097779,0.016380,1.114463,1.117351
226.700000,-46.604660,26.592074,-1.096360,0.040268,1.112461,1.118039
226.750000,-46.581765,26.547624,-1.093786,0.062470,1.111531,1.118945
226.800000,-46.558733,26.503244,-1.090201,0.080541,1.110088,1.119857
226.850000,-46.535524,26.458957,-1.085872,0.092151,1.106886,1.120434
226.900000,-46.512113,26.414777,-1.081164,0.095679,1.104588,1.118375
226.950000,-46.488494,26.370707,-1.076494,0.090679,1.102893,1.117756
227.000000,-46.464678,26.326743,-1.072267,0.078064,1.103641,1.113259
227.050000,-46.440692,26.282872,-1.068812,0.059940,1.104639,1.112292
227.100000,-46.416576,26.239072,-1.066336,0.039123,1.107760,1.109906
227.150000,-46.392374,26.195320,-1.064898,0.018531,1.112381,1.109219
227.200000,-46.368131,26.151591,-1.064427,0.000590,1.113036,1.108811
227.250000,-46.343885,26.107863,-1.064749,-0.013204,1.115632,1.109976
227.300000,-46.319667,26.064119,-1.065645,-0.022393,1.115620,1.111618
227.350000,-46.295496,26.020350,-1.066895,-0.027435,1.115460,1.112448
227.400000,-46.271385,25.976548,-1.068318,-0.029325,1.116079,1.113509
227.450000,-46.247337,25.932710,-1.069782,-0.029189,1.115921,1.115017
227.500000,-46.223353,25.888838,-1.071210,-0.027881,1.116496,1.114966
227.550000,-46.199429,25.844933,-1.072554,-0.025825,1.116089,1.114811
227.600000,-46.175563,25.800997,-1.073777,-0.023036,1.116199,1.114638
227.650000,-46.151746,25.757034,-1.074837,-0.019339,1.115351,1.114549
227.700000,-46.127972,25.713047,-1.075688,-0.014618,1.115224,1.114549
227.750000,-46.104230,25.669044,-1.076279,-0.009025,1.114248,1.113551
227.800000,-46.080507,25.625030,-1.076580,-0.003007,1.112377,1.113923
227.850000,-46.056791,25.581012,-1.076584,0.002808,1.112026,1.114300
227.900000,-46.033069,25.536998,-1.076316,0.007829,1.111819,1.114786
227.950000,-46.009330,25.492992,-1.075826,0.011698,1.110813,1.114387
228.000000,-45.985566,25.449001,-1.075173,0.014375,1.111001,1.114224
228.050000,-45.961771,25.405026,-1.074410,0.016103,1.112159,1.113441
228.100000,-45.937940,25.361070,-1.073576,0.017239,1.112238,1.113362
228.150000,-45.914072,25.317135,-1.072693,0.018102,1.112146,1.113460
228.200000,-45.890164,25.273222,-1.071769,0.018845,1.112075,1.113681
228.250000,-45.866214,25.229331,-1.070811,0.019457,1.112871,1.113786
228.300000,-45.842222,25.185463,-1.069828,0.019822,1.112685,1.114720
228.350000,-45.818186,25.141619,-1.068836,0.019855,1.111230,1.114713
228.400000,-45.794108,25.097799,-1.067850,0.019560,1.111273,1.113827
228.450000,-45.769986,25.054002,-1.066885,0.019060,1.111470,1.113624
228.500000,-45.745822,25.010228,-1.065945,0.018511,1.111543,1.113457
228.550000,-45.721619,24.966477,-1.065033,0.017983,1.111739,1.113356
228.600000,-45.697375,24.922748,-1.064149,0.017375,1.113072,1.113428
228.650000,-45.673094,24.879039,-1.063303,0.016423,1.112954,1.113666
228.700000,-45.648777,24.835351,-1.062520,0.014817,1.112723,1.115633
228.750000,-45.624429,24.791680,-1.061840,0.012375,1.111979,1.115721
228.800000,-45.600053,24.748024,-1.061299,0.009232,1.112123,1.115577
228.850000,-45.575657,24.704380,-1.060922,0.005876,1.112386,1.115194
228.900000,-45.551248,24.660742,-1.060700,0.003079,1.112830,1.112970
228.950000,-45.526832,24.617109,-1.060585,0.001654,1.113047,1.112872
229.000000,-45.502412,24.573478,-1.060491,0.002208,1.113556,1.114886
229.050000,-45.477987,24.529850,-1.060315,0.004963,1.119954,1.119577
229.100000,-45.453550,24.486229,-1.059950,0.009712,1.120041,1.120053
229.150000,-45.429091,24.442619,-1.059310,0.015946,1.119623,1.121846
229.200000,-45.404598,24.399030,-1.058336,0.023032,1.119017,1.121970
229.250000,-45.380054,24.355468,-1.057001,0.030358,1.118827,1.121659
229.300000,-45.355444,24.311944,-1.055306,0.037393,1.118618,1.116792
229.350000,-45.330753,24.268466,-1.053280,0.043591,1.115377,1.114223
229.400000,-45.305968,24.225041,-1.050978,0.048341,1.115178,1.114422
229.450000,-45.281078,24.181676,-1.048493,0.050897,1.114868,1.114821
229.500000,-45.256079,24.138375,-1.045953,0.050497,1.114813,1.116503
229.550000,-45.230972,24.095135,-1.043521,0.046555,1.118166,1.117834
229.600000,-45.205765,24.051954,-1.041379,0.038923,1.118317,1.117595
229.650000,-45.180476,24.008821,-1.039701,0.028061,1.118225,1.115558
229.700000,-45.155126,23.965724,-1.038622,0.015051,1.110293,1.111268
229.750000,-45.129745,23.922645,-1.038211,0.001450,1.110876,1.108605
229.800000,-45.104359,23.879568,-1.038455,-0.011053,1.111361,1.107839
229.850000,-45.078997,23.836478,-1.039261,-0.020965,1.111712,1.107564
229.900000,-45.053679,23.793362,-1.040474,-0.027317,1.112805,1.107671
229.950000,-45.028419,23.750212,-1.041907,-0.029795,1.113588,1.108341
230.000000,-45.003222,23.707025,-1.043374,-0.028716,1.113821,1.112979
230.050000,-44.978087,23.663802,-1.044715,-0.024810,1.113522,1.113278
230.100000,-44.953004,23.620549,-1.045811,-0.018947,1.113212,1.113423
230.150000,-44.927962,23.577272,-1.046582,-0.011866,1.113048,1.111120
230.200000,-44.902945,23.533980,-1.046980,-0.004019,1.112513,1.111187
230.250000,-44.877937,23.490684,-1.046972,0.004390,1.112504,1.111392
230.300000,-44.852919,23.447393,-1.046531,0.013254,1.112510,1.114322
230.350000,-44.827873,23.404118,-1.045641,0.022305,1.112988,1.114471
230.400000,-44.802778,23.360872,-1.044308,0.030959,1.114997,1.114803
230.450000,-44.777617,23.317664,-1.042574,0.038231,1.114593,1.115207
230.500000,-44.752374,23.274504,-1.040540,0.042927,1.113961,1.115579
230.550000,-44.727040,23.231398,-1.038362,0.043926,1.110316,1.115219
230.600000,-44.701612,23.188346,-1.036244,0.040556,1.110343,1.112757
230.650000,-44.676098,23.145346,-1.034403,0.032872,1.110659,1.112441
230.700000,-44.650515,23.102386,-1.033034,0.021765,1.111184,1.111935
230.750000,-44.624885,23.059455,-1.032269,0.008841,1.112120,1.111293
230.800000,-44.599237,23.016534,-1.032149,-0.003920,1.112664,1.110936
230.850000,-44.573596,22.973609,-1.032616,-0.014560,1.113074,1.110526
230.900000,-44.547986,22.930666,-1.033526,-0.021586,1.113293,1.110307
230.950000,-44.522420,22.887696,-1.034678,-0.024221,1.113288,1.110389
231.000000,-44.496906,22.844696,-1.035852,-0.022517,1.113094,1.111757
231.050000,-44.471438,22.801668,-1.036850,-0.017255,1.113520,1.112080
231.100000,-44.446007,22.758619,-1.037525,-0.009689,1.113160,1.112548
231.150000,-44.420597,22.715557,-1.037798,-0.001268,1.112855,1.114445
231.200000,-44.395190,22.672493,-1.037661,0.006650,1.112522,1.114765
231.250000,-44.369769,22.629438,-1.037167,0.012971,1.112221,1.114847
231.300000,-44.344320,22.586399,-1.036416,0.016926,1.112282,1.114318
231.350000,-44.318836,22.543381,-1.035536,0.018078,1.112293,1.114339
231.400000,-44.293314,22.500385,-1.034673,0.016257,1.112793,1.114486
231.450000,-44.267758,22.457410,-1.033974,0.011558,1.112854,1.117078
231.500000,-44.242177,22.414449,-1.033573,0.004365,1.113381,1.117019
231.550000,-44.216588,22.371493,-1.033578,-0.004594,1.113604,1.116796
231.600000,-44.191009,22.328531,-1.034049,-0.014194,1.114094,1.116389
231.650000,-44.165461,22.285551,-1.034982,-0.022986,1.115852,1.115995
231.700000,-44.139961,22.242543,-1.036296,-0.029353,1.118436,1.115385
231.750000,-44.114523,22.199497,-1.037833,-0.031841,1.118638,1.112562
231.800000,-44.089152,22.156412,-1.039374,-0.029521,1.118725,1.112475
231.850000,-44.063843,22.113291,-1.040677,-0.022336,1.118615,1.112585
231.900000,-44.038581,22.070141,-1.041520,-0.011257,1.118161,1.113039
231.950000,-44.013343,22.026979,-1.041756,0.001794,1.117511,1.113689
232.000000,-43.988102,21.983818,-1.041349,0.014323,1.116119,1.114242
232.050000,-43.962830,21.940675,-1.040388,0.023812,1.107534,1.110566
232.100000,-43.937508,21.897561,-1.039075,0.028343,1.107302,1.110772
232.150000,-43.912127,21.854482,-1.037682,0.027054,1.107130,1.110608
232.200000,-43.886689,21.811436,-1.036492,0.020303,1.108178,1.110199
232.250000,-43.861209,21.768416,-1.035743,0.009540,1.109666,1.109995
232.300000,-43.835709,21.725407,-1.035582,-0.003123,1.110240,1.111857
232.350000,-43.810216,21.682394,-1.036049,-0.015418,1.110595,1.112963
232.400000,-43.784755,21.639362,-1.037075,-0.025373,1.110772,1.113674
232.450000,-43.759347,21.596299,-1.038507,-0.031663,1.111691,1.113589
232.500000,-43.734007,21.553196,-1.040148,-0.033714,1.114356,1.113848
232.550000,-43.708738,21.510051,-1.041789,-0.031743,1.118507,1.114177
232.600000,-43.683537,21.466867,-1.043252,-0.026653,1.119562,1.114338
232.650000,-43.658392,21.423649,-1.044414,-0.019857,1.119247,1.114653
232.700000,-43.633291,21.380406,-1.045235,-0.013077,1.118818,1.115199
232.750000,-43.608218,21.337147,-1.045758,-0.008032,1.118280,1.117317
232.800000,-43.583164,21.293877,-1.046106,-0.006114,1.116517,1.117466
232.850000,-43.558124,21.250599,-1.046456,-0.008105,1.116518,1.115724
232.900000,-43.533102,21.207310,-1.047003,-0.013984,1.116076,1.115285
232.950000,-43.508112,21.164003,-1.047923,-0.022892,1.117345,1.113423
233.000000,-43.483172,21.120667,-1.049329,-0.033342,1.117383,1.112975
233.050000,-43.458305,21.077290,-1.051252,-0.043459,1.117798,1.113499
233.100000,-43.433530,21.033859,-1.053629,-0.051391,1.118140,1.114476
233.150000,-43.408867,20.990365,-1.056311,-0.055624,1.118456,1.112931
233.200000,-43.384323,20.946804,-1.059090,-0.055246,1.118219,1.112936
233.250000,-43.359898,20.903176,-1.061730,-0.050110,1.118365,1.112135
233.300000,-43.335582,20.859487,-1.064009,-0.040844,1.117908,1.112521
233.350000,-43.311353,20.815749,-1.065751,-0.028770,1.116427,1.112960
233.400000,-43.287188,20.771977,-1.066861,-0.015683,1.114942,1.114329
233.450000,-43.263057,20.728186,-1.067337,-0.003534,1.115370,1.114949
233.500000,-43.238934,20.684389,-1.067271,0.005939,1.115069,1.115603
233.550000,-43.214799,20.640600,-1.066827,0.011582,1.115859,1.115841
233.600000,-43.190641,20.596824,-1.066205,0.013083,1.115901,1.115799
233.650000,-43.166455,20.553062,-1.065597,0.011073,1.115992,1.115454
233.700000,-43.142245,20.509314,-1.065146,0.006967,1.113694,1.114034
233.750000,-43.118020,20.465575,-1.064909,0.002616,1.113439,1.113176
233.800000,-43.093789,20.421839,-1.064852,-0.000185,1.113853,1.111527
233.850000,-43.069558,20.378102,-1.064866,-0.000183,1.113909,1.111184
233.900000,-43.045326,20.334367,-1.064800,0.003005,1.113651,1.111368
233.950000,-43.021087,20.290635,-1.064506,0.008828,1.113200,1.112328
234.000000,-42.996827,20.246915,-1.063885,0.016006,1.112396,1.116443
234.050000,-42.972533,20.203213,-1.062909,0.022952,1.111888,1.117512
234.100000,-42.948190,20.159540,-1.061625,0.028242,1.111642,1.117758
234.150000,-42.923785,20.115900,-1.060141,0.030940,1.111765,1.117635
234.200000,-42.899314,20.072298,-1.058594,0.030763,1.112187,1.117031
234.250000,-42.874777,20.028733,-1.057123,0.027946,1.113661,1.112939
234.300000,-42.850179,19.985202,-1.055846,0.023050,1.113913,1.112758
234.350000,-42.825532,19.941699,-1.054850,0.016747,1.114902,1.112987
234.400000,-42.800848,19.898216,-1.054189,0.009710,1.114834,1.115773
234.450000,-42.776143,19.854746,-1.053881,0.002653,1.114932,1.115839
234.500000,-42.751433,19.811279,-1.053907,-0.003621,1.115273,1.116619
234.550000,-42.726729,19.767807,-1.054207,-0.008209,1.115769,1.117503
234.600000,-42.702043,19.724326,-1.054673,-0.010247,1.117256,1.117155
234.650000,-42.677378,19.680833,-1.055162,-0.009135,1.119017,1.117015
234.700000,-42.652733,19.637330,-1.055515,-0.004790,1.119290,1.117210
234.750000,-42.628096,19.593820,-1.055581,0.002241,1.118812,1.117688
234.800000,-42.603455,19.550314,-1.055254,0.010868,1.118286,1.118214
234.850000,-42.578789,19.506821,-1.054487,0.019745,1.117713,1.118591
234.900000,-42.554081,19.463353,-1.053299,0.027677,1.116266,1.117234
234.950000,-42.529313,19.419918,-1.051756,0.033953,1.116189,1.117311
235.000000,-42.504473,19.376526,-1.049942,0.038516,1.116254,1.117246
235.050000,-42.479549,19.333181,-1.047931,0.041891,1.116485,1.117100
235.100000,-42.454534,19.289888,-1.045762,0.044894,1.116678,1.118109
235.150000,-42.429422,19.246651,-1.043434,0.048271,1.116731,1.118020
235.200000,-42.404206,19.203476,-1.040919,0.052395,1.118758,1.118142
235.250000,-42.378876,19.160366,-1.038180,0.057155,1.118147,1.118523
235.300000,-42.353423,19.117330,-1.035199,0.062061,1.114324,1.119024
235.350000,-42.327837,19.074372,-1.031983,0.066540,1.113287,1.119340
235.400000,-42.302109,19.031500,-1.028563,0.070208,1.113277,1.119776
235.450000,-42.276230,18.988718,-1.024980,0.073081,1.113518,1.120256
235.500000,-42.250195,18.946031,-1.021264,0.075548,1.113837,1.119708
235.550000,-42.223999,18.903442,-1.017422,0.078171,1.115733,1.119841
235.600000,-42.197637,18.860956,-1.013434,0.081408,1.115672,1.119528
235.650000,-42.171102,18.818579,-1.009265,0.085368,1.115413,1.119787
235.700000,-42.144386,18.776314,-1.004887,0.089751,1.115038,1.120043
235.750000,-42.117481,18.734171,-1.000294,0.093932,1.114447,1.118674
235.800000,-42.090378,18.692153,-0.995513,0.097209,1.110418,1.118602
235.850000,-42.063072,18.650268,-0.990604,0.099034,1.110429,1.116071
235.900000,-42.035559,18.608518,-0.985646,0.099216,1.110548,1.115858
235.950000,-42.007840,18.566905,-0.980715,0.097966,1.110653,1.114380
236.000000,-41.979918,18.525428,-0.975869,0.095864,1.110162,1.113884
236.050000,-41.951797,18.484085,-0.971130,0.093753,1.109460,1.113712
236.100000,-41.923482,18.442875,-0.966474,0.092620,1.108706,1.112694
236.150000,-41.894977,18.401797,-0.961826,0.093471,1.108708,1.112692
236.200000,-41.866278,18.360853,-0.957064,0.097232,1.108807,1.112655
236.250000,-41.837381,18.320049,-0.952025,0.104577,1.109611,1.112805
236.300000,-41.808269,18.279399,-0.946522,0.115758,1.109593,1.114407
236.350000,-41.778921,18.238917,-0.940372,0.130399,1.109602,1.114756
236.400000,-41.749310,18.198629,-0.933428,0.147399,1.112824,1.116376
236.450000,-41.719402,18.158560,-0.925618,0.164906,1.112171,1.117280
236.500000,-41.689165,18.118739,-0.916974,0.180582,1.111339,1.121461
236.550000,-41.658571,18.079191,-0.907650,0.191987,1.110549,1.122080
236.600000,-41.627600,18.039938,-0.897910,0.197109,1.107947,1.122410
236.650000,-41.596246,18.000990,-0.888098,0.194895,1.108070,1.121730
236.700000,-41.564516,17.962348,-0.878577,0.185551,1.108523,1.121314
236.750000,-41.532430,17.924001,-0.869667,0.170605,1.109652,1.120529
236.800000,-41.500019,17.885929,-0.861586,0.152620,1.110500,1.118200
236.850000,-41.467319,17.848104,-0.854409,0.134649,1.111309,1.117391
236.900000,-41.434364,17.810502,-0.848063,0.119554,1.111921,1.116619
236.950000,-41.401183,17.773098,-0.842350,0.109355,1.112352,1.114125
237.000000,-41.367797,17.735877,-0.837005,0.104797,1.112282,1.112634
237.050000,-41.334215,17.698833,-0.831760,0.105243,1.110885,1.113207
237.100000,-41.300438,17.661967,-0.826408,0.108936,1.110257,1.116143
237.150000,-41.266461,17.625285,-0.820842,0.113606,1.109638,1.116925
237.200000,-41.232276,17.588797,-0.815069,0.117167,1.109796,1.119008
237.250000,-41.197878,17.552510,-0.809176,0.118348,1.110300,1.122100
237.300000,-41.163267,17.516426,-0.803289,0.117003,1.111234,1.121723
237.350000,-41.128445,17.480544,-0.797514,0.113975,1.118415,1.121007
237.400000,-41.093420,17.444862,-0.791900,0.110645,1.119075,1.119338
237.450000,-41.058198,17.409374,-0.786430,0.108268,1.119237,1.118148
237.500000,-41.022784,17.374078,-0.781039,0.107497,1.118550,1.118460
237.550000,-40.987180,17.338973,-0.775649,0.108154,1.114587,1.119950
237.600000,-40.951387,17.304061,-0.770208,0.109476,1.111023,1.120469
237.650000,-40.915403,17.269345,-0.764704,0.110619,1.110585,1.120903
237.700000,-40.879228,17.234829,-0.759159,0.111200,1.110657,1.121835
237.750000,-40.842861,17.200515,-0.753588,0.111682,1.110983,1.121417
237.800000,-40.806304,17.166404,-0.747968,0.113348,1.111436,1.120624
237.850000,-40.769553,17.132502,-0.742195,0.117897,1.111551,1.116405
237.900000,-40.732601,17.098818,-0.736086,0.126832,1.111627,1.113573
237.950000,-40.695436,17.065370,-0.729403,0.140829,1.111192,1.114008
238.000000,-40.658035,17.032186,-0.721905,0.159341,1.110508,1.114940
238.050000,-40.620371,16.999301,-0.713407,0.180568,1.109840,1.118385
238.100000,-40.582411,16.966759,-0.703843,0.201794,1.108892,1.119642
238.150000,-40.544125,16.934600,-0.693288,0.219971,1.108133,1.120912
238.200000,-40.505489,16.902862,-0.681964,0.232400,1.107408,1.123183
238.250000,-40.466488,16.871574,-0.670205,0.237309,1.106960,1.123540
238.300000,-40.427121,16.840749,-0.658403,0.234168,1.107089,1.123384
238.350000,-40.387396,16.810385,-0.646944,0.223743,1.107617,1.122394
238.400000,-40.347336,16.780466,-0.636148,0.207838,1.108391,1.119754
238.450000,-40.306967,16.750964,-0.626228,0.188865,1.109574,1.118834
238.500000,-40.266322,16.721844,-0.617276,0.169359,1.110288,1.116221
238.550000,-40.225431,16.693070,-0.609260,0.151562,1.110820,1.115892
238.600000,-40.184323,16.664608,-0.602051,0.137155,1.111034,1.116766
238.650000,-40.143020,16.636429,-0.595454,0.127161,1.111175,1.116625
238.700000,-40.101537,16.608514,-0.589235,0.122007,1.111218,1.116601
238.750000,-40.059885,16.580855,-0.583153,0.121653,1.111181,1.116800
238.800000,-40.018064,16.553450,-0.576977,0.125728,1.111177,1.116670
238.850000,-39.976071,16.526310,-0.570499,0.133650,1.111646,1.116654
238.900000,-39.933897,16.499452,-0.563546,0.144674,1.111373,1.116927
238.950000,-39.891529,16.472900,-0.555984,0.157948,1.111016,1.117284
239.000000,-39.848953,16.446685,-0.547722,0.172561,1.110577,1.117887
239.050000,-39.806152,16.420837,-0.538717,0.187607,1.110069,1.119912
239.100000,-39.763111,16.395392,-0.528968,0.202247,1.109539,1.120290
239.150000,-39.719815,16.370384,-0.518515,0.215743,1.109696,1.120858
239.200000,-39.676251,16.345843,-0.507430,0.227415,1.111541,1.123179
239.250000,-39.632412,16.321799,-0.495823,0.236559,1.111618,1.123615
239.300000,-39.588292,16.298274,-0.483841,0.242360,1.111456,1.126825
239.350000,-39.543891,16.275284,-0.471672,0.243906,1.111198,1.127802
239.400000,-39.499213,16.252836,-0.459554,0.240286,1.110977,1.128023
239.450000,-39.454270,16.230925,-0.447762,0.230843,1.110973,1.127953
239.500000,-39.409078,16.209532,-0.436591,0.215453,1.111286,1.127014
239.550000,-39.363658,16.188626,-0.426327,0.194738,1.111901,1.126399
239.600000,-39.318037,16.168162,-0.417200,0.170131,1.113000,1.125571
239.650000,-39.272245,16.148087,-0.409354,0.143749,1.116187,1.124145
239.700000,-39.226309,16.128341,-0.402815,0.118108,1.117030,1.119241
239.750000,-39.180257,16.108868,-0.397481,0.095792,1.117657,1.116743
239.800000,-39.134111,16.089616,-0.393126,0.079113,1.117966,1.116127
239.850000,-39.087890,16.070550,-0.389422,0.069885,1.117164,1.114052
239.900000,-39.041600,16.051648,-0.385966,0.069229,1.114138,1.113874
239.950000,-38.995245,16.032908,-0.382319,0.077492,1.113045,1.113870
240.000000,-38.948816,16.014350,-0.378046,0.094136,1.110980,1.112666
240.050000,-38.902300,15.996013,-0.372761,0.117761,1.110329,1.112027
240.100000,-38.855676,15.977952,-0.366169,0.146145,1.108657,1.112920
240.150000,-38.808921,15.960233,-0.358101,0.176485,1.103761,1.114046
240.200000,-38.762012,15.942926,-0.348537,0.205729,1.099510,1.115133
240.250000,-38.714927,15.926102,-0.337603,0.231041,1.098250,1.115950
240.300000,-38.667652,15.909821,-0.325552,0.250217,1.097808,1.116392
240.350000,-38.620178,15.894131,-0.312727,0.262012,1.097752,1.116658
240.400000,-38.572502,15.879063,-0.299503,0.266215,1.098363,1.117637
240.450000,-38.524631,15.864628,-0.286244,0.263545,1.098756,1.117316
240.500000,-38.476575,15.850824,-0.273260,0.255363,1.099789,1.116847
240.550000,-38.428346,15.837633,-0.260787,0.243325,1.101173,1.115850
240.600000,-38.379961,15.825029,-0.248974,0.229099,1.102611,1.115388
240.650000,-38.331434,15.812980,-0.237894,0.214131,1.104350,1.114525
240.700000,-38.282781,15.801452,-0.227555,0.199556,1.106337,1.114140
240.750000,-38.234016,15.790410,-0.217916,0.186147,1.109323,1.113827
240.800000,-38.185150,15.779822,-0.208910,0.174320,1.110006,1.113494
240.850000,-38.136193,15.769662,-0.200451,0.164202,1.110136,1.113671
240.900000,-38.087154,15.759904,-0.192458,0.155683,1.110418,1.115841
240.950000,-38.038041,15.750528,-0.184856,0.148538,1.110445,1.118319
241.000000,-37.988860,15.741518,-0.177581,0.142552,1.110510,1.118690
241.050000,-37.939615,15.732859,-0.170580,0.137606,1.110642,1.118609
241.100000,-37.890312,15.724539,-0.163800,0.133735,1.111104,1.118613
241.150000,-37.840955,15.716550,-0.157184,0.131058,1.112568,1.118633
241.200000,-37.791546,15.708884,-0.150669,0.129662,1.116738,1.119527
241.250000,-37.742088,15.701539,-0.144194,0.129454,1.118889,1.120033
241.300000,-37.692584,15.694515,-0.137707,0.130077,1.118839,1.122202
241.350000,-37.643035,15.687813,-0.131180,0.130989,1.118651,1.127147
241.400000,-37.593444,15.681435,-0.124611,0.131699,1.118377,1.130802
241.450000,-37.543811,15.675384,-0.118016,0.132160,1.118712,1.130988
241.500000,-37.494140,15.669662,-0.111389,0.133112,1.118709,1.130489
241.550000,-37.444431,15.664270,-0.104667,0.136254,1.118988,1.126382
241.600000,-37.394687,15.659219,-0.097681,0.144011,1.119481,1.122379
241.650000,-37.344908,15.654527,-0.090132,0.158936,1.119870,1.121650
241.700000,-37.295092,15.650234,-0.081617,0.182753,1.119844,1.121075
241.750000,-37.245240,15.646399,-0.071682,0.215446,1.119203,1.121170
241.800000,-37.195349,15.643102,-0.059938,0.254622,1.117600,1.122573
241.850000,-37.145419,15.640442,-0.046173,0.295545,1.113035,1.124376
241.900000,-37.095456,15.638519,-0.030456,0.331908,1.095262,1.125897
241.950000,-37.045468,15.637423,-0.013178,0.357271,1.092148,1.127552
242.000000,-36.995469,15.637216,0.004978,0.366741,1.091460,1.128240
242.050000,-36.945474,15.637920,0.023161,0.358384,1.092095,1.127605
242.100000,-36.895499,15.639517,0.040505,0.333748,1.094543,1.125096
242.150000,-36.845558,15.641943,0.056305,0.297369,1.099409,1.121520
242.200000,-36.795659,15.645111,0.070125,0.255388,1.112300,1.117511
242.250000,-36.745804,15.648915,0.081840,0.213846,1.114353,1.116047
242.300000,-36.695992,15.653253,0.091594,0.177246,1.114990,1.115781
242.350000,-36.646221,15.658034,0.099695,0.147801,1.115019,1.117794
242.400000,-36.596487,15.663185,0.106507,0.125501,1.114667,1.118945
242.450000,-36.546787,15.668649,0.112352,0.108864,1.114099,1.120569
242.500000,-36.497117,15.674385,0.117465,0.095975,1.113919,1.120581
242.550000,-36.447475,15.680359,0.121993,0.085418,1.114322,1.119718
242.600000,-36.397859,15.686546,0.126040,0.076766,1.115061,1.116096
242.650000,-36.348268,15.692923,0.129711,0.070497,1.116108,1.112292
242.700000,-36.298699,15.699477,0.133148,0.067510,1.116512,1.111888
242.750000,-36.249153,15.706198,0.136533,0.068450,1.116461,1.112746
242.800000,-36.199630,15.713090,0.140065,0.073243,1.115996,1.117271
242.850000,-36.150133,15.720164,0.143914,0.080950,1.115013,1.118004
242.900000,-36.100665,15.727439,0.148189,0.090046,1.113876,1.118576
242.950000,-36.051230,15.734936,0.152917,0.098928,1.112972,1.118612
243.000000,-36.001833,15.742678,0.158058,0.106439,1.112912,1.118005
243.050000,-35.952478,15.750682,0.163529,0.112218,1.113286,1.117430
243.100000,-35.903168,15.758962,0.169254,0.116726,1.114634,1.117183
243.150000,-35.853908,15.767530,0.175195,0.120990,1.114792,1.117108
243.200000,-35.804700,15.776396,0.181368,0.126208,1.114626,1.117057
243.250000,-35.755550,15.785572,0.187849,0.133334,1.113011,1.117289
243.300000,-35.706461,15.795077,0.194744,0.142798,1.110825,1.117975
243.350000,-35.657442,15.804933,0.202169,0.154417,1.110426,1.118374
243.400000,-35.608501,15.815167,0.210214,0.167452,1.110039,1.118744
243.450000,-35.559647,15.825810,0.218922,0.180749,1.109676,1.119024
243.500000,-35.510891,15.836895,0.228272,0.192931,1.109357,1.119343
243.550000,-35.462244,15.848448,0.238172,0.202537,1.109085,1.119615
243.600000,-35.413717,15.860493,0.248458,0.208177,1.108459,1.119882
243.650000,-35.365317,15.873041,0.258900,0.208675,1.106478,1.120122
243.700000,-35.317050,15.886092,0.269220,0.203227,1.106242,1.120150
243.750000,-35.268918,15.899632,0.279111,0.191574,1.105446,1.119937
243.800000,-35.220918,15.913630,0.288271,0.174109,1.105894,1.119301
243.850000,-35.173041,15.928045,0.296435,0.151936,1.106587,1.117990
243.900000,-35.125274,15.942822,0.303407,0.126767,1.107350,1.116035
243.950000,-35.077602,15.957901,0.309091,0.100752,1.108217,1.112283
244.000000,-35.030007,15.973221,0.313502,0.076192,1.108813,1.111210
244.050000,-34.982471,15.988723,0.316770,0.055292,1.108674,1.109461
244.100000,-34.934978,16.004357,0.319126,0.039919,1.109053,1.110647
244.150000,-34.887517,16.020087,0.320882,0.031421,1.109438,1.110492
244.200000,-34.840081,16.035894,0.322403,0.030548,1.110243,1.110899
244.250000,-34.792670,16.051774,0.324074,0.037367,1.111177,1.111261
244.300000,-34.745289,16.067745,0.326268,0.051267,1.113375,1.113266
244.350000,-34.697950,16.083839,0.329308,0.070954,1.116466,1.115934
244.400000,-34.650669,16.100101,0.333438,0.094546,1.115760,1.117084
244.450000,-34.603465,16.116588,0.338796,0.119713,1.114857,1.119972
244.500000,-34.556360,16.133356,0.345398,0.143927,1.113218,1.121121
244.550000,-34.509378,16.150462,0.353134,0.164765,1.111498,1.122191
244.600000,-34.462537,16.167954,0.361784,0.180246,1.111093,1.123007
244.650000,-34.415855,16.185865,0.371043,0.189090,1.110888,1.123212
244.700000,-34.369345,16.204216,0.380568,0.190897,1.110936,1.123164
244.750000,-34.323011,16.223008,0.390014,0.186109,1.111437,1.122899
244.800000,-34.276853,16.242230,0.399080,0.175885,1.112930,1.122470
244.850000,-34.230865,16.261855,0.407531,0.161812,1.113484,1.121824
244.900000,-34.185038,16.281852,0.415221,0.145673,1.113898,1.121002
244.950000,-34.139358,16.302182,0.422089,0.129240,1.114330,1.120423
245.000000,-34.093810,16.322807,0.428165,0.114200,1.114338,1.119522
245.050000,-34.048381,16.343692,0.433558,0.102129,1.113563,1.119237
245.100000,-34.003059,16.364809,0.438453,0.094502,1.113812,1.119154
245.150000,-33.957838,16.386142,0.443105,0.092595,1.114971,1.119543
245.200000,-33.912717,16.407685,0.447827,0.097331,1.119299,1.119616
245.250000,-33.867703,16.429449,0.452960,0.108997,1.121793,1.120781
245.300000,-33.822808,16.451459,0.458841,0.127053,1.121313,1.122274
245.350000,-33.778054,16.473755,0.465756,0.150026,1.120458,1.126142
245.400000,-33.733469,16.496387,0.473897,0.175667,1.119212,1.127201
245.450000,-33.689085,16.519410,0.483330,0.201322,1.117210,1.128146
245.500000,-33.644935,16.542878,0.493990,0.224399,1.115394,1.128906
245.550000,-33.601050,16.566839,0.505693,0.242837,1.114997,1.129303
245.600000,-33.557459,16.591329,0.518173,0.255394,1.114875,1.129425
245.650000,-33.514183,16.616374,0.531124,0.261691,1.115107,1.129251
245.700000,-33.471238,16.641981,0.544238,0.262047,1.115575,1.129025
245.750000,-33.428631,16.668147,0.557238,0.257237,1.115764,1.128836
245.800000,-33.386365,16.694859,0.569888,0.248275,1.115735,1.128747
245.850000,-33.344432,16.722092,0.582011,0.236297,1.114333,1.128656
245.900000,-33.302824,16.749819,0.593485,0.222583,1.110528,1.128372
245.950000,-33.261527,16.778007,0.604260,0.208550,1.111028,1.126670
246.000000,-33.220527,16.806625,0.614357,0.195705,1.111634,1.120984
246.050000,-33.179808,16.835642,0.623872,0.185440,1.112343,1.119157
246.100000,-33.139361,16.865036,0.632961,0.178766,1.113701,1.118487
246.150000,-33.099179,16.894792,0.641816,0.176058,1.116339,1.118662
246.200000,-33.059261,16.924900,0.650629,0.176945,1.116027,1.119515
246.250000,-33.019611,16.955362,0.659557,0.180415,1.114384,1.120551
246.300000,-32.980237,16.986179,0.668695,0.185129,1.109116,1.120935
246.350000,-32.941151,17.017360,0.678072,0.189793,1.107617,1.121083
246.400000,-32.902362,17.048911,0.687660,0.193520,1.107612,1.120944
246.450000,-32.863880,17.080835,0.697402,0.195999,1.108418,1.120286
246.500000,-32.825712,17.113134,0.707242,0.197484,1.111309,1.120008
246.550000,-32.787866,17.145809,0.717143,0.198575,1.111395,1.119438
246.600000,-32.750345,17.178857,0.727103,0.199954,1.111446,1.118754
246.650000,-32.713157,17.212280,0.737150,0.202080,1.111369,1.118684
246.700000,-32.676309,17.246076,0.747325,0.205013,1.110887,1.118275
246.750000,-32.639809,17.280249,0.757660,0.208315,1.109185,1.118567
246.800000,-32.603667,17.314799,0.768151,0.211113,1.107825,1.119098
246.850000,-32.567892,17.349730,0.778747,0.212268,1.107151,1.119048
246.900000,-32.532489,17.385037,0.789334,0.210641,1.107116,1.120313
246.950000,-32.497459,17.420715,0.799752,0.205381,1.107602,1.121289
247.000000,-32.462797,17.456750,0.809807,0.196220,1.108215,1.124372
247.050000,-32.428489,17.493123,0.819314,0.183592,1.109085,1.123924
247.100000,-32.394517,17.529809,0.828124,0.168631,1.110111,1.122723
247.150000,-32.360854,17.566780,0.836161,0.152937,1.110886,1.119914
247.200000,-32.327476,17.604008,0.843430,0.138215,1.111450,1.119350
247.250000,-32.294356,17.641465,0.850019,0.125888,1.112014,1.119159
247.300000,-32.261473,17.679131,0.856072,0.116788,1.113395,1.120420
247.350000,-32.228811,17.716988,0.861755,0.111065,1.115047,1.123650
247.400000,-32.196360,17.755027,0.867228,0.108246,1.115258,1.124604
247.450000,-32.164116,17.793241,0.872616,0.107532,1.116751,1.124749
247.500000,-32.132078,17.831628,0.878003,0.108075,1.116901,1.124886
247.550000,-32.100247,17.870188,0.883435,0.109236,1.117968,1.124413
247.600000,-32.068629,17.908921,0.888931,0.110656,1.118098,1.122184
247.650000,-32.037224,17.947828,0.894502,0.112164,1.118207,1.119893
247.700000,-32.006039,17.986911,0.900147,0.113578,1.117989,1.119845
247.750000,-31.975076,18.026170,0.905853,0.114492,1.116966,1.119912
247.800000,-31.944338,18.065606,0.911579,0.114198,1.116630,1.120103
247.850000,-31.913826,18.105216,0.917241,0.111787,1.116464,1.120036
247.900000,-31.883534,18.144996,0.922710,0.106405,1.116283,1.120150
247.950000,-31.853455,18.184936,0.927825,0.097600,1.115444,1.119488
248.000000,-31.823570,18.225022,0.932416,0.085592,1.112818,1.117682
248.050000,-31.793856,18.265236,0.936344,0.071325,1.113482,1.117018
248.100000,-31.764286,18.305555,0.939532,0.056307,1.114792,1.116221
248.150000,-31.734830,18.345957,0.941986,0.042213,1.117126,1.115674
248.200000,-31.705459,18.386421,0.943789,0.030451,1.117500,1.115300
248.250000,-31.676151,18.426930,0.945081,0.021805,1.117048,1.115529
248.300000,-31.646887,18.467472,0.946022,0.016302,1.115225,1.116575
248.350000,-31.617657,18.508038,0.946755,0.013313,1.115004,1.116796
248.400000,-31.588454,18.548623,0.947381,0.011832,1.115379,1.116956
248.450000,-31.559275,18.589226,0.947948,0.010820,1.117243,1.116957
248.500000,-31.530118,18.629845,0.948458,0.009462,1.117435,1.116877
248.550000,-31.500980,18.670477,0.948882,0.007322,1.118020,1.116680
248.600000,-31.471857,18.711120,0.949176,0.004323,1.118136,1.116876
248.650000,-31.442742,18.751769,0.949302,0.000675,1.118197,1.118127
248.700000,-31.413629,18.792419,0.949238,-0.003211,1.118300,1.118800
248.750000,-31.384510,18.833064,0.948985,-0.006811,1.118336,1.118764
248.800000,-31.355376,18.873700,0.948571,-0.009495,1.118374,1.118570
248.850000,-31.326224,18.914322,0.948059,-0.010587,1.118525,1.117875
248.900000,-31.297050,18.954929,0.947547,-0.009473,1.118706,1.117761
248.950000,-31.267858,18.995522,0.947154,-0.005776,1.119045,1.117655
249.000000,-31.238654,19.036107,0.947011,0.000418,1.118993,1.117707
249.050000,-31.209452,19.076693,0.947228,0.008393,1.118704,1.117996
249.100000,-31.180266,19.117291,0.947861,0.016764,1.118269,1.118811
249.150000,-31.151115,19.157913,0.948885,0.023669,1.117638,1.121566
249.200000,-31.122011,19.198570,0.950177,0.027154,1.117148,1.124785
249.250000,-31.092961,19.239266,0.951522,0.025672,1.116732,1.124991
249.300000,-31.063963,19.279998,0.952651,0.018551,1.117011,1.124544
249.350000,-31.035002,19.320756,0.953289,0.006242,1.117193,1.123172
249.400000,-31.006053,19.361523,0.953211,-0.009724,1.116825,1.122375
249.450000,-30.977084,19.402276,0.952287,-0.027129,1.117647,1.120704
249.500000,-30.948059,19.442989,0.950507,-0.043646,1.118334,1.115970
249.550000,-30.918946,19.483640,0.947964,-0.057486,1.118828,1.111672
249.600000,-30.889717,19.524206,0.944815,-0.067876,1.119035,1.111599
249.650000,-30.860351,19.564674,0.941229,-0.075201,1.119260,1.112937
249.700000,-30.830834,19.605031,0.937328,-0.080792,1.118863,1.117137
249.750000,-30.801154,19.645269,0.933154,-0.086393,1.118458,1.117407
249.800000,-30.771299,19.685378,0.928666,-0.093501,1.117919,1.117167
249.850000,-30.741258,19.725347,0.923768,-0.102781,1.118178,1.115508
249.900000,-30.711011,19.765161,0.918357,-0.113788,1.118755,1.113890
249.950000,-30.680538,19.804801,0.912380,-0.125045,1.119659,1.112691
250.000000,-30.649818,19.844251,0.905876,-0.134538,1.120362,1.110438
250.050000,-30.618834,19.883494,0.898983,-0.140360,1.120803,1.109997
250.100000,-30.587575,19.922518,0.891917,-0.141404,1.120890,1.109955
250.150000,-30.556043,19.961322,0.884921,-0.137751,1.120640,1.110836
250.200000,-30.524244,19.999907,0.878202,-0.130715,1.119984,1.113570
250.250000,-30.492195,20.038285,0.871876,-0.122447,1.119180,1.115829
250.300000,-30.459911,20.076465,0.865944,-0.115298,1.118306,1.116394
250.350000,-30.427407,20.114458,0.860300,-0.111128,1.118078,1.116188
250.400000,-30.394691,20.152270,0.854769,-0.110811,1.118337,1.114463
250.450000,-30.361766,20.189899,0.849158,-0.114094,1.119202,1.113827
250.500000,-30.328627,20.227339,0.843316,-0.119796,1.120661,1.113231
250.550000,-30.295264,20.264580,0.837162,-0.126291,1.121383,1.112954
250.600000,-30.261666,20.301610,0.830697,-0.132029,1.121900,1.113474
250.650000,-30.227825,20.338417,0.823987,-0.135952,1.122736,1.114610
250.700000,-30.193735,20.374994,0.817138,-0.137625,1.122506,1.115386
250.750000,-30.159394,20.411336,0.810260,-0.137168,1.122243,1.116957
250.800000,-30.124805,20.447441,0.803450,-0.134994,1.122358,1.117073
250.850000,-30.089973,20.483312,0.796781,-0.131570,1.123614,1.117025
250.900000,-30.054907,20.518954,0.790307,-0.127285,1.126008,1.116949
250.950000,-30.019614,20.554372,0.784063,-0.122440,1.130337,1.118386
251.000000,-29.984105,20.589573,0.778068,-0.117343,1.135065,1.123916
251.050000,-29.948390,20.624565,0.772327,-0.112382,1.134785,1.125906
251.100000,-29.912479,20.659356,0.766821,-0.108030,1.132743,1.125162
251.150000,-29.876380,20.693952,0.761508,-0.104720,1.126816,1.124161
251.200000,-29.840101,20.728358,0.756329,-0.102691,1.126447,1.123637
251.250000,-29.803645,20.762578,0.751219,-0.101847,1.125719,1.121051
251.300000,-29.767016,20.796611,0.746130,-0.101768,1.125897,1.118687
251.350000,-29.730213,20.830458,0.741039,-0.101820,1.126137,1.117899
251.400000,-29.693239,20.864117,0.735954,-0.101419,1.126277,1.117387
251.450000,-29.656095,20.897588,0.730910,-0.100227,1.126104,1.117932
251.500000,-29.618784,20.930872,0.725944,-0.098300,1.124976,1.118196
251.550000,-29.581309,20.963973,0.721087,-0.095996,1.123058,1.118479
251.600000,-29.543676,20.996894,0.716344,-0.093808,1.120969,1.118731
251.650000,-29.505889,21.029637,0.711699,-0.092055,1.120819,1.118881
251.700000,-29.467952,21.062207,0.707131,-0.090715,1.121063,1.118708
251.750000,-29.429867,21.094604,0.702626,-0.089364,1.122068,1.118426
251.800000,-29.391638,21.126830,0.698203,-0.087352,1.123919,1.118228
251.850000,-29.353269,21.158889,0.693911,-0.084075,1.124139,1.118137
251.900000,-29.314766,21.190787,0.689820,-0.079285,1.124024,1.118176
251.950000,-29.276136,21.222533,0.686004,-0.073246,1.123658,1.118542
252.000000,-29.237391,21.254136,0.682506,-0.066707,1.122944,1.118973
252.050000,-29.198540,21.285611,0.679328,-0.060660,1.121396,1.119344
252.100000,-29.159594,21.316967,0.676419,-0.056003,1.120266,1.119564
252.150000,-29.120560,21.348213,0.673698,-0.053208,1.119944,1.119443
252.200000,-29.081443,21.379356,0.671069,-0.052156,1.119987,1.118052
252.250000,-29.042245,21.410396,0.668463,-0.052172,1.120060,1.115604
252.300000,-29.002966,21.441334,0.665849,-0.052251,1.119575,1.115325
252.350000,-28.963606,21.472169,0.663250,-0.051391,1.119630,1.115270
252.400000,-28.924167,21.502903,0.660735,-0.048890,1.119351,1.115313
252.450000,-28.884653,21.533541,0.658391,-0.044543,1.118000,1.115616
252.500000,-28.845072,21.564091,0.656307,-0.038646,1.116839,1.115199
252.550000,-28.805432,21.594565,0.654543,-0.031841,1.116527,1.113373
252.600000,-28.765743,21.624975,0.653126,-0.024912,1.116305,1.113595
252.650000,-28.726016,21.655336,0.652044,-0.018529,1.116150,1.113750
252.700000,-28.686261,21.685660,0.651258,-0.013109,1.116481,1.113798
252.750000,-28.646487,21.715958,0.650716,-0.008760,1.117684,1.114431
252.800000,-28.606698,21.746238,0.650367,-0.005346,1.117606,1.116612
252.850000,-28.566902,21.776508,0.650170,-0.002605,1.117469,1.117202
252.900000,-28.527102,21.806772,0.650099,-0.000299,1.117693,1.117372
252.950000,-28.487301,21.837036,0.650135,0.001676,1.117597,1.118003
253.000000,-28.447502,21.867303,0.650260,0.003224,1.117528,1.117410
253.050000,-28.407709,21.897576,0.650447,0.004078,1.117419,1.115381
253.100000,-28.367921,21.927857,0.650652,0.003857,1.117295,1.116096
253.150000,-28.328139,21.958146,0.650811,0.002201,1.117064,1.118236
253.200000,-28.288361,21.988439,0.650846,-0.001122,1.116808,1.118209
253.250000,-28.248580,22.018729,0.650672,-0.006083,1.116028,1.118072
253.300000,-28.208790,22.049007,0.650215,-0.012369,1.115898,1.117919
253.350000,-28.168981,22.079260,0.649422,-0.019365,1.115199,1.117512
253.400000,-28.129143,22.109475,0.648278,-0.026278,1.115538,1.116420
253.450000,-28.089265,22.139637,0.646807,-0.032280,1.115803,1.115531
253.500000,-28.049339,22.169736,0.645074,-0.036698,1.115989,1.114811
253.550000,-28.009358,22.199761,0.643168,-0.039177,1.116127,1.114059
253.600000,-27.969319,22.229708,0.641187,-0.039762,1.116401,1.111894
253.650000,-27.929220,22.259576,0.639217,-0.038892,1.116511,1.112136
253.700000,-27.889063,22.289366,0.637312,-0.037291,1.116711,1.113082
253.750000,-27.848851,22.319081,0.635488,-0.035810,1.117635,1.115672
253.800000,-27.808585,22.348723,0.633718,-0.035255,1.117627,1.116720
253.850000,-27.768268,22.378295,0.631939,-0.036251,1.117814,1.116686
253.900000,-27.727896,22.407793,0.630062,-0.039165,1.118071,1.116594
253.950000,-27.687467,22.437212,0.627990,-0.044077,1.118690,1.116510
254.000000,-27.646972,22.466541,0.625625,-0.050797,1.118866,1.116357
254.050000,-27.606403,22.495767,0.622887,-0.058898,1.119288,1.116556
254.100000,-27.565748,22.524873,0.619721,-0.067761,1.120424,1.117389
254.150000,-27.524995,22.553842,0.616109,-0.076619,1.121401,1.117099
254.200000,-27.484131,22.582654,0.612071,-0.084633,1.121618,1.116882
254.250000,-27.443146,22.611293,0.607670,-0.090966,1.121641,1.116646
254.300000,-27.402031,22.639746,0.603011,-0.094908,1.121088,1.116512
254.350000,-27.360782,22.668004,0.598225,-0.095978,1.120907,1.114677
254.400000,-27.319398,22.696064,0.593462,-0.094029,1.119942,1.110890
254.450000,-27.277882,22.723929,0.588868,-0.089290,1.119939,1.116057
254.500000,-27.236244,22.751610,0.584569,-0.082358,1.120245,1.114479
254.550000,-27.194491,22.779119,0.580656,-0.074097,1.120379,1.114540
254.600000,-27.152637,22.806473,0.577167,-0.065527,1.120023,1.116134
254.650000,-27.110694,22.833690,0.574094,-0.057674,1.120033,1.118629
254.700000,-27.068672,22.860785,0.571375,-0.051482,1.120743,1.117229
254.750000,-27.026580,22.887772,0.568908,-0.047754,1.120886,1.117243
254.800000,-26.984424,22.914658,0.566551,-0.047151,1.120416,1.117246
254.850000,-26.942204,22.941443,0.564136,-0.050143,1.119855,1.117284
254.900000,-26.899917,22.968123,0.561476,-0.056967,1.120411,1.116679
254.950000,-26.857553,22.994681,0.558380,-0.067485,1.119575,1.115879
255.000000,-26.815100,23.021095,0.554676,-0.081076,1.119034,1.119132
255.050000,-26.772540,23.047337,0.550238,-0.096567,1.118645,1.118073
255.100000,-26.729853,23.073373,0.545011,-0.112316,1.119652,1.115107
255.150000,-26.687021,23.099169,0.539028,-0.126443,1.119803,1.112597
255.200000,-26.644028,23.124694,0.532416,-0.137207,1.120328,1.111664
255.250000,-26.600860,23.149924,0.525378,-0.143388,1.120654,1.109805
255.300000,-26.557513,23.174845,0.518157,-0.144578,1.120871,1.108661
255.350000,-26.513988,23.199453,0.510994,-0.141280,1.119964,1.109036
255.400000,-26.470290,23.223753,0.504085,-0.134753,1.119623,1.109474
255.450000,-26.426430,23.247759,0.497547,-0.126714,1.119535,1.111146
255.500000,-26.382418,23.271486,0.491413,-0.118910,1.119226,1.115474
255.550000,-26.338266,23.294951,0.485632,-0.112759,1.119411,1.116113
255.600000,-26.293983,23.318166,0.480099,-0.109100,1.120680,1.117929
255.650000,-26.249573,23.341139,0.474680,-0.108100,1.121285,1.118915
255.700000,-26.205039,23.363871,0.469251,-0.109333,1.123088,1.117622
255.750000,-26.160381,23.386359,0.463722,-0.111957,1.123747,1.119039
255.800000,-26.115599,23.408597,0.458047,-0.114954,1.125921,1.118842
255.850000,-26.070689,23.430577,0.452234,-0.117356,1.127427,1.119308
255.900000,-26.025651,23.452293,0.446332,-0.118411,1.126583,1.120866
255.950000,-25.980486,23.473742,0.440421,-0.117669,1.123588,1.120912
256.000000,-25.935195,23.494926,0.434596,-0.114979,1.123499,1.121001
256.050000,-25.889783,23.515849,0.428953,-0.110406,1.123304,1.121196
256.100000,-25.844257,23.536522,0.423582,-0.104148,1.123082,1.121418
256.150000,-25.798624,23.556957,0.418562,-0.096448,1.122821,1.121556
256.200000,-25.752893,23.577173,0.413956,-0.087590,1.122286,1.121714
256.250000,-25.707073,23.597188,0.409816,-0.077947,1.122223,1.120380
256.300000,-25.661177,23.617024,0.406167,-0.068072,1.122076,1.116224
256.350000,-25.615213,23.636704,0.403002,-0.058747,1.121767,1.117342
256.400000,-25.569191,23.656249,0.400271,-0.050946,1.121527,1.120073
256.450000,-25.523119,23.675676,0.397870,-0.045666,1.120433,1.120455
256.500000,-25.477003,23.694997,0.395653,-0.043691,1.118040,1.120660
256.550000,-25.430845,23.714217,0.393444,-0.045335,1.118090,1.120610
256.600000,-25.384643,23.733332,0.391065,-0.050310,1.118417,1.119104
256.650000,-25.338392,23.752329,0.388371,-0.057738,1.118895,1.114882
256.700000,-25.292087,23.771193,0.385269,-0.066376,1.119324,1.113954
256.750000,-25.245720,23.789904,0.381733,-0.074922,1.119549,1.113228
256.800000,-25.199283,23.808440,0.377793,-0.082345,1.119360,1.112917
256.850000,-25.152770,23.826785,0.373524,-0.088100,1.119215,1.112266
256.900000,-25.106177,23.844926,0.369010,-0.092188,1.118744,1.111456
256.950000,-25.059501,23.862852,0.364326,-0.095044,1.117720,1.111839
257.000000,-25.012740,23.880556,0.359516,-0.097332,1.114720,1.112510
257.050000,-24.965894,23.898032,0.354593,-0.099721,1.114501,1.111574
257.100000,-24.918961,23.915275,0.349536,-0.102706,1.114615,1.111385
257.150000,-24.871940,23.932276,0.344309,-0.106530,1.114781,1.111219
257.200000,-24.824829,23.949026,0.338869,-0.111172,1.115002,1.111073
257.250000,-24.777626,23.965514,0.333182,-0.116366,1.115306,1.111143
257.300000,-24.730327,23.981727,0.327230,-0.121649,1.115413,1.111487
257.350000,-24.682931,23.997652,0.321024,-0.126376,1.115532,1.111368
257.400000,-24.635436,24.013277,0.314611,-0.129769,1.115666,1.111060
257.450000,-24.587840,24.028594,0.308079,-0.130987,1.116437,1.110361
257.500000,-24.540144,24.043600,0.301557,-0.129281,1.118997,1.110226
257.550000,-24.492353,24.058298,0.295204,-0.124175,1.120935,1.110339
257.600000,-24.444472,24.072699,0.289194,-0.115644,1.120721,1.111079
257.650000,-24.396509,24.086824,0.283687,-0.104224,1.119968,1.111456
257.700000,-24.348473,24.100699,0.278803,-0.090961,1.118280,1.112020
257.750000,-24.300374,24.114355,0.274601,-0.077235,1.117186,1.112613
257.800000,-24.252222,24.127826,0.271068,-0.064453,1.115119,1.112780
257.850000,-24.204028,24.141141,0.268126,-0.053747,1.114380,1.112320
257.900000,-24.155798,24.154326,0.265651,-0.045754,1.114284,1.112416
257.950000,-24.107537,24.167400,0.263506,-0.040534,1.114342,1.112358
258.000000,-24.059250,24.180375,0.261560,-0.037690,1.114512,1.112690
258.050000,-24.010939,24.193260,0.259709,-0.036583,1.114622,1.114078
258.100000,-23.962604,24.206056,0.257882,-0.036609,1.114676,1.114149
258.150000,-23.914246,24.218763,0.256036,-0.037391,1.114635,1.114565
258.200000,-23.865864,24.231379,0.254133,-0.038877,1.114566,1.114634
258.250000,-23.817457,24.243902,0.252135,-0.041257,1.114443,1.114556
258.300000,-23.769025,24.256324,0.249989,-0.044801,1.115415,1.114339
258.350000,-23.720565,24.268638,0.247634,-0.049654,1.118506,1.115244
258.400000,-23.672074,24.280831,0.245005,-0.055665,1.118712,1.114939
258.450000,-23.623550,24.292889,0.242055,-0.062359,1.119046,1.114779
258.500000,-23.574988,24.304795,0.238768,-0.069008,1.119473,1.114502
258.550000,-23.526386,24.316534,0.235165,-0.074837,1.119920,1.114155
258.600000,-23.477740,24.328091,0.231306,-0.079234,1.119839,1.113861
258.650000,-23.429049,24.339456,0.227269,-0.081924,1.119823,1.113550
258.700000,-23.380311,24.350622,0.223139,-0.083051,1.119234,1.112638
258.750000,-23.331528,24.361585,0.218982,-0.083083,1.117142,1.112554
258.800000,-23.282700,24.372345,0.214839,-0.082649,1.115141,1.112004
258.850000,-23.233827,24.382904,0.210717,-0.082309,1.112384,1.112516
258.900000,-23.184912,24.393262,0.206602,-0.082385,1.112226,1.111944
258.950000,-23.135954,24.403417,0.202471,-0.082892,1.111606,1.110318
259.000000,-23.086954,24.413370,0.198309,-0.083582,1.111784,1.109840
259.050000,-23.037914,24.423118,0.194115,-0.084088,1.111953,1.109421
259.100000,-22.988833,24.432660,0.189907,-0.084083,1.112271,1.109054
259.150000,-22.939712,24.441995,0.185717,-0.083390,1.112234,1.109267
259.200000,-22.890553,24.451126,0.181580,-0.081990,1.112048,1.109752
259.250000,-22.841356,24.460055,0.177528,-0.079963,1.111890,1.109809
259.300000,-22.792125,24.468787,0.173592,-0.077375,1.111825,1.109575
259.350000,-22.742860,24.477329,0.169799,-0.074213,1.112116,1.109359
259.400000,-22.693564,24.485689,0.166181,-0.070379,1.113002,1.108774
259.450000,-22.644238,24.493874,0.162773,-0.065803,1.113213,1.108787
259.500000,-22.594886,24.501898,0.159612,-0.060556,1.113180,1.108820
259.550000,-22.545510,24.509772,0.156724,-0.054945,1.112953,1.109047
259.600000,-22.496113,24.517511,0.154116,-0.049488,1.112661,1.109440
259.650000,-22.446696,24.525127,0.151765,-0.044763,1.111727,1.110090
259.700000,-22.397263,24.532633,0.149623,-0.041172,1.109751,1.110349
259.750000,-22.347814,24.540036,0.147629,-0.038748,1.109779,1.110295
259.800000,-22.298351,24.547344,0.145734,-0.037113,1.110507,1.109645
259.850000,-22.248874,24.554559,0.143914,-0.035623,1.112330,1.107636
259.900000,-22.199385,24.561687,0.142178,-0.033717,1.112584,1.105542
259.950000,-22.149884,24.568731,0.140552,-0.031266,1.112687,1.105513
260.000000,-22.100371,24.575698,0.139054,-0.028784,1.112345,1.107048
260.050000,-22.050849,24.582593,0.137660,-0.027357,1.111615,1.111691
260.100000,-22.001317,24.589421,0.136285,-0.028229,1.110537,1.114141
260.150000,-21.951776,24.596178,0.134789,-0.032229,1.110354,1.114846
260.200000,-21.902224,24.602854,0.133013,-0.039216,1.110814,1.114589
260.250000,-21.852659,24.609433,0.130837,-0.047827,1.112848,1.113991
260.300000,-21.803078,24.615893,0.128235,-0.055697,1.117636,1.113544
260.350000,-21.753479,24.622216,0.125316,-0.060078,1.123888,1.112990
260.400000,-21.703862,24.628391,0.122313,-0.058767,1.124169,1.113434
260.450000,-21.654227,24.634421,0.119542,-0.050904,1.123373,1.114242
260.500000,-21.604577,24.640326,0.117315,-0.037443,1.120276,1.115012
260.550000,-21.554916,24.646138,0.115852,-0.021008,1.116606,1.116179
260.600000,-21.505249,24.651899,0.115213,-0.005202,1.113300,1.117426
260.650000,-21.455580,24.657646,0.115274,0.006426,1.112423,1.118377
260.700000,-21.405913,24.663407,0.115755,0.011389,1.113079,1.118538
260.750000,-21.356249,24.669196,0.116296,0.008927,1.116000,1.117975
260.800000,-21.306588,24.675006,0.116544,0.000092,1.116956,1.115896
260.850000,-21.256926,24.680815,0.116236,-0.012735,1.117982,1.111485
260.900000,-21.207261,24.686592,0.115247,-0.026649,1.118684,1.109816
260.950000,-21.157589,24.692303,0.113590,-0.039098,1.118619,1.109549
261.000000,-21.107905,24.697917,0.111383,-0.048455,1.117535,1.109920
261.050000,-21.058208,24.703412,0.108801,-0.054182,1.117241,1.111036
261.100000,-21.008496,24.708773,0.106018,-0.056602,1.116819,1.112117
261.150000,-20.958769,24.713993,0.103182,-0.056458,1.116032,1.114168
261.200000,-20.909028,24.719074,0.100402,-0.054475,1.116052,1.114788
261.250000,-20.859273,24.724019,0.097756,-0.051135,1.116460,1.116522
261.300000,-20.809506,24.728837,0.095306,-0.046711,1.118308,1.116389
261.350000,-20.759727,24.733539,0.093098,-0.041507,1.120954,1.116371
261.400000,-20.709939,24.738138,0.091160,-0.036103,1.120826,1.117625
261.450000,-20.660143,24.742647,0.089478,-0.031500,1.120390,1.121547
261.500000,-20.610340,24.747077,0.087981,-0.028983,1.119954,1.123246
261.550000,-20.560530,24.751434,0.086531,-0.029782,1.119651,1.123575
261.600000,-20.510714,24.755717,0.084941,-0.034611,1.119956,1.123652
261.650000,-20.460890,24.759912,0.083008,-0.043267,1.121181,1.123319
261.700000,-20.411057,24.763999,0.080570,-0.054488,1.121749,1.122341
261.750000,-20.361214,24.767951,0.077547,-0.066134,1.122678,1.119477
261.800000,-20.311357,24.771737,0.073983,-0.075669,1.123739,1.114874
261.850000,-20.261487,24.775336,0.070044,-0.080800,1.124089,1.110382
261.900000,-20.211602,24.778734,0.065993,-0.080052,1.123933,1.110065
261.950000,-20.161705,24.781934,0.062136,-0.073087,1.122588,1.110494
262.000000,-20.111796,24.784952,0.058771,-0.060699,1.118202,1.111321
262.050000,-20.061878,24.787820,0.056130,-0.044470,1.111752,1.112468
262.100000,-20.011955,24.790577,0.054358,-0.026293,1.110620,1.113311
262.150000,-19.962027,24.793269,0.053507,-0.007933,1.110251,1.115715
262.200000,-19.912098,24.795940,0.053549,0.009217,1.110076,1.120442
262.250000,-19.862171,24.798634,0.054396,0.024131,1.111907,1.123151
262.300000,-19.812247,24.801388,0.055917,0.035981,1.117749,1.126566
262.350000,-19.762328,24.804231,0.057937,0.043968,1.120076,1.128101
262.400000,-19.712415,24.807183,0.060243,0.047248,1.119874,1.128526
262.450000,-19.662509,24.810252,0.062579,0.045090,1.119561,1.128865
262.500000,-19.612611,24.813433,0.064662,0.037155,1.120177,1.128814
262.550000,-19.562718,24.816705,0.066208,0.023764,1.122822,1.128353
262.600000,-19.512829,24.820035,0.066969,0.006088,1.125954,1.125532
262.650000,-19.462941,24.823380,0.066775,-0.013942,1.127087,1.116921
262.700000,-19.413051,24.826691,0.065570,-0.033864,1.127777,1.110368
262.750000,-19.363155,24.829917,0.063425,-0.051057,1.127507,1.109364
262.800000,-19.313251,24.833017,0.060538,-0.063137,1.125236,1.108332
262.850000,-19.263338,24.835960,0.057215,-0.068314,1.123064,1.107162
262.900000,-19.213415,24.838734,0.053827,-0.065680,1.120921,1.106471
262.950000,-19.163483,24.841346,0.050767,-0.055412,1.119034,1.104988
263.000000,-19.113544,24.843821,0.048388,-0.038836,1.115241,1.105495
263.050000,-19.063601,24.846199,0.046951,-0.018293,1.110356,1.107240
263.100000,-19.013655,24.848532,0.046581,0.003225,1.106477,1.111161
263.150000,-18.963710,24.850873,0.047247,0.022608,1.105461,1.113840
263.200000,-18.913768,24.853269,0.048773,0.037272,1.104945,1.116511
263.250000,-18.863830,24.855757,0.050879,0.045642,1.105555,1.117307
263.300000,-18.813897,24.858359,0.053234,0.047379,1.108055,1.118949
263.350000,-18.763971,24.861077,0.055524,0.043272,1.110412,1.121368
263.400000,-18.714051,24.863902,0.057491,0.034828,1.112147,1.121853
263.450000,-18.664136,24.866814,0.058962,0.023755,1.112928,1.121514
263.500000,-18.614224,24.869785,0.059845,0.011490,1.114709,1.121043
263.550000,-18.564314,24.872785,0.060106,-0.001068,1.116573,1.119795
263.600000,-18.514404,24.875782,0.059739,-0.013591,1.119179,1.117974
263.650000,-18.464492,24.878745,0.058747,-0.026132,1.121768,1.114145
263.700000,-18.414576,24.881643,0.057123,-0.038839,1.123649,1.113151
263.750000,-18.364655,24.884443,0.054861,-0.051622,1.123852,1.112948
263.800000,-18.314726,24.887115,0.051966,-0.063923,1.122673,1.112329
263.850000,-18.264789,24.889628,0.048490,-0.074606,1.118718,1.110974
263.900000,-18.214843,24.891955,0.044551,-0.082036,1.118400,1.109449
263.950000,-18.164889,24.894078,0.040360,-0.084372,1.116814,1.106782
264.000000,-18.114925,24.895991,0.036215,-0.079969,1.114975,1.106625
264.050000,-18.064955,24.897706,0.032481,-0.067855,1.114485,1.106775
264.100000,-18.014978,24.899252,0.029549,-0.048109,1.113042,1.107545
264.150000,-17.964999,24.900680,0.027772,-0.022049,1.112099,1.109197
264.200000,-17.915018,24.902053,0.027411,0.007904,1.110539,1.110696
264.250000,-17.865037,24.903446,0.028582,0.038579,1.108922,1.113581
264.300000,-17.815059,24.904935,0.031236,0.066634,1.107856,1.116763
264.350000,-17.765087,24.906590,0.035165,0.089123,1.107179,1.118909
264.400000,-17.715122,24.908466,0.040034,0.103953,1.107115,1.120074
264.450000,-17.665168,24.910601,0.045428,0.110082,1.108127,1.120504
264.500000,-17.615226,24.913009,0.050907,0.107465,1.109882,1.120834
264.550000,-17.565297,24.915683,0.056049,0.096808,1.111633,1.120968
264.600000,-17.515382,24.918598,0.060479,0.079274,1.114801,1.120678
264.650000,-17.465479,24.921710,0.063888,0.056228,1.115380,1.120531
264.700000,-17.415585,24.924962,0.066037,0.029131,1.116919,1.120214
264.750000,-17.365696,24.928285,0.066760,-0.000443,1.119475,1.119504
264.800000,-17.315806,24.931608,0.065977,-0.030736,1.120644,1.118530
264.850000,-17.265911,24.934853,0.063701,-0.059760,1.121897,1.117071
264.900000,-17.216007,24.937951,0.060048,-0.085341,1.122653,1.115523
264.950000,-17.166091,24.940836,0.055248,-0.105300,1.123344,1.113576
265.000000,-17.116160,24.943459,0.049629,-0.117747,1.123579,1.112697
265.050000,-17.066214,24.945790,0.043606,-0.121384,1.123173,1.111688
265.100000,-17.016255,24.947820,0.037633,-0.115759,1.122558,1.111003
265.150000,-16.966286,24.949561,0.032166,-0.101355,1.120584,1.107913
265.200000,-16.916308,24.951051,0.027615,-0.079489,1.118548,1.100425
265.250000,-16.866324,24.952343,0.024307,-0.052031,1.116289,1.101378
265.300000,-16.816338,24.953506,0.022470,-0.021067,1.114524,1.103470
265.350000,-16.766350,24.954617,0.022228,0.011440,1.112245,1.108189
265.400000,-16.716363,24.955756,0.023615,0.043770,1.110785,1.112024
265.450000,-16.666379,24.957005,0.026583,0.074446,1.109622,1.115384
265.500000,-16.616399,24.958438,0.031016,0.102034,1.108087,1.115898
265.550000,-16.566428,24.960127,0.036720,0.124958,1.106887,1.116700
265.600000,-16.516468,24.962126,0.043418,0.141440,1.106264,1.118024
265.650000,-16.466523,24.964477,0.050742,0.149663,1.106105,1.119423
265.700000,-16.416598,24.967201,0.058239,0.148170,1.107100,1.121777
265.750000,-16.366693,24.970292,0.065402,0.136350,1.107676,1.125005
265.800000,-16.316811,24.973722,0.071724,0.114801,1.108546,1.124462
265.850000,-16.266949,24.977436,0.076757,0.085379,1.110241,1.123494
265.900000,-16.217104,24.981363,0.080178,0.050880,1.115071,1.121814
265.950000,-16.167268,24.985416,0.081809,0.014418,1.122202,1.119998
266.000000,-16.117436,24.989504,0.081626,-0.021247,1.123131,1.119341
266.050000,-16.067599,24.993541,0.079723,-0.054179,1.122378,1.119949
266.100000,-16.017751,24.997442,0.076264,-0.083394,1.119412,1.120506
266.150000,-15.967888,25.001137,0.071444,-0.108615,1.119232,1.120468
266.200000,-15.918005,25.004562,0.065462,-0.129827,1.118932,1.119428
266.250000,-15.868102,25.007663,0.058523,-0.146871,1.116476,1.112980
266.300000,-15.818176,25.010398,0.050844,-0.159246,1.113333,1.101199
266.350000,-15.768231,25.012737,0.042678,-0.166221,1.112367,1.099637
266.400000,-15.718268,25.014662,0.034312,-0.167112,1.111658,1.098932
266.450000,-15.668291,25.016170,0.026063,-0.161574,1.110954,1.099235
266.500000,-15.618303,25.017275,0.018250,-0.149739,1.110062,1.099782
266.550000,-15.568309,25.018007,0.011177,-0.132113,1.109187,1.100652
266.600000,-15.518310,25.018410,0.005118,-0.109335,1.108333,1.101867
266.650000,-15.468310,25.018540,0.000314,-0.081928,1.107840,1.102360
266.700000,-15.418310,25.018466,-0.003010,-0.050187,1.107378,1.102571
266.750000,-15.368311,25.018267,-0.004642,-0.014304,1.107051,1.102388
266.800000,-15.318311,25.018034,-0.004383,0.025333,1.106780,1.103048
266.850000,-15.268312,25.017864,-0.002063,0.067771,1.105883,1.104045
266.900000,-15.218312,25.017863,0.002415,0.111210,1.104671,1.106588
266.950000,-15.168312,25.018141,0.009040,0.152964,1.103322,1.112889
267.000000,-15.118317,25.018800,0.017644,0.189664,1.102516,1.119154
267.050000,-15.068330,25.019932,0.027886,0.217764,1.102733,1.122571
267.100000,-15.018358,25.021607,0.039252,0.234118,1.102952,1.126153
267.150000,-14.968409,25.023864,0.051094,0.236570,1.103594,1.129306
267.200000,-14.918490,25.026709,0.062690,0.224326,1.104858,1.128930
267.250000,-14.868606,25.030112,0.073315,0.198024,1.108512,1.128034
267.300000,-14.818757,25.034006,0.082308,0.159539,1.111591,1.126136
267.350000,-14.768942,25.038297,0.089123,0.111590,1.114452,1.122645
267.400000,-14.719151,25.042864,0.093367,0.057350,1.117429,1.119867
267.450000,-14.669373,25.047573,0.094807,0.000153,1.120313,1.118687
267.500000,-14.619595,25.052283,0.093381,-0.056630,1.121452,1.117198
267.550000,-14.569805,25.056852,0.089192,-0.109648,1.122778,1.115022
267.600000,-14.519990,25.061149,0.082513,-0.155631,1.124035,1.110637
267.650000,-14.470143,25.065060,0.073770,-0.191611,1.124395,1.101884
267.700000,-14.420261,25.068495,0.063529,-0.215247,1.123402,1.100368
267.750000,-14.370345,25.071395,0.052444,-0.225248,1.122008,1.099901
267.800000,-14.320400,25.073734,0.041204,-0.221678,1.119636,1.099915
267.850000,-14.270432,25.075523,0.030457,-0.206024,1.115213,1.100717
267.900000,-14.220448,25.076797,0.020745,-0.180991,1.110991,1.101829
267.950000,-14.170455,25.077621,0.012452,-0.150030,1.109389,1.103232
268.000000,-14.120457,25.078070,0.005783,-0.116763,1.107280,1.104220
268.050000,-14.070457,25.078227,0.000768,-0.084450,1.106454,1.105046
268.100000,-14.020457,25.078172,-0.002708,-0.055581,1.105761,1.105769
268.150000,-13.970458,25.077978,-0.004861,-0.031680,1.105349,1.106191
268.200000,-13.920458,25.077704,-0.005956,-0.013303,1.105079,1.106321
268.250000,-13.870459,25.077395,-0.006269,-0.000194,1.105014,1.106325
268.300000,-13.820460,25.077085,-0.006043,0.008447,1.105052,1.106148
268.350000,-13.770461,25.076796,-0.005476,0.013654,1.105110,1.106090
268.400000,-13.720462,25.076541,-0.004714,0.016437,1.105094,1.106106
268.450000,-13.670462,25.076326,-0.003857,0.017588,1.105139,1.106121
268.500000,-13.620462,25.076156,-0.002972,0.017636,1.105180,1.106220
268.550000,-13.570463,25.076029,-0.002106,0.016878,1.105076,1.106263
268.600000,-13.520463,25.075944,-0.001294,0.015496,1.104952,1.106248
268.650000,-13.470463,25.075898,-0.000563,0.013651,1.105028,1.106172
268.700000,-13.420463,25.075886,0.000067,0.011536,1.105171,1.106029
268.750000,-13.370463,25.075903,0.000589,0.009376,1.105325,1.105875
268.800000,-13.320463,25.075943,0.001007,0.007357,1.105084,1.105815
268.850000,-13.270463,25.076002,0.001329,0.005578,1.104336,1.105804
268.900000,-13.220463,25.076075,0.001568,0.004015,1.104124,1.105876
268.950000,-13.170463,25.076158,0.001732,0.002550,1.104252,1.105928
269.000000,-13.120463,25.076247,0.001822,0.001050,1.104683,1.105917
269.050000,-13.070463,25.076339,0.001835,-0.000559,1.104722,1.105878
269.100000,-13.020463,25.076429,0.001765,-0.002229,1.104892,1.105768
269.150000,-12.970463,25.076514,0.001613,-0.003786,1.105117,1.105532
269.200000,-12.920463,25.076589,0.001391,-0.004977,1.105383,1.105128
269.250000,-12.870463,25.076652,0.001124,-0.005568,1.105949,1.105051
269.300000,-12.820463,25.076701,0.000845,-0.005434,1.105990,1.105070
269.350000,-12.770463,25.076737,0.000591,-0.004631,1.106134,1.105066
269.400000,-12.720463,25.076761,0.000389,-0.003399,1.106009,1.105191
269.450000,-12.670463,25.076777,0.000253,-0.002103,1.105623,1.105307
269.500000,-12.620463,25.076788,0.000175,-0.001117,1.104883,1.105417
269.550000,-12.570463,25.076795,0.000133,-0.000687,1.104625,1.105495
269.600000,-12.520463,25.076801,0.000098,-0.000824,1.104229,1.105441
269.650000,-12.470463,25.076805,0.000045,-0.001292,1.104356,1.105244
269.700000,-12.420463,25.076805,-0.000031,-0.001665,1.104736,1.105075
269.750000,-12.370463,25.076801,-0.000114,-0.001498,1.105209,1.104911
269.800000,-12.320463,25.076794,-0.000169,-0.000499,1.104976,1.104784
269.850000,-12.270463,25.076786,-0.000152,0.001329,1.104854,1.105076
269.900000,-12.220463,25.076781,-0.000028,0.003626,1.104478,1.105342
269.950000,-12.170463,25.076785,0.000210,0.005746,1.103853,1.105607
270.000000,-12.120463,25.076803,0.000534,0.006872,1.103665,1.105935
270.050000,-12.070463,25.076838,0.000872,0.006177,1.103710,1.105980
270.100000,-12.020463,25.076889,0.001116,0.002931,1.104161,1.105829
270.150000,-11.970463,25.076946,0.001121,-0.003439,1.104786,1.105654
270.200000,-11.920463,25.076994,0.000722,-0.013319,1.105570,1.105791
270.250000,-11.870463,25.077008,-0.000264,-0.026863,1.105880,1.106440
270.300000,-11.820463,25.076955,-0.002016,-0.043854,1.106448,1.106182
270.350000,-11.770464,25.076791,-0.004691,-0.063517,1.106887,1.105843
270.400000,-11.720465,25.076468,-0.008389,-0.084316,1.107626,1.105385
270.450000,-11.670468,25.075935,-0.013110,-0.103865,1.109246,1.104677
270.500000,-11.620474,25.075143,-0.018720,-0.119106,1.111120,1.103840
270.550000,-11.570486,25.074054,-0.024918,-0.126775,1.113491,1.103000
270.600000,-11.520506,25.072649,-0.031252,-0.124118,1.117534,1.102499
270.650000,-11.470535,25.070936,-0.037160,-0.109684,1.119199,1.103209
270.700000,-11.420574,25.068951,-0.042053,-0.083884,1.121842,1.107235
270.750000,-11.370622,25.066758,-0.045412,-0.049150,1.123833,1.115535
270.800000,-11.320676,25.064443,-0.046887,-0.009555,1.124882,1.124489
270.850000,-11.270731,25.062105,-0.046358,0.030004,1.124343,1.130488
270.900000,-11.220782,25.059841,-0.043947,0.064814,1.125167,1.132645
270.950000,-11.170826,25.057737,-0.039991,0.091276,1.126755,1.134106
271.000000,-11.120862,25.055860,-0.034966,0.107474,1.127125,1.134120
271.050000,-11.070887,25.054250,-0.029395,0.113293,1.128410,1.133788
271.100000,-11.020905,25.052921,-0.023771,0.110060,1.129857,1.133703
271.150000,-10.970916,25.051867,-0.018493,0.099941,1.130584,1.135151
271.200000,-10.920923,25.051062,-0.013847,0.085246,1.131024,1.137276
271.250000,-10.870926,25.050469,-0.010010,0.067897,1.131352,1.136948
271.300000,-10.820928,25.050045,-0.007079,0.049165,1.131642,1.135890
271.350000,-10.770929,25.049745,-0.005105,0.029659,1.131948,1.133698
271.400000,-10.720929,25.049518,-0.004122,0.009533,1.132241,1.132874
271.450000,-10.670930,25.049316,-0.004161,-0.011236,1.132680,1.132020
271.500000,-10.620930,25.049085,-0.005254,-0.032579,1.133248,1.131514
271.550000,-10.570931,25.048772,-0.007423,-0.054133,1.133997,1.130996
271.600000,-10.520933,25.048325,-0.010662,-0.075162,1.135042,1.130404
271.650000,-10.470937,25.047689,-0.014918,-0.094537,1.136144,1.129856
271.700000,-10.420945,25.046818,-0.020074,-0.110796,1.136597,1.129403
271.750000,-10.370958,25.045670,-0.025932,-0.122202,1.136924,1.129076
271.800000,-10.320979,25.044218,-0.032202,-0.126893,1.137124,1.128876
271.850000,-10.271011,25.042450,-0.038503,-0.123078,1.137198,1.128802
271.900000,-10.221054,25.040376,-0.044370,-0.109370,1.137212,1.128788
271.950000,-10.171109,25.038031,-0.049290,-0.085206,1.136966,1.128321
272.000000,-10.121174,25.035474,-0.052748,-0.051283,1.136231,1.125824
272.050000,-10.071246,25.032791,-0.054304,-0.009843,1.134906,1.123400
272.100000,-10.021319,25.030083,-0.053669,0.035336,1.129727,1.124793
272.150000,-9.971388,25.027464,-0.050776,0.079358,1.116511,1.126286
272.200000,-9.921447,25.025042,-0.045814,0.117005,1.106572,1.126453
272.250000,-9.871492,25.022911,-0.039223,0.143752,1.103688,1.125905
272.300000,-9.821524,25.021137,-0.031632,0.156742,1.102227,1.126159
272.350000,-9.771543,25.019753,-0.023756,0.155381,1.102041,1.122357
272.400000,-9.721553,25.018755,-0.016279,0.141421,1.103064,1.113442
272.450000,-9.671557,25.018109,-0.009751,0.118428,1.104344,1.109299
272.500000,-9.621558,25.017758,-0.004510,0.090886,1.105476,1.104844
272.550000,-9.571558,25.017634,-0.000672,0.063178,1.106139,1.103361
272.600000,-9.521558,25.017669,0.001849,0.038761,1.106553,1.102852
272.650000,-9.471559,25.017801,0.003278,0.019710,1.106494,1.102801
272.700000,-9.421559,25.017983,0.003906,0.006660,1.106315,1.103153
272.750000,-9.371559,25.018183,0.004024,-0.000912,1.105990,1.103251
272.800000,-9.321560,25.018382,0.003877,-0.004239,1.105551,1.103380
272.850000,-9.271560,25.018570,0.003642,-0.004785,1.105273,1.103537
272.900000,-9.221560,25.018746,0.003422,-0.003895,1.104787,1.103677
272.950000,-9.171561,25.018913,0.003260,-0.002590,1.104751,1.103785
273.000000,-9.121561,25.019073,0.003160,-0.001506,1.104727,1.103609
273.050000,-9.071561,25.019230,0.003102,-0.000963,1.104602,1.103661
273.100000,-9.021561,25.019383,0.003055,-0.001046,1.104580,1.103820
273.150000,-8.971562,25.019535,0.002989,-0.001692,1.104502,1.103898
273.200000,-8.921562,25.019682,0.002879,-0.002760,1.104282,1.104308
273.250000,-8.871562,25.019822,0.002710,-0.004049,1.104343,1.104657
273.300000,-8.821562,25.019952,0.002474,-0.005337,1.104572,1.104492
273.350000,-8.771562,25.020068,0.002179,-0.006402,1.104997,1.104203
273.400000,-8.721562,25.020169,0.001839,-0.007082,1.105065,1.104135
273.450000,-8.671562,25.020252,0.001477,-0.007296,1.105019,1.104150
273.500000,-8.621563,25.020316,0.001116,-0.007088,1.104854,1.104310
273.550000,-8.571563,25.020364,0.000773,-0.006594,1.104675,1.104562
273.600000,-8.521563,25.020394,0.000458,-0.006009,1.104476,1.104624
273.650000,-8.471563,25.020410,0.000171,-0.005509,1.104392,1.104708
273.700000,-8.421563,25.020412,-0.000096,-0.005205,1.104421,1.104679
273.750000,-8.371563,25.020400,-0.000353,-0.005112,1.104501,1.104504
273.800000,-8.321563,25.020376,-0.000609,-0.005168,1.104525,1.104148
273.850000,-8.271563,25.020339,-0.000870,-0.005298,1.104562,1.103743
273.900000,-8.221563,25.020289,-0.001139,-0.005463,1.104296,1.103456
273.950000,-8.171563,25.020225,-0.001418,-0.005689,1.103645,1.103324
274.000000,-8.121563,25.020147,-0.001710,-0.006029,1.103591,1.103309
274.050000,-8.071563,25.020054,-0.002022,-0.006483,1.103516,1.103384
274.100000,-8.021563,25.019945,-0.002357,-0.006844,1.103874,1.103374
274.150000,-7.971563,25.019818,-0.002700,-0.006599,1.104684,1.103316
274.200000,-7.921563,25.019675,-0.002998,-0.004850,1.104794,1.103079
274.250000,-7.871564,25.019521,-0.003149,-0.000403,1.104911,1.102531
274.300000,-7.821564,25.019366,-0.002984,0.008026,1.105068,1.102032
274.350000,-7.771564,25.019232,-0.002277,0.021466,1.105347,1.102260
274.400000,-7.721564,25.019152,-0.000761,0.040257,1.105878,1.102885
274.450000,-7.671564,25.019173,0.001818,0.063664,1.105604,1.103677
274.500000,-7.621564,25.019355,0.005647,0.089648,1.105747,1.105273
274.550000,-7.571566,25.019760,0.010780,0.114925,1.105417,1.108664
274.600000,-7.521571,25.020452,0.017080,0.135365,1.104310,1.114828
274.650000,-7.471581,25.021481,0.024196,0.146748,1.103500,1.122106
274.700000,-7.421601,25.022876,0.031584,0.145707,1.103157,1.124670
274.750000,-7.371632,25.024632,0.038569,0.130613,1.104070,1.127204
274.800000,-7.321675,25.026713,0.044452,0.102151,1.112056,1.128123
274.850000,-7.271729,25.029047,0.048629,0.063339,1.127079,1.126737
274.900000,-7.221792,25.031538,0.050697,0.018991,1.131539,1.125616
274.950000,-7.171856,25.034077,0.050518,-0.025269,1.133624,1.125115
275.000000,-7.121917,25.036553,0.048237,-0.064147,1.135227,1.125596
275.050000,-7.071971,25.038870,0.044230,-0.093659,1.136861,1.125318
275.100000,-7.022015,25.040955,0.039030,-0.111737,1.137599,1.127103
275.150000,-6.972047,25.042762,0.033220,-0.118325,1.137262,1.129770
275.200000,-6.922070,25.044276,0.027341,-0.115041,1.137109,1.130283
275.250000,-6.872085,25.045502,0.021823,-0.104534,1.137189,1.130876
275.300000,-6.822095,25.046469,0.016953,-0.089804,1.136653,1.131677
275.350000,-6.772100,25.047211,0.012868,-0.073609,1.136109,1.132426
275.400000,-6.722103,25.047769,0.009585,-0.058108,1.135416,1.132821
275.450000,-6.672105,25.048181,0.007030,-0.044703,1.134731,1.133137
275.500000,-6.622106,25.048482,0.005077,-0.034037,1.134167,1.133340
275.550000,-6.572106,25.048697,0.003587,-0.026105,1.133410,1.133294
275.600000,-6.522107,25.048846,0.002434,-0.020386,1.133031,1.132975
275.650000,-6.472107,25.048944,0.001527,-0.016006,1.132493,1.132907
275.700000,-6.422107,25.049002,0.000827,-0.011906,1.132534,1.132866
275.750000,-6.372107,25.049030,0.000346,-0.007016,1.132571,1.132829
275.800000,-6.322107,25.049041,0.000148,-0.000416,1.132526,1.132874
275.850000,-6.272107,25.049052,0.000336,0.008515,1.132380,1.133020
275.900000,-6.222107,25.049084,0.001036,0.020028,1.132113,1.133287
275.950000,-6.172107,25.049166,0.002374,0.033943,1.131726,1.133674
276.000000,-6.122107,25.049334,0.004457,0.049680,1.131157,1.134113
276.050000,-6.072108,25.049625,0.007356,0.066291,1.130456,1.134512
276.100000,-6.022110,25.050083,0.011084,0.082521,1.130059,1.134808
276.150000,-5.972114,25.050747,0.015585,0.096850,1.129657,1.135078
276.200000,-5.922123,25.051652,0.020722,0.107583,1.129279,1.134962
276.250000,-5.872136,25.052825,0.026271,0.112948,1.128773,1.134041
276.300000,-5.822158,25.054280,0.031921,0.111297,1.127783,1.133289
276.350000,-5.772188,25.056012,0.037287,0.101369,1.126687,1.133025
276.400000,-5.722227,25.057996,0.041935,0.082618,1.126032,1.132104
276.450000,-5.672275,25.060185,0.045429,0.055526,1.126613,1.130826
276.500000,-5.622329,25.062511,0.047389,0.021780,1.126087,1.128842
276.550000,-5.572386,25.064892,0.047548,-0.015749,1.123805,1.125886
276.600000,-5.522440,25.067233,0.045806,-0.053310,1.122523,1.117402
276.650000,-5.472489,25.069441,0.042266,-0.086824,1.119322,1.104976
276.700000,-5.422529,25.071433,0.037226,-0.112586,1.117394,1.101710
276.750000,-5.372558,25.073145,0.031149,-0.127960,1.117157,1.101112
276.800000,-5.322578,25.074540,0.024590,-0.131876,1.115538,1.101271
276.850000,-5.272589,25.075606,0.018115,-0.124985,1.112400,1.101871
276.900000,-5.222595,25.076361,0.012218,-0.109436,1.110006,1.102797
276.950000,-5.172597,25.076844,0.007255,-0.088344,1.107717,1.103819
277.000000,-5.122598,25.077106,0.003419,-0.065120,1.105581,1.104654
277.050000,-5.072598,25.077205,0.000735,-0.042831,1.104241,1.105259
277.100000,-5.022598,25.077196,-0.000906,-0.023754,1.103810,1.105557
277.150000,-4.972598,25.077128,-0.001702,-0.009182,1.103840,1.105393
277.200000,-4.922598,25.077036,-0.001892,0.000529,1.104230,1.105270
277.250000,-4.872598,25.076945,-0.001713,0.005757,1.104253,1.105247
277.300000,-4.822598,25.076868,-0.001369,0.007332,1.104264,1.105136
277.350000,-4.772598,25.076808,-0.001018,0.006280,1.104190,1.105010
277.400000,-4.722598,25.076764,-0.000765,0.003633,1.104268,1.104865
277.450000,-4.672598,25.076729,-0.000666,0.000313,1.104471,1.104596
277.500000,-4.622598,25.076695,-0.000733,-0.002913,1.104806,1.104461
277.550000,-4.572598,25.076653,-0.000948,-0.005457,1.105048,1.104352
277.600000,-4.522598,25.076598,-0.001265,-0.006925,1.105203,1.104296
277.650000,-4.472598,25.076526,-0.001623,-0.007106,1.105443,1.104257
277.700000,-4.422598,25.076436,-0.001957,-0.005967,1.105366,1.104401
277.750000,-4.372599,25.076332,-0.002202,-0.003591,1.105136,1.104631
277.800000,-4.322599,25.076219,-0.002300,-0.000109,1.104915,1.104552
277.850000,-4.272599,25.076105,-0.002199,0.004386,1.104827,1.104573
277.900000,-4.222599,25.076003,-0.001847,0.009925,1.104694,1.104573
277.950000,-4.172599,25.075926,-0.001190,0.016667,1.104536,1.104464
278.000000,-4.122599,25.075890,-0.000161,0.024879,1.104469,1.104531
278.050000,-4.072599,25.075917,0.001321,0.034810,1.104340,1.104660
278.100000,-4.022599,25.076031,0.003345,0.046535,1.104022,1.105077
278.150000,-3.972600,25.076262,0.005997,0.059775,1.103421,1.105812
278.200000,-3.922601,25.076643,0.009335,0.073740,1.102870,1.106230
278.250000,-3.872604,25.077207,0.013365,0.087075,1.102468,1.106632
278.300000,-3.822610,25.077989,0.018012,0.097939,1.101949,1.107117
278.350000,-3.772621,25.079016,0.023100,0.104269,1.101321,1.108378
278.400000,-3.722638,25.080302,0.028353,0.104169,1.101034,1.112531
278.450000,-3.672661,25.081847,0.033412,0.096406,1.103292,1.117408
278.500000,-3.622693,25.083632,0.037883,0.080818,1.110848,1.117989
278.550000,-3.572733,25.085618,0.041397,0.058544,1.118201,1.120203
278.600000,-3.522778,25.087750,0.043672,0.031984,1.122478,1.122460
278.650000,-3.472827,25.089961,0.044575,0.004461,1.125708,1.124260
278.700000,-3.422877,25.092184,0.044149,-0.020363,1.126826,1.123941
278.750000,-3.372924,25.094356,0.042618,-0.039112,1.127660,1.123976
278.800000,-3.322967,25.096432,0.040354,-0.049305,1.129391,1.125550
278.850000,-3.273005,25.098386,0.037822,-0.049760,1.131630,1.127438
278.900000,-3.223039,25.100218,0.035511,-0.040741,1.131496,1.129408
278.950000,-3.173069,25.101948,0.033861,-0.023868,1.131598,1.132108
279.000000,-3.123097,25.103620,0.033202,-0.001842,1.132520,1.134018
279.050000,-3.073124,25.105287,0.033708,0.021934,1.133243,1.135158
279.100000,-3.023154,25.107009,0.035375,0.043767,1.132947,1.135853
279.150000,-2.973188,25.108840,0.038015,0.060106,1.132345,1.136455
279.200000,-2.923227,25.110820,0.041273,0.067977,1.130685,1.136871
279.250000,-2.873273,25.112968,0.044670,0.065429,1.127949,1.136983
279.300000,-2.823326,25.115279,0.047663,0.051902,1.127811,1.136519
279.350000,-2.773386,25.117717,0.049719,0.028443,1.127077,1.135814
279.400000,-2.723449,25.120225,0.050399,-0.002384,1.126288,1.134442
279.450000,-2.673511,25.122727,0.049422,-0.036867,1.127133,1.124404
279.500000,-2.623569,25.125136,0.046712,-0.070797,1.127796,1.106767
279.550000,-2.573619,25.127370,0.042399,-0.100223,1.125337,1.105826
279.600000,-2.523659,25.129354,0.036790,-0.122090,1.120426,1.104900
279.650000,-2.473687,25.131034,0.030317,-0.134661,1.120276,1.103955
279.700000,-2.423705,25.132379,0.023458,-0.137592,1.118171,1.104168
279.750000,-2.373715,25.133381,0.016681,-0.131731,1.114249,1.104473
279.800000,-2.323720,25.134055,0.010387,-0.118756,1.112506,1.104549
279.850000,-2.273721,25.134433,0.004879,-0.100768,1.109380,1.104541
279.900000,-2.223721,25.134559,0.000353,-0.079936,1.104724,1.105040
279.950000,-2.173721,25.134486,-0.003100,-0.058222,1.104057,1.105443
280.000000,-2.123722,25.134267,-0.005477,-0.037210,1.103504,1.105894
280.050000,-2.073723,25.133955,-0.006844,-0.017981,1.103349,1.105953
280.100000,-2.023724,25.133598,-0.007307,-0.001086,1.103531,1.106003
280.150000,-1.973725,25.133238,-0.006986,0.013417,1.103627,1.106213
280.200000,-1.923726,25.132911,-0.005994,0.025840,1.103979,1.106321
280.250000,-1.873727,25.132648,-0.004425,0.036669,1.103905,1.106361
280.300000,-1.823727,25.132477,-0.002344,0.046346,1.103742,1.106458
280.350000,-1.773727,25.132421,0.000197,0.055086,1.103595,1.106605
280.400000,-1.723728,25.132503,0.003151,0.062776,1.103345,1.106855
280.450000,-1.673728,25.132742,0.006456,0.069003,1.103073,1.107127
280.500000,-1.623730,25.133153,0.010024,0.073196,1.102829,1.107371
280.550000,-1.573733,25.133747,0.013741,0.074827,1.102671,1.107665
280.600000,-1.523739,25.134527,0.017468,0.073619,1.102694,1.108043
280.650000,-1.473749,25.135491,0.021065,0.069698,1.102867,1.108201
280.700000,-1.423762,25.136629,0.024406,0.063580,1.104361,1.108582
280.750000,-1.373778,25.137926,0.027402,0.056072,1.107213,1.109942
280.800000,-1.323799,25.139362,0.030005,0.048045,1.109510,1.111204
280.850000,-1.273823,25.140919,0.032208,0.040202,1.112824,1.112635
280.900000,-1.223851,25.142576,0.034032,0.032914,1.113976,1.114071
280.950000,-1.173881,25.144316,0.035508,0.026199,1.115638,1.114795
281.000000,-1.123914,25.146121,0.036658,0.019845,1.116655,1.116345
281.050000,-1.073948,25.147975,0.037494,0.013660,1.116569,1.117592
281.100000,-1.023984,25.149864,0.038026,0.007710,1.116753,1.119750
281.150000,-0.974020,25.151772,0.038274,0.002468,1.118306,1.120717
281.200000,-0.924057,25.153687,0.038293,-0.001223,1.123396,1.123043
281.250000,-0.874093,25.155599,0.038184,-0.002403,1.129267,1.123790
281.300000,-0.824130,25.157505,0.038096,-0.000349,1.130513,1.125378
281.350000,-0.774166,25.159411,0.038196,0.005054,1.130502,1.127845
281.400000,-0.724203,25.161329,0.038640,0.013094,1.130490,1.130107
281.450000,-0.674241,25.163281,0.039525,0.022252,1.130824,1.132931
281.500000,-0.624281,25.165288,0.040856,0.030434,1.130383,1.135017
281.550000,-0.574325,25.167371,0.042528,0.035396,1.129590,1.135331
281.600000,-0.524372,25.169542,0.044327,0.035210,1.128260,1.134954
281.650000,-0.474423,25.171800,0.045962,0.028657,1.127777,1.133513
281.700000,-0.424477,25.174128,0.047101,0.015470,1.126898,1.132164
281.750000,-0.374533,25.176494,0.047426,-0.003624,1.124339,1.129599
281.800000,-0.324589,25.178851,0.046675,-0.027060,1.122612,1.122577
281.850000,-0.274641,25.181139,0.044685,-0.052705,1.121949,1.113370
281.900000,-0.224688,25.183296,0.041403,-0.078174,1.120745,1.110881
281.950000,-0.174726,25.185258,0.036899,-0.101105,1.119732,1.110374
282.000000,-0.124755,25.186968,0.031353,-0.119363,1.117293,1.109225
282.050000,-0.074775,25.188380,0.025048,-0.131178,1.115804,1.106775
282.100000,-0.024787,25.189466,0.018340,-0.135268,1.115641,1.105146
282.150000,0.025207,25.190214,0.011636,-0.131003,1.114574,1.103635
282.200000,0.075205,25.190637,0.005353,-0.118574,1.113228,1.101572
282.250000,0.125205,25.190763,-0.000122,-0.099139,1.112653,1.101905
282.300000,0.175205,25.190643,-0.004489,-0.074823,1.109379,1.102199
282.350000,0.225204,25.190336,-0.007571,-0.048473,1.103582,1.102976
282.400000,0.275202,25.189908,-0.009346,-0.023213,1.102014,1.104086
282.450000,0.325200,25.189421,-0.009942,-0.001827,1.101510,1.104832
282.500000,0.375198,25.188929,-0.009606,0.013813,1.101659,1.105141
282.550000,0.425196,25.188471,-0.008648,0.023135,1.101688,1.105112
282.600000,0.475194,25.188070,-0.007371,0.026941,1.105136,1.104743
282.650000,0.525193,25.187735,-0.006007,0.027156,1.111392,1.104239
282.700000,0.575192,25.187468,-0.004674,0.026304,1.111759,1.103741
282.750000,0.625192,25.187267,-0.003360,0.026900,1.108981,1.103510
282.800000,0.675191,25.187134,-0.001940,0.030861,1.103288,1.103512
282.850000,0.725191,25.187078,-0.000216,0.039121,1.103072,1.103763
282.900000,0.775191,25.187121,0.002029,0.051443,1.102625,1.104413
282.950000,0.825191,25.187293,0.004969,0.066506,1.102049,1.105389
283.000000,0.875190,25.187631,0.008693,0.082205,1.101376,1.106394
283.050000,0.925187,25.188175,0.013169,0.096084,1.100767,1.107133
283.100000,0.975181,25.188958,0.018248,0.105842,1.100319,1.107581
283.150000,1.025170,25.190005,0.023676,0.109810,1.100079,1.107821
283.200000,1.075152,25.191326,0.029140,0.107268,1.100168,1.107732
283.250000,1.125127,25.192914,0.034317,0.098569,1.102645,1.107586
283.300000,1.175094,25.194747,0.038928,0.085032,1.107655,1.108024
283.350000,1.225052,25.196793,0.042777,0.068611,1.110448,1.109551
283.400000,1.275003,25.199010,0.045775,0.051460,1.113567,1.111883
283.450000,1.324948,25.201355,0.047937,0.035524,1.115938,1.113162
283.500000,1.374888,25.203789,0.049362,0.022192,1.120315,1.113329
283.550000,1.424826,25.206279,0.050201,0.012142,1.123635,1.115079
283.600000,1.474763,25.208800,0.050621,0.005359,1.124071,1.119180
283.650000,1.524698,25.211335,0.050775,0.001267,1.124769,1.123665
283.700000,1.574634,25.213873,0.050774,-0.001046,1.127180,1.128071
283.750000,1.624570,25.216409,0.050682,-0.002615,1.129999,1.128447
283.800000,1.674506,25.218938,0.050511,-0.004416,1.131605,1.128969
283.850000,1.724442,25.221456,0.050227,-0.007272,1.131753,1.129460
283.900000,1.774380,25.223955,0.049762,-0.011786,1.131854,1.130295
283.950000,1.824319,25.226425,0.049021,-0.018332,1.131186,1.130813
284.000000,1.874260,25.228849,0.047899,-0.027040,1.129065,1.130285
284.050000,1.924204,25.231205,0.046289,-0.037747,1.126174,1.128761
284.100000,1.974153,25.233467,0.044103,-0.049935,1.122339,1.125991
284.150000,2.024107,25.235603,0.041286,-0.062671,1.120268,1.122238
284.200000,2.074068,25.237584,0.037844,-0.074616,1.119906,1.119854
284.250000,2.124036,25.239378,0.033855,-0.084143,1.120141,1.116500
284.300000,2.174011,25.240962,0.029482,-0.089606,1.119874,1.110275
284.350000,2.223992,25.242323,0.024966,-0.089707,1.119356,1.108504
284.400000,2.273979,25.243461,0.020592,-0.083892,1.117597,1.108084
284.450000,2.323971,25.244390,0.016653,-0.072619,1.114000,1.107611
284.500000,2.373965,25.245138,0.013388,-0.057402,1.112575,1.106973
284.550000,2.423961,25.245742,0.010939,-0.040558,1.110329,1.107071
284.600000,2.473959,25.246245,0.009323,-0.024712,1.110225,1.107909
284.650000,2.523957,25.246687,0.008426,-0.012187,1.111086,1.108414
284.700000,2.573955,25.247096,0.008040,-0.004443,1.110979,1.108521
284.750000,2.623954,25.247495,0.007912,-0.001749,1.111186,1.108314
284.800000,2.673952,25.247888,0.007806,-0.003175,1.111629,1.107871
284.850000,2.723951,25.248273,0.007560,-0.006888,1.112180,1.108231
284.900000,2.773949,25.248640,0.007113,-0.010679,1.112673,1.109427
284.950000,2.823948,25.248982,0.006515,-0.012538,1.112862,1.109238
285.000000,2.873947,25.249292,0.005902,-0.011146,1.112846,1.109534
285.050000,2.923946,25.249575,0.005450,-0.006167,1.112627,1.110378
285.100000,2.973946,25.249842,0.005327,0.001721,1.112006,1.111194
285.150000,3.023945,25.250115,0.005645,0.011057,1.110977,1.112188
285.200000,3.073944,25.250415,0.006431,0.020007,1.110093,1.112656
285.250000,3.123943,25.250764,0.007620,0.026864,1.108993,1.113037
285.300000,3.173941,25.251181,0.009075,0.030523,1.108405,1.113214
285.350000,3.223939,25.251673,0.010625,0.030782,1.107893,1.113101
285.400000,3.273935,25.252242,0.012115,0.028408,1.108036,1.112764
285.450000,3.323931,25.252882,0.013447,0.024920,1.108076,1.107394
285.500000,3.373926,25.253584,0.014613,0.022165,1.107625,1.097905
285.550000,3.423921,25.254342,0.015694,0.021783,1.107732,1.097668
285.600000,3.473914,25.255155,0.016837,0.024759,1.107613,1.101291
285.650000,3.523906,25.256030,0.018217,0.031165,1.107306,1.108865
285.700000,3.573897,25.256983,0.019991,0.040184,1.107190,1.111811
285.750000,3.623886,25.258037,0.022255,0.050390,1.107514,1.115138
285.800000,3.673872,25.259217,0.025027,0.060157,1.108161,1.117035
285.850000,3.723855,25.260547,0.028247,0.068077,1.109615,1.118473
285.900000,3.773832,25.262047,0.031798,0.073233,1.115055,1.120520
285.950000,3.823804,25.263729,0.035528,0.075273,1.121151,1.122324
286.000000,3.873769,25.265599,0.039284,0.074306,1.121352,1.122940
286.050000,3.923727,25.267654,0.042922,0.070698,1.122798,1.124685
286.100000,3.973677,25.269886,0.046322,0.064848,1.127170,1.126673
286.150000,4.023619,25.272279,0.049380,0.057082,1.130818,1.127580
286.200000,4.073555,25.274815,0.052007,0.047644,1.130953,1.128722
286.250000,4.123485,25.277469,0.054125,0.036773,1.130155,1.128861
286.300000,4.173409,25.280215,0.055669,0.024806,1.127232,1.128422
286.350000,4.223330,25.283023,0.056596,0.012201,1.124923,1.127525
286.400000,4.273250,25.285861,0.056887,-0.000528,1.124543,1.125324
286.450000,4.323169,25.288698,0.056546,-0.012981,1.123886,1.121395
286.500000,4.373090,25.291502,0.055594,-0.025020,1.123550,1.119674
286.550000,4.423015,25.294244,0.054048,-0.036863,1.121384,1.119584
286.600000,4.472945,25.296895,0.051906,-0.048963,1.117095,1.119602
286.650000,4.522881,25.299422,0.049142,-0.061758,1.114475,1.119097
286.700000,4.572825,25.301796,0.045719,-0.075292,1.111257,1.116517
286.750000,4.622777,25.303981,0.041610,-0.088925,1.109296,1.112492
286.800000,4.672738,25.305944,0.036841,-0.101251,1.108901,1.108128
286.850000,4.722709,25.307655,0.031525,-0.110334,1.109653,1.103008
286.900000,4.772688,25.309091,0.025876,-0.114207,1.110171,1.100389
286.950000,4.822675,25.310242,0.020192,-0.111522,1.110201,1.098964
287.000000,4.872667,25.311115,0.014817,-0.102055,1.109713,1.099352
287.050000,4.922664,25.311734,0.010067,-0.086955,1.108771,1.100087
287.100000,4.972662,25.312137,0.006171,-0.068545,1.107358,1.104180
287.150000,5.022661,25.312367,0.003222,-0.049785,1.105815,1.110837
287.200000,5.072661,25.312474,0.001163,-0.033538,1.104629,1.111571
287.250000,5.122661,25.312495,-0.000192,-0.021893,1.104411,1.108668
287.300000,5.172661,25.312462,-0.001101,-0.015704,1.104798,1.102780
287.350000,5.222661,25.312388,-0.001832,-0.014511,1.105623,1.102277
287.400000,5.272661,25.312278,-0.002602,-0.016736,1.105998,1.101831
287.450000,5.322661,25.312125,-0.003525,-0.020112,1.106316,1.101419
287.500000,5.372660,25.311923,-0.004599,-0.022162,1.106655,1.101145
287.550000,5.422660,25.311665,-0.005696,-0.020627,1.107041,1.100866
287.600000,5.472659,25.311356,-0.006592,-0.013791,1.107205,1.100895
287.650000,5.522658,25.311014,-0.006991,-0.000690,1.107108,1.101063
287.700000,5.572657,25.310671,-0.006574,0.018731,1.106839,1.101461
287.750000,5.622656,25.310376,-0.005042,0.043558,1.106220,1.102080
287.800000,5.672655,25.310190,-0.002167,0.071910,1.105334,1.103073
287.850000,5.722655,25.310183,0.002165,0.101051,1.104402,1.104945
287.900000,5.772655,25.310430,0.007910,0.127636,1.103455,1.110591
287.950000,5.822652,25.310994,0.014852,0.148121,1.102598,1.118108
288.000000,5.872643,25.311928,0.022600,0.159283,1.102046,1.120860
288.050000,5.922625,25.313258,0.030625,0.158805,1.102974,1.123463
288.100000,5.972595,25.314984,0.038311,0.145783,1.105489,1.124284
288.150000,6.022552,25.317072,0.045042,0.121027,1.108604,1.124097
288.200000,6.072495,25.319461,0.050284,0.087065,1.114305,1.123986
288.250000,6.122427,25.322067,0.053669,0.047791,1.121119,1.124892
288.300000,6.172352,25.324792,0.055046,0.007831,1.130170,1.124969
288.350000,6.222277,25.327537,0.054498,-0.028251,1.135324,1.124697
288.400000,6.272205,25.330212,0.052319,-0.056702,1.136453,1.125892
288.450000,6.322141,25.332747,0.048960,-0.075118,1.136608,1.128169
288.500000,6.372086,25.335096,0.044954,-0.082665,1.136418,1.129635
288.550000,6.422040,25.337239,0.040834,-0.079972,1.136027,1.130473
288.600000,6.472002,25.339184,0.037075,-0.068764,1.135506,1.130994
288.650000,6.521971,25.340958,0.034044,-0.051434,1.134594,1.131218
288.700000,6.571943,25.342604,0.031983,-0.030628,1.133077,1.130835
288.750000,6.621919,25.344174,0.030997,-0.009002,1.131990,1.130275
288.800000,6.671895,25.345721,0.031064,0.010943,1.130061,1.129918
288.850000,6.721870,25.347295,0.032041,0.026933,1.126225,1.129916
288.900000,6.771843,25.348936,0.033680,0.037023,1.124114,1.129261
288.950000,6.821813,25.350668,0.035646,0.039761,1.122186,1.127957
289.000000,6.871780,25.352498,0.037548,0.034432,1.119544,1.125706
289.050000,6.921743,25.354414,0.038982,0.021274,1.117330,1.121129
289.100000,6.971704,25.356381,0.039585,0.001627,1.111622,1.117058
289.150000,7.021665,25.358353,0.039085,-0.022140,1.107880,1.113674
289.200000,7.071629,25.360268,0.037352,-0.046925,1.107381,1.106461
289.250000,7.121596,25.362067,0.034418,-0.069416,1.107563,1.101229
289.300000,7.171570,25.363693,0.030476,-0.086709,1.107198,1.099675
289.350000,7.221550,25.365103,0.025842,-0.096857,1.106826,1.099583
289.400000,7.271536,25.366271,0.020895,-0.099228,1.106576,1.100170
289.450000,7.321528,25.367193,0.016016,-0.094507,1.106071,1.100929
289.500000,7.371523,25.367880,0.011520,-0.084411,1.105445,1.101665
289.550000,7.421521,25.368355,0.007621,-0.071210,1.104928,1.102372
289.600000,7.471520,25.368653,0.004414,-0.057183,1.104490,1.102956
289.650000,7.521520,25.368808,0.001891,-0.044195,1.104168,1.103532
289.700000,7.571520,25.368852,-0.000035,-0.033465,1.104021,1.103679
289.750000,7.621520,25.368812,-0.001493,-0.025522,1.103995,1.103669
289.800000,7.671519,25.368708,-0.002625,-0.020329,1.104061,1.103539
289.850000,7.721519,25.368553,-0.003558,-0.017455,1.104152,1.103521
289.900000,7.771519,25.368354,-0.004393,-0.016235,1.104387,1.103522
289.950000,7.821518,25.368114,-0.005194,-0.015867,1.104690,1.103519
290.000000,7.871517,25.367835,-0.005981,-0.015438,1.105006,1.103431
290.050000,7.921516,25.367517,-0.006725,-0.013905,1.105278,1.103222
290.100000,7.971515,25.367165,-0.007343,-0.010098,1.105292,1.103208
290.150000,8.021514,25.366787,-0.007690,-0.002799,1.105340,1.102977
290.200000,8.071512,25.366404,-0.007563,0.009077,1.105666,1.102334
290.250000,8.121511,25.366043,-0.006712,0.026196,1.106149,1.102106
290.300000,8.171510,25.365749,-0.004872,0.048497,1.106145,1.102555
290.350000,8.221510,25.365577,-0.001804,0.074912,1.105728,1.103227
290.400000,8.271510,25.365592,0.002649,0.103270,1.105249,1.104589
290.450000,8.321509,25.365865,0.008512,0.130378,1.104177,1.110223
290.500000,8.371506,25.366464,0.015625,0.152406,1.103190,1.118871
290.550000,8.421496,25.367443,0.023638,0.165467,1.102464,1.121473
290.600000,8.471477,25.368833,0.032013,0.166343,1.102692,1.121933
290.650000,8.521444,25.370638,0.040086,0.153213,1.104351,1.124000
290.700000,8.571396,25.372823,0.047146,0.126182,1.106037,1.127047
290.750000,8.621334,25.375323,0.052543,0.087484,1.107833,1.126232
290.800000,8.671260,25.378039,0.055786,0.041259,1.116753,1.125445
290.850000,8.721180,25.380858,0.056631,-0.007083,1.130843,1.125445
290.900000,8.771102,25.383660,0.055118,-0.051750,1.134579,1.126461
290.950000,8.821030,25.386333,0.051568,-0.087564,1.136726,1.126520
291.000000,8.870970,25.388790,0.046526,-0.110781,1.137281,1.127054
291.050000,8.920922,25.390971,0.040681,-0.119592,1.137227,1.128269
291.100000,8.970887,25.392856,0.034758,-0.114199,1.136690,1.130220
291.150000,9.020861,25.394457,0.029429,-0.096501,1.135959,1.131678
291.200000,9.070843,25.395817,0.025236,-0.069554,1.135202,1.132648
291.250000,9.120828,25.397005,0.022553,-0.037007,1.134580,1.133520
291.300000,9.170816,25.398101,0.021565,-0.002637,1.133674,1.134014
291.350000,9.220805,25.399190,0.022271,0.029937,1.132025,1.133550
291.400000,9.270791,25.400353,0.024496,0.057421,1.129466,1.133247
291.450000,9.320774,25.401659,0.027911,0.076981,1.127904,1.133696
291.500000,9.370752,25.403156,0.032062,0.086423,1.127018,1.133819
291.550000,9.420722,25.404868,0.036403,0.084452,1.126446,1.133202
291.600000,9.470685,25.406789,0.040353,0.070964,1.125890,1.131004
291.650000,9.520641,25.408886,0.043360,0.047248,1.125167,1.128781
291.700000,9.570592,25.411100,0.044973,0.015986,1.123227,1.125523
291.750000,9.620542,25.413353,0.044903,-0.019013,1.117996,1.120309
291.800000,9.670493,25.415559,0.043074,-0.053362,1.114020,1.112569
291.850000,9.720450,25.417632,0.039626,-0.082825,1.112952,1.102521
291.900000,9.770415,25.419499,0.034896,-0.104073,1.113477,1.101471
291.950000,9.820389,25.421108,0.029351,-0.115247,1.113080,1.101354
292.000000,9.870372,25.422430,0.023508,-0.116205,1.111361,1.101804
292.050000,9.920361,25.423462,0.017850,-0.108369,1.108663,1.102681
292.100000,9.970355,25.424224,0.012759,-0.094225,1.106866,1.103734
292.150000,10.020352,25.424751,0.008477,-0.076697,1.106157,1.104405
292.200000,10.070351,25.425087,0.005101,-0.058503,1.105554,1.104946
292.250000,10.120351,25.425276,0.002610,-0.041738,1.105198,1.105302
292.300000,10.170351,25.425361,0.000893,-0.027675,1.105047,1.105491
292.350000,10.220351,25.425376,-0.000200,-0.016807,1.105029,1.105609
292.400000,10.270351,25.425349,-0.000829,-0.009036,1.105016,1.105646
292.450000,10.320351,25.425298,-0.001139,-0.003912,1.104965,1.105635
292.500000,10.370351,25.425238,-0.001248,-0.000842,1.104924,1.105561
292.550000,10.420351,25.425175,-0.001244,0.000744,1.104925,1.105375
292.600000,10.470351,25.425114,-0.001188,0.001342,1.105061,1.105353
292.650000,10.520351,25.425057,-0.001118,0.001356,1.105243,1.105243
292.700000,10.570351,25.425002,-0.001055,0.001143,1.105450,1.104889
292.750000,10.620351,25.424951,-0.001002,0.001101,1.105825,1.104689
292.800000,10.670351,25.424902,-0.000937,0.001749,1.105997,1.104703
292.850000,10.720351,25.424858,-0.000810,0.003784,1.106002,1.104545
292.900000,10.770351,25.424824,-0.000530,0.008104,1.105974,1.104288
292.950000,10.820351,25.424810,0.000042,0.015678,1.105719,1.104215
293.000000,10.870351,25.424836,0.001091,0.027312,1.105255,1.104283
293.050000,10.920350,25.424931,0.002831,0.043291,1.105118,1.104558
293.100000,10.970350,25.425134,0.005471,0.062984,1.104732,1.105372
293.150000,11.020349,25.425496,0.009158,0.084587,1.104065,1.106726
293.200000,11.070345,25.426068,0.013920,0.105112,1.103185,1.108181
293.250000,11.120338,25.426903,0.019611,0.120785,1.101931,1.110555
293.300000,11.170326,25.428039,0.025889,0.127797,1.100688,1.115010
293.350000,11.220304,25.429493,0.032241,0.123268,1.100280,1.118820
293.400000,11.270273,25.431253,0.038049,0.106123,1.102462,1.120198
293.450000,11.320232,25.433277,0.042699,0.077586,1.111065,1.121706
293.500000,11.370183,25.435494,0.045696,0.041089,1.122134,1.122849
293.550000,11.420130,25.437813,0.046761,0.001611,1.128411,1.126119
293.600000,11.470076,25.440136,0.045883,-0.035369,1.131287,1.125329
293.650000,11.520026,25.442371,0.043316,-0.064954,1.133002,1.125455
293.700000,11.569982,25.444446,0.039527,-0.083681,1.134615,1.126485
293.750000,11.619948,25.446313,0.035111,-0.089938,1.134728,1.126913
293.800000,11.669921,25.447957,0.030697,-0.083904,1.135027,1.127937
293.850000,11.719900,25.449392,0.026865,-0.067183,1.134938,1.129304
293.900000,11.769884,25.450661,0.024090,-0.042279,1.134771,1.131490
293.950000,11.819870,25.451824,0.022709,-0.012161,1.134772,1.133637
294.000000,11.869857,25.452958,0.022905,0.019985,1.134090,1.134887
294.050000,11.919843,25.454141,0.024695,0.050840,1.133336,1.135764
294.100000,11.969826,25.455451,0.027932,0.076983,1.132169,1.136543
294.150000,12.019804,25.456953,0.032292,0.095033,1.130611,1.137256
294.200000,12.069774,25.458690,0.037293,0.102009,1.129642,1.137780
294.250000,12.119734,25.460681,0.042322,0.095885,1.128076,1.138058
294.300000,12.169684,25.462910,0.046703,0.076212,1.125869,1.137536
294.350000,12.219626,25.465328,0.049782,0.044535,1.125423,1.136187
294.400000,12.269562,25.467856,0.051039,0.004419,1.125639,1.132591
294.450000,12.319497,25.470394,0.050173,-0.039037,1.125144,1.120474
294.500000,12.369438,25.472835,0.047160,-0.080101,1.125180,1.107050
294.550000,12.419387,25.475077,0.042258,-0.113484,1.125654,1.104984
294.600000,12.469349,25.477036,0.035959,-0.135273,1.124307,1.103305
294.650000,12.519323,25.478659,0.028907,-0.143486,1.120798,1.101291
294.700000,12.569307,25.479926,0.021790,-0.138109,1.115080,1.100865
294.750000,12.619298,25.480848,0.015256,-0.120744,1.110131,1.101612
294.800000,12.669294,25.481470,0.009841,-0.094028,1.106286,1.102835
294.850000,12.719293,25.481858,0.005938,-0.061086,1.104662,1.104378
294.900000,12.769292,25.482093,0.003776,-0.025159,1.103837,1.105422
294.950000,12.819292,25.482266,0.003424,0.010618,1.102834,1.107061
295.000000,12.869291,25.482465,0.004801,0.043366,1.101705,1.108795
295.050000,12.919290,25.482771,0.007692,0.070656,1.100749,1.109751
295.100000,12.969288,25.483254,0.011775,0.090800,1.100058,1.110442
295.150000,13.019283,25.483962,0.016670,0.103148,1.099764,1.110736
295.200000,13.069274,25.484927,0.021994,0.108275,1.100173,1.110605
295.250000,13.119259,25.486163,0.027423,0.107895,1.103580,1.111989
295.300000,13.169236,25.487667,0.032740,0.104442,1.110658,1.114283
295.350000,13.219205,25.489433,0.037857,0.100418,1.115091,1.114049
295.400000,13.269164,25.491449,0.042797,0.097671,1.115357,1.116110
295.450000,13.319113,25.493710,0.047650,0.096843,1.115513,1.121058
295.500000,13.369050,25.496212,0.052499,0.097160,1.116387,1.123549
295.550000,13.418975,25.498958,0.057358,0.096647,1.117225,1.125210
295.600000,13.468886,25.501944,0.062122,0.092688,1.117117,1.127183
295.650000,13.518782,25.505160,0.066552,0.082803,1.118019,1.127198
295.700000,13.568665,25.508582,0.070305,0.065378,1.121640,1.126914
295.750000,13.618536,25.512167,0.072988,0.040205,1.125172,1.126328
295.800000,13.668400,25.515851,0.074240,0.008669,1.126100,1.125400
295.850000,13.718263,25.519556,0.073804,-0.026462,1.127110,1.124110
295.900000,13.768130,25.523195,0.071589,-0.061570,1.126648,1.118433
295.950000,13.818009,25.526680,0.067692,-0.092929,1.125554,1.110466
296.000000,13.867902,25.529935,0.062382,-0.117459,1.124708,1.109149
296.050000,13.917815,25.532898,0.056057,-0.133307,1.122794,1.108906
296.100000,13.967745,25.535529,0.049169,-0.140119,1.121196,1.108495
296.150000,14.017693,25.537811,0.042151,-0.138940,1.118699,1.107921
296.200000,14.067656,25.539747,0.035355,-0.131836,1.117636,1.108381
296.250000,14.117630,25.541353,0.029015,-0.121346,1.116487,1.109498
296.300000,14.167613,25.542657,0.023235,-0.109941,1.115776,1.110901
296.350000,14.217602,25.543686,0.018009,-0.099598,1.115026,1.111174
296.400000,14.267596,25.544466,0.013247,-0.091530,1.114864,1.111377
296.450000,14.317593,25.545016,0.008821,-0.086092,1.114933,1.111529
296.500000,14.367592,25.545351,0.004609,-0.082801,1.115356,1.111505
296.550000,14.417592,25.545479,0.000527,-0.080488,1.115726,1.111374
296.600000,14.467592,25.545406,-0.003434,-0.077553,1.115917,1.111142
296.650000,14.517591,25.545139,-0.007200,-0.072316,1.116102,1.110615
296.700000,14.567589,25.544692,-0.010619,-0.063403,1.116185,1.109913
296.750000,14.617586,25.544086,-0.013484,-0.050109,1.116024,1.109493
296.800000,14.667580,25.543356,-0.015575,-0.032596,1.113889,1.109593
296.850000,14.717574,25.542545,-0.016701,-0.011896,1.110630,1.109985
296.900000,14.767567,25.541704,-0.016743,0.010297,1.109299,1.109104
296.950000,14.817560,25.540889,-0.015675,0.031975,1.106275,1.107821
297.000000,14.867555,25.540154,-0.013576,0.051123,1.103366,1.107634
297.050000,14.917551,25.539546,-0.010617,0.065926,1.103191,1.107809
297.100000,14.967549,25.539102,-0.007058,0.074797,1.102910,1.107847
297.150000,15.017548,25.538845,-0.003232,0.076305,1.102268,1.107889
297.200000,15.067548,25.538777,0.000461,0.069146,1.101802,1.107957
297.250000,15.117548,25.538881,0.003558,0.052269,1.101258,1.107915
297.300000,15.167547,25.539114,0.005556,0.025193,1.100663,1.107737
297.350000,15.217547,25.539410,0.005950,-0.011581,1.101323,1.107077
297.400000,15.267546,25.539675,0.004293,-0.056252,1.103104,1.105825
297.450000,15.317546,25.539799,0.000259,-0.105700,1.106749,1.104092
297.500000,15.367546,25.539659,-0.006291,-0.155841,1.113242,1.102198
297.550000,15.417543,25.539129,-0.015282,-0.202326,1.119262,1.101011
297.600000,15.467532,25.538094,-0.026431,-0.241359,1.120495,1.100646
297.650000,15.517505,25.536458,-0.039291,-0.270367,1.120905,1.100955
297.700000,15.567452,25.534147,-0.053325,-0.288294,1.120764,1.102326
297.750000,15.617360,25.531118,-0.067981,-0.295417,1.120362,1.103138
297.800000,15.667218,25.527353,-0.082741,-0.292842,1.120101,1.103524
297.850000,15.717016,25.522859,-0.097157,-0.281902,1.120557,1.103788
297.900000,15.766745,25.517665,-0.110839,-0.263787,1.121230,1.103954
297.950000,15.816402,25.511816,-0.123456,-0.239538,1.121235,1.104065
298.000000,15.865985,25.505373,-0.134729,-0.210389,1.120938,1.104362
298.050000,15.915498,25.498410,-0.144454,-0.178205,1.120158,1.107352
298.100000,15.964946,25.491006,-0.152543,-0.145735,1.118940,1.116968
298.150000,16.014340,25.483241,-0.159065,-0.116454,1.117369,1.125746
298.200000,16.063687,25.475188,-0.164272,-0.093961,1.115912,1.127088
298.250000,16.112996,25.466902,-0.168582,-0.081114,1.115241,1.127759
298.300000,16.162270,25.458415,-0.172523,-0.079207,1.116880,1.127616
298.350000,16.211511,25.449732,-0.176635,-0.087539,1.121125,1.124220
298.400000,16.260712,25.440833,-0.181377,-0.103506,1.124191,1.119095
298.450000,16.309867,25.431679,-0.187038,-0.123245,1.125355,1.115787
298.500000,16.358965,25.422221,-0.193700,-0.142588,1.123616,1.112451
298.550000,16.407993,25.412415,-0.201249,-0.158011,1.120397,1.111332
298.600000,16.456943,25.402222,-0.209424,-0.167322,1.120027,1.111344
298.650000,16.505807,25.391621,-0.217896,-0.169921,1.119592,1.111608
298.700000,16.554578,25.380605,-0.226340,-0.166630,1.119187,1.112013
298.750000,16.603256,25.369184,-0.234505,-0.159246,1.118500,1.111707
298.800000,16.651842,25.357376,-0.242239,-0.149989,1.117781,1.111119
298.850000,16.700338,25.345205,-0.249506,-0.141027,1.117505,1.111395
298.900000,16.748747,25.332691,-0.256367,-0.134146,1.117726,1.111391
298.950000,16.797070,25.319852,-0.262962,-0.130590,1.117349,1.111314
299.000000,16.845309,25.306698,-0.269477,-0.131046,1.116401,1.111733
299.050000,16.893460,25.293227,-0.276120,-0.135674,1.117495,1.112161
299.100000,16.941519,25.279430,-0.283094,-0.144184,1.118347,1.111771
299.150000,16.989477,25.265287,-0.290580,-0.155903,1.117888,1.111212
299.200000,17.037323,25.250769,-0.298714,-0.169836,1.118253,1.110847
299.250000,17.085044,25.235846,-0.307577,-0.184722,1.119196,1.110428
299.300000,17.132625,25.220483,-0.317181,-0.199126,1.120341,1.109959
299.350000,17.180051,25.204647,-0.327465,-0.211543,1.120741,1.109296
299.400000,17.227307,25.188310,-0.338293,-0.220546,1.120644,1.108661
299.450000,17.274380,25.171454,-0.349463,-0.224959,1.120335,1.108465
299.500000,17.321260,25.154070,-0.360722,-0.224026,1.119932,1.107633
299.550000,17.367944,25.136163,-0.371795,-0.217552,1.119157,1.106843
299.600000,17.414430,25.117749,-0.382412,-0.205985,1.118939,1.107239
299.650000,17.460723,25.098858,-0.392342,-0.190408,1.118688,1.107712
299.700000,17.506836,25.079527,-0.401422,-0.172459,1.118110,1.108290
299.750000,17.552779,25.059800,-0.409582,-0.154165,1.117807,1.109751
299.800000,17.598570,25.039718,-0.416861,-0.137752,1.118529,1.111318
299.850000,17.644220,25.019322,-0.423407,-0.125376,1.119158,1.111742
299.900000,17.689742,24.998639,-0.429471,-0.118861,1.118871,1.112029
299.950000,17.735139,24.977685,-0.435382,-0.119403,1.118767,1.112133
300.000000,17.780411,24.956460,-0.441505,-0.127287,1.118009,1.112310
300.050000,17.825546,24.934947,-0.448194,-0.141717,1.117294,1.113291
300.100000,17.870527,24.913114,-0.455737,-0.160783,1.118009,1.113791
300.150000,17.915331,24.890919,-0.464298,-0.181682,1.118987,1.112813
300.200000,17.959932,24.868319,-0.473889,-0.201172,1.121109,1.111545
300.250000,18.004303,24.845272,-0.484361,-0.216201,1.123261,1.109447
300.300000,18.048423,24.821747,-0.495426,-0.224560,1.123557,1.107853
300.350000,18.092277,24.797729,-0.506722,-0.225376,1.121425,1.107973
300.400000,18.135857,24.773218,-0.517877,-0.219312,1.118145,1.108183
300.450000,18.179166,24.748232,-0.528590,-0.208396,1.116915,1.108439
300.500000,18.222213,24.722796,-0.538690,-0.195553,1.116214,1.109086
300.550000,18.265009,24.696941,-0.548160,-0.183986,1.115649,1.109651
300.600000,18.307565,24.670692,-0.557139,-0.176543,1.115288,1.110012
300.650000,18.349887,24.644068,-0.565891,-0.175238,1.115194,1.110106
300.700000,18.391974,24.617074,-0.574752,-0.180979,1.115382,1.109918
300.750000,18.433815,24.589700,-0.584075,-0.193522,1.115899,1.107977
300.800000,18.475388,24.561921,-0.594175,-0.211622,1.117009,1.105606
300.850000,18.516665,24.533704,-0.605284,-0.233306,1.118599,1.103348
300.900000,18.557610,24.505007,-0.617523,-0.256209,1.120208,1.102381
300.950000,18.598184,24.475788,-0.630891,-0.277882,1.121494,1.104288
301.000000,18.638349,24.446008,-0.645268,-0.296070,1.123170,1.104701
301.050000,18.678068,24.415638,-0.660432,-0.308899,1.124752,1.104675
301.100000,18.717314,24.384658,-0.676075,-0.314996,1.124993,1.105136
301.150000,18.756068,24.353065,-0.691837,-0.313549,1.125013,1.105487
301.200000,18.794322,24.320868,-0.707332,-0.304308,1.124785,1.105715
301.250000,18.832083,24.288094,-0.722174,-0.287564,1.122840,1.106187
301.300000,18.869368,24.254781,-0.736005,-0.264102,1.120640,1.106760
301.350000,18.906211,24.220979,-0.748515,-0.235149,1.119804,1.108122
301.400000,18.942655,24.186746,-0.759471,-0.202325,1.118862,1.110549
301.450000,18.978750,24.152146,-0.768724,-0.167584,1.117953,1.112735
301.500000,19.014554,24.117246,-0.776232,-0.133131,1.115903,1.114039
301.550000,19.050125,24.082107,-0.782069,-0.101302,1.112755,1.114601
301.600000,19.085517,24.046789,-0.786424,-0.074392,1.110631,1.114880
301.650000,19.120777,24.011338,-0.789595,-0.054442,1.109860,1.115243
301.700000,19.155940,23.975791,-0.791974,-0.043020,1.109557,1.115346
301.750000,19.191025,23.940168,-0.794015,-0.041045,1.109677,1.115123
301.800000,19.226037,23.904472,-0.796199,-0.048674,1.110101,1.113638
301.850000,19.260961,23.868691,-0.798995,-0.065281,1.110637,1.111770
301.900000,19.295767,23.832795,-0.802823,-0.089497,1.111323,1.110587
301.950000,19.330412,23.796743,-0.808016,-0.119327,1.112735,1.109396
302.000000,19.364841,23.760485,-0.814795,-0.152300,1.114821,1.108363
302.050000,19.398993,23.723966,-0.823251,-0.185676,1.116388,1.107312
302.100000,19.432804,23.687131,-0.833334,-0.216702,1.117732,1.106357
302.150000,19.466215,23.649933,-0.844862,-0.242904,1.118936,1.105564
302.200000,19.499172,23.612332,-0.857541,-0.262390,1.119481,1.105068
302.250000,19.531634,23.574302,-0.871003,-0.274084,1.119719,1.104881
302.300000,19.563572,23.535832,-0.884850,-0.277840,1.120003,1.104940
302.350000,19.594973,23.496922,-0.898698,-0.274398,1.120069,1.105280
302.400000,19.625838,23.457586,-0.912218,-0.265181,1.119620,1.105878
302.450000,19.656178,23.417844,-0.925166,-0.251996,1.119151,1.106796
302.500000,19.686016,23.377722,-0.937392,-0.236743,1.118710,1.107590
302.550000,19.715377,23.337251,-0.948837,-0.221161,1.118320,1.108378
302.600000,19.744289,23.296457,-0.959522,-0.206687,1.118012,1.109237
302.650000,19.772777,23.255367,-0.969533,-0.194395,1.117163,1.109637
302.700000,19.800864,23.214001,-0.978998,-0.184990,1.116329,1.109721
302.750000,19.828567,23.172377,-0.988072,-0.178824,1.116130,1.109921
302.800000,19.855897,23.130507,-0.996921,-0.175906,1.116018,1.110182
302.850000,19.882857,23.088399,-1.005700,-0.175926,1.116686,1.109966
302.900000,19.909445,23.046054,-1.014543,-0.178289,1.119156,1.109754
302.950000,19.935655,23.003474,-1.023548,-0.182186,1.122329,1.110184
303.000000,19.961475,22.960657,-1.032770,-0.186718,1.124539,1.111273
303.050000,19.986895,22.917601,-1.042217,-0.191008,1.125380,1.112627
303.100000,20.011903,22.874304,-1.051858,-0.194304,1.125413,1.113995
303.150000,20.036488,22.830766,-1.061628,-0.196058,1.125594,1.114658
303.200000,20.060646,22.786990,-1.071441,-0.195968,1.125788,1.114612
303.250000,20.084375,22.742979,-1.081202,-0.194009,1.125784,1.115174
303.300000,20.107675,22.698739,-1.090822,-0.190442,1.125706,1.116353
303.350000,20.130553,22.654280,-1.100233,-0.185801,1.125567,1.117033
303.400000,20.153017,22.609611,-1.109398,-0.180824,1.125333,1.117267
303.450000,20.175076,22.564740,-1.118321,-0.176314,1.124884,1.117563
303.500000,20.196739,22.519677,-1.127044,-0.172953,1.122664,1.116673
303.550000,20.218011,22.474427,-1.135635,-0.171108,1.120301,1.114664
303.600000,20.238895,22.428998,-1.144173,-0.170697,1.118853,1.111882
303.650000,20.259390,22.383391,-1.152716,-0.171173,1.118100,1.110000
303.700000,20.279495,22.337611,-1.161290,-0.171635,1.118525,1.109729
303.750000,20.299205,22.291660,-1.169866,-0.171034,1.118764,1.109585
303.800000,20.318523,22.245543,-1.178368,-0.168396,1.118729,1.109571
303.850000,20.337451,22.199264,-1.186671,-0.162995,1.118590,1.109710
303.900000,20.356003,22.152833,-1.194628,-0.154437,1.118322,1.110030
303.950000,20.374195,22.106260,-1.202075,-0.142669,1.118040,1.110360
304.000000,20.392055,22.059559,-1.208858,-0.127956,1.117751,1.110907
304.050000,20.409616,22.012744,-1.214841,-0.110857,1.117418,1.111223
304.100000,20.426918,21.965833,-1.219925,-0.092251,1.117029,1.111371
304.150000,20.444003,21.918842,-1.224063,-0.073368,1.116554,1.112104
304.200000,20.460915,21.871789,-1.227278,-0.055779,1.115996,1.113266
304.250000,20.477696,21.824689,-1.229680,-0.041322,1.115423,1.114177
304.300000,20.494378,21.777555,-1.231474,-0.031884,1.114596,1.115676
304.350000,20.510985,21.730393,-1.232952,-0.029097,1.113988,1.116912
304.400000,20.527523,21.683207,-1.234479,-0.033975,1.113898,1.115812
304.450000,20.543980,21.635993,-1.236447,-0.046597,1.114123,1.114477
304.500000,20.560326,21.588741,-1.239223,-0.065921,1.114721,1.113879
304.550000,20.576515,21.541434,-1.243095,-0.089806,1.115631,1.112348
304.600000,20.592492,21.494056,-1.248222,-0.115252,1.116715,1.109856
304.650000,20.608196,21.446586,-1.254596,-0.138828,1.118181,1.108085
304.700000,20.623571,21.399008,-1.262039,-0.157226,1.120251,1.107331
304.750000,20.638572,21.351311,-1.270220,-0.167793,1.121467,1.106933
304.800000,20.653173,21.303491,-1.278701,-0.168940,1.121456,1.107152
304.850000,20.667370,21.255549,-1.286993,-0.160342,1.120607,1.107776
304.900000,20.681184,21.207495,-1.294624,-0.142882,1.119565,1.109478
304.950000,20.694655,21.159344,-1.301193,-0.118397,1.118329,1.111201
305.000000,20.707841,21.111114,-1.306407,-0.089303,1.116509,1.113165
305.050000,20.720811,21.062825,-1.310099,-0.058201,1.115171,1.115395
305.100000,20.733641,21.014500,-1.312233,-0.027564,1.114398,1.116502
305.150000,20.746404,20.966156,-1.312889,0.000472,1.113759,1.117193
305.200000,20.759168,20.917813,-1.312241,0.024203,1.113230,1.117770
305.250000,20.771990,20.869484,-1.310538,0.042388,1.112175,1.118197
305.300000,20.784913,20.821183,-1.308081,0.054246,1.111316,1.118484
305.350000,20.797967,20.772918,-1.305197,0.059468,1.111214,1.118639
305.400000,20.811164,20.724690,-1.302215,0.058258,1.111701,1.119090
305.450000,20.824500,20.676502,-1.299442,0.051361,1.112466,1.119500
305.500000,20.837960,20.628348,-1.297133,0.040058,1.113496,1.119276
305.550000,20.851516,20.580220,-1.295469,0.026079,1.114965,1.118759
305.600000,20.865134,20.532111,-1.294534,0.011395,1.116054,1.117831
305.650000,20.878780,20.484009,-1.294314,-0.002068,1.120034,1.116973
305.700000,20.892422,20.435906,-1.294705,-0.012755,1.123499,1.116601
305.750000,20.906033,20.387794,-1.295542,-0.019728,1.123644,1.116456
305.800000,20.919597,20.339669,-1.296629,-0.022781,1.122001,1.116946
305.850000,20.933106,20.291529,-1.297777,-0.022379,1.120078,1.117612
305.900000,20.946562,20.243373,-1.298836,-0.019440,1.119046,1.117930
305.950000,20.959972,20.195205,-1.299704,-0.015057,1.118409,1.117724
306.000000,20.973345,20.147026,-1.300336,-0.010240,1.118382,1.117261
306.050000,20.986693,20.098841,-1.300732,-0.005769,1.118376,1.116967
306.100000,21.000027,20.050652,-1.300924,-0.002129,1.117186,1.116861
306.150000,21.013356,20.002461,-1.300958,0.000470,1.115900,1.116943
306.200000,21.026686,19.954271,-1.300889,0.002060,1.115524,1.116600
306.250000,21.040021,19.906082,-1.300762,0.002889,1.115136,1.116254
306.300000,21.053363,19.857895,-1.300604,0.003422,1.115003,1.115726
306.350000,21.066714,19.809710,-1.300415,0.004290,1.115157,1.114096
306.400000,21.080074,19.761528,-1.300162,0.006187,1.115298,1.113002
306.450000,21.093450,19.713351,-1.299776,0.009724,1.115479,1.112926
306.500000,21.106849,19.665180,-1.299165,0.015234,1.115514,1.113510
306.550000,21.120286,19.617019,-1.298229,0.022640,1.115151,1.114244
306.600000,21.133776,19.568873,-1.296884,0.031423,1.114648,1.115437
306.650000,21.147343,19.520749,-1.295080,0.040698,1.113585,1.116849
306.700000,21.161007,19.472652,-1.292821,0.049383,1.112701,1.117556
306.750000,21.174790,19.424589,-1.290163,0.056405,1.113196,1.117833
306.800000,21.188709,19.376566,-1.287213,0.060860,1.113696,1.117904
306.850000,21.202772,19.328584,-1.284117,0.062122,1.113736,1.117759
306.900000,21.216985,19.280647,-1.281045,0.059890,1.113820,1.117737
306.950000,21.231341,19.232752,-1.278172,0.054203,1.113935,1.117818
307.000000,21.245826,19.184896,-1.275663,0.045434,1.115057,1.117896
307.050000,21.260419,19.137073,-1.273658,0.034271,1.116294,1.117811
307.100000,21.275095,19.089275,-1.272254,0.021679,1.116782,1.117418
307.150000,21.289822,19.041493,-1.271493,0.008814,1.117232,1.116968
307.200000,21.304570,18.993718,-1.271360,-0.003104,1.117654,1.116441
307.250000,21.319311,18.945940,-1.271777,-0.012962,1.116927,1.115448
307.300000,21.334022,18.898153,-1.272619,-0.019910,1.116181,1.114614
307.350000,21.348685,18.850352,-1.273726,-0.023483,1.117274,1.114370
307.400000,21.363292,18.802533,-1.274925,-0.023652,1.117162,1.114132
307.450000,21.377843,18.754697,-1.276053,-0.020778,1.116142,1.114058
307.500000,21.392345,18.706846,-1.276973,-0.015511,1.115928,1.114534
307.550000,21.406809,18.658984,-1.277584,-0.008634,1.115385,1.115315
307.600000,21.421254,18.611116,-1.277826,-0.000914,1.114888,1.115812
307.650000,21.435695,18.563247,-1.277674,0.007003,1.114588,1.115955
307.700000,21.450154,18.515384,-1.277130,0.014639,1.113799,1.114241
307.750000,21.464648,18.467530,-1.276217,0.021665,1.113171,1.112729
307.800000,21.479193,18.419693,-1.274974,0.027844,1.112974,1.112873
307.850000,21.493805,18.371875,-1.273446,0.032980,1.112238,1.114086
307.900000,21.508496,18.324082,-1.271691,0.036876,1.112138,1.115187
307.950000,21.523274,18.276316,-1.269777,0.039335,1.112532,1.115583
308.000000,21.538146,18.228579,-1.267778,0.040187,1.112510,1.115890
308.050000,21.553114,18.180872,-1.265780,0.039295,1.112967,1.115853
308.100000,21.568176,18.133195,-1.263872,0.036564,1.113444,1.115756
308.150000,21.583324,18.085545,-1.262147,0.031928,1.114189,1.115850
308.200000,21.598549,18.037919,-1.260703,0.025334,1.114734,1.115699
308.250000,21.613833,17.990312,-1.259639,0.016756,1.114706,1.115761
308.300000,21.629157,17.942718,-1.259052,0.006241,1.115370,1.116373
308.350000,21.644496,17.895129,-1.259036,-0.006009,1.116080,1.116520
308.400000,21.659820,17.847536,-1.259669,-0.019563,1.115901,1.116174
308.450000,21.675098,17.799927,-1.261000,-0.033716,1.116497,1.115785
308.500000,21.690295,17.752292,-1.263036,-0.047510,1.117544,1.115356
308.550000,21.705380,17.704622,-1.265732,-0.059835,1.118447,1.114086
308.600000,21.720322,17.656907,-1.268987,-0.069576,1.119200,1.112161
308.650000,21.735098,17.609140,-1.272645,-0.075784,1.119379,1.111221
308.700000,21.749694,17.561318,-1.276513,-0.077821,1.118958,1.111169
308.750000,21.764104,17.513439,-1.280372,-0.075424,1.118458,1.111085
308.800000,21.778333,17.465507,-1.284001,-0.068724,1.118207,1.112139
308.850000,21.792399,17.417526,-1.287196,-0.058181,1.117878,1.113952
308.900000,21.806324,17.369504,-1.289780,-0.044493,1.117730,1.114880
308.950000,21.820144,17.321452,-1.291617,-0.028506,1.117582,1.115691
309.000000,21.833895,17.273380,-1.292614,-0.011149,1.117212,1.116488
309.050000,21.847619,17.225301,-1.292727,0.006622,1.116765,1.117040
309.100000,21.861359,17.177226,-1.291959,0.023858,1.115777,1.117598
309.150000,21.875156,17.129167,-1.290359,0.039650,1.114882,1.118018
309.200000,21.889048,17.081136,-1.288022,0.053168,1.113993,1.118381
309.250000,21.903068,17.033141,-1.285080,0.063681,1.113249,1.118073
309.300000,21.917240,16.985192,-1.281700,0.070547,1.113123,1.117677
309.350000,21.931580,16.937292,-1.278079,0.073194,1.113140,1.117660
309.400000,21.946096,16.889446,-1.274440,0.071098,1.113190,1.117610
309.450000,21.960780,16.841651,-1.271034,0.063816,1.112997,1.117119
309.500000,21.975617,16.793903,-1.268127,0.051115,1.113138,1.116467
309.550000,21.990575,16.746193,-1.265988,0.033183,1.113277,1.116949
309.600000,22.005612,16.698507,-1.264863,0.010856,1.113494,1.116417
309.650000,22.020674,16.650830,-1.264937,-0.014253,1.114280,1.114131
309.700000,22.035703,16.603142,-1.266293,-0.039813,1.115535,1.112428
309.750000,22.050636,16.555424,-1.268888,-0.063096,1.117685,1.110621
309.800000,22.065420,16.507660,-1.272541,-0.081485,1.119328,1.108176
309.850000,22.080009,16.459835,-1.276951,-0.093036,1.119739,1.106961
309.900000,22.094377,16.411944,-1.281748,-0.096897,1.119605,1.107095
309.950000,22.108513,16.363984,-1.286549,-0.093438,1.119084,1.111836
310.000000,22.122426,16.315959,-1.291018,-0.084043,1.116910,1.116313
310.050000,22.136137,16.267875,-1.294904,-0.070644,1.115635,1.116951
310.100000,22.149678,16.219744,-1.298057,-0.055189,1.116420,1.116200
310.150000,22.163087,16.171575,-1.300417,-0.039222,1.116460,1.115376
310.200000,22.176401,16.123381,-1.301985,-0.023710,1.116094,1.114766
310.250000,22.189657,16.075170,-1.302799,-0.009133,1.116238,1.114226
310.300000,22.202892,16.026953,-1.302913,0.004291,1.116280,1.114420
310.350000,22.216137,15.978740,-1.302387,0.016361,1.115702,1.115474
310.400000,22.229421,15.930537,-1.301298,0.026774,1.115016,1.116584
310.450000,22.242769,15.882351,-1.299735,0.035180,1.114556,1.117731
310.500000,22.256202,15.834190,-1.297808,0.041336,1.114318,1.118582
310.550000,22.269734,15.786056,-1.295629,0.045272,1.114389,1.118511
310.600000,22.283375,15.737952,-1.293304,0.047326,1.114923,1.118241
310.650000,22.297130,15.689881,-1.290914,0.048015,1.115414,1.117986
310.700000,22.311000,15.641844,-1.288514,0.047773,1.115602,1.117851
310.750000,22.324984,15.593839,-1.286147,0.046682,1.115615,1.117885
310.800000,22.339080,15.545867,-1.283862,0.044355,1.115419,1.118081
310.850000,22.353283,15.497927,-1.281737,0.040033,1.115165,1.118335
310.900000,22.367581,15.450015,-1.279894,0.032905,1.115008,1.118492
310.950000,22.381958,15.402126,-1.278487,0.022526,1.115088,1.118412
311.000000,22.396388,15.354254,-1.277678,0.009179,1.115508,1.117992
311.050000,22.410840,15.306388,-1.277592,-0.005991,1.115352,1.115980
311.100000,22.425278,15.258518,-1.278276,-0.021129,1.115395,1.111784
311.150000,22.439665,15.210632,-1.279676,-0.034068,1.115921,1.109173
311.200000,22.453971,15.162723,-1.281630,-0.042847,1.116131,1.108869
311.250000,22.468175,15.114783,-1.283892,-0.046159,1.116074,1.108450
311.300000,22.482269,15.066810,-1.286173,-0.043606,1.115761,1.108339
311.350000,22.496259,15.018807,-1.288186,-0.035708,1.115284,1.109293
311.400000,22.510164,14.970780,-1.289692,-0.023697,1.113596,1.110240
311.450000,22.524012,14.922736,-1.290525,-0.009214,1.112095,1.110705
311.500000,22.537838,14.874685,-1.290605,0.005988,1.111691,1.111109
311.550000,22.551678,14.826639,-1.289939,0.020258,1.111382,1.111418
311.600000,22.565566,14.778606,-1.288610,0.032153,1.111134,1.112619
311.650000,22.579532,14.730596,-1.286769,0.040478,1.110866,1.113734
311.700000,22.593594,14.682614,-1.284618,0.044327,1.110649,1.114850
311.750000,22.607761,14.634664,-1.282399,0.043156,1.110578,1.115722
311.800000,22.622032,14.586744,-1.280366,0.036912,1.110670,1.115630
311.850000,22.636391,14.538850,-1.278764,0.026151,1.111574,1.115573
311.900000,22.650812,14.490974,-1.277792,0.012092,1.112598,1.115302
311.950000,22.665262,14.443108,-1.277573,-0.003476,1.113706,1.114670
312.000000,22.679703,14.395239,-1.278132,-0.018457,1.115939,1.113973
312.050000,22.694101,14.347357,-1.279386,-0.030833,1.117504,1.113396
312.100000,22.708425,14.299452,-1.281163,-0.039098,1.117838,1.113274
312.150000,22.722656,14.251520,-1.283235,-0.042579,1.117837,1.113886
312.200000,22.736786,14.203558,-1.285365,-0.041562,1.118385,1.117689
312.250000,22.750816,14.155567,-1.287349,-0.037152,1.118688,1.120912
312.300000,22.764757,14.107550,-1.289058,-0.030938,1.118755,1.121375
312.350000,22.778624,14.059511,-1.290442,-0.024558,1.119101,1.120227
312.400000,22.792431,14.011456,-1.291528,-0.019328,1.119190,1.118427
312.450000,22.806192,13.963387,-1.292399,-0.016022,1.120024,1.117818
312.500000,22.819915,13.915307,-1.293157,-0.014850,1.120811,1.117689
312.550000,22.833601,13.867216,-1.293907,-0.015573,1.120931,1.117569
312.600000,22.847250,13.819115,-1.294732,-0.017685,1.120816,1.118108
312.650000,22.860856,13.771002,-1.295685,-0.020559,1.120249,1.118627
312.700000,22.874413,13.722875,-1.296789,-0.023523,1.119923,1.118577
312.750000,22.887913,13.674732,-1.298029,-0.025869,1.120017,1.118483
312.800000,22.901351,13.626572,-1.299358,-0.026857,1.120126,1.118374
312.850000,22.914725,13.578393,-1.300689,-0.025770,1.120269,1.118231
312.900000,22.928037,13.530198,-1.301902,-0.022033,1.120676,1.118036
312.950000,22.941296,13.481988,-1.302855,-0.015366,1.120882,1.118018
313.000000,22.954518,13.433768,-1.303404,-0.005937,1.120638,1.118262
313.050000,22.967726,13.385544,-1.303423,0.005590,1.120201,1.118699
313.100000,22.980947,13.337324,-1.302833,0.018137,1.116482,1.119451
313.150000,22.994213,13.289116,-1.301613,0.030402,1.113175,1.120125
313.200000,23.007551,13.240928,-1.299812,0.041112,1.112823,1.120477
313.250000,23.020988,13.192767,-1.297535,0.049241,1.112638,1.120556
313.300000,23.034544,13.144640,-1.294929,0.054127,1.113336,1.119287
313.350000,23.048229,13.096549,-1.292167,0.055485,1.114709,1.118180
313.400000,23.062047,13.048496,-1.289425,0.053335,1.117050,1.118093
313.450000,23.075993,13.000481,-1.286874,0.047934,1.118565,1.118035
313.500000,23.090054,12.952498,-1.284666,0.039754,1.117985,1.118881
313.550000,23.104210,12.904544,-1.282924,0.029513,1.117583,1.119623
313.600000,23.118437,12.856611,-1.281727,0.018211,1.117879,1.119421
313.650000,23.132707,12.808690,-1.281100,0.007101,1.118386,1.117430
313.700000,23.146994,12.760775,-1.280997,-0.002459,1.118973,1.115050
313.750000,23.161276,12.712858,-1.281311,-0.009268,1.119351,1.113825
313.800000,23.175536,12.664935,-1.281880,-0.012572,1.119383,1.113364
313.850000,23.189766,12.617003,-1.282523,-0.012263,1.119187,1.113566
313.900000,23.203967,12.569062,-1.283069,-0.008924,1.118810,1.114361
313.950000,23.218147,12.521115,-1.283391,-0.003645,1.117254,1.115769
314.000000,23.232319,12.473165,-1.283426,0.002282,1.115932,1.116668
314.050000,23.246495,12.425217,-1.283170,0.007707,1.115752,1.116848
314.100000,23.260690,12.377274,-1.282671,0.011881,1.115760,1.116840
314.150000,23.274914,12.329340,-1.282001,0.014553,1.115894,1.116706
314.200000,23.289172,12.281416,-1.281232,0.015892,1.116051,1.116655
314.250000,23.303468,12.233503,-1.280423,0.016324,1.115784,1.117122
314.300000,23.317803,12.185602,-1.279605,0.016339,1.115455,1.117545
314.350000,23.332177,12.137713,-1.278789,0.016345,1.115381,1.117990
314.400000,23.346590,12.089835,-1.277967,0.016611,1.114893,1.118013
314.450000,23.361044,12.041970,-1.277123,0.017242,1.114945,1.118209
314.500000,23.375538,11.994117,-1.276239,0.018195,1.116013,1.119365
314.550000,23.390076,11.946277,-1.275302,0.019255,1.116634,1.119966
314.600000,23.404660,11.898451,-1.274317,0.020012,1.115069,1.119994
314.650000,23.419292,11.850640,-1.273312,0.019876,1.113568,1.120132
314.700000,23.433971,11.802843,-1.272350,0.018143,1.113274,1.120267
314.750000,23.448693,11.755060,-1.271527,0.014154,1.112853,1.120070
314.800000,23.463449,11.707287,-1.270968,0.007491,1.112089,1.118609
314.850000,23.478222,11.659519,-1.270811,-0.001850,1.112457,1.116590
314.900000,23.492991,11.611750,-1.271180,-0.013374,1.113472,1.115528
314.950000,23.507728,11.563971,-1.272163,-0.026124,1.113972,1.111582
315.000000,23.522402,11.516173,-1.273792,-0.038842,1.114470,1.108030
315.050000,23.536984,11.468347,-1.276030,-0.050182,1.114788,1.107712
315.100000,23.551446,11.420484,-1.278777,-0.058912,1.115451,1.107580
315.150000,23.565767,11.372578,-1.281876,-0.064082,1.115781,1.107507
315.200000,23.579935,11.324628,-1.285133,-0.065123,1.115633,1.108740
315.250000,23.593947,11.276631,-1.288335,-0.061927,1.115663,1.109944
315.300000,23.607811,11.228592,-1.291278,-0.054894,1.115570,1.110766
315.350000,23.621543,11.180515,-1.293789,-0.044955,1.115266,1.111634
315.400000,23.635168,11.132407,-1.295755,-0.033536,1.114613,1.112393
315.450000,23.648711,11.084276,-1.297147,-0.022443,1.114072,1.113187
315.500000,23.662201,11.036130,-1.298029,-0.013654,1.113748,1.113652
315.550000,23.675657,10.987975,-1.298566,-0.009048,1.113481,1.113919
315.600000,23.689090,10.939813,-1.299007,-0.010163,1.112451,1.113941
315.650000,23.702499,10.891644,-1.299667,-0.017991,1.111770,1.113730
315.700000,23.715863,10.843464,-1.300894,-0.032874,1.112171,1.113329
315.750000,23.729148,10.795261,-1.303038,-0.054503,1.112651,1.112849
315.800000,23.742300,10.747022,-1.306417,-0.081983,1.113290,1.112210
315.850000,23.755255,10.698729,-1.311292,-0.113949,1.114076,1.111424
315.900000,23.767933,10.650363,-1.317847,-0.148741,1.114930,1.110570
315.950000,23.780252,10.601904,-1.326179,-0.184612,1.115886,1.109614
316.000000,23.792122,10.553334,-1.336302,-0.219989,1.119235,1.108667
316.050000,23.803458,10.504636,-1.348158,-0.253761,1.122800,1.107788
316.100000,23.814176,10.455798,-1.361652,-0.285502,1.124038,1.107062
316.150000,23.824195,10.406812,-1.376688,-0.315570,1.124500,1.106493
316.200000,23.833440,10.357674,-1.393203,-0.344995,1.124682,1.106056
316.250000,23.841836,10.308384,-1.411198,-0.375156,1.124936,1.105719
316.300000,23.849306,10.258945,-1.430745,-0.407306,1.124676,1.105313
316.350000,23.855767,10.209365,-1.451963,-0.442079,1.124045,1.104694
316.400000,23.861131,10.159653,-1.474983,-0.479156,1.124424,1.102166
316.450000,23.865302,10.109827,-1.499892,-0.517213,1.127022,1.099679
316.500000,23.868183,10.059910,-1.526691,-0.554175,1.129376,1.098424
316.550000,23.869681,10.009933,-1.555268,-0.587738,1.131117,1.095766
316.600000,23.869710,9.959933,-1.585399,-0.615940,1.132320,1.093880
316.650000,23.868200,9.909956,-1.616780,-0.637563,1.133746,1.093630
316.700000,23.865098,9.860052,-1.649070,-0.652227,1.134927,1.093750
316.750000,23.860372,9.810276,-1.681921,-0.660143,1.134532,1.095678
316.800000,23.854006,9.760683,-1.715006,-0.661678,1.134558,1.098712
316.850000,23.846004,9.711328,-1.748012,-0.657018,1.135031,1.099732
316.900000,23.836386,9.662261,-1.780629,-0.646083,1.135666,1.099449
316.950000,23.825189,9.613531,-1.812540,-0.628795,1.136819,1.101548
317.000000,23.812466,9.565177,-1.843433,-0.605520,1.137453,1.103165
317.050000,23.798285,9.517230,-1.873034,-0.577446,1.136832,1.104068
317.100000,23.782727,9.469713,-1.901148,-0.546638,1.135551,1.105349
317.150000,23.765875,9.422638,-1.927704,-0.515715,1.134275,1.107624
317.200000,23.747815,9.376013,-1.952761,-0.487270,1.132718,1.109011
317.250000,23.728624,9.329843,-1.976498,-0.463229,1.131962,1.109438
317.300000,23.708368,9.284130,-1.999161,-0.444452,1.131394,1.109530
317.350000,23.687101,9.238878,-2.021014,-0.430656,1.131142,1.109421
317.400000,23.664863,9.194096,-2.042280,-0.420693,1.131231,1.109269
317.450000,23.641689,9.149791,-2.063114,-0.413012,1.131266,1.110063
317.500000,23.617604,9.105974,-2.083591,-0.406158,1.131153,1.110547
317.550000,23.592635,9.062655,-2.103726,-0.399108,1.130946,1.110754
317.600000,23.566806,9.019842,-2.123493,-0.391386,1.130277,1.110442
317.650000,23.540145,8.977544,-2.142856,-0.382992,1.129849,1.110451
317.700000,23.512678,8.935764,-2.161787,-0.374185,1.129113,1.110693
317.750000,23.484435,8.894505,-2.180275,-0.365308,1.127124,1.110845
317.800000,23.455443,8.853768,-2.198323,-0.356670,1.126388,1.110413
317.850000,23.425728,8.813555,-2.215951,-0.348546,1.125728,1.110301
317.900000,23.395318,8.773867,-2.233191,-0.341201,1.125397,1.110403
317.950000,23.364235,8.734703,-2.250088,-0.334916,1.125141,1.110659
318.000000,23.332500,8.696065,-2.266702,-0.329894,1.123490,1.109280
318.050000,23.300132,8.657956,-2.283096,-0.326085,1.120961,1.108830
318.100000,23.267146,8.620379,-2.299320,-0.322996,1.120040,1.106448
318.150000,23.233559,8.583340,-2.315388,-0.319586,1.120104,1.105396
318.200000,23.199384,8.546843,-2.331248,-0.314354,1.120402,1.105098
318.250000,23.164640,8.510886,-2.346769,-0.305686,1.123399,1.104809
318.300000,23.129351,8.475465,-2.361744,-0.292332,1.125023,1.104764
318.350000,23.093549,8.440562,-2.375924,-0.273897,1.124843,1.105157
318.400000,23.057273,8.406152,-2.389069,-0.251101,1.123980,1.106389
318.450000,23.020568,8.372200,-2.401000,-0.225717,1.122329,1.109795
318.500000,22.983482,8.338665,-2.411645,-0.200161,1.121020,1.114193
318.550000,22.946061,8.305502,-2.421057,-0.176888,1.120225,1.115875
318.600000,22.908349,8.272673,-2.429402,-0.157794,1.120395,1.116298
318.650000,22.870378,8.240143,-2.436917,-0.143840,1.120605,1.116295
318.700000,22.832174,8.207887,-2.443864,-0.134984,1.120860,1.116114
318.750000,22.793752,8.175891,-2.450479,-0.130401,1.121489,1.115882
318.800000,22.755122,8.144146,-2.456948,-0.128879,1.122102,1.115621
318.850000,22.716288,8.112651,-2.463392,-0.129161,1.122224,1.115576
318.900000,22.677252,8.081408,-2.469873,-0.130171,1.122118,1.115682
318.950000,22.638013,8.050419,-2.476405,-0.131042,1.121650,1.115779
319.000000,22.598572,8.019688,-2.482961,-0.130993,1.119972,1.115842
319.050000,22.558930,7.989215,-2.489476,-0.129244,1.119600,1.114733
319.100000,22.519093,7.958999,-2.495845,-0.125012,1.119826,1.113728
319.150000,22.479069,7.929032,-2.501928,-0.117681,1.120048,1.113427
319.200000,22.438868,7.899301,-2.507562,-0.107051,1.119929,1.112975
319.250000,22.398510,7.869785,-2.512590,-0.093558,1.119456,1.113244
319.300000,22.358014,7.840458,-2.516894,-0.078314,1.118799,1.114497
319.350000,22.317404,7.811289,-2.520424,-0.062926,1.118038,1.115462
319.400000,22.276702,7.782249,-2.523215,-0.049094,1.115114,1.114958
319.450000,22.235928,7.753309,-2.525381,-0.038165,1.113555,1.114897
319.500000,22.195099,7.724448,-2.527087,-0.030769,1.113318,1.114907
319.550000,22.154225,7.695650,-2.528508,-0.026708,1.113521,1.114008
319.600000,22.113313,7.666907,-2.529793,-0.025086,1.113989,1.111299
319.650000,22.072364,7.638215,-2.531033,-0.024672,1.114670,1.110377
319.700000,22.031380,7.609574,-2.532258,-0.024313,1.115060,1.112451
319.750000,21.990361,7.580983,-2.533452,-0.023271,1.115050,1.114368
319.800000,21.949310,7.552439,-2.534572,-0.021370,1.114896,1.115501
319.850000,21.908227,7.523939,-2.535582,-0.018940,1.114987,1.116507
319.900000,21.867118,7.495478,-2.536469,-0.016585,1.115426,1.116299
319.950000,21.825985,7.467051,-2.537253,-0.014937,1.115523,1.116177
320.000000,21.784831,7.438655,-2.537981,-0.014439,1.115542,1.116158
320.050000,21.743656,7.410289,-2.538718,-0.015265,1.116196,1.116026
320.100000,21.702459,7.381955,-2.539528,-0.017384,1.117684,1.115834
320.150000,21.661238,7.353656,-2.540474,-0.020677,1.118198,1.115702
320.200000,21.619987,7.325401,-2.541612,-0.025076,1.118509,1.116211
320.250000,21.578701,7.297197,-2.542999,-0.030606,1.118550,1.118686
320.300000,21.537371,7.269057,-2.544691,-0.037315,1.118493,1.119507
320.350000,21.495989,7.240994,-2.546748,-0.045141,1.118855,1.119443
320.400000,21.454544,7.213024,-2.549217,-0.053751,1.119210,1.119190
320.450000,21.413024,7.185167,-2.552123,-0.062493,1.119768,1.117141
320.500000,21.371417,7.157438,-2.555452,-0.070477,1.120281,1.114255
320.550000,21.329712,7.129857,-2.559142,-0.076763,1.120614,1.113286
320.600000,21.287903,7.102435,-2.563089,-0.080624,1.120715,1.113185
320.650000,21.245983,7.075182,-2.567162,-0.081737,1.120634,1.113340
320.700000,21.203953,7.048099,-2.571223,-0.080234,1.119427,1.113603
320.750000,21.161814,7.021186,-2.575153,-0.076591,1.118801,1.113899
320.800000,21.119573,6.994433,-2.578860,-0.071418,1.118525,1.114101
320.850000,21.077237,6.967832,-2.582280,-0.065219,1.117068,1.114264
320.900000,21.034814,6.941368,-2.585370,-0.058253,1.116617,1.114209
320.950000,20.992315,6.915028,-2.588094,-0.050550,1.116624,1.114176
321.000000,20.949749,6.888796,-2.590413,-0.042062,1.116611,1.110830
321.050000,20.907128,6.862653,-2.592289,-0.032858,1.116503,1.109797
321.100000,20.864464,6.836580,-2.593694,-0.023296,1.116150,1.110150
321.150000,20.821770,6.810557,-2.594625,-0.014023,1.114059,1.112838
321.200000,20.779057,6.784564,-2.595115,-0.005844,1.113027,1.116387
321.250000,20.736337,6.758583,-2.595239,0.000527,1.112760,1.117440
321.300000,20.693617,6.732602,-2.595098,0.004679,1.112729,1.115157
321.350000,20.650903,6.706611,-2.594805,0.006608,1.112910,1.114190
321.400000,20.608198,6.680607,-2.594466,0.006628,1.113384,1.113865
321.450000,20.565501,6.654588,-2.594165,0.005145,1.113526,1.113625
321.500000,20.522810,6.628559,-2.593970,0.002428,1.113502,1.113598
321.550000,20.480123,6.602525,-2.593941,-0.001531,1.113301,1.113799
321.600000,20.437433,6.576494,-2.594146,-0.006953,1.113111,1.113989
321.650000,20.394735,6.550478,-2.594663,-0.014034,1.112840,1.114036
321.700000,20.352017,6.524493,-2.595573,-0.022658,1.112655,1.113846
321.750000,20.309271,6.498556,-2.596941,-0.032204,1.113023,1.112854
321.800000,20.266482,6.472688,-2.598788,-0.041569,1.114152,1.108636
321.850000,20.223641,6.446908,-2.601072,-0.049424,1.114809,1.106991
321.900000,20.180736,6.421234,-2.603686,-0.054610,1.117666,1.110106
321.950000,20.137761,6.395677,-2.606481,-0.056537,1.119188,1.111359
322.000000,20.094714,6.370241,-2.609293,-0.055370,1.118429,1.115133
322.050000,20.051598,6.344924,-2.611986,-0.051995,1.117689,1.116811
322.100000,20.008415,6.319719,-2.614481,-0.047701,1.116920,1.117207
322.150000,19.965173,6.294617,-2.616765,-0.043796,1.116203,1.117424
322.200000,19.921876,6.269610,-2.618883,-0.041221,1.116111,1.115896
322.250000,19.878527,6.244693,-2.620915,-0.040370,1.116331,1.112033
322.300000,19.835128,6.219863,-2.622945,-0.041118,1.116562,1.110738
322.350000,19.791677,6.195123,-2.625043,-0.043020,1.116696,1.110604
322.400000,19.748174,6.170477,-2.627256,-0.045582,1.116780,1.110520
322.450000,19.704614,6.145929,-2.629605,-0.048445,1.116776,1.111047
322.500000,19.660996,6.121488,-2.632102,-0.051463,1.116670,1.112974
322.550000,19.617314,6.097158,-2.634754,-0.054604,1.116561,1.113564
322.600000,19.573566,6.072948,-2.637563,-0.057775,1.116573,1.115245
322.650000,19.529748,6.048865,-2.640526,-0.060650,1.116697,1.115703
322.700000,19.485858,6.024914,-2.643612,-0.062609,1.116968,1.115506
322.750000,19.441893,6.001101,-2.646757,-0.062804,1.118718,1.115277
322.800000,19.397854,5.977425,-2.649850,-0.060397,1.119407,1.115840
322.850000,19.353744,5.953882,-2.652747,-0.054841,1.119385,1.115068
322.900000,19.309569,5.930459,-2.655286,-0.046144,1.119095,1.115005
322.950000,19.265341,5.907138,-2.657325,-0.034983,1.118685,1.115415
323.000000,19.221072,5.883894,-2.658769,-0.022649,1.117591,1.115985
323.050000,19.176777,5.860701,-2.659601,-0.010783,1.116868,1.116532
323.100000,19.132469,5.837531,-2.659884,-0.001022,1.115978,1.118319
323.150000,19.088160,5.814365,-2.659758,0.005370,1.115272,1.118954
323.200000,19.043856,5.791187,-2.659410,0.007768,1.115233,1.118867
323.250000,18.999562,5.767993,-2.659041,0.006297,1.115437,1.117167
323.300000,18.955274,5.744786,-2.658826,0.001745,1.115526,1.115976
323.350000,18.910988,5.721574,-2.658892,-0.004630,1.115759,1.115391
323.400000,18.866697,5.698373,-2.659292,-0.011376,1.116002,1.114874
323.450000,18.822392,5.675197,-2.660011,-0.017129,1.116183,1.114542
323.500000,18.778069,5.652059,-2.660971,-0.020837,1.116350,1.114350
323.550000,18.733721,5.628966,-2.662052,-0.021915,1.116125,1.112183
323.600000,18.689348,5.605921,-2.663121,-0.020317,1.114145,1.109766
323.650000,18.644952,5.582922,-2.664051,-0.016507,1.113348,1.107409
323.700000,18.600537,5.559958,-2.664752,-0.011339,1.109698,1.106889
323.750000,18.556109,5.537020,-2.665183,-0.005854,1.107074,1.104888
323.800000,18.511674,5.514095,-2.665350,-0.001021,1.105306,1.104373
323.850000,18.467238,5.491173,-2.665307,0.002481,1.104765,1.104535
323.900000,18.422805,5.468245,-2.665126,0.004437,1.104788,1.104512
323.950000,18.378377,5.445308,-2.664882,0.005097,1.104957,1.104418
324.000000,18.333954,5.422359,-2.664626,0.005052,1.105214,1.104261
324.050000,18.289537,5.399399,-2.664376,0.004975,1.104259,1.104120
324.100000,18.245126,5.376428,-2.664120,0.005358,1.103933,1.105038
324.150000,18.200722,5.353445,-2.663832,0.006294,1.104904,1.105517
324.200000,18.156324,5.330448,-2.663489,0.007421,1.105061,1.106710
324.250000,18.111935,5.307435,-2.663099,0.008033,1.107062,1.111688
324.300000,18.067555,5.284404,-2.662709,0.007292,1.107661,1.113862
324.350000,18.023184,5.261357,-2.662404,0.004495,1.108622,1.114572
324.400000,17.978817,5.238301,-2.662298,-0.000743,1.110746,1.114598
324.450000,17.934449,5.215246,-2.662515,-0.008410,1.113658,1.114334
324.500000,17.890072,5.192211,-2.663170,-0.018146,1.114647,1.114127
324.550000,17.845673,5.169216,-2.664352,-0.029360,1.115383,1.113866
324.600000,17.801241,5.146287,-2.666116,-0.041344,1.115749,1.113651
324.650000,17.756761,5.123449,-2.668485,-0.053351,1.116553,1.113370
324.700000,17.712220,5.100730,-2.671438,-0.064592,1.117005,1.113169
324.750000,17.667607,5.078154,-2.674917,-0.074215,1.118116,1.112907
324.800000,17.622911,5.055744,-2.678818,-0.081297,1.118664,1.112636
324.850000,17.578124,5.033515,-2.682990,-0.084907,1.119737,1.112461
324.900000,17.533243,5.011476,-2.687240,-0.084253,1.120083,1.112417
324.950000,17.488270,4.989625,-2.691340,-0.078848,1.119257,1.112420
325.000000,17.443212,4.967951,-2.695052,-0.068710,1.117884,1.112543
325.050000,17.398080,4.946432,-2.698149,-0.054430,1.117107,1.113068
325.100000,17.352890,4.925034,-2.700451,-0.037177,1.116487,1.113639
325.150000,17.307660,4.903721,-2.701849,-0.018552,1.115835,1.114190
325.200000,17.262410,4.882449,-2.702318,-0.000394,1.112880,1.112405
325.250000,17.217160,4.861179,-2.701929,0.015456,1.109244,1.112061
325.300000,17.171926,4.839875,-2.700839,0.027313,1.108167,1.112333
325.350000,17.126721,4.818510,-2.699284,0.033802,1.108020,1.112480
325.400000,17.081551,4.797070,-2.697560,0.033931,1.107969,1.110060
325.450000,17.036417,4.775554,-2.695999,0.027188,1.107417,1.109184
325.500000,16.991312,4.753978,-2.694946,0.013646,1.106811,1.108766
325.550000,16.946221,4.732372,-2.694726,-0.005930,1.107063,1.106814
325.600000,16.901123,4.710780,-2.695606,-0.030016,1.107713,1.105687
325.650000,16.855993,4.689256,-2.697758,-0.056403,1.108571,1.104829
325.700000,16.810803,4.667859,-2.701234,-0.082425,1.110771,1.104053
325.750000,16.765525,4.646649,-2.705947,-0.105378,1.114088,1.104211
325.800000,16.720136,4.625676,-2.711684,-0.123010,1.115448,1.105352
325.850000,16.674620,4.604981,-2.718141,-0.133973,1.116876,1.106525
325.900000,16.628966,4.584591,-2.724974,-0.138058,1.117276,1.107050
325.950000,16.583174,4.564515,-2.731855,-0.136150,1.117174,1.109180
326.000000,16.537246,4.544751,-2.738525,-0.129905,1.116734,1.110266
326.050000,16.491190,4.525285,-2.744813,-0.121259,1.116263,1.112392
326.100000,16.445018,4.506099,-2.750645,-0.111968,1.117544,1.115718
326.150000,16.398739,4.487172,-2.756022,-0.103307,1.119086,1.117545
326.200000,16.352362,4.468484,-2.760999,-0.096036,1.122449,1.117711
326.250000,16.305897,4.450020,-2.765655,-0.090555,1.123425,1.117675
326.300000,16.259348,4.431766,-2.770087,-0.087154,1.123341,1.117759
326.350000,16.212719,4.413716,-2.774409,-0.086170,1.121051,1.117489
326.400000,16.166014,4.395868,-2.778749,-0.087973,1.119524,1.117272
326.450000,16.119229,4.378225,-2.783254,-0.092772,1.119205,1.117295
326.500000,16.072364,4.360801,-2.788069,-0.100341,1.119898,1.117129
326.550000,16.025411,4.343612,-2.793316,-0.109832,1.118325,1.116689
326.600000,15.978365,4.326681,-2.799056,-0.119815,1.120514,1.112127
326.650000,15.931219,4.310032,-2.805273,-0.128522,1.121907,1.106572
326.700000,15.883966,4.293685,-2.811859,-0.134299,1.123079,1.105051
326.750000,15.836605,4.277656,-2.818636,-0.135999,1.123298,1.105102
326.800000,15.789137,4.261948,-2.825388,-0.133237,1.122929,1.110761
326.850000,15.741565,4.246556,-2.831897,-0.126382,1.120284,1.112999
326.900000,15.693897,4.231465,-2.837978,-0.116333,1.119209,1.113391
326.950000,15.646142,4.216650,-2.843500,-0.104195,1.118031,1.112601
327.000000,15.598310,4.202085,-2.848384,-0.091019,1.117134,1.112412
327.050000,15.550413,4.187737,-2.852600,-0.077648,1.117249,1.111469
327.100000,15.502460,4.173576,-2.856157,-0.064749,1.116720,1.111326
327.150000,15.454462,4.159570,-2.859093,-0.052883,1.115170,1.111670
327.200000,15.406427,4.145691,-2.861471,-0.042559,1.114521,1.111979
327.250000,15.358362,4.131915,-2.863381,-0.034228,1.112446,1.112161
327.300000,15.310274,4.118221,-2.864930,-0.028139,1.111653,1.112347
327.350000,15.262166,4.104596,-2.866229,-0.024218,1.111297,1.112400
327.400000,15.214042,4.091029,-2.867376,-0.021958,1.111310,1.111911
327.450000,15.165903,4.077515,-2.868435,-0.020483,1.111500,1.111449
327.500000,15.117750,4.064051,-2.869418,-0.018756,1.112119,1.111160
327.550000,15.069584,4.050631,-2.870291,-0.015900,1.112684,1.110943
327.600000,15.021408,4.037249,-2.870983,-0.011519,1.112749,1.110951
327.650000,14.973225,4.023895,-2.871424,-0.005891,1.112452,1.111324
327.700000,14.925037,4.010555,-2.871570,0.000054,1.111947,1.112610
327.750000,14.876849,3.997215,-2.871437,0.005017,1.111165,1.113332
327.800000,14.828665,3.983864,-2.871107,0.007723,1.110747,1.115394
327.850000,14.780486,3.970494,-2.870715,0.007362,1.110715,1.115985
327.900000,14.732311,3.957107,-2.870421,0.003835,1.114599,1.115660
327.950000,14.684139,3.943712,-2.870369,-0.002211,1.117453,1.115462
328.000000,14.635965,3.930322,-2.870661,-0.009632,1.118286,1.117082
328.050000,14.587785,3.916955,-2.871331,-0.017134,1.118581,1.117419
328.100000,14.539593,3.903629,-2.872356,-0.023652,1.118632,1.117368
328.150000,14.491386,3.890360,-2.873669,-0.028552,1.113139,1.115439
328.200000,14.443160,3.877160,-2.875183,-0.031673,1.111233,1.114664
328.250000,14.394914,3.864035,-2.876812,-0.033200,1.111192,1.110064
328.300000,14.346645,3.850991,-2.878484,-0.033464,1.111244,1.108556
328.350000,14.298355,3.838027,-2.880144,-0.032797,1.111300,1.108500
328.400000,14.250044,3.825142,-2.881753,-0.031441,1.111340,1.108460
328.450000,14.201712,3.812333,-2.883281,-0.029570,1.111289,1.108511
328.500000,14.153362,3.799595,-2.884705,-0.027334,1.111246,1.108554
328.550000,14.104994,3.786924,-2.886011,-0.024877,1.110513,1.108682
328.600000,14.056611,3.774312,-2.887191,-0.022290,1.109657,1.108813
328.650000,14.008213,3.761755,-2.888237,-0.019516,1.109351,1.108949
328.700000,13.959804,3.749245,-2.889133,-0.016231,1.109319,1.108981
328.750000,13.911384,3.736773,-2.889840,-0.011801,1.110562,1.108950
328.800000,13.862957,3.724330,-2.890280,-0.005387,1.111389,1.109949
328.850000,13.814527,3.711900,-2.890333,0.003799,1.111565,1.111446
328.900000,13.766099,3.699459,-2.889849,0.016140,1.113592,1.112610
328.950000,13.717682,3.686979,-2.888677,0.031250,1.113932,1.113168
329.000000,13.669284,3.674424,-2.886705,0.047796,1.113296,1.116531
329.050000,13.620916,3.661752,-2.883915,0.063552,1.110539,1.118267
329.100000,13.572589,3.648928,-2.880412,0.075801,1.109023,1.121905
329.150000,13.524310,3.635922,-2.876439,0.081911,1.108518,1.123358
329.200000,13.476084,3.622720,-2.872352,0.080008,1.108714,1.123414
329.250000,13.427912,3.609327,-2.868575,0.069467,1.112967,1.122950
329.300000,13.379785,3.595768,-2.865526,0.051117,1.116063,1.122175
329.350000,13.331693,3.582087,-2.863548,0.027088,1.117341,1.121183
329.400000,13.283620,3.568341,-2.862853,0.000344,1.119531,1.117830
329.450000,13.235547,3.554594,-2.863498,-0.025917,1.119606,1.113826
329.500000,13.187456,3.540909,-2.865386,-0.048862,1.119939,1.109628
329.550000,13.139332,3.527340,-2.868295,-0.066439,1.119011,1.108399
329.600000,13.091164,3.513930,-2.871926,-0.077589,1.118632,1.108368
329.650000,13.042945,3.500705,-2.875950,-0.082196,1.118478,1.109053
329.700000,12.994672,3.487678,-2.880053,-0.080880,1.117139,1.110789
329.750000,12.946347,3.474846,-2.883964,-0.074718,1.116580,1.111420
329.800000,12.897974,3.462193,-2.887471,-0.064985,1.116373,1.111627
329.850000,12.849561,3.449697,-2.890429,-0.052953,1.116115,1.111581
329.900000,12.801114,3.437330,-2.892751,-0.039771,1.113816,1.111581
329.950000,12.752643,3.425059,-2.894405,-0.026406,1.111763,1.111874
330.000000,12.704157,3.412851,-2.895402,-0.013600,1.111024,1.112276
330.050000,12.655661,3.400677,-2.895783,-0.001849,1.110799,1.112501
330.100000,12.607165,3.388508,-2.895609,0.008579,1.110687,1.112613
330.150000,12.558673,3.376318,-2.894948,0.017599,1.110818,1.113014
330.200000,12.510193,3.364086,-2.893871,0.025216,1.110983,1.113701
330.250000,12.461727,3.351793,-2.892448,0.031427,1.111236,1.114424
330.300000,12.413282,3.339424,-2.890752,0.036134,1.111550,1.114654
330.350000,12.364858,3.326968,-2.888863,0.039140,1.111557,1.117403
330.400000,12.316459,3.314418,-2.886870,0.040213,1.113075,1.118321
330.450000,12.268085,3.301770,-2.884874,0.039219,1.115176,1.118396
330.500000,12.219735,3.289029,-2.882978,0.036264,1.118837,1.118835
330.550000,12.171409,3.276199,-2.881271,0.031769,1.120020,1.119008
330.600000,12.123104,3.263293,-2.879813,0.026422,1.120377,1.120851
330.650000,12.074815,3.250324,-2.878628,0.021028,1.120720,1.121180
330.700000,12.026540,3.237303,-2.877699,0.016261,1.120937,1.120963
330.750000,11.978276,3.224243,-2.876986,0.012444,1.120997,1.120751
330.800000,11.930020,3.211153,-2.876442,0.009436,1.120922,1.119942
330.850000,11.881770,3.198040,-2.876040,0.006668,1.117538,1.119946
330.900000,11.833525,3.184911,-2.875786,0.003384,1.116294,1.118990
330.950000,11.785281,3.171774,-2.875722,-0.001087,1.116214,1.117470
331.000000,11.737037,3.158640,-2.875918,-0.007031,1.116186,1.116886
331.050000,11.688788,3.145523,-2.876444,-0.014190,1.116421,1.116579
331.100000,11.640530,3.132441,-2.877342,-0.021791,1.116596,1.115036
331.150000,11.592258,3.119411,-2.878609,-0.028713,1.116776,1.112904
331.200000,11.543967,3.106450,-2.880182,-0.033812,1.116957,1.112243
331.250000,11.495654,3.093570,-2.881945,-0.036193,1.117106,1.112094
331.300000,11.447319,3.080776,-2.883751,-0.035456,1.117075,1.112125
331.350000,11.398961,3.068069,-2.885444,-0.031755,1.116836,1.112441
331.400000,11.350582,3.055437,-2.886891,-0.025713,1.116512,1.114156
331.450000,11.302188,3.042867,-2.887995,-0.018202,1.115997,1.115027
331.500000,11.253782,3.030342,-2.888703,-0.010077,1.115682,1.116154
331.550000,11.205370,3.017841,-2.889003,-0.001931,1.115482,1.117302
331.600000,11.156957,3.005344,-2.888900,0.006013,1.115821,1.117711
331.650000,11.108548,2.992833,-2.888403,0.013869,1.116232,1.117772
331.700000,11.060147,2.980288,-2.887510,0.021888,1.116283,1.117817
331.750000,11.011760,2.967691,-2.886209,0.030233,1.116183,1.117993
331.800000,10.963392,2.955020,-2.884485,0.038727,1.115915,1.118285
331.850000,10.915049,2.942255,-2.882345,0.046774,1.115540,1.119496
331.900000,10.866736,2.929378,-2.879833,0.053392,1.115202,1.121999
331.950000,10.818457,2.916373,-2.877049,0.057440,1.114851,1.122949
332.000000,10.770215,2.903229,-2.874149,0.057871,1.115932,1.123845
332.050000,10.722012,2.889947,-2.871332,0.053989,1.116738,1.123966
332.100000,10.673844,2.876536,-2.868821,0.045610,1.117402,1.123627
332.150000,10.625706,2.863015,-2.866836,0.033082,1.117929,1.123171
332.200000,10.577591,2.849416,-2.865564,0.017234,1.118349,1.121990
332.250000,10.529488,2.835775,-2.865143,-0.000761,1.118499,1.121373
332.300000,10.481384,2.822137,-2.865648,-0.019512,1.117815,1.119474
332.350000,10.433267,2.808545,-2.867080,-0.037540,1.117095,1.112709
332.400000,10.385125,2.795043,-2.869365,-0.053418,1.116593,1.110346
332.450000,10.336946,2.781669,-2.872365,-0.065899,1.116841,1.109859
332.500000,10.288725,2.768453,-2.875884,-0.074065,1.116840,1.109555
332.550000,10.240455,2.755414,-2.879694,-0.077456,1.116732,1.108655
332.600000,10.192135,2.742562,-2.883554,-0.076088,1.116543,1.108557
332.650000,10.143766,2.729893,-2.887236,-0.070424,1.115008,1.108873
332.700000,10.095354,2.717394,-2.890542,-0.061211,1.112889,1.109392
332.750000,10.046903,2.705042,-2.893316,-0.049298,1.112127,1.110154
332.800000,9.998423,2.692810,-2.895443,-0.035477,1.111801,1.110599
332.850000,9.949921,2.680664,-2.896845,-0.020371,1.111535,1.110865
332.900000,9.901406,2.668566,-2.897468,-0.004445,1.111264,1.111136
332.950000,9.852889,2.656480,-2.897283,0.011936,1.110968,1.111737
333.000000,9.804379,2.644364,-2.896275,0.028387,1.110563,1.112314
333.050000,9.755886,2.632180,-2.894452,0.044430,1.110973,1.112765
333.100000,9.707421,2.619889,-2.891850,0.059435,1.111176,1.114043
333.150000,9.658992,2.607453,-2.888539,0.072644,1.110897,1.114703
333.200000,9.610608,2.594843,-2.884629,0.083212,1.110611,1.115903
333.250000,9.562277,2.582031,-2.880275,0.090297,1.110720,1.116385
333.300000,9.514004,2.569003,-2.875669,0.093124,1.110705,1.116495
333.350000,9.465793,2.555751,-2.871042,0.091059,1.111688,1.116427
333.400000,9.417641,2.542280,-2.866649,0.083674,1.111610,1.116332
333.450000,9.369547,2.528610,-2.862762,0.070843,1.111237,1.116106
333.500000,9.321500,2.514770,-2.859647,0.052832,1.111884,1.115774
333.550000,9.273490,2.500803,-2.857547,0.030410,1.112527,1.115273
333.600000,9.225502,2.486765,-2.856651,0.004910,1.113175,1.114854
333.650000,9.177516,2.472714,-2.857070,-0.021803,1.114003,1.114097
333.700000,9.129516,2.458716,-2.858809,-0.047470,1.115316,1.113242
333.750000,9.081483,2.444831,-2.861757,-0.069730,1.116339,1.112513
333.800000,9.033401,2.431112,-2.865689,-0.086474,1.117281,1.110168
333.850000,8.985262,2.417600,-2.870290,-0.096216,1.117622,1.108615
333.900000,8.937058,2.404319,-2.875188,-0.098343,1.117548,1.108452
333.950000,8.888790,2.391273,-2.880009,-0.093219,1.117202,1.108798
334.000000,8.840462,2.378451,-2.884417,-0.082052,1.117360,1.111775
334.050000,8.792082,2.365827,-2.888151,-0.066606,1.116966,1.113593
334.100000,8.743660,2.353364,-2.891045,-0.048812,1.116395,1.114305
334.150000,8.695208,2.341019,-2.893026,-0.030414,1.115942,1.114758
334.200000,8.646737,2.328748,-2.894099,-0.012685,1.115246,1.115148
334.250000,8.598258,2.316508,-2.894319,0.003639,1.114499,1.114729
334.300000,8.549782,2.304259,-2.893762,0.018315,1.113976,1.114694
334.350000,8.501317,2.291966,-2.892513,0.031362,1.113782,1.114282
334.400000,8.452870,2.279598,-2.890651,0.042818,1.113603,1.114297
334.450000,8.404451,2.267126,-2.888260,0.052509,1.112396,1.114509
334.500000,8.356064,2.254528,-2.885438,0.059971,1.111792,1.115268
334.550000,8.307715,2.241785,-2.882312,0.064502,1.107727,1.115263
334.600000,8.259407,2.228887,-2.879047,0.065391,1.106330,1.115370
334.650000,8.211142,2.215832,-2.875839,0.062208,1.106275,1.114889
334.700000,8.162917,2.202627,-2.872890,0.055031,1.106491,1.113973
334.750000,8.114728,2.189291,-2.870387,0.044557,1.106990,1.113310
334.800000,8.066570,2.175847,-2.868465,0.031991,1.111605,1.112677
334.850000,8.018432,2.162327,-2.867195,0.018766,1.113804,1.113074
334.900000,7.970308,2.148761,-2.866574,0.006212,1.114230,1.113453
334.950000,7.922188,2.135180,-2.866546,-0.004741,1.115217,1.114344
335.000000,7.874064,2.121610,-2.867016,-0.013694,1.116380,1.115481
335.050000,7.825932,2.108072,-2.867885,-0.020745,1.116636,1.115764
335.100000,7.777785,2.094585,-2.869068,-0.026311,1.116641,1.114917
335.150000,7.729621,2.081160,-2.870502,-0.030897,1.116725,1.114575
335.200000,7.681436,2.067810,-2.872149,-0.034910,1.117409,1.114427
335.250000,7.633229,2.054544,-2.873987,-0.038551,1.117748,1.114252
335.300000,7.584995,2.041370,-2.875997,-0.041779,1.117814,1.114186
335.350000,7.536734,2.028298,-2.878154,-0.044367,1.117873,1.113361
335.400000,7.488445,2.015332,-2.880417,-0.045933,1.117323,1.113141
335.450000,7.440125,2.002477,-2.882722,-0.046008,1.117207,1.112250
335.500000,7.391777,1.989732,-2.884984,-0.044097,1.117276,1.111924
335.550000,7.343400,1.977094,-2.887092,-0.039743,1.116359,1.111233
335.600000,7.294999,1.964552,-2.888914,-0.032650,1.115984,1.110733
335.650000,7.246578,1.952088,-2.890312,-0.022784,1.115832,1.111151
335.700000,7.198142,1.939678,-2.891154,-0.010472,1.114949,1.111615
335.750000,7.149700,1.927294,-2.891334,0.003544,1.113304,1.112636
335.800000,7.101260,1.914901,-2.890793,0.018173,1.112345,1.113302
335.850000,7.052832,1.902465,-2.889532,0.032076,1.111812,1.113788
335.900000,7.004423,1.889951,-2.887622,0.043876,1.111450,1.114150
335.950000,6.956042,1.877331,-2.885200,0.052354,1.110171,1.114433
336.000000,6.907693,1.864586,-2.882455,0.056666,1.108452,1.114546
336.050000,6.859381,1.851705,-2.879607,0.056473,1.108104,1.115032
336.100000,6.811105,1.838688,-2.876876,0.052019,1.108251,1.115049
336.150000,6.762863,1.825546,-2.874458,0.044092,1.108541,1.114222
336.200000,6.714650,1.812298,-2.872500,0.033902,1.111490,1.113715
336.250000,6.666459,1.798969,-2.871079,0.022842,1.112950,1.113280
336.300000,6.618284,1.785585,-2.870205,0.012239,1.113767,1.112303
336.350000,6.570117,1.772170,-2.869829,0.003078,1.114110,1.111890
336.400000,6.521952,1.758748,-2.869865,-0.004153,1.114206,1.111794
336.450000,6.473785,1.745336,-2.870215,-0.009505,1.113985,1.112475
336.500000,6.425611,1.731946,-2.870794,-0.013411,1.113772,1.112828
336.550000,6.377428,1.718588,-2.871544,-0.016473,1.113690,1.112910
336.600000,6.329235,1.705270,-2.872436,-0.019166,1.113746,1.112854
336.650000,6.281028,1.691999,-2.873458,-0.021665,1.113966,1.111331
336.700000,6.232808,1.678779,-2.874596,-0.023785,1.114175,1.110725
336.750000,6.184571,1.665617,-2.875822,-0.025066,1.114340,1.110484
336.800000,6.136318,1.652514,-2.877079,-0.024972,1.114377,1.110423
336.850000,6.088049,1.639472,-2.878289,-0.023079,1.114350,1.110450
336.900000,6.039765,1.626485,-2.879356,-0.019232,1.114056,1.111280
336.950000,5.991469,1.613544,-2.880184,-0.013601,1.113644,1.111703
337.000000,5.943164,1.600636,-2.880695,-0.006622,1.113376,1.112460
337.050000,5.894855,1.587743,-2.880836,0.001114,1.113165,1.112988
337.100000,5.846546,1.574848,-2.880583,0.009002,1.112744,1.113303
337.150000,5.798244,1.561931,-2.879942,0.016547,1.112518,1.114478
337.200000,5.749951,1.548975,-2.878940,0.023387,1.112510,1.115556
337.250000,5.701674,1.535962,-2.877619,0.029294,1.112566,1.115734
337.300000,5.653417,1.522879,-2.876030,0.034043,1.112516,1.115784
337.350000,5.605181,1.509713,-2.874239,0.037321,1.112800,1.115807
337.400000,5.556970,1.496459,-2.872331,0.038643,1.113069,1.118466
337.450000,5.508784,1.483111,-2.870418,0.037381,1.112974,1.121265
337.500000,5.460624,1.469674,-2.868645,0.032914,1.115197,1.121978
337.550000,5.412485,1.456159,-2.867185,0.024860,1.116713,1.122260
337.600000,5.364363,1.442584,-2.866215,0.013329,1.117584,1.122406
337.650000,5.316250,1.428978,-2.865893,-0.000908,1.118925,1.122041
337.700000,5.268136,1.415374,-2.866322,-0.016420,1.119765,1.121435
337.750000,5.220011,1.401810,-2.867520,-0.031311,1.120441,1.118536
337.800000,5.171865,1.388320,-2.869407,-0.043592,1.121026,1.117274
337.850000,5.123690,1.374935,-2.871807,-0.051610,1.121330,1.116740
337.900000,5.075481,1.361672,-2.874483,-0.054465,1.121364,1.116330
337.950000,5.027236,1.348541,-2.877173,-0.052249,1.121125,1.115018
338.000000,4.978958,1.335534,-2.879647,-0.046047,1.120291,1.114949
338.050000,4.930649,1.322639,-2.881749,-0.037716,1.115841,1.112972
338.100000,4.882317,1.309834,-2.883425,-0.029425,1.114185,1.112331
338.150000,4.833965,1.297101,-2.884728,-0.023147,1.113808,1.112592
338.200000,4.785599,1.284425,-2.885794,-0.020150,1.113214,1.112726
338.250000,4.737219,1.271799,-2.886799,-0.020672,1.113210,1.111977
338.300000,4.688827,1.259222,-2.887902,-0.023847,1.113599,1.111401
338.350000,4.640419,1.246704,-2.889193,-0.027901,1.111333,1.110294
338.400000,4.591994,1.234253,-2.890664,-0.030587,1.110982,1.109311
338.450000,4.543551,1.221875,-2.892191,-0.029747,1.111207,1.108993
338.500000,4.495089,1.209568,-2.893554,-0.023843,1.112010,1.109340
338.550000,4.446613,1.197318,-2.894484,-0.012341,1.111894,1.109806
338.600000,4.398129,1.185096,-2.894710,0.004161,1.111305,1.110395
338.650000,4.349649,1.172865,-2.894018,0.024045,1.110491,1.112666
338.700000,4.301183,1.160574,-2.892294,0.045016,1.110500,1.113867
338.750000,4.252744,1.148175,-2.889546,0.064545,1.110063,1.115304
338.800000,4.204346,1.135621,-2.885906,0.080273,1.108828,1.116005
338.850000,4.155998,1.122874,-2.881614,0.090355,1.109109,1.116336
338.900000,4.107708,1.109909,-2.876983,0.093603,1.109350,1.116350
338.950000,4.059479,1.096721,-2.872371,0.089552,1.109509,1.116268
339.000000,4.011309,1.083317,-2.868141,0.078390,1.110898,1.115977
339.050000,3.963192,1.069726,-2.864632,0.060890,1.112523,1.115599
339.100000,3.915116,1.055990,-2.862130,0.038336,1.113323,1.115077
339.150000,3.867066,1.042162,-2.860848,0.012461,1.113993,1.114330
339.200000,3.819024,1.028304,-2.860899,-0.014631,1.114736,1.113180
339.250000,3.770973,1.014481,-2.862287,-0.040594,1.117163,1.112175
339.300000,3.722894,1.000755,-2.864896,-0.063065,1.118862,1.111399
339.350000,3.674772,0.987180,-2.868498,-0.079943,1.119542,1.110858
339.400000,3.626597,0.973795,-2.872773,-0.089709,1.119793,1.110607
339.450000,3.578363,0.960625,-2.877342,-0.091656,1.119831,1.110569
339.500000,3.530069,0.947675,-2.881817,-0.086033,1.119587,1.110813
339.550000,3.481720,0.934932,-2.885844,-0.073966,1.118040,1.111359
339.600000,3.433325,0.922367,-2.889143,-0.057252,1.115398,1.112778
339.650000,3.384894,0.909940,-2.891534,-0.037992,1.114186,1.113714
339.700000,3.336439,0.897605,-2.892940,-0.018242,1.112989,1.114757
339.750000,3.287973,0.885314,-2.893381,0.000318,1.112984,1.115333
339.800000,3.239507,0.873023,-2.892948,0.016566,1.114230,1.115657
339.850000,3.191052,0.860693,-2.891771,0.029995,1.114457,1.115843
339.900000,3.142614,0.848290,-2.889993,0.040621,1.114087,1.115982
339.950000,3.094202,0.835790,-2.887746,0.048840,1.113894,1.116106
340.000000,3.045820,0.823172,-2.885137,0.055215,1.112901,1.116175
340.050000,2.997474,0.810420,-2.882245,0.060281,1.112558,1.116242
340.100000,2.949166,0.797523,-2.879124,0.064378,1.112518,1.116282
340.150000,2.900899,0.784471,-2.875823,0.067503,1.113204,1.116290
340.200000,2.852677,0.771256,-2.872397,0.069278,1.114298,1.116481
340.250000,2.804501,0.757874,-2.868931,0.068972,1.115163,1.116939
340.300000,2.756371,0.744327,-2.865550,0.065672,1.115342,1.117212
340.350000,2.708286,0.730623,-2.862428,0.058514,1.115309,1.119219
340.400000,2.660241,0.716779,-2.859771,0.046970,1.115476,1.119624
340.450000,2.612228,0.702824,-2.857801,0.031063,1.115711,1.119235
340.500000,2.564237,0.688794,-2.856723,0.011451,1.116158,1.117276
340.550000,2.516253,0.674737,-2.856693,-0.010622,1.116171,1.115748
340.600000,2.468262,0.660706,-2.857795,-0.033550,1.116228,1.114986
340.650000,2.420248,0.646755,-2.860029,-0.055588,1.116633,1.114467
340.700000,2.372195,0.632937,-2.863309,-0.075110,1.116473,1.114010
340.750000,2.324091,0.619299,-2.867474,-0.090735,1.116625,1.113675
340.800000,2.275926,0.605878,-2.872300,-0.101424,1.117115,1.112104
340.850000,2.227694,0.592700,-2.877523,-0.106479,1.117078,1.110973
340.900000,2.179392,0.579779,-2.882851,-0.105562,1.116829,1.108035
340.950000,2.131024,0.567111,-2.887983,-0.098698,1.116683,1.107317
341.000000,2.082593,0.554681,-2.892632,-0.086298,1.116343,1.107657
341.050000,2.034110,0.542460,-2.896538,-0.069165,1.114634,1.108129
341.100000,1.985585,0.530405,-2.899493,-0.048430,1.113584,1.109590
341.150000,1.937031,0.518468,-2.901348,-0.025451,1.112692,1.111636
341.200000,1.888462,0.506592,-2.902028,-0.001669,1.111954,1.112646
341.250000,1.839891,0.494721,-2.901528,0.021551,1.111261,1.113184
341.300000,1.791334,0.482797,-2.899905,0.043018,1.110202,1.113656
341.350000,1.742802,0.470770,-2.897272,0.061775,1.109811,1.114044
341.400000,1.694307,0.458594,-2.893785,0.077060,1.109609,1.114291
341.450000,1.645860,0.446231,-2.889633,0.088276,1.109007,1.114583
341.500000,1.597467,0.433656,-2.885033,0.094920,1.108748,1.115527
341.550000,1.549134,0.420852,-2.880223,0.096607,1.108586,1.116766
341.600000,1.500863,0.407816,-2.875457,0.093107,1.108643,1.117345
341.650000,1.452654,0.394557,-2.870995,0.084476,1.108813,1.117829
341.700000,1.404500,0.381094,-2.867085,0.071153,1.109648,1.117694
341.750000,1.356394,0.367462,-2.863939,0.054053,1.110842,1.116735
341.800000,1.308326,0.353699,-2.861716,0.034514,1.111615,1.115985
341.850000,1.260281,0.339854,-2.860497,0.014156,1.112363,1.113997
341.900000,1.212246,0.325974,-2.860283,-0.005381,1.116051,1.112971
341.950000,1.164207,0.312107,-2.860996,-0.022734,1.118128,1.112470
342.000000,1.116153,0.298294,-2.862505,-0.037036,1.118599,1.112511
342.050000,1.068074,0.284570,-2.864646,-0.048034,1.118644,1.112556
342.100000,1.019962,0.270960,-2.867259,-0.055987,1.118512,1.112688
342.150000,0.971812,0.257485,-2.870206,-0.061455,1.117735,1.112767
342.200000,0.923621,0.244157,-2.873375,-0.065004,1.117601,1.112854
342.250000,0.875387,0.230986,-2.876681,-0.066963,1.117682,1.112431
342.300000,0.827109,0.217976,-2.880045,-0.067326,1.117885,1.112115
342.350000,0.778788,0.205128,-2.883381,-0.065778,1.117992,1.112008
342.400000,0.730425,0.192439,-2.886584,-0.061921,1.119376,1.112020
342.450000,0.682023,0.179899,-2.889531,-0.055486,1.119674,1.112126
342.500000,0.633586,0.167492,-2.892093,-0.046575,1.119500,1.113076
342.550000,0.585121,0.155199,-2.894158,-0.035721,1.117853,1.113628
342.600000,0.536634,0.142991,-2.895650,-0.023813,1.116999,1.114101
342.650000,0.488133,0.130842,-2.896541,-0.011858,1.116442,1.114658
342.700000,0.439624,0.118721,-2.896850,-0.000668,1.113885,1.116439
342.750000,0.391115,0.106603,-2.896627,0.009402,1.113094,1.117006
342.800000,0.342612,0.094461,-2.895924,0.018559,1.112485,1.116994
342.850000,0.294119,0.082275,-2.894773,0.027467,1.112485,1.116893
342.900000,0.245644,0.070022,-2.893167,0.036912,1.112625,1.116775
342.950000,0.197191,0.057679,-2.891065,0.047370,1.112516,1.116884
343.000000,0.148768,0.045222,-2.888417,0.058649,1.112094,1.117306
343.050000,0.100382,0.032622,-2.885207,0.069693,1.111558,1.117842
343.100000,0.052039,0.019855,-2.881486,0.078718,1.110946,1.118765
343.150000,0.003747,0.006898,-2.877407,0.083605,1.110327,1.119706
