s,x,y,heading,kappa,w_left,w_right
0.000000,-0.078978,-0.088241,2.404151,0.007705,1.167351,1.414896
0.099996,-0.153020,-0.021033,2.404921,0.007688,1.178510,1.409927
0.199993,-0.227114,0.046119,2.405689,0.007669,1.189735,1.399654
0.299989,-0.301260,0.113214,2.406455,0.007649,1.193266,1.391383
0.399985,-0.375456,0.180252,2.407218,0.007626,1.193193,1.386775
0.499982,-0.449704,0.247234,2.407980,0.007601,1.201387,1.387538
0.599978,-0.524003,0.314159,2.408738,0.007575,1.213328,1.386324
0.699974,-0.598352,0.381028,2.409494,0.007546,1.213760,1.380333
0.799970,-0.672752,0.447840,2.410247,0.007515,1.211318,1.376753
0.899967,-0.747202,0.514597,2.410997,0.007484,1.213401,1.374332
0.999963,-0.821702,0.581298,2.411744,0.007449,1.219593,1.372958
1.099959,-0.896251,0.647944,2.412487,0.007414,1.224091,1.371669
1.199956,-0.970850,0.714534,2.413227,0.007377,1.224801,1.368081
1.299952,-1.045498,0.781069,2.413962,0.007337,1.227276,1.363899
1.399948,-1.120195,0.847549,2.414694,0.007297,1.232764,1.363073
1.499945,-1.194940,0.913975,2.415422,0.007255,1.244215,1.361284
1.599941,-1.269734,0.980347,2.416145,0.007211,1.250620,1.355475
1.699937,-1.344575,1.046664,2.416864,0.007166,1.252343,1.346735
1.799933,-1.419464,1.112929,2.417578,0.007120,1.256301,1.334772
1.899930,-1.494400,1.179139,2.418288,0.007072,1.259537,1.330175
1.999926,-1.569383,1.245297,2.418992,0.007023,1.265113,1.326345
2.099922,-1.644412,1.311402,2.419692,0.006973,1.268671,1.321646
2.199919,-1.719488,1.377455,2.420387,0.006921,1.267120,1.318102
2.299915,-1.794609,1.443455,2.421076,0.006868,1.265822,1.318220
2.399911,-1.869775,1.509404,2.421760,0.006814,1.267754,1.318999
2.499908,-1.944986,1.575302,2.422439,0.006759,1.274566,1.319162
2.599904,-2.020242,1.641149,2.423112,0.006703,1.277491,1.316092
2.699900,-2.095542,1.706946,2.423779,0.006645,1.279306,1.313533
2.799897,-2.170885,1.772692,2.424441,0.006587,1.281303,1.311732
2.899893,-2.246272,1.838389,2.425097,0.006528,1.284715,1.309240
2.999889,-2.321702,1.904037,2.425747,0.006467,1.289341,1.305327
3.099885,-2.397174,1.969636,2.426390,0.006406,1.290925,1.300680
3.199882,-2.472688,2.035186,2.427028,0.006344,1.286992,1.294876
3.299878,-2.548244,2.100689,2.427659,0.006281,1.288588,1.294295
3.399874,-2.623841,2.166144,2.428284,0.006217,1.293192,1.294790
3.499871,-2.699479,2.231552,2.428902,0.006153,1.300307,1.286043
3.599867,-2.775156,2.296914,2.429514,0.006088,1.302928,1.280226
3.699863,-2.850874,2.362229,2.430120,0.006022,1.303293,1.279064
3.799860,-2.926631,2.427499,2.430719,0.005955,1.304061,1.285872
3.899856,-3.002427,2.492724,2.431311,0.005888,1.311895,1.287193
3.999852,-3.078261,2.557904,2.431896,0.005820,1.314034,1.282191
4.099848,-3.154133,2.623040,2.432475,0.005752,1.312966,1.278781
4.199845,-3.230042,2.688132,2.433047,0.005683,1.312005,1.279796
4.299841,-3.305989,2.753181,2.433611,0.005614,1.311501,1.280765
4.399837,-3.381972,2.818188,2.434169,0.005544,1.311830,1.281282
4.499834,-3.457991,2.883152,2.434720,0.005474,1.312713,1.280067
4.599830,-3.534045,2.948075,2.435264,0.005403,1.311854,1.277202
4.699826,-3.610135,3.012957,2.435801,0.005332,1.313886,1.276312
4.799823,-3.686259,3.077798,2.436330,0.005261,1.318060,1.275382
4.899819,-3.762418,3.142599,2.436853,0.005189,1.325300,1.271845
4.999815,-3.838610,3.207360,2.437368,0.005117,1.330342,1.260649
5.099812,-3.914835,3.272083,2.437876,0.005045,1.330622,1.252376
5.199808,-3.991092,3.336767,2.438377,0.004972,1.332166,1.249343
5.299804,-4.067382,3.401413,2.438871,0.004899,1.334642,1.248997
5.399800,-4.143704,3.466022,2.439357,0.004827,1.340242,1.249119
5.499797,-4.220056,3.530593,2.439836,0.004754,1.340770,1.249332
5.599793,-4.296440,3.595129,2.440308,0.004680,1.340793,1.250865
5.699789,-4.372853,3.659629,2.440772,0.004607,1.342896,1.253952
5.799786,-4.449296,3.724093,2.441229,0.004534,1.343660,1.254359
5.899782,-4.525769,3.788523,2.441679,0.004460,1.344082,1.253619
5.999778,-4.602270,3.852919,2.442121,0.004387,1.344047,1.251274
6.099775,-4.678800,3.917282,2.442556,0.004313,1.341021,1.251064
6.199771,-4.755357,3.981611,2.442984,0.004240,1.338811,1.253754
6.299767,-4.831941,4.045908,2.443404,0.004167,1.340517,1.251865
6.399764,-4.908553,4.110173,2.443817,0.004093,1.343855,1.245343
6.499760,-4.985190,4.174406,2.444223,0.004020,1.344598,1.233654
6.599756,-5.061854,4.238609,2.444621,0.003947,1.345561,1.230681
6.699752,-5.138542,4.302781,2.445012,0.003874,1.347674,1.229219
6.799749,-5.215256,4.366924,2.445396,0.003801,1.349864,1.228573
6.899745,-5.291994,4.431038,2.445772,0.003728,1.349202,1.229573
6.999741,-5.368756,4.495122,2.446141,0.003656,1.345896,1.234488
7.099738,-5.445541,4.559179,2.446503,0.003583,1.342639,1.239237
7.199734,-5.522349,4.623209,2.446858,0.003511,1.345627,1.241545
7.299730,-5.599180,4.687211,2.447205,0.003439,1.351684,1.241209
7.399727,-5.676032,4.751187,2.447546,0.003367,1.350805,1.240791
7.499723,-5.752907,4.815137,2.447879,0.003296,1.348931,1.241758
7.599719,-5.829802,4.879062,2.448205,0.003225,1.348121,1.244547
7.699715,-5.906718,4.942962,2.448524,0.003154,1.348259,1.244184
7.799712,-5.983654,5.006838,2.448836,0.003084,1.352149,1.238274
7.899708,-6.060610,5.070690,2.449141,0.003014,1.347149,1.231288
7.999704,-6.137585,5.134518,2.449438,0.002944,1.346700,1.229699
8.099701,-6.214578,5.198325,2.449729,0.002874,1.348064,1.233709
8.199697,-6.291590,5.262109,2.450013,0.002805,1.349714,1.232981
8.299693,-6.368620,5.325871,2.450290,0.002737,1.352576,1.226718
8.399690,-6.445668,5.389612,2.450561,0.002668,1.352775,1.228035
8.499686,-6.522732,5.453333,2.450824,0.002600,1.349835,1.229829
8.599682,-6.599813,5.517034,2.451081,0.002533,1.348472,1.231150
8.699679,-6.676910,5.580715,2.451331,0.002466,1.349536,1.231416
8.799675,-6.754023,5.644377,2.451574,0.002399,1.348859,1.232645
8.899671,-6.831151,5.708021,2.451810,0.002333,1.345094,1.233820
8.999667,-6.908294,5.771646,2.452040,0.002268,1.342744,1.235778
9.099664,-6.985452,5.835254,2.452264,0.002203,1.342220,1.238177
9.199660,-7.062623,5.898846,2.452481,0.002138,1.349437,1.239898
9.299656,-7.139808,5.962420,2.452692,0.002074,1.351284,1.239275
9.399653,-7.217006,6.025979,2.452896,0.002010,1.352416,1.238794
9.499649,-7.294217,6.089522,2.453094,0.001947,1.353138,1.238705
9.599645,-7.371441,6.153050,2.453285,0.001885,1.355548,1.238121
9.699642,-7.448676,6.216564,2.453471,0.001823,1.358838,1.237378
9.799638,-7.525923,6.280063,2.453650,0.001761,1.359500,1.232329
9.899634,-7.603181,6.343549,2.453823,0.001700,1.353804,1.230083
9.999630,-7.680450,6.407022,2.453990,0.001640,1.349359,1.232792
10.099627,-7.757729,6.470482,2.454151,0.001580,1.349042,1.233476
10.199623,-7.835018,6.533930,2.454306,0.001521,1.352372,1.230941
10.299619,-7.912317,6.597366,2.454455,0.001462,1.352031,1.230314
10.399616,-7.989625,6.660790,2.454598,0.001404,1.349840,1.235872
10.499612,-8.066942,6.724204,2.454736,0.001347,1.347195,1.243639
10.599608,-8.144268,6.787608,2.454868,0.001290,1.348697,1.243909
10.699605,-8.221602,6.851001,2.454994,0.001234,1.351145,1.241615
10.799601,-8.298944,6.914385,2.455114,0.001178,1.346870,1.241547
10.899597,-8.376293,6.977760,2.455230,0.001123,1.339560,1.244264
10.999594,-8.453649,7.041126,2.455339,0.001069,1.340093,1.245148
11.099590,-8.531012,7.104484,2.455443,0.001015,1.351315,1.242803
11.199586,-8.608381,7.167834,2.455542,0.000962,1.352780,1.238279
11.299582,-8.685757,7.231177,2.455636,0.000910,1.347097,1.236110
11.399579,-8.763138,7.294513,2.455724,0.000858,1.342247,1.239201
11.499575,-8.840525,7.357842,2.455807,0.000806,1.344245,1.239898
11.599571,-8.917917,7.421164,2.455885,0.000756,1.347027,1.236068
11.699568,-8.995313,7.484481,2.455958,0.000706,1.345235,1.232805
11.799564,-9.072714,7.547793,2.456027,0.000657,1.343330,1.234327
11.899560,-9.150120,7.611099,2.456090,0.000608,1.341184,1.238905
11.999557,-9.227529,7.674401,2.456148,0.000560,1.342137,1.242133
12.099553,-9.304941,7.737698,2.456202,0.000513,1.345251,1.242890
12.199549,-9.382357,7.800991,2.456251,0.000466,1.344687,1.243635
12.299545,-9.459776,7.864281,2.456295,0.000420,1.341151,1.246036
12.399542,-9.537198,7.927567,2.456335,0.000375,1.337210,1.250088
12.499538,-9.614622,7.990851,2.456370,0.000330,1.338104,1.251865
12.599534,-9.692048,8.054132,2.456401,0.000286,1.338890,1.251415
12.699531,-9.769475,8.117410,2.456427,0.000243,1.334750,1.248453
12.799527,-9.846905,8.180687,2.456450,0.000200,1.334696,1.247945
12.899523,-9.924335,8.243963,2.456467,0.000158,1.335751,1.247127
12.999520,-10.001767,8.307237,2.456481,0.000117,1.338156,1.244915
13.099516,-10.079199,8.370510,2.456491,0.000076,1.340674,1.237546
13.199512,-10.156632,8.433783,2.456496,0.000036,1.341274,1.236697
13.299509,-10.234065,8.497055,2.456498,-0.000003,1.339331,1.239348
13.399505,-10.311498,8.560327,2.456496,-0.000042,1.337539,1.245953
13.499501,-10.388931,8.623600,2.456490,-0.000080,1.339931,1.247030
13.599497,-10.466363,8.686873,2.456480,-0.000117,1.342876,1.247122
13.699494,-10.543794,8.750147,2.456466,-0.000154,1.341252,1.247633
13.799490,-10.621225,8.813423,2.456449,-0.000190,1.336097,1.250602
13.899486,-10.698654,8.876700,2.456428,-0.000225,1.335848,1.252512
13.999483,-10.776082,8.939978,2.456404,-0.000260,1.335545,1.254226
14.099479,-10.853508,9.003259,2.456376,-0.000294,1.333393,1.255268
14.199475,-10.930933,9.066542,2.456345,-0.000327,1.324545,1.257613
14.299472,-11.008355,9.129827,2.456311,-0.000360,1.323246,1.258810
14.399468,-11.085775,9.193115,2.456274,-0.000392,1.330041,1.257735
14.499464,-11.163193,9.256407,2.456233,-0.000423,1.334428,1.255866
14.599460,-11.240608,9.319701,2.456189,-0.000454,1.334691,1.248656
14.699457,-11.318020,9.382999,2.456142,-0.000484,1.329421,1.248937
14.799453,-11.395429,9.446301,2.456092,-0.000513,1.328185,1.256814
14.899449,-11.472834,9.509607,2.456039,-0.000542,1.329803,1.257316
14.999446,-11.550237,9.572916,2.455984,-0.000570,1.330502,1.253497
15.099442,-11.627635,9.636231,2.455925,-0.000597,1.327607,1.254404
15.199438,-11.705030,9.699550,2.455864,-0.000624,1.324098,1.257453
15.299435,-11.782421,9.762874,2.455801,-0.000650,1.325917,1.258406
15.399431,-11.859808,9.826202,2.455734,-0.000675,1.333725,1.256916
15.499427,-11.937191,9.889536,2.455666,-0.000700,1.334176,1.254851
15.599424,-12.014569,9.952876,2.455594,-0.000725,1.325519,1.258474
15.699420,-12.091942,10.016221,2.455521,-0.000748,1.319432,1.261039
15.799416,-12.169311,10.079572,2.455445,-0.000771,1.319933,1.261090
15.899412,-12.246675,10.142929,2.455367,-0.000793,1.327411,1.259878
15.999409,-12.324034,10.206292,2.455286,-0.000814,1.327266,1.256415
16.099405,-12.401388,10.269661,2.455204,-0.000835,1.326368,1.259094
16.199401,-12.478736,10.333037,2.455119,-0.000856,1.325896,1.260966
16.299398,-12.556079,10.396419,2.455033,-0.000875,1.328153,1.261270
16.399394,-12.633416,10.459808,2.454944,-0.000894,1.331169,1.259402
16.499390,-12.710748,10.523204,2.454854,-0.000912,1.326940,1.259393
16.599387,-12.788074,10.586607,2.454762,-0.000930,1.321771,1.261422
16.699383,-12.865394,10.650017,2.454668,-0.000947,1.320797,1.262805
16.799379,-12.942709,10.713435,2.454572,-0.000964,1.324064,1.262075
16.899376,-13.020017,10.776860,2.454475,-0.000979,1.326491,1.257943
16.999372,-13.097318,10.840292,2.454377,-0.000994,1.326889,1.257458
17.099368,-13.174614,10.903733,2.454276,-0.001009,1.326060,1.258330
17.199364,-13.251903,10.967181,2.454175,-0.001023,1.327232,1.264389
17.299361,-13.329186,11.030637,2.454072,-0.001036,1.329455,1.265788
17.399357,-13.406462,11.094101,2.453968,-0.001049,1.329543,1.266829
17.499353,-13.483731,11.157573,2.453862,-0.001060,1.323382,1.269416
17.599350,-13.560994,11.221053,2.453756,-0.001072,1.321111,1.272434
17.699346,-13.638249,11.284542,2.453648,-0.001082,1.322405,1.272784
17.799342,-13.715498,11.348039,2.453539,-0.001092,1.323858,1.271563
17.899339,-13.792740,11.411544,2.453430,-0.001102,1.325471,1.265653
17.999335,-13.869975,11.475058,2.453319,-0.001111,1.325263,1.261295
18.099331,-13.947203,11.538580,2.453208,-0.001119,1.321214,1.262050
18.199327,-14.024424,11.602111,2.453095,-0.001126,1.320530,1.264514
18.299324,-14.101638,11.665651,2.452982,-0.001133,1.322966,1.260684
18.399320,-14.178845,11.729200,2.452869,-0.001139,1.321831,1.259953
18.499316,-14.256044,11.792757,2.452754,-0.001145,1.321509,1.260227
18.599313,-14.333236,11.856323,2.452640,-0.001150,1.320834,1.265567
18.699309,-14.410421,11.919898,2.452524,-0.001154,1.325921,1.267244
18.799305,-14.487598,11.983482,2.452409,-0.001158,1.326873,1.266378
18.899302,-14.564768,12.047075,2.452293,-0.001161,1.327204,1.263706
18.999298,-14.641930,12.110677,2.452177,-0.001164,1.325265,1.266015
19.099294,-14.719086,12.174288,2.452060,-0.001166,1.325319,1.267482
19.199291,-14.796233,12.237907,2.451943,-0.001167,1.328036,1.266868
19.299287,-14.873374,12.301536,2.451827,-0.001167,1.328597,1.261310
19.399283,-14.950507,12.365174,2.451710,-0.001167,1.325443,1.257007
19.499279,-15.027632,12.428821,2.451593,-0.001167,1.322961,1.261063
19.599276,-15.104750,12.492477,2.451477,-0.001165,1.321061,1.269702
19.699272,-15.181861,12.556141,2.451360,-0.001163,1.323922,1.263519
19.799268,-15.258964,12.619815,2.451244,-0.001161,1.323505,1.258261
19.899265,-15.336060,12.683498,2.451128,-0.001157,1.320625,1.258701
19.999261,-15.413149,12.747190,2.451013,-0.001154,1.316415,1.264211
20.099257,-15.490230,12.810890,2.450898,-0.001149,1.317108,1.265765
20.199254,-15.567304,12.874599,2.450783,-0.001144,1.322231,1.260329
20.299250,-15.644370,12.938318,2.450669,-0.001138,1.318400,1.261367
20.399246,-15.721429,13.002045,2.450555,-0.001132,1.313713,1.263466
20.499242,-15.798482,13.065780,2.450442,-0.001125,1.313045,1.264063
20.599239,-15.875526,13.129525,2.450330,-0.001117,1.319060,1.263616
20.699235,-15.952564,13.193278,2.450219,-0.001109,1.320437,1.262813
20.799231,-16.029595,13.257039,2.450109,-0.001099,1.316005,1.262160
20.899228,-16.106619,13.320809,2.449999,-0.001090,1.316690,1.261622
20.999224,-16.183635,13.384587,2.449891,-0.001079,1.321910,1.262398
21.099220,-16.260645,13.448374,2.449783,-0.001068,1.323650,1.261050
21.199217,-16.337648,13.512169,2.449677,-0.001057,1.324948,1.258733
21.299213,-16.414645,13.575972,2.449572,-0.001044,1.325306,1.260161
21.399209,-16.491634,13.639783,2.449468,-0.001031,1.321900,1.264245
21.499206,-16.568617,13.703602,2.449366,-0.001018,1.321175,1.264991
21.599202,-16.645594,13.767429,2.449265,-0.001004,1.322510,1.262675
21.699198,-16.722564,13.831263,2.449165,-0.000988,1.321402,1.261189
21.799194,-16.799528,13.895106,2.449067,-0.000973,1.321175,1.259534
21.899191,-16.876486,13.958955,2.448971,-0.000957,1.320621,1.260559
21.999187,-16.953437,14.022812,2.448876,-0.000939,1.321296,1.260737
22.099183,-17.030383,14.086677,2.448783,-0.000922,1.327576,1.260709
22.199180,-17.107323,14.150548,2.448692,-0.000904,1.325429,1.260792
22.299176,-17.184257,14.214426,2.448602,-0.000884,1.322245,1.260960
22.399172,-17.261185,14.278311,2.448515,-0.000865,1.322390,1.263780
22.499169,-17.338107,14.342203,2.448429,-0.000845,1.328468,1.267245
22.599165,-17.415025,14.406101,2.448346,-0.000823,1.331342,1.266408
22.699161,-17.491937,14.470006,2.448265,-0.000802,1.331835,1.261072
22.799157,-17.568844,14.533917,2.448185,-0.000779,1.326959,1.260975
22.899154,-17.645746,14.597833,2.448109,-0.000756,1.325248,1.262660
22.999150,-17.722643,14.661756,2.448034,-0.000732,1.325270,1.265141
23.099146,-17.799535,14.725684,2.447962,-0.000708,1.325585,1.258733
23.199143,-17.876423,14.789618,2.447893,-0.000683,1.325442,1.252084
23.299139,-17.953307,14.853556,2.447826,-0.000657,1.325944,1.252533
23.399135,-18.030186,14.917500,2.447761,-0.000630,1.325987,1.254625
23.499132,-18.107062,14.981449,2.447700,-0.000603,1.326881,1.256591
23.599128,-18.183933,15.045403,2.447641,-0.000575,1.326802,1.254307
23.699124,-18.260801,15.109360,2.447585,-0.000546,1.327171,1.253839
23.799121,-18.337665,15.173322,2.447532,-0.000517,1.328046,1.259529
23.899117,-18.414526,15.237288,2.447481,-0.000487,1.334822,1.258952
23.999113,-18.491384,15.301258,2.447434,-0.000456,1.337979,1.257356
24.099109,-18.568239,15.365231,2.447390,-0.000424,1.338132,1.254816
24.199106,-18.645091,15.429208,2.447349,-0.000392,1.332580,1.253318
24.299102,-18.721941,15.493187,2.447312,-0.000359,1.334523,1.252491
24.399098,-18.798789,15.557169,2.447278,-0.000326,1.339058,1.250295
24.499095,-18.875634,15.621154,2.447247,-0.000291,1.340770,1.247340
24.599091,-18.952477,15.685141,2.447219,-0.000256,1.340672,1.241810
24.699087,-19.029319,15.749130,2.447196,-0.000220,1.338027,1.245133
24.799084,-19.106160,15.813121,2.447175,-0.000184,1.337174,1.248791
24.899080,-19.182999,15.877113,2.447159,-0.000147,1.337141,1.248773
24.999076,-19.259837,15.941106,2.447146,-0.000109,1.337837,1.246988
25.099073,-19.336675,16.005100,2.447137,-0.000070,1.334726,1.248532
25.199069,-19.413512,16.069095,2.447132,-0.000031,1.332287,1.253120
25.299065,-19.490349,16.133090,2.447131,0.000009,1.329842,1.254356
25.399061,-19.567186,16.197084,2.447134,0.000050,1.331697,1.249556
25.499058,-19.644024,16.261079,2.447141,0.000091,1.334264,1.246497
25.599054,-19.720862,16.325072,2.447152,0.000133,1.333663,1.244359
25.699050,-19.797700,16.389065,2.447167,0.000176,1.336504,1.243094
25.799047,-19.874540,16.453056,2.447187,0.000220,1.343824,1.241483
25.899043,-19.951382,16.517046,2.447211,0.000264,1.347846,1.239128
25.999039,-20.028225,16.581033,2.447240,0.000309,1.348346,1.240035
26.099036,-20.105070,16.645019,2.447273,0.000355,1.346309,1.242329
26.199032,-20.181917,16.709001,2.447311,0.000401,1.343464,1.244978
26.299028,-20.258767,16.772981,2.447353,0.000448,1.343090,1.247283
26.399024,-20.335620,16.836956,2.447401,0.000496,1.343125,1.247694
26.499021,-20.412475,16.900929,2.447453,0.000544,1.342593,1.246355
26.599017,-20.489335,16.964897,2.447510,0.000593,1.338809,1.247453
26.699013,-20.566198,17.028860,2.447571,0.000643,1.335926,1.249831
26.799010,-20.643065,17.092818,2.447638,0.000694,1.337557,1.247938
26.899006,-20.719937,17.156772,2.447710,0.000745,1.339756,1.244556
26.999002,-20.796813,17.220719,2.447787,0.000797,1.339990,1.242501
27.098999,-20.873695,17.284660,2.447870,0.000849,1.340642,1.241685
27.198995,-20.950582,17.348595,2.447957,0.000903,1.345215,1.240756
27.298991,-21.027475,17.412523,2.448050,0.000956,1.354746,1.236999
27.398988,-21.104374,17.476443,2.448148,0.001011,1.357061,1.233937
27.498984,-21.181279,17.540356,2.448252,0.001066,1.356166,1.232751
27.598980,-21.258191,17.604260,2.448362,0.001122,1.348712,1.234412
27.698976,-21.335111,17.668156,2.448477,0.001178,1.347673,1.235611
27.798973,-21.412037,17.732043,2.448597,0.001235,1.349217,1.234751
27.898969,-21.488972,17.795920,2.448724,0.001293,1.350083,1.230803
27.998965,-21.565915,17.859787,2.448856,0.001351,1.349075,1.233303
28.098962,-21.642867,17.923644,2.448994,0.001410,1.346037,1.236537
28.198958,-21.719827,17.987490,2.449138,0.001469,1.349104,1.235343
28.298954,-21.796798,18.051325,2.449288,0.001530,1.353234,1.228514
28.398951,-21.873777,18.115148,2.449444,0.001590,1.352300,1.225872
28.498947,-21.950767,18.178959,2.449606,0.001651,1.345005,1.226074
28.598943,-22.027768,18.242757,2.449774,0.001713,1.345912,1.226839
28.698939,-22.104779,18.306542,2.449948,0.001776,1.360805,1.227321
28.798936,-22.181802,18.370313,2.450129,0.001838,1.363162,1.226013
28.898932,-22.258836,18.434070,2.450316,0.001902,1.361053,1.226517
28.998928,-22.335883,18.497812,2.450509,0.001966,1.359560,1.228228
29.098925,-22.412942,18.561539,2.450709,0.002030,1.360544,1.230490
29.198921,-22.490014,18.625251,2.450916,0.002095,1.360970,1.229351
29.298917,-22.567099,18.688946,2.451128,0.002161,1.360615,1.229711
29.398914,-22.644198,18.752625,2.451348,0.002226,1.356629,1.232806
29.498910,-22.721312,18.816287,2.451574,0.002293,1.355464,1.234932
29.598906,-22.798440,18.879931,2.451806,0.002360,1.357090,1.234967
29.698903,-22.875583,18.943556,2.452045,0.002427,1.358233,1.233134
29.798899,-22.952741,19.007163,2.452292,0.002494,1.355329,1.226281
29.898895,-23.029915,19.070751,2.452544,0.002563,1.353130,1.225921
29.998891,-23.107106,19.134319,2.452804,0.002631,1.353434,1.229330
30.098888,-23.184313,19.197867,2.453071,0.002700,1.358860,1.228500
30.198884,-23.261537,19.261394,2.453344,0.002769,1.360679,1.227289
30.298880,-23.338779,19.324899,2.453624,0.002838,1.359380,1.226505
30.398877,-23.416039,19.388383,2.453912,0.002908,1.358574,1.226771
30.498873,-23.493318,19.451844,2.454206,0.002979,1.361087,1.225921
30.598869,-23.570615,19.515282,2.454507,0.003049,1.366233,1.224332
30.698866,-23.647932,19.578696,2.454816,0.003120,1.365980,1.222960
30.798862,-23.725268,19.642086,2.455131,0.003191,1.361585,1.224290
30.898858,-23.802625,19.705452,2.455454,0.003262,1.360093,1.227906
30.998854,-23.880002,19.768792,2.455784,0.003334,1.360933,1.228566
31.098851,-23.957401,19.832107,2.456121,0.003405,1.363106,1.227225
31.198847,-24.034821,19.895395,2.456465,0.003477,1.360144,1.226796
31.298843,-24.112263,19.958656,2.456816,0.003549,1.356399,1.228900
31.398840,-24.189727,20.021890,2.457175,0.003621,1.355160,1.233211
31.498836,-24.267215,20.085096,2.457540,0.003693,1.357309,1.232390
31.598832,-24.344725,20.148273,2.457913,0.003766,1.358307,1.227037
31.698829,-24.422260,20.211421,2.458293,0.003838,1.353429,1.228465
31.798825,-24.499819,20.274539,2.458681,0.003911,1.352651,1.231013
31.898821,-24.577402,20.337627,2.459075,0.003983,1.357358,1.233702
31.998818,-24.655010,20.400684,2.459477,0.004056,1.361195,1.232245
32.098814,-24.732645,20.463710,2.459887,0.004128,1.361105,1.231240
32.198810,-24.810305,20.526703,2.460303,0.004201,1.356691,1.231132
32.298806,-24.887991,20.589664,2.460727,0.004273,1.357518,1.234465
32.398803,-24.965705,20.652591,2.461158,0.004345,1.356584,1.235136
32.498799,-25.043445,20.715485,2.461596,0.004417,1.356348,1.233503
32.598795,-25.121214,20.778345,2.462041,0.004489,1.350339,1.233585
32.698792,-25.199011,20.841169,2.462494,0.004561,1.347297,1.237102
32.798788,-25.276836,20.903958,2.462953,0.004633,1.345752,1.239913
32.898784,-25.354691,20.966711,2.463420,0.004704,1.346452,1.238876
32.998781,-25.432575,21.029428,2.463894,0.004775,1.347743,1.231921
33.098777,-25.510489,21.092107,2.464375,0.004846,1.347613,1.231539
33.198773,-25.588433,21.154748,2.464863,0.004917,1.344908,1.233022
33.298769,-25.666408,21.217351,2.465358,0.004987,1.344493,1.236674
33.398766,-25.744414,21.279916,2.465861,0.005057,1.350871,1.236438
33.498762,-25.822452,21.342440,2.466370,0.005126,1.350300,1.235016
33.598758,-25.900522,21.404925,2.466886,0.005195,1.347293,1.240716
33.698755,-25.978625,21.467369,2.467409,0.005264,1.343557,1.246382
33.798751,-26.056760,21.529772,2.467938,0.005332,1.342180,1.249873
33.898747,-26.134928,21.592134,2.468475,0.005399,1.341591,1.252262
33.998744,-26.213131,21.654453,2.469018,0.005466,1.338974,1.253753
34.098740,-26.291367,21.716729,2.469568,0.005532,1.334411,1.256170
34.198736,-26.369637,21.778962,2.470125,0.005598,1.332854,1.257262
34.298733,-26.447943,21.841152,2.470688,0.005663,1.333082,1.254814
34.398729,-26.526284,21.903297,2.471257,0.005727,1.331329,1.250235
34.498725,-26.604660,21.965397,2.471833,0.005791,1.329771,1.249949
34.598721,-26.683072,22.027451,2.472415,0.005854,1.325442,1.252245
34.698718,-26.761521,22.089460,2.473004,0.005916,1.322334,1.256919
34.798714,-26.840006,22.151423,2.473598,0.005977,1.319868,1.261411
34.898710,-26.918528,22.213338,2.474199,0.006038,1.317949,1.265721
34.998707,-26.997088,22.275206,2.474806,0.006097,1.318793,1.268027
35.098703,-27.075685,22.337026,2.475418,0.006156,1.318116,1.273513
35.198699,-27.154320,22.398798,2.476037,0.006213,1.323509,1.274383
35.298696,-27.232994,22.460521,2.476661,0.006270,1.323823,1.275552
35.398692,-27.311706,22.522194,2.477291,0.006326,1.321345,1.276153
35.498688,-27.390458,22.583818,2.477926,0.006380,1.314459,1.278513
35.598685,-27.469249,22.645391,2.478567,0.006433,1.310355,1.281712
35.698681,-27.548079,22.706914,2.479213,0.006486,1.307431,1.283708
35.798677,-27.626949,22.768386,2.479864,0.006536,1.304082,1.284264
35.898673,-27.705859,22.829806,2.480520,0.006586,1.300033,1.287247
35.998670,-27.784810,22.891174,2.481181,0.006635,1.295092,1.293931
36.098666,-27.863801,22.952490,2.481847,0.006682,1.291021,1.305183
36.198662,-27.942834,23.013752,2.482517,0.006728,1.288368,1.293028
36.298659,-28.021907,23.074962,2.483192,0.006773,1.286663,1.293609
36.398655,-28.101022,23.136118,2.483872,0.006816,1.282024,1.296423
36.498651,-28.180179,23.197221,2.484555,0.006857,1.276338,1.303933
36.598648,-28.259378,23.258268,2.485243,0.006898,1.272117,1.310769
36.698644,-28.338618,23.319262,2.485935,0.006936,1.273549,1.314347
36.798640,-28.417901,23.380200,2.486630,0.006973,1.272663,1.318175
36.898636,-28.497227,23.441083,2.487329,0.007009,1.268651,1.324047
36.998633,-28.576595,23.501910,2.488032,0.007043,1.264033,1.328198
37.098629,-28.656006,23.562682,2.488738,0.007075,1.261308,1.332066
37.198625,-28.735460,23.623397,2.489447,0.007106,1.258293,1.334963
37.298622,-28.814957,23.684056,2.490159,0.007134,1.254504,1.337728
37.398618,-28.894497,23.744658,2.490873,0.007161,1.250402,1.341877
37.498614,-28.974080,23.805203,2.491591,0.007187,1.248109,1.345709
37.598611,-29.053707,23.865691,2.492311,0.007210,1.246417,1.337566
37.698607,-29.133378,23.926122,2.493033,0.007231,1.244171,1.339706
37.798603,-29.213092,23.986494,2.493757,0.007251,1.240044,1.346111
37.898600,-29.292851,24.046810,2.494483,0.007268,1.233390,1.354343
37.998596,-29.372653,24.107067,2.495210,0.007284,1.227802,1.360376
38.098592,-29.452498,24.167265,2.495939,0.007298,1.222503,1.364262
38.198588,-29.532388,24.227406,2.496670,0.007309,1.215452,1.368989
38.298585,-29.612322,24.287488,2.497401,0.007318,1.209209,1.373110
38.398581,-29.692299,24.347512,2.498133,0.007326,1.210965,1.376086
38.498577,-29.772321,24.407477,2.498866,0.007331,1.212684,1.379457
38.598574,-29.852386,24.467384,2.499599,0.007334,1.211562,1.383755
38.698570,-29.932496,24.527231,2.500333,0.007335,1.204415,1.388661
38.798566,-30.012649,24.587020,2.501066,0.007333,1.198996,1.394821
38.898563,-30.092846,24.646751,2.501799,0.007329,1.193758,1.400658
38.998559,-30.173087,24.706422,2.502532,0.007323,1.188452,1.404389
39.098555,-30.253371,24.766034,2.503264,0.007314,1.182416,1.410268
39.198551,-30.333699,24.825588,2.503995,0.007303,1.172406,1.416238
39.298548,-30.414071,24.885084,2.504724,0.007290,1.165270,1.422372
39.398544,-30.494486,24.944520,2.505452,0.007274,1.159634,1.427605
39.498540,-30.574944,25.003898,2.506179,0.007255,1.163092,1.432390
39.598537,-30.655445,25.063218,2.506903,0.007235,1.150976,1.437942
39.698533,-30.735989,25.122479,2.507626,0.007211,1.142195,1.443277
39.798529,-30.816576,25.181683,2.508345,0.007185,1.137945,1.446959
39.898526,-30.897205,25.240828,2.509063,0.007157,1.139729,1.450793
39.998522,-30.977877,25.299916,2.509777,0.007126,1.141249,1.456521
40.098518,-31.058590,25.358946,2.510488,0.007092,1.133601,1.462696
40.198515,-31.139346,25.417919,2.511195,0.007056,1.120021,1.470461
40.298511,-31.220143,25.476835,2.511899,0.007016,1.113064,1.476283
40.398507,-31.300981,25.535694,2.512598,0.006974,1.110726,1.474298
40.498503,-31.381861,25.594497,2.513293,0.006931,1.105120,1.481527
40.598500,-31.462781,25.653244,2.513984,0.006883,1.093372,1.493917
40.698496,-31.543741,25.711935,2.514670,0.006832,1.086477,1.501140
40.798492,-31.624742,25.770571,2.515350,0.006780,1.084287,1.501208
40.898489,-31.705782,25.829152,2.516026,0.006724,1.082816,1.501534
40.998485,-31.786862,25.887678,2.516695,0.006665,1.079584,1.507175
41.098481,-31.867981,25.946151,2.517358,0.006605,1.074366,1.515740
41.198478,-31.949138,26.004569,2.518016,0.006540,1.068270,1.521926
41.298474,-32.030334,26.062935,2.518666,0.006472,1.064052,1.529487
41.398470,-32.111567,26.121248,2.519310,0.006403,1.060492,1.540470
41.498466,-32.192838,26.179509,2.519947,0.006329,1.047747,1.550158
41.598463,-32.274145,26.237719,2.520576,0.006253,1.030338,1.558062
41.698459,-32.355489,26.295878,2.521197,0.006175,1.020547,1.564733
41.798455,-32.436869,26.353986,2.521811,0.006093,1.018592,1.566763
41.898452,-32.518284,26.412045,2.522416,0.006008,1.011448,1.575200
41.998448,-32.599734,26.470055,2.523012,0.005921,1.002631,1.588228
42.098444,-32.681218,26.528017,2.523600,0.005830,0.992971,1.596335
42.198441,-32.762736,26.585931,2.524178,0.005736,0.983900,1.602958
42.298437,-32.844287,26.643799,2.524747,0.005640,0.978393,1.606627
42.398433,-32.925871,26.701620,2.525306,0.005539,0.973585,1.612712
42.498430,-33.007487,26.759396,2.525854,0.005436,0.965831,1.625893
42.598426,-33.089134,26.817128,2.526393,0.005331,0.955999,1.636695
42.698422,-33.170813,26.874817,2.526920,0.005222,0.945945,1.646733
42.798418,-33.252521,26.932463,2.527437,0.005110,0.936376,1.652826
42.898415,-33.334258,26.990067,2.527942,0.004996,0.927970,1.662419
42.998411,-33.416025,27.047630,2.528436,0.004877,0.920212,1.670377
43.098407,-33.497819,27.105153,2.528918,0.004756,0.914361,1.677647
43.198404,-33.579641,27.162637,2.529387,0.004633,0.910123,1.678542
43.298400,-33.661489,27.220084,2.529844,0.004505,0.907666,1.680681
43.398396,-33.743364,27.277494,2.530288,0.004375,0.903313,1.688234
43.498393,-33.825263,27.334867,2.530719,0.004242,0.896796,1.697011
43.598389,-33.907187,27.392206,2.531136,0.004106,0.886007,1.708068
43.698385,-33.989134,27.449512,2.531540,0.003966,0.878447,1.715524
43.798381,-34.071104,27.506785,2.531929,0.003825,0.871816,1.725987
43.898378,-34.153096,27.564026,2.532305,0.003679,0.856653,1.736661
43.998374,-34.235109,27.621238,2.532665,0.003531,0.844382,1.749986
44.098370,-34.317142,27.678420,2.533011,0.003380,0.834769,1.757719
44.198367,-34.399194,27.735575,2.533341,0.003225,0.829178,1.763338
44.298363,-34.481265,27.792703,2.533656,0.003068,0.824645,1.771911
44.398359,-34.563354,27.849806,2.533954,0.002909,0.812106,1.781832
44.498356,-34.645459,27.906885,2.534237,0.002745,0.803124,1.796430
44.598352,-34.727579,27.963942,2.534503,0.002579,0.793816,1.801550
44.698348,-34.809715,28.020977,2.534753,0.002411,0.787027,1.805248
44.798345,-34.891864,28.077993,2.534985,0.002238,0.780477,1.813079
44.898341,-34.974026,28.134990,2.535201,0.002064,0.771173,1.821892
44.998337,-35.056199,28.191971,2.535398,0.001887,0.763282,1.830634
45.098333,-35.138384,28.248935,2.535578,0.001706,0.754505,1.839605
45.198330,-35.220578,28.305886,2.535739,0.001523,0.746780,1.847176
45.298326,-35.302780,28.362824,2.535882,0.001337,0.739040,1.856005
45.398322,-35.384991,28.419752,2.536006,0.001148,0.730121,1.870773
45.498319,-35.467208,28.476670,2.536112,0.000956,0.720297,1.880295
45.598315,-35.549430,28.533580,2.536198,0.000763,0.710104,1.888932
45.698311,-35.631657,28.590483,2.536264,0.000565,0.702121,1.891406
45.798308,-35.713887,28.647382,2.536311,0.000365,0.696599,1.901142
45.898304,-35.796119,28.704278,2.536337,0.000164,0.684299,1.915153
45.998300,-35.878351,28.761173,2.536343,-0.000042,0.669721,1.921417
46.098297,-35.960584,28.818068,2.536329,-0.000250,0.662473,1.923707
46.198293,-36.042815,28.874965,2.536293,-0.000459,0.655852,1.929756
46.298289,-36.125044,28.931866,2.536237,-0.000672,0.649704,1.939475
46.398285,-36.207269,28.988773,2.536159,-0.000888,0.640928,1.948893
46.498282,-36.289488,29.045687,2.536059,-0.001105,0.630787,1.957075
46.598278,-36.371702,29.102609,2.535937,-0.001325,0.623440,1.964795
46.698274,-36.453908,29.159543,2.535794,-0.001548,0.617737,1.975221
46.798271,-36.536105,29.216490,2.535628,-0.001772,0.610949,1.989201
46.898267,-36.618292,29.273451,2.535439,-0.002000,0.601180,1.999468
46.998263,-36.700468,29.330428,2.535228,-0.002230,0.590220,2.007222
47.098260,-36.782630,29.387424,2.534993,-0.002461,0.582997,2.013775
47.198256,-36.864779,29.444440,2.534735,-0.002696,0.576775,2.020683
47.298252,-36.946913,29.501478,2.534454,-0.002932,0.569086,2.030767
47.398248,-37.029030,29.558540,2.534149,-0.003170,0.559483,2.041478
47.498245,-37.111128,29.615629,2.533820,-0.003411,0.544906,2.047724
47.598241,-37.193207,29.672745,2.533467,-0.003654,0.535889,2.049756
47.698237,-37.275266,29.729891,2.533089,-0.003898,0.528468,2.057524
47.798234,-37.357302,29.787069,2.532687,-0.004145,0.520740,2.067324
47.898230,-37.439314,29.844281,2.532260,-0.004394,0.512515,2.080443
47.998226,-37.521301,29.901530,2.531808,-0.004644,0.502918,2.088662
48.098223,-37.603262,29.958816,2.531331,-0.004897,0.493663,2.097266
48.198219,-37.685194,30.016143,2.530829,-0.005151,0.488147,2.107460
48.298215,-37.767097,30.073511,2.530301,-0.005407,0.479566,2.118164
48.398212,-37.848969,30.130924,2.529747,-0.005665,0.468381,2.128705
48.498208,-37.930809,30.188383,2.529168,-0.005925,0.458067,2.136606
48.598204,-38.012614,30.245891,2.528563,-0.006186,0.450830,2.141651
48.698200,-38.094384,30.303450,2.527931,-0.006449,0.449136,2.149935
48.798197,-38.176116,30.361061,2.527273,-0.006713,0.442150,2.161554
48.898193,-38.257810,30.418727,2.526588,-0.006979,0.434057,2.170022
48.998189,-38.339464,30.476450,2.525877,-0.007247,0.425623,2.177975
49.098186,-38.421076,30.534232,2.525139,-0.007515,0.419767,2.183067
49.198182,-38.502644,30.592075,2.524374,-0.007785,0.412699,2.188773
49.298178,-38.584168,30.649982,2.523582,-0.008057,0.404442,2.197718
49.398175,-38.665644,30.707955,2.522763,-0.008330,0.394919,2.205687
49.498171,-38.747073,30.765995,2.521916,-0.008604,0.377647,2.210791
49.598167,-38.828451,30.824105,2.521042,-0.008880,0.370133,2.210800
49.698163,-38.909778,30.882288,2.520140,-0.009156,0.368581,2.215327
49.798160,-38.991051,30.940545,2.519210,-0.009434,0.364363,2.222224
49.898156,-39.072270,30.998879,2.518253,-0.009713,0.358674,2.229233
49.998152,-39.153431,31.057292,2.517268,-0.009993,0.352914,2.234889
50.098149,-39.234535,31.115785,2.516255,-0.010273,0.347443,2.239978
50.198145,-39.315578,31.174362,2.515213,-0.010555,0.342343,2.246027
50.298141,-39.396559,31.233025,2.514144,-0.010838,0.336889,2.252650
50.398138,-39.477477,31.291775,2.513046,-0.011121,0.329640,2.262176
50.498134,-39.558329,31.350615,2.511920,-0.011406,0.322902,2.267359
50.598130,-39.639114,31.409548,2.510765,-0.011691,0.317189,2.267636
50.698127,-39.719830,31.468574,2.509582,-0.011976,0.312166,2.274743
50.798123,-39.800476,31.527698,2.508370,-0.012263,0.305143,2.287313
50.898119,-39.881049,31.586920,2.507129,-0.012550,0.295242,2.297599
50.998115,-39.961547,31.646243,2.505860,-0.012838,0.288125,2.303783
51.098112,-40.041970,31.705670,2.504562,-0.013126,0.286188,2.302249
51.198108,-40.122314,31.765202,2.503235,-0.013415,0.281899,2.307372
51.298104,-40.202578,31.824842,2.501879,-0.013704,0.273398,2.315062
51.398101,-40.282761,31.884591,2.500494,-0.013994,0.264205,2.321770
51.498097,-40.362859,31.944453,2.499080,-0.014284,0.258185,2.327733
51.598093,-40.442873,32.004429,2.497637,-0.014574,0.256744,2.332030
51.698090,-40.522798,32.064522,2.496165,-0.014865,0.250547,2.337428
51.798086,-40.602635,32.124734,2.494664,-0.015156,0.243337,2.342604
51.898082,-40.682380,32.185066,2.493134,-0.015448,0.240710,2.345031
51.998078,-40.762031,32.245522,2.491575,-0.015739,0.246181,2.346201
52.098075,-40.841588,32.306103,2.489986,-0.016031,0.247077,2.348257
52.198071,-40.921047,32.366811,2.488369,-0.016323,0.242024,2.351118
52.298067,-41.000407,32.427649,2.486722,-0.016615,0.235340,2.354649
52.398064,-41.079666,32.488618,2.485046,-0.016908,0.231926,2.357754
52.498060,-41.158821,32.549722,2.483340,-0.017201,0.228580,2.357782
52.598056,-41.237872,32.610962,2.481606,-0.017488,0.225235,2.359605
52.698053,-41.316815,32.672340,2.479843,-0.017788,0.219603,2.363476
52.798049,-41.395649,32.733858,2.478048,-0.018097,0.215557,2.367266
52.898045,-41.474372,32.795518,2.476228,-0.018317,0.213938,2.367135
52.998042,-41.552981,32.857323,2.474380,-0.018719,0.217240,2.367896
53.098038,-41.631474,32.919275,2.472480,-0.019237,0.215990,2.369284
53.198034,-41.709850,32.981376,2.470592,-0.018527,0.212146,2.371227
53.298030,-41.788109,33.043623,2.468707,-0.020350,0.209127,2.374213
53.398027,-41.866241,33.106030,2.466471,-0.024340,0.212029,2.378121
53.498023,-41.944223,33.168626,2.463898,-0.027120,0.212714,2.375181
53.598019,-42.022034,33.231433,2.461043,-0.030042,0.211570,2.374670
53.698016,-42.099656,33.294473,2.457887,-0.033094,0.209959,2.381254
53.798012,-42.177069,33.357770,2.454416,-0.036330,0.209889,2.384281
53.898008,-42.254251,33.421348,2.450622,-0.039538,0.211402,2.383530
53.998005,-42.331182,33.485230,2.446509,-0.042723,0.212626,2.379145
54.098001,-42.407839,33.549441,2.442077,-0.045920,0.211612,2.371790
54.197997,-42.484200,33.614003,2.437326,-0.049114,0.211830,2.370794
54.297993,-42.560243,33.678939,2.432255,-0.052305,0.212147,2.370161
54.397990,-42.635946,33.744272,2.426865,-0.055496,0.212940,2.368527
54.497986,-42.711285,33.810025,2.421156,-0.058685,0.213442,2.368108
54.597982,-42.786236,33.876218,2.415128,-0.061873,0.213025,2.370790
54.697979,-42.860777,33.942873,2.408782,-0.065058,0.213560,2.378762
54.797975,-42.934883,34.010013,2.402117,-0.068240,0.216436,2.383558
54.897971,-43.008528,34.077656,2.395134,-0.071422,0.220106,2.386120
54.997968,-43.081689,34.145823,2.387834,-0.074596,0.221101,2.388926
55.097964,-43.154339,34.214535,2.380216,-0.077769,0.218726,2.391888
55.197960,-43.226453,34.283809,2.372280,-0.080942,0.216317,2.393706
55.297957,-43.298004,34.353665,2.364029,-0.084092,0.214625,2.394634
55.397953,-43.368965,34.424120,2.355462,-0.087267,0.212031,2.393992
55.497949,-43.439308,34.495191,2.346575,-0.090458,0.213813,2.393557
55.597945,-43.509006,34.566896,2.337381,-0.093434,0.216333,2.392575
55.697942,-43.578031,34.639249,2.327878,-0.096825,0.217267,2.391267
55.797938,-43.646352,34.712267,2.318008,-0.100467,0.214570,2.389718
55.897934,-43.713939,34.785964,2.307922,-0.101271,0.210955,2.385931
55.997931,-43.780774,34.860345,2.297597,-0.107943,0.210051,2.383134
56.097927,-43.846801,34.935443,2.286217,-0.119554,0.211427,2.379314
56.197923,-43.911929,35.011323,2.273824,-0.128317,0.212477,2.377414
56.297920,-43.976079,35.088032,2.260543,-0.137486,0.213144,2.376135
56.397916,-44.039167,35.165617,2.246319,-0.147000,0.213680,2.375896
56.497912,-44.101109,35.244120,2.231157,-0.156254,0.214338,2.374690
56.597909,-44.161816,35.323581,2.215068,-0.165508,0.214986,2.374024
56.697905,-44.221200,35.404037,2.198055,-0.174770,0.214947,2.374158
56.797901,-44.279170,35.485518,2.180121,-0.183920,0.213940,2.377400
56.897897,-44.335631,35.568051,2.161272,-0.193023,0.212352,2.377135
56.997894,-44.390489,35.651659,2.141516,-0.202100,0.212800,2.373239
57.097890,-44.443646,35.736358,2.120860,-0.211022,0.213796,2.370043
57.197886,-44.495005,35.822161,2.099313,-0.219873,0.214560,2.367596
57.297883,-44.544464,35.909072,2.076885,-0.228680,0.214769,2.366451
57.397879,-44.591924,35.997091,2.053589,-0.237264,0.214500,2.367379
57.497875,-44.637282,36.086212,2.029433,-0.245748,0.214047,2.369721
57.597872,-44.680437,36.176420,2.004437,-0.254169,0.213146,2.371578
57.697868,-44.721286,36.267697,1.978615,-0.262287,0.211834,2.372925
57.797864,-44.759727,36.360013,1.951981,-0.270263,0.210627,2.374279
57.897860,-44.795659,36.453334,1.924560,-0.278148,0.210707,2.374010
57.997857,-44.828983,36.547619,1.896369,-0.285695,0.211251,2.372692
58.097853,-44.859599,36.642818,1.867426,-0.292937,0.210473,2.372855
58.197849,-44.887414,36.738872,1.837781,-0.299991,0.210068,2.373713
58.297846,-44.912335,36.835719,1.807410,-0.307443,0.210462,2.374154
58.397842,-44.934267,36.933285,1.776297,-0.314551,0.213040,2.372993
58.497838,-44.953120,37.031493,1.744498,-0.321408,0.216070,2.370826
58.597835,-44.968808,37.130257,1.712043,-0.327709,0.218483,2.367087
58.697831,-44.981251,37.229482,1.678957,-0.333759,0.219634,2.365808
58.797827,-44.990376,37.329067,1.645285,-0.339632,0.220528,2.365536
58.897824,-44.996115,37.428905,1.611066,-0.344780,0.221201,2.365955
58.997820,-44.998409,37.528881,1.576329,-0.349653,0.221730,2.368541
59.097816,-44.997206,37.628876,1.541128,-0.354330,0.222792,2.368795
59.197812,-44.992463,37.728767,1.505504,-0.358179,0.224293,2.367408
59.297809,-44.984146,37.828423,1.469492,-0.361732,0.225992,2.364496
59.397805,-44.972229,37.927714,1.433150,-0.365063,0.227204,2.360607
59.497801,-44.956698,38.026504,1.396523,-0.367490,0.226915,2.356012
59.597798,-44.937547,38.124656,1.359651,-0.369606,0.226497,2.352498
59.697794,-44.914782,38.222034,1.322594,-0.371483,0.227450,2.350137
59.797790,-44.888417,38.318500,1.285401,-0.372405,0.228969,2.346873
59.897787,-44.858479,38.413917,1.248111,-0.373015,0.231425,2.344924
59.997783,-44.825002,38.508151,1.210790,-0.373376,0.236121,2.344240
60.097779,-44.788033,38.601070,1.173484,-0.372763,0.239666,2.343754
60.197775,-44.747626,38.692547,1.136235,-0.371848,0.242292,2.341964
60.297772,-44.703846,38.782458,1.099107,-0.370683,0.244457,2.340340
60.397768,-44.656765,38.870685,1.062146,-0.368561,0.247171,2.340030
60.497764,-44.606465,38.957118,1.025392,-0.366158,0.251108,2.340727
60.597761,-44.553034,39.041651,0.988908,-0.363510,0.255460,2.342192
60.697757,-44.496568,39.124187,0.952735,-0.359956,0.258259,2.338013
60.797753,-44.437168,39.204637,0.916914,-0.356150,0.258820,2.332990
60.897750,-44.374940,39.282920,0.881500,-0.352114,0.258645,2.329930
60.997746,-44.309996,39.358965,0.846532,-0.347250,0.258217,2.329074
61.097742,-44.242452,39.432709,0.812047,-0.342169,0.258140,2.328456
61.197739,-44.172423,39.504099,0.778094,-0.336878,0.258616,2.328686
61.297735,-44.100031,39.573091,0.744708,-0.330860,0.257785,2.332075
61.397731,-44.025397,39.639649,0.711920,-0.324660,0.255614,2.338258
61.497727,-43.948641,39.703750,0.679773,-0.318277,0.253587,2.345659
61.597724,-43.869885,39.765376,0.648296,-0.311279,0.252721,2.349653
61.697720,-43.789249,39.824521,0.617515,-0.304135,0.252291,2.356091
61.797716,-43.706852,39.881186,0.587467,-0.296836,0.253162,2.357308
61.897713,-43.622810,39.935382,0.558174,-0.289038,0.252678,2.358966
61.997709,-43.537238,39.987125,0.529658,-0.281126,0.249412,2.360482
62.097705,-43.450244,40.036443,0.501947,-0.273090,0.246873,2.361258
62.197702,-43.361937,40.083367,0.475060,-0.264664,0.244428,2.359813
62.297698,-43.272420,40.127938,0.449013,-0.256155,0.242108,2.360756
62.397694,-43.181790,40.170201,0.423829,-0.247548,0.237474,2.363968
62.497690,-43.090142,40.210209,0.399519,-0.238652,0.230889,2.366982
62.597687,-42.997566,40.248017,0.376098,-0.229696,0.224664,2.369477
62.697683,-42.904146,40.283690,0.353580,-0.220668,0.218957,2.372508
62.797679,-42.809963,40.317293,0.331976,-0.211437,0.213912,2.374587
62.897676,-42.715090,40.348897,0.311293,-0.202162,0.210577,2.375720
62.997672,-42.619597,40.378576,0.291544,-0.192832,0.210542,2.372966
63.097668,-42.523551,40.406409,0.272733,-0.183401,0.210922,2.367929
63.197665,-42.427010,40.432476,0.254866,-0.173874,0.211156,2.366520
63.297661,-42.330031,40.456860,0.237960,-0.164260,0.210808,2.366903
63.397657,-42.232664,40.479648,0.221995,-0.155058,0.210315,2.370962
63.497654,-42.134956,40.500923,0.206975,-0.144854,0.209891,2.374988
63.597650,-42.036950,40.520782,0.193046,-0.133873,0.209821,2.371660
63.697646,-41.938686,40.539316,0.179864,-0.129776,0.210861,2.369801
63.797642,-41.840189,40.556573,0.167118,-0.124673,0.217083,2.370333
63.897639,-41.741485,40.572602,0.154952,-0.118658,0.219363,2.373706
63.997635,-41.642597,40.587457,0.143363,-0.113139,0.220136,2.376658
64.097631,-41.543548,40.601193,0.132328,-0.107480,0.220496,2.377600
64.197628,-41.444358,40.613863,0.121870,-0.101703,0.219385,2.378359
64.297624,-41.345043,40.625524,0.111967,-0.096373,0.216917,2.379819
64.397620,-41.245621,40.636227,0.102619,-0.090170,0.210515,2.381271
64.497617,-41.146106,40.646034,0.093952,-0.083311,0.209377,2.381457
64.597613,-41.046512,40.655001,0.085663,-0.082471,0.211274,2.379436
64.697609,-40.946848,40.663148,0.077481,-0.080763,0.214269,2.375879
64.797606,-40.847121,40.670489,0.069530,-0.078274,0.213841,2.368076
64.897602,-40.747340,40.677050,0.061806,-0.076208,0.213392,2.364818
64.997598,-40.647512,40.682849,0.054290,-0.074078,0.216268,2.368302
65.097594,-40.547643,40.687909,0.046992,-0.071890,0.221049,2.371503
65.197591,-40.447741,40.692251,0.039912,-0.069727,0.220810,2.373593
65.297587,-40.347811,40.695896,0.033047,-0.067556,0.218429,2.376500
65.397583,-40.247858,40.698866,0.026401,-0.065377,0.216194,2.379675
65.497580,-40.147889,40.701183,0.019972,-0.063213,0.214431,2.381400
65.597576,-40.047906,40.702867,0.013760,-0.061012,0.213031,2.381762
65.697572,-39.947916,40.703942,0.007770,-0.058784,0.211528,2.382748
65.797569,-39.847920,40.704428,0.001992,-0.056796,0.210301,2.384063
65.897565,-39.747924,40.704347,-0.003576,-0.054318,0.209909,2.385003
65.997561,-39.647929,40.703723,-0.008861,-0.051484,0.209884,2.384704
66.097557,-39.547940,40.702579,-0.014037,-0.052034,0.210778,2.383521
66.197554,-39.447957,40.700914,-0.019255,-0.052094,0.212627,2.382121
66.297550,-39.347984,40.698729,-0.024445,-0.051718,0.215103,2.380579
66.397546,-39.248025,40.696027,-0.029610,-0.051582,0.217796,2.378208
66.497543,-39.148080,40.692809,-0.034760,-0.051410,0.220600,2.375327
66.597539,-39.048153,40.689077,-0.039891,-0.051206,0.223581,2.371841
66.697535,-38.948247,40.684834,-0.045002,-0.051017,0.227464,2.368646
66.797532,-38.848363,40.680081,-0.050094,-0.050825,0.232507,2.364749
66.897528,-38.748505,40.674820,-0.055166,-0.050629,0.238657,2.359966
66.997524,-38.648675,40.669054,-0.060219,-0.050433,0.245385,2.354273
67.097521,-38.548876,40.662785,-0.065252,-0.050235,0.252505,2.347912
67.197517,-38.449109,40.656014,-0.070266,-0.050037,0.259950,2.341199
67.297513,-38.349377,40.648744,-0.075259,-0.049836,0.268111,2.334111
67.397509,-38.249682,40.640977,-0.080233,-0.049634,0.275215,2.326571
67.497506,-38.150028,40.632716,-0.085186,-0.049432,0.280652,2.318869
67.597502,-38.050415,40.623962,-0.090119,-0.049227,0.283918,2.312296
67.697498,-37.950847,40.614718,-0.095031,-0.049022,0.282546,2.307768
67.797495,-37.851325,40.604986,-0.099923,-0.048816,0.282528,2.300423
67.897491,-37.751852,40.594768,-0.104794,-0.048608,0.284082,2.297881
67.997487,-37.652430,40.584067,-0.109644,-0.048400,0.284601,2.299483
68.097484,-37.553061,40.572885,-0.114473,-0.048190,0.282839,2.299349
68.197480,-37.453747,40.561224,-0.119282,-0.047979,0.285340,2.299303
68.297476,-37.354490,40.549087,-0.124069,-0.047768,0.297666,2.296096
68.397472,-37.255292,40.536475,-0.128835,-0.047555,0.313415,2.290863
68.497469,-37.156155,40.523393,-0.133580,-0.047342,0.322547,2.285054
68.597465,-37.057081,40.509841,-0.138303,-0.047127,0.329294,2.276798
68.697461,-36.958072,40.495822,-0.143005,-0.046913,0.332954,2.264625
68.797458,-36.859130,40.481339,-0.147685,-0.046696,0.337537,2.251590
68.897454,-36.760257,40.466394,-0.152344,-0.046480,0.341842,2.241479
68.997450,-36.661454,40.450990,-0.156981,-0.046263,0.346066,2.237538
69.097447,-36.562723,40.435129,-0.161596,-0.046045,0.351189,2.234648
69.197443,-36.464067,40.418813,-0.166189,-0.045826,0.359100,2.228526
69.297439,-36.365486,40.402046,-0.170761,-0.045608,0.368535,2.221201
69.397436,-36.266983,40.384829,-0.175310,-0.045388,0.379131,2.212647
69.497432,-36.168559,40.367165,-0.179838,-0.045169,0.392697,2.203749
69.597428,-36.070216,40.349057,-0.184344,-0.044949,0.400267,2.191264
69.697424,-35.971955,40.330507,-0.188827,-0.044728,0.402251,2.178600
69.797421,-35.873779,40.311517,-0.193289,-0.044508,0.405698,2.172078
69.897417,-35.775687,40.292091,-0.197729,-0.044288,0.411554,2.168525
69.997413,-35.677683,40.272231,-0.202146,-0.044067,0.419954,2.155437
70.097410,-35.579767,40.251939,-0.206542,-0.043846,0.430565,2.152265
70.197406,-35.481941,40.231218,-0.210915,-0.043626,0.440702,2.160539
70.297402,-35.384206,40.210071,-0.215267,-0.043405,0.452178,2.153240
70.397399,-35.286564,40.188499,-0.219596,-0.043184,0.464271,2.143586
70.497395,-35.189017,40.166506,-0.223903,-0.042964,0.476321,2.130762
70.597391,-35.091564,40.144094,-0.228188,-0.042744,0.490769,2.117677
70.697387,-34.994208,40.121266,-0.232452,-0.042525,0.502772,2.107554
70.797384,-34.896951,40.098024,-0.236693,-0.042306,0.511098,2.098996
70.897380,-34.799792,40.074370,-0.240913,-0.042087,0.515413,2.087236
70.997376,-34.702734,40.050308,-0.245110,-0.041869,0.524562,2.076352
71.097373,-34.605777,40.025840,-0.249286,-0.041651,0.535952,2.065040
71.197369,-34.508923,40.000969,-0.253440,-0.041434,0.539814,2.054665
71.297365,-34.412173,39.975696,-0.257572,-0.041217,0.541505,2.045961
71.397362,-34.315528,39.950024,-0.261683,-0.041002,0.554871,2.037376
71.497358,-34.218989,39.923957,-0.265773,-0.040787,0.573021,2.026459
71.597354,-34.122557,39.897496,-0.269840,-0.040573,0.586396,2.009176
71.697351,-34.026234,39.870644,-0.273887,-0.040360,0.597146,1.996497
71.797347,-33.930019,39.843404,-0.277912,-0.040147,0.608177,1.986121
71.897343,-33.833915,39.815777,-0.281916,-0.039936,0.619844,1.977611
71.997339,-33.737921,39.787767,-0.285899,-0.039726,0.630619,1.966827
72.097336,-33.642040,39.759376,-0.289861,-0.039517,0.641234,1.955969
72.197332,-33.546272,39.730606,-0.293802,-0.039308,0.654129,1.948282
72.297328,-33.450617,39.701460,-0.297722,-0.039101,0.666009,1.939487
72.397325,-33.355077,39.671941,-0.301622,-0.038896,0.676788,1.928831
72.497321,-33.259653,39.642049,-0.305501,-0.038691,0.685897,1.918020
72.597317,-33.164345,39.611789,-0.309360,-0.038488,0.696508,1.906901
72.697314,-33.069154,39.581163,-0.313199,-0.038286,0.709503,1.895354
72.797310,-32.974082,39.550172,-0.317017,-0.038085,0.721916,1.883516
72.897306,-32.879128,39.518819,-0.320815,-0.037886,0.736453,1.870994
72.997302,-32.784293,39.487107,-0.324594,-0.037688,0.750100,1.856567
73.097299,-32.689578,39.455037,-0.328353,-0.037492,0.762792,1.844375
73.197295,-32.594985,39.422613,-0.332092,-0.037296,0.775793,1.833223
73.297291,-32.500513,39.389836,-0.335812,-0.037103,0.789119,1.828081
73.397288,-32.406163,39.356709,-0.339512,-0.036911,0.800391,1.815481
73.497284,-32.311936,39.323233,-0.343194,-0.036720,0.802809,1.793912
73.597280,-32.217833,39.289413,-0.346856,-0.036532,0.814990,1.780761
73.697277,-32.123854,39.255248,-0.350500,-0.036344,0.829994,1.769542
73.797273,-32.030000,39.220742,-0.354125,-0.036158,0.846084,1.757748
73.897269,-31.936271,39.185897,-0.357731,-0.035974,0.865765,1.742286
73.997266,-31.842668,39.150715,-0.361320,-0.035792,0.877953,1.725905
74.097262,-31.749192,39.115199,-0.364890,-0.035610,0.889987,1.714961
74.197258,-31.655842,39.079349,-0.368442,-0.035431,0.901836,1.703357
74.297254,-31.562621,39.043170,-0.371976,-0.035254,0.912555,1.694233
74.397251,-31.469527,39.006661,-0.375492,-0.035078,0.921370,1.685729
74.497247,-31.376562,38.969827,-0.378991,-0.034904,0.926886,1.674155
74.597243,-31.283726,38.932668,-0.382473,-0.034731,0.939014,1.662851
74.697240,-31.191020,38.895187,-0.385937,-0.034560,0.954617,1.650593
74.797236,-31.098444,38.857386,-0.389384,-0.034391,0.970507,1.636791
74.897232,-31.005998,38.819267,-0.392815,-0.034223,0.986695,1.619549
74.997229,-30.913683,38.780831,-0.396229,-0.034057,1.001209,1.604265
75.097225,-30.821500,38.742082,-0.399626,-0.033893,1.014594,1.589441
75.197221,-30.729449,38.703020,-0.403007,-0.033731,1.026870,1.577957
75.297218,-30.637530,38.663648,-0.406372,-0.033570,1.037463,1.565348
75.397214,-30.545743,38.623968,-0.409721,-0.033411,1.046565,1.550644
75.497210,-30.454090,38.583981,-0.413054,-0.033254,1.057964,1.537254
75.597206,-30.362570,38.543689,-0.416372,-0.033098,1.070257,1.526681
75.697203,-30.271184,38.503095,-0.419674,-0.032944,1.085050,1.513699
75.797199,-30.179933,38.462200,-0.422960,-0.032792,1.099753,1.501891
75.897195,-30.088815,38.421006,-0.426232,-0.032641,1.113744,1.489265
75.997192,-29.997833,38.379515,-0.429489,-0.032493,1.127506,1.475761
76.097188,-29.906986,38.337729,-0.432730,-0.032346,1.139835,1.463216
76.197184,-29.816275,38.295649,-0.435958,-0.032200,1.151877,1.450396
76.297181,-29.725700,38.253277,-0.439170,-0.032056,1.162770,1.436048
76.397177,-29.635261,38.210615,-0.442369,-0.031914,1.174870,1.420975
76.497173,-29.544958,38.167664,-0.445553,-0.031773,1.185350,1.411406
76.597169,-29.454793,38.124427,-0.448723,-0.031634,1.196420,1.400966
76.697166,-29.364765,38.080905,-0.451879,-0.031496,1.206985,1.392049
76.797162,-29.274874,38.037099,-0.455022,-0.031360,1.220002,1.381189
76.897158,-29.185121,37.993012,-0.458151,-0.031226,1.230096,1.370177
76.997155,-29.095506,37.948645,-0.461267,-0.031093,1.239975,1.358265
77.097151,-29.006029,37.903999,-0.464370,-0.030961,1.249705,1.344098
77.197147,-28.916692,37.859077,-0.467459,-0.030832,1.261508,1.331870
77.297144,-28.827493,37.813879,-0.470536,-0.030703,1.273551,1.322135
77.397140,-28.738433,37.768408,-0.473599,-0.030576,1.282910,1.312131
77.497136,-28.649513,37.722664,-0.476651,-0.030450,1.286790,1.301460
77.597133,-28.560732,37.676650,-0.479689,-0.030326,1.294592,1.291819
77.697129,-28.472092,37.630368,-0.482716,-0.030203,1.304464,1.292490
77.797125,-28.383591,37.583817,-0.485730,-0.030082,1.312993,1.285383
77.897121,-28.295231,37.537001,-0.488732,-0.029962,1.317851,1.269919
77.997118,-28.207012,37.489920,-0.491722,-0.029843,1.326302,1.256364
78.097114,-28.118933,37.442576,-0.494700,-0.029726,1.334663,1.247582
78.197110,-28.030996,37.394970,-0.497667,-0.029609,1.342473,1.239688
78.297107,-27.943200,37.347104,-0.500622,-0.029494,1.349315,1.231441
78.397103,-27.855546,37.298980,-0.503566,-0.029380,1.354199,1.222799
78.497099,-27.768033,37.250598,-0.506498,-0.029268,1.358416,1.218830
78.597096,-27.680662,37.201960,-0.509419,-0.029156,1.362843,1.215659
78.697092,-27.593434,37.153068,-0.512329,-0.029045,1.367186,1.212286
78.797088,-27.506348,37.103922,-0.515228,-0.028936,1.372477,1.209273
78.897084,-27.419404,37.054525,-0.518116,-0.028827,1.377221,1.206607
78.997081,-27.332603,37.004877,-0.520993,-0.028720,1.382115,1.203102
79.097077,-27.245945,36.954981,-0.523860,-0.028614,1.388283,1.199158
79.197073,-27.159431,36.904836,-0.526716,-0.028508,1.395474,1.190849
79.297070,-27.073059,36.854445,-0.529561,-0.028403,1.404990,1.185838
79.397066,-26.986831,36.803809,-0.532396,-0.028300,1.412103,1.179342
79.497062,-26.900747,36.752930,-0.535221,-0.028196,1.414714,1.174508
79.597059,-26.814806,36.701807,-0.538035,-0.028094,1.417836,1.170796
79.697055,-26.729010,36.650444,-0.540840,-0.027993,1.422546,1.167788
79.797051,-26.643357,36.598840,-0.543634,-0.027892,1.427076,1.162079
79.897048,-26.557849,36.546998,-0.546418,-0.027792,1.429426,1.157471
79.997044,-26.472485,36.494918,-0.549192,-0.027692,1.428717,1.159086
80.097040,-26.387266,36.442603,-0.551956,-0.027593,1.430352,1.158103
80.197036,-26.302191,36.390052,-0.554710,-0.027494,1.433677,1.150904
80.297033,-26.217262,36.337267,-0.557455,-0.027396,1.438546,1.147173
80.397029,-26.132477,36.284251,-0.560189,-0.027299,1.437737,1.146651
80.497025,-26.047837,36.231002,-0.562914,-0.027202,1.438885,1.146944
80.597022,-25.963342,36.177524,-0.565630,-0.027105,1.439364,1.145884
80.697018,-25.878993,36.123817,-0.568335,-0.027008,1.439916,1.145447
80.797014,-25.794789,36.069883,-0.571031,-0.026912,1.439720,1.145150
80.897011,-25.710730,36.015722,-0.573717,-0.026816,1.440781,1.144498
80.997007,-25.626817,35.961335,-0.576394,-0.026720,1.444111,1.143033
81.097003,-25.543049,35.906725,-0.579061,-0.026624,1.447129,1.142438
81.196999,-25.459428,35.851892,-0.581719,-0.026528,1.445065,1.145978
81.296996,-25.375952,35.796837,-0.584366,-0.026432,1.443087,1.148689
81.396992,-25.292621,35.741562,-0.587005,-0.026337,1.444299,1.144876
81.496988,-25.209437,35.686068,-0.589634,-0.026241,1.447461,1.141956
81.596985,-25.126398,35.630355,-0.592253,-0.026145,1.447006,1.142320
81.696981,-25.043506,35.574426,-0.594862,-0.026049,1.444692,1.145341
81.796977,-24.960759,35.518281,-0.597462,-0.025952,1.442552,1.146545
81.896974,-24.878159,35.461921,-0.600053,-0.025856,1.441075,1.146339
81.996970,-24.795704,35.405348,-0.602633,-0.025759,1.438003,1.146794
82.096966,-24.713396,35.348563,-0.605204,-0.025661,1.436062,1.145829
82.196963,-24.631233,35.291567,-0.607765,-0.025564,1.434629,1.146963
82.296959,-24.549216,35.234361,-0.610317,-0.025465,1.433252,1.147963
82.396955,-24.467346,35.176946,-0.612858,-0.025367,1.432509,1.148636
82.496951,-24.385621,35.119324,-0.615390,-0.025268,1.432593,1.149480
82.596948,-24.304042,35.061495,-0.617912,-0.025168,1.432205,1.151671
82.696944,-24.222609,35.003461,-0.620423,-0.025067,1.431676,1.157586
82.796940,-24.141321,34.945224,-0.622925,-0.024966,1.430516,1.163506
82.896937,-24.060179,34.886783,-0.625416,-0.024864,1.427292,1.166510
82.996933,-23.979183,34.828141,-0.627897,-0.024761,1.424188,1.169114
83.096929,-23.898332,34.769299,-0.630368,-0.024657,1.420358,1.171718
83.196926,-23.817627,34.710258,-0.632829,-0.024552,1.418092,1.173895
83.296922,-23.737067,34.651018,-0.635278,-0.024447,1.416776,1.175524
83.396918,-23.656651,34.591582,-0.637718,-0.024341,1.415355,1.176456
83.496914,-23.576381,34.531950,-0.640146,-0.024233,1.414406,1.176453
83.596911,-23.496256,34.472124,-0.642564,-0.024124,1.413717,1.175232
83.696907,-23.416274,34.412105,-0.644971,-0.024014,1.411371,1.178815
83.796903,-23.336438,34.351894,-0.647367,-0.023903,1.407130,1.184145
83.896900,-23.256745,34.291492,-0.649751,-0.023790,1.401908,1.188893
83.996896,-23.177197,34.230901,-0.652124,-0.023677,1.398824,1.189985
84.096892,-23.097792,34.170122,-0.654486,-0.023561,1.396511,1.189429
84.196889,-23.018530,34.109156,-0.656836,-0.023445,1.392721,1.191632
84.296885,-22.939412,34.048004,-0.659175,-0.023327,1.391745,1.193650
84.396881,-22.860436,33.986668,-0.661502,-0.023207,1.391183,1.192584
84.496878,-22.781603,33.925148,-0.663816,-0.023086,1.389503,1.193079
84.596874,-22.702913,33.863447,-0.666119,-0.022964,1.386910,1.195941
84.696870,-22.624364,33.801565,-0.668409,-0.022840,1.384054,1.201562
84.796866,-22.545956,33.739504,-0.670686,-0.022714,1.382566,1.203880
84.896863,-22.467690,33.677266,-0.672951,-0.022586,1.382477,1.203686
84.996859,-22.389565,33.614850,-0.675203,-0.022457,1.381448,1.203792
85.096855,-22.311580,33.552259,-0.677443,-0.022325,1.379659,1.205391
85.196852,-22.233735,33.489495,-0.679668,-0.022193,1.377791,1.207212
85.296848,-22.156029,33.426557,-0.681881,-0.022057,1.378252,1.210394
85.396844,-22.078463,33.363449,-0.684080,-0.021920,1.378574,1.213704
85.496841,-22.001034,33.300170,-0.686265,-0.021782,1.374355,1.215124
85.596837,-21.923744,33.236724,-0.688436,-0.021640,1.368733,1.216913
85.696833,-21.846592,33.173110,-0.690592,-0.021497,1.366385,1.220176
85.796830,-21.769576,33.109330,-0.692735,-0.021353,1.365114,1.221750
85.896826,-21.692697,33.045386,-0.694863,-0.021205,1.367806,1.220116
85.996822,-21.615953,32.981279,-0.696976,-0.021055,1.367416,1.214412
86.096818,-21.539345,32.917011,-0.699074,-0.020904,1.367217,1.213519
86.196815,-21.462871,32.852582,-0.701156,-0.020749,1.368169,1.218348
86.296811,-21.386531,32.787996,-0.703223,-0.020593,1.370880,1.218960
86.396807,-21.310324,32.723252,-0.705275,-0.020435,1.376137,1.216453
86.496804,-21.234249,32.658352,-0.707310,-0.020273,1.378089,1.210462
86.596800,-21.158307,32.593299,-0.709329,-0.020110,1.375941,1.207699
86.696796,-21.082495,32.528093,-0.711332,-0.019944,1.375767,1.206684
86.796793,-21.006813,32.462735,-0.713318,-0.019775,1.378086,1.207292
86.896789,-20.931261,32.397229,-0.715287,-0.019604,1.382096,1.206860
86.996785,-20.855837,32.331574,-0.717238,-0.019432,1.380888,1.209026
87.096781,-20.780541,32.265773,-0.719172,-0.019255,1.377396,1.211486
87.196778,-20.705372,32.199827,-0.721089,-0.019076,1.375716,1.212835
87.296774,-20.630329,32.133738,-0.722988,-0.018896,1.380215,1.212289
87.396770,-20.555411,32.067507,-0.724868,-0.018711,1.388966,1.210068
87.496767,-20.480617,32.001136,-0.726730,-0.018524,1.387212,1.206453
87.596763,-20.405946,31.934626,-0.728573,-0.018336,1.388005,1.202349
87.696759,-20.331397,31.867980,-0.730396,-0.018143,1.392623,1.198147
87.796756,-20.256969,31.801199,-0.732201,-0.017948,1.398961,1.194923
87.896752,-20.182661,31.734284,-0.733986,-0.017751,1.404389,1.191129
87.996748,-20.108472,31.667237,-0.735751,-0.017550,1.408364,1.184023
88.096745,-20.034401,31.600061,-0.737496,-0.017347,1.407771,1.173476
88.196741,-19.960446,31.532756,-0.739220,-0.017141,1.410427,1.167496
88.296737,-19.886607,31.465324,-0.740924,-0.016931,1.413600,1.167652
88.396733,-19.812882,31.397767,-0.742606,-0.016719,1.418499,1.166181
88.496730,-19.739270,31.330087,-0.744267,-0.016505,1.423588,1.160706
88.596726,-19.665770,31.262286,-0.745907,-0.016287,1.427381,1.154815
88.696722,-19.592381,31.194365,-0.747524,-0.016066,1.430565,1.149859
88.796719,-19.519100,31.126327,-0.749120,-0.015843,1.438695,1.144912
88.896715,-19.445928,31.058172,-0.750693,-0.015616,1.449676,1.139396
88.996711,-19.372862,30.989903,-0.752243,-0.015386,1.456603,1.132509
89.096708,-19.299901,30.921522,-0.753770,-0.015154,1.458734,1.124333
89.196704,-19.227044,30.853030,-0.755273,-0.014918,1.463066,1.116461
89.296700,-19.154289,30.784430,-0.756753,-0.014679,1.473794,1.114100
89.396696,-19.081635,30.715723,-0.758209,-0.014438,1.488807,1.111359
89.496693,-19.009080,30.646911,-0.759641,-0.014193,1.489544,1.102047
89.596689,-18.936623,30.577997,-0.761047,-0.013945,1.492229,1.094247
89.696685,-18.864262,30.508981,-0.762429,-0.013695,1.500719,1.087960
89.796682,-18.791996,30.439866,-0.763786,-0.013440,1.519099,1.081675
89.896678,-18.719822,30.370655,-0.765117,-0.013183,1.525085,1.073602
89.996674,-18.647740,30.301348,-0.766422,-0.012923,1.530579,1.064706
90.096671,-18.575748,30.231948,-0.767702,-0.012660,1.535372,1.056670
90.196667,-18.503843,30.162457,-0.768954,-0.012393,1.541731,1.049878
90.296663,-18.432025,30.092877,-0.770180,-0.012124,1.552801,1.044056
90.396660,-18.360291,30.023210,-0.771379,-0.011851,1.561353,1.040790
90.496656,-18.288640,29.953458,-0.772550,-0.011575,1.568979,1.033451
90.596652,-18.217069,29.883623,-0.773694,-0.011297,1.577327,1.016793
90.696648,-18.145577,29.813707,-0.774809,-0.011015,1.585700,1.007545
90.796645,-18.074163,29.743713,-0.775897,-0.010730,1.594497,0.999022
90.896641,-18.002823,29.673642,-0.776955,-0.010442,1.602868,0.990649
90.996637,-17.931557,29.603496,-0.777985,-0.010150,1.608456,0.982107
91.096634,-17.860362,29.533279,-0.778985,-0.009856,1.615199,0.971584
91.196630,-17.789236,29.462991,-0.779956,-0.009559,1.625368,0.966355
91.296626,-17.718178,29.392635,-0.780897,-0.009258,1.638464,0.960423
91.396623,-17.647184,29.322213,-0.781807,-0.008954,1.646930,0.953429
91.496619,-17.576254,29.251728,-0.782687,-0.008648,1.649683,0.944306
91.596615,-17.505384,29.181182,-0.783536,-0.008337,1.659360,0.936178
91.696611,-17.434574,29.110576,-0.784355,-0.008024,1.683960,0.929538
91.796608,-17.363820,29.039914,-0.785141,-0.007709,1.697814,0.922109
91.896604,-17.293121,28.969197,-0.785896,-0.007389,1.706337,0.912041
91.996600,-17.222474,28.898428,-0.786619,-0.007067,1.713816,0.895703
92.096597,-17.151877,28.827610,-0.787309,-0.006742,1.723031,0.880226
92.196593,-17.081327,28.756743,-0.787967,-0.006413,1.734306,0.868770
92.296589,-17.010823,28.685831,-0.788592,-0.006082,1.742394,0.860060
92.396586,-16.940363,28.614877,-0.789183,-0.005748,1.747690,0.850329
92.496582,-16.869943,28.543882,-0.789741,-0.005410,1.754703,0.840288
92.596578,-16.799561,28.472849,-0.790265,-0.005069,1.762817,0.831207
92.696575,-16.729216,28.401780,-0.790755,-0.004727,1.771955,0.823755
92.796571,-16.658904,28.330678,-0.791210,-0.004380,1.781877,0.816382
92.896567,-16.588623,28.259545,-0.791631,-0.004030,1.790137,0.807361
92.996563,-16.518371,28.188384,-0.792016,-0.003679,1.800395,0.795011
93.096560,-16.448145,28.117197,-0.792366,-0.003323,1.812828,0.785083
93.196556,-16.377943,28.045987,-0.792681,-0.002965,1.825272,0.775594
93.296552,-16.307762,27.974755,-0.792959,-0.002605,1.834240,0.766792
93.396549,-16.237599,27.903506,-0.793202,-0.002241,1.846070,0.755567
93.496545,-16.167453,27.832241,-0.793407,-0.001874,1.860484,0.742701
93.596541,-16.097319,27.760963,-0.793576,-0.001506,1.874621,0.731241
93.696538,-16.027197,27.689674,-0.793708,-0.001133,1.886259,0.720357
93.796534,-15.957083,27.618377,-0.793803,-0.000759,1.895562,0.708059
93.896530,-15.886973,27.547075,-0.793860,-0.000382,1.904756,0.696534
93.996526,-15.816867,27.475770,-0.793879,-0.000002,1.914399,0.686386
94.096523,-15.746761,27.404466,-0.793860,0.000380,1.924572,0.676913
94.196519,-15.676652,27.333163,-0.793803,0.000764,1.934189,0.670516
94.296515,-15.606537,27.261867,-0.793707,0.001152,1.941049,0.660073
94.396512,-15.536415,27.190578,-0.793573,0.001542,1.949839,0.644381
94.496508,-15.466281,27.119300,-0.793399,0.001933,1.965494,0.634735
94.596504,-15.396134,27.048036,-0.793186,0.002328,1.985407,0.626492
94.696501,-15.325970,26.976788,-0.792933,0.002725,1.994313,0.619542
94.796497,-15.255786,26.905559,-0.792641,0.003123,1.996638,0.606897
94.896493,-15.185581,26.834352,-0.792309,0.003524,2.005042,0.591623
94.996490,-15.115350,26.763170,-0.791936,0.003927,2.016854,0.582761
95.096486,-15.045091,26.692016,-0.791523,0.004331,2.026534,0.576131
95.196482,-14.974802,26.620891,-0.791070,0.004738,2.029902,0.566897
95.296478,-14.904478,26.549801,-0.790576,0.005147,2.038255,0.551676
95.396475,-14.834119,26.478746,-0.790041,0.005557,2.050572,0.539194
95.496471,-14.763719,26.407730,-0.789464,0.005970,2.070199,0.528764
95.596467,-14.693278,26.336757,-0.788847,0.006383,2.080812,0.526574
95.696464,-14.622791,26.265828,-0.788188,0.006798,2.087550,0.516393
95.796460,-14.552256,26.194948,-0.787487,0.007216,2.098052,0.505523
95.896456,-14.481669,26.124118,-0.786744,0.007634,2.113045,0.495348
95.996453,-14.411029,26.053342,-0.785960,0.008053,2.124494,0.485518
96.096449,-14.340332,25.982624,-0.785134,0.008474,2.131121,0.474771
96.196445,-14.269574,25.911965,-0.784265,0.008897,2.134682,0.464188
96.296442,-14.198754,25.841369,-0.783355,0.009320,2.141748,0.455552
96.396438,-14.127869,25.770839,-0.782401,0.009744,2.151082,0.444555
96.496434,-14.056914,25.700378,-0.781406,0.010169,2.160355,0.436318
96.596430,-13.985888,25.629989,-0.780368,0.010595,2.169367,0.430730
96.696427,-13.914787,25.559676,-0.779287,0.011023,2.178060,0.419203
96.796423,-13.843609,25.489441,-0.778163,0.011450,2.188064,0.408862
96.896419,-13.772351,25.419288,-0.776997,0.011879,2.201021,0.400169
96.996416,-13.701009,25.349219,-0.775787,0.012308,2.211297,0.391628
97.096412,-13.629581,25.279238,-0.774535,0.012738,2.219158,0.382708
97.196408,-13.558064,25.209349,-0.773240,0.013168,2.223950,0.372964
97.296405,-13.486455,25.139553,-0.771902,0.013598,2.228597,0.364305
97.396401,-13.414751,25.069855,-0.770520,0.014029,2.235959,0.357096
97.496397,-13.342950,25.000258,-0.769096,0.014460,2.243401,0.351673
97.596393,-13.271048,24.930764,-0.767628,0.014892,2.249662,0.345375
97.696390,-13.199042,24.861378,-0.766118,0.015323,2.255476,0.335512
97.796386,-13.126930,24.792102,-0.764564,0.015755,2.260921,0.327769
97.896382,-13.054710,24.722939,-0.762967,0.016187,2.267458,0.322910
97.996379,-12.982377,24.653894,-0.761327,0.016619,2.274933,0.320690
98.096375,-12.909930,24.584969,-0.759643,0.017050,2.281591,0.314001
98.196371,-12.837365,24.516168,-0.757917,0.017482,2.286905,0.304547
98.296368,-12.764680,24.447493,-0.756147,0.017914,2.292669,0.295886
98.396364,-12.691873,24.378949,-0.754334,0.018345,2.299096,0.291630
98.496360,-12.618939,24.310539,-0.752478,0.018776,2.311342,0.290406
98.596357,-12.545877,24.242265,-0.750579,0.019207,2.317412,0.283973
98.696353,-12.472685,24.174132,-0.748637,0.019638,2.318346,0.273643
98.796349,-12.399358,24.106143,-0.746651,0.020069,2.322530,0.267639
98.896345,-12.325896,24.038302,-0.744623,0.020499,2.330138,0.262909
98.996342,-12.252294,23.970610,-0.742552,0.020929,2.338125,0.259904
99.096338,-12.178551,23.903074,-0.740437,0.021359,2.341269,0.255442
99.196334,-12.104664,23.835694,-0.738280,0.021788,2.345541,0.248357
99.296331,-12.030630,23.768476,-0.736080,0.022218,2.349744,0.241844
99.396327,-11.956447,23.701423,-0.733837,0.022646,2.353399,0.240026
99.496323,-11.882113,23.634538,-0.731551,0.023075,2.356807,0.237754
99.596320,-11.807624,23.567824,-0.729222,0.023504,2.359465,0.234975
99.696316,-11.732979,23.501286,-0.726850,0.023927,2.359949,0.230251
99.796312,-11.658175,23.434926,-0.724436,0.024363,2.356580,0.223607
99.896308,-11.583209,23.368749,-0.721978,0.024802,2.357935,0.220213
99.996305,-11.508079,23.302758,-0.719480,0.025163,2.360130,0.222687
100.096301,-11.432784,23.236956,-0.716940,0.025702,2.363855,0.222657
100.196297,-11.357320,23.171348,-0.714337,0.026290,2.367460,0.213587
100.296294,-11.281684,23.105938,-0.711732,0.025804,2.369569,0.210402
100.396290,-11.205879,23.040724,-0.709106,0.027785,2.370345,0.209570
100.496286,-11.129893,22.975721,-0.706136,0.031530,2.370582,0.212177
100.596283,-11.053703,22.910957,-0.702850,0.034202,2.371587,0.212605
100.696279,-10.977292,22.846454,-0.699291,0.037051,2.372211,0.210772
100.796275,-10.900643,22.782234,-0.695437,0.040026,2.372043,0.210476
100.896272,-10.823737,22.718322,-0.691290,0.042924,2.371054,0.211904
100.996268,-10.746558,22.654740,-0.686852,0.045833,2.368735,0.214068
101.096264,-10.669088,22.591513,-0.682123,0.048752,2.366907,0.217023
101.196260,-10.591311,22.528664,-0.677103,0.051663,2.365948,0.218011
101.296257,-10.513210,22.466218,-0.671791,0.054575,2.364402,0.218718
101.396253,-10.434769,22.404199,-0.666188,0.057487,2.361844,0.222966
101.496249,-10.355973,22.342632,-0.660294,0.060395,2.358229,0.228834
101.596246,-10.276807,22.281541,-0.654109,0.063303,2.354496,0.232581
101.696242,-10.197256,22.220954,-0.647634,0.066209,2.351282,0.234876
101.796238,-10.117305,22.160894,-0.640868,0.069112,2.349082,0.237850
101.896235,-10.036941,22.101388,-0.633812,0.072012,2.345778,0.242436
101.996231,-9.956150,22.042462,-0.626466,0.074911,2.339260,0.246873
102.096227,-9.874921,21.984143,-0.618831,0.077803,2.333728,0.247749
102.196223,-9.793240,21.926458,-0.610906,0.080693,2.332100,0.250716
102.296220,-9.711097,21.869434,-0.602693,0.083581,2.328736,0.255344
102.396216,-9.628479,21.813098,-0.594191,0.086459,2.321321,0.260059
102.496212,-9.545378,21.757479,-0.585401,0.089333,2.314976,0.265455
102.596209,-9.461783,21.702604,-0.576325,0.092205,2.310169,0.270263
102.696205,-9.377686,21.648503,-0.566962,0.095064,2.306559,0.276069
102.796201,-9.293078,21.595203,-0.557313,0.097917,2.305193,0.284545
102.896198,-9.207952,21.542734,-0.547379,0.100767,2.299599,0.295379
102.996194,-9.122302,21.491125,-0.537161,0.103600,2.292078,0.305021
103.096190,-9.036122,21.440407,-0.526659,0.106425,2.283385,0.315034
103.196187,-8.949407,21.390608,-0.515876,0.109246,2.275404,0.323843
103.296183,-8.862153,21.341760,-0.504812,0.112045,2.267669,0.332697
103.396179,-8.774357,21.293892,-0.493468,0.114834,2.258312,0.342472
103.496175,-8.686018,21.247036,-0.481846,0.117618,2.245348,0.350596
103.596172,-8.597133,21.201222,-0.469946,0.120374,2.231598,0.355827
103.696168,-8.507704,21.156481,-0.457772,0.123118,2.222382,0.361949
103.796164,-8.417730,21.112844,-0.445323,0.125854,2.215443,0.369630
103.896161,-8.327214,21.070343,-0.432603,0.128557,2.209784,0.379195
103.996157,-8.236160,21.029009,-0.419613,0.131245,2.204375,0.391730
104.096153,-8.144570,20.988874,-0.406354,0.133923,2.196115,0.401206
104.196150,-8.052452,20.949969,-0.392831,0.136561,2.187570,0.408322
104.296146,-7.959810,20.912325,-0.379043,0.139180,2.179386,0.415187
104.396142,-7.866654,20.875974,-0.364995,0.141788,2.171528,0.421848
104.496139,-7.772992,20.840948,-0.350689,0.144349,2.163865,0.427591
104.596135,-7.678834,20.807277,-0.336126,0.146886,2.156657,0.431151
104.696131,-7.584191,20.774993,-0.321312,0.149411,2.149450,0.434672
104.796127,-7.489077,20.744126,-0.306248,0.151879,2.144961,0.438445
104.896124,-7.393505,20.714707,-0.290937,0.154321,2.141098,0.444122
104.996120,-7.297490,20.686767,-0.275384,0.156747,2.136575,0.452976
105.096116,-7.201049,20.660335,-0.259591,0.159108,2.130298,0.454772
105.196113,-7.104200,20.635440,-0.243563,0.161439,2.127838,0.453315
105.296109,-7.006961,20.612112,-0.227304,0.163752,2.128749,0.452716
105.396105,-6.909353,20.590380,-0.210817,0.165990,2.131921,0.453588
105.496102,-6.811398,20.570270,-0.194107,0.168194,2.138167,0.453263
105.596098,-6.713119,20.551811,-0.177178,0.170376,2.145831,0.450350
105.696094,-6.614540,20.535029,-0.160036,0.172475,2.155617,0.444723
105.796090,-6.515685,20.519949,-0.142685,0.174535,2.164047,0.436133
105.896087,-6.416583,20.506597,-0.125129,0.176572,2.172393,0.427125
105.996083,-6.317260,20.494997,-0.107376,0.178514,2.181383,0.420558
106.096079,-6.217746,20.485171,-0.089428,0.180414,2.189364,0.414103
106.196076,-6.118071,20.477142,-0.071293,0.182287,2.195158,0.406303
106.296072,-6.018266,20.470931,-0.052976,0.184056,2.201840,0.396897
106.396068,-5.918363,20.466558,-0.034483,0.185780,2.211659,0.387378
106.496065,-5.818397,20.464042,-0.015820,0.187473,2.222467,0.378956
106.596061,-5.718401,20.463400,0.003006,0.189053,2.233726,0.370865
106.696057,-5.618410,20.464649,0.021989,0.190584,2.243376,0.361522
106.796054,-5.518462,20.467802,0.041123,0.192082,2.257214,0.350282
106.896050,-5.418592,20.472875,0.060399,0.193457,2.270943,0.337658
106.996046,-5.318840,20.479879,0.079813,0.194779,2.282212,0.326109
107.096042,-5.219242,20.488824,0.099355,0.196067,2.290566,0.316317
107.196039,-5.119839,20.499720,0.119019,0.197223,2.299996,0.308275
107.296035,-5.020671,20.512574,0.138799,0.198323,2.308850,0.298010
107.396031,-4.921776,20.527392,0.158684,0.199386,2.317233,0.284228
107.496028,-4.823197,20.544179,0.178669,0.200312,2.325221,0.272606
107.596024,-4.724974,20.562937,0.198745,0.201178,2.331570,0.263415
107.696020,-4.627148,20.583667,0.218905,0.202005,2.337355,0.255732
107.796017,-4.529760,20.606368,0.239139,0.202688,2.343429,0.247347
107.896013,-4.432853,20.631039,0.259441,0.203310,2.350005,0.239938
107.996009,-4.336467,20.657675,0.279801,0.203891,2.356871,0.233771
108.096005,-4.240644,20.686270,0.300211,0.204325,2.363801,0.228561
108.196002,-4.145425,20.716817,0.320665,0.204694,2.371292,0.225201
108.295998,-4.050852,20.749306,0.341151,0.205021,2.376655,0.225329
108.395994,-3.956964,20.783727,0.361661,0.205205,2.379544,0.220604
108.495991,-3.863803,20.820068,0.382190,0.205306,2.382234,0.216211
108.595987,-3.771407,20.858313,0.402723,0.205358,2.384313,0.213155
108.695983,-3.679816,20.898447,0.423259,0.205383,2.385670,0.211577
108.795980,-3.589068,20.940454,0.443790,0.205051,2.386900,0.210497
108.895976,-3.499201,20.984313,0.464266,0.204613,2.387356,0.209954
108.995972,-3.410251,21.030003,0.484784,0.205766,2.387140,0.210226
109.095969,-3.322260,21.077513,0.505409,0.206559,2.386457,0.211041
109.195965,-3.235268,21.126831,0.526093,0.207108,2.382930,0.212050
109.295961,-3.149317,21.177940,0.546829,0.207625,2.382186,0.213766
109.395957,-3.064445,21.230822,0.567616,0.208053,2.382796,0.214935
109.495954,-2.980692,21.285458,0.588440,0.208422,2.381145,0.215652
109.595950,-2.898096,21.341828,0.609292,0.208641,2.378969,0.217010
109.695946,-2.816693,21.399908,0.630166,0.208789,2.375960,0.221184
109.795943,-2.736521,21.459675,0.651051,0.208891,2.369500,0.225866
109.895939,-2.657615,21.521104,0.671936,0.208832,2.359785,0.229899
109.995935,-2.580008,21.584167,0.692816,0.208704,2.355070,0.232653
110.095932,-2.503735,21.648836,0.713678,0.208530,2.351236,0.233474
110.195928,-2.428826,21.715081,0.734513,0.208195,2.347653,0.236535
110.295924,-2.355313,21.782871,0.755315,0.207792,2.344206,0.239857
110.395920,-2.283224,21.852174,0.776072,0.207343,2.340189,0.245042
110.495917,-2.212587,21.922957,0.796775,0.206735,2.336980,0.248209
110.595913,-2.143429,21.995184,0.817418,0.206061,2.334701,0.247839
110.695909,-2.075773,22.068822,0.837988,0.205341,2.333926,0.247416
110.795906,-2.009644,22.143832,0.858478,0.204467,2.334579,0.248411
110.895902,-1.945062,22.220179,0.878880,0.203529,2.338617,0.248380
110.995898,-1.882047,22.297825,0.899184,0.202547,2.342824,0.247139
111.095895,-1.820618,22.376730,0.919382,0.201416,2.347769,0.243978
111.195891,-1.760790,22.456857,0.939466,0.200225,2.351449,0.239323
111.295887,-1.702578,22.538166,0.959427,0.198991,2.354339,0.234810
111.395884,-1.645996,22.620617,0.979257,0.197617,2.356820,0.231751
111.495880,-1.591054,22.704169,0.998949,0.196185,2.359005,0.230374
111.595876,-1.537762,22.788784,1.018494,0.194713,2.360698,0.227538
111.695872,-1.486127,22.874419,1.037885,0.193111,2.361843,0.225957
111.795869,-1.436155,22.961036,1.057115,0.191454,2.361316,0.224505
111.895865,-1.387851,23.048594,1.076176,0.189761,2.363682,0.224603
111.995861,-1.341216,23.137052,1.095061,0.187944,2.365926,0.220636
112.095858,-1.296253,23.226371,1.113764,0.186086,2.368796,0.217244
112.195854,-1.252959,23.316511,1.132278,0.184194,2.371181,0.214560
112.295850,-1.211332,23.407433,1.150595,0.182147,2.372722,0.213493
112.395847,-1.171369,23.499099,1.168710,0.180165,2.373030,0.212276
112.495843,-1.133063,23.591469,1.186629,0.178168,2.373307,0.211002
112.595839,-1.096408,23.684507,1.204309,0.175440,2.373597,0.209875
112.695835,-1.061392,23.778173,1.221761,0.174193,2.373927,0.209999
112.795832,-1.028013,23.872436,1.239169,0.173923,2.373596,0.211728
112.895828,-0.996277,23.967264,1.256511,0.172931,2.371656,0.213964
112.995824,-0.966186,24.062627,1.273757,0.172010,2.367565,0.215903
113.095821,-0.937740,24.158494,1.290915,0.171136,2.366000,0.216936
113.195817,-0.910938,24.254833,1.307978,0.170130,2.366067,0.216786
113.295813,-0.885779,24.351614,1.324940,0.169096,2.369447,0.218700
113.395810,-0.862260,24.448806,1.341797,0.168042,2.367563,0.222929
113.495806,-0.840377,24.546381,1.358544,0.166905,2.355507,0.228088
113.595802,-0.820126,24.644306,1.375177,0.165734,2.347820,0.232785
113.695799,-0.801501,24.742554,1.391690,0.164540,2.342807,0.237235
113.795795,-0.784494,24.841095,1.408080,0.163271,2.339889,0.242861
113.895791,-0.769099,24.939900,1.424343,0.161971,2.340298,0.249870
113.995787,-0.755305,25.038942,1.440474,0.160649,2.336710,0.257893
114.095784,-0.743105,25.138193,1.456469,0.159257,2.325552,0.270419
114.195780,-0.732486,25.237625,1.472325,0.157837,2.313966,0.277870
114.295776,-0.723439,25.337213,1.488036,0.156398,2.307671,0.283792
114.395773,-0.715949,25.436929,1.503600,0.154894,2.305549,0.288327
114.495769,-0.710005,25.536750,1.519014,0.153364,2.300929,0.292842
114.595765,-0.705593,25.636650,1.534273,0.151817,2.297364,0.297306
114.695762,-0.702697,25.736606,1.549374,0.150211,2.292855,0.301961
114.795758,-0.701304,25.836593,1.564314,0.148583,2.288096,0.301082
114.895754,-0.701396,25.936591,1.579090,0.146938,2.282942,0.300109
114.995751,-0.702957,26.036576,1.593699,0.145242,2.277385,0.305750
115.095747,-0.705970,26.136528,1.608137,0.143524,2.269552,0.312324
115.195743,-0.710417,26.236426,1.622403,0.141793,2.252061,0.319059
115.295739,-0.716280,26.336252,1.636493,0.140015,2.230157,0.324249
115.395736,-0.723540,26.435985,1.650405,0.138219,2.220469,0.328589
115.495732,-0.732178,26.535609,1.664136,0.136411,2.224071,0.332994
115.595728,-0.742174,26.635105,1.677685,0.134561,2.232747,0.339389
115.695725,-0.753508,26.734458,1.691048,0.132696,2.234161,0.351593
115.795721,-0.766159,26.833652,1.704223,0.130820,2.230412,0.363266
115.895717,-0.780107,26.932671,1.717209,0.128908,2.227156,0.370643
115.995714,-0.795330,27.031503,1.730004,0.126983,2.223292,0.378610
116.095710,-0.811806,27.130133,1.742606,0.125049,2.217601,0.384095
116.195706,-0.829515,27.228550,1.755012,0.123083,2.214687,0.386370
116.295702,-0.848433,27.326741,1.767221,0.121106,2.214298,0.386025
116.395699,-0.868539,27.424696,1.779232,0.119121,2.215869,0.382753
116.495695,-0.889810,27.522404,1.791043,0.117109,2.219390,0.377340
116.595691,-0.912225,27.619857,1.802653,0.115087,2.223500,0.372579
116.695688,-0.935759,27.717045,1.814060,0.113059,2.229690,0.367426
116.795684,-0.960390,27.813961,1.825263,0.111008,2.233460,0.363328
116.895680,-0.986096,27.910598,1.836261,0.108949,2.233259,0.359094
116.995677,-1.012853,28.006948,1.847053,0.106884,2.235574,0.356285
117.095673,-1.040638,28.103007,1.857636,0.104800,2.241086,0.352597
117.195669,-1.069428,28.198770,1.868012,0.102709,2.248324,0.348306
117.295666,-1.099200,28.294232,1.878178,0.100613,2.254117,0.341548
117.395662,-1.129931,28.389390,1.888133,0.098502,2.259971,0.331801
117.495658,-1.161598,28.484240,1.897877,0.096384,2.269976,0.324212
117.595654,-1.194178,28.578780,1.907409,0.094263,2.284421,0.318206
117.695651,-1.227647,28.673010,1.916729,0.092129,2.296687,0.312642
117.795647,-1.261983,28.766927,1.925835,0.089990,2.304213,0.303644
117.895643,-1.297163,28.860531,1.934726,0.087848,2.311664,0.294132
117.995640,-1.333163,28.953822,1.943403,0.085694,2.318449,0.286696
118.095636,-1.369962,29.046802,1.951865,0.083537,2.324855,0.284008
118.195632,-1.407536,29.139471,1.960110,0.081378,2.331115,0.281768
118.295629,-1.445863,29.231831,1.968139,0.079209,2.337558,0.275733
118.395625,-1.484920,29.323884,1.975951,0.077038,2.344295,0.269206
118.495621,-1.524685,29.415634,1.983546,0.074864,2.352410,0.260283
118.595617,-1.565136,29.507084,1.990923,0.072684,2.359145,0.251592
118.695614,-1.606250,29.598237,1.998082,0.070499,2.362452,0.243465
118.795610,-1.648007,29.689098,2.005023,0.068311,2.363483,0.236606
118.895606,-1.690382,29.779672,2.011745,0.066140,2.365339,0.223492
118.995603,-1.733356,29.869964,2.018248,0.063912,2.367042,0.214169
119.095599,-1.776906,29.959979,2.024526,0.061676,2.369126,0.209095
119.195595,-1.821011,30.049723,2.030597,0.059754,2.370069,0.209989
119.295592,-1.865651,30.139203,2.036475,0.057774,2.369652,0.210578
119.395588,-1.910807,30.228423,2.042151,0.055758,2.367898,0.213451
119.495584,-1.956460,30.317389,2.047627,0.053761,2.363712,0.217212
119.595581,-2.002591,30.406110,2.052903,0.051759,2.361920,0.218657
119.695577,-2.049180,30.494590,2.057978,0.049753,2.365066,0.226183
119.795573,-2.096208,30.582837,2.062853,0.047747,2.367884,0.229902
119.895569,-2.143658,30.670859,2.067527,0.045740,2.370013,0.228751
119.995566,-2.191510,30.758662,2.072001,0.043732,2.372258,0.220245
120.095562,-2.239745,30.846256,2.076273,0.041724,2.374772,0.214079
120.195558,-2.288345,30.933648,2.080345,0.039714,2.376519,0.213445
120.295555,-2.337292,31.020846,2.084216,0.037705,2.375659,0.214054
120.395551,-2.386567,31.107858,2.087886,0.035695,2.372573,0.215472
120.495547,-2.436153,31.194695,2.091355,0.033685,2.364934,0.220356
120.595544,-2.486031,31.281363,2.094622,0.031674,2.355525,0.231976
120.695540,-2.536183,31.367874,2.097689,0.029664,2.347753,0.239027
120.795536,-2.586591,31.454235,2.100555,0.027655,2.343954,0.242100
120.895532,-2.637238,31.540457,2.103220,0.025646,2.342718,0.243628
120.995529,-2.688106,31.626548,2.105684,0.023637,2.341827,0.245220
121.095525,-2.739178,31.712519,2.107947,0.021629,2.340511,0.248620
121.195521,-2.790435,31.798379,2.110010,0.019622,2.337917,0.250968
121.295518,-2.841860,31.884138,2.111872,0.017616,2.335539,0.251281
121.395514,-2.893437,31.969807,2.113533,0.015611,2.331952,0.256469
121.495510,-2.945147,32.055395,2.114994,0.013607,2.325821,0.264340
121.595507,-2.996973,32.140913,2.116254,0.011605,2.315469,0.275314
121.695503,-3.048899,32.226370,2.117315,0.009605,2.305796,0.286543
121.795499,-3.100907,32.311778,2.118175,0.007605,2.296963,0.294179
121.895496,-3.152980,32.397146,2.118836,0.005608,2.290837,0.298942
121.995492,-3.205101,32.482484,2.119297,0.003613,2.285865,0.302924
122.095488,-3.257252,32.567804,2.119558,0.001620,2.285249,0.305461
122.195484,-3.309417,32.653116,2.119621,-0.000371,2.282537,0.307538
122.295481,-3.361579,32.738429,2.119484,-0.002359,2.282046,0.310908
122.395477,-3.413721,32.823755,2.119149,-0.004346,2.276587,0.314338
122.495473,-3.465826,32.909103,2.118615,-0.006328,2.268365,0.319634
122.595470,-3.517877,32.994484,2.117884,-0.008308,2.257729,0.327438
122.695466,-3.569857,33.079909,2.116954,-0.010286,2.250624,0.335638
122.795462,-3.621749,33.165387,2.115827,-0.012260,2.242729,0.343522
122.895459,-3.673537,33.250928,2.114502,-0.014230,2.234594,0.353418
122.995455,-3.725202,33.336543,2.112981,-0.016198,2.225339,0.365426
123.095451,-3.776729,33.422242,2.111263,-0.018161,2.218909,0.372779
123.195447,-3.828100,33.508034,2.109349,-0.020121,2.214995,0.379005
123.295444,-3.879298,33.593929,2.107239,-0.022077,2.212739,0.382083
123.395440,-3.930307,33.679937,2.104934,-0.024028,2.214449,0.383687
123.495436,-3.981109,33.766068,2.102433,-0.025975,2.213984,0.385171
123.595433,-4.031686,33.852330,2.099739,-0.027919,2.210898,0.388246
123.695429,-4.082023,33.938733,2.096850,-0.029856,2.203811,0.389428
123.795425,-4.132102,34.025286,2.093768,-0.031789,2.198810,0.386668
123.895422,-4.181905,34.111997,2.090493,-0.033718,2.191334,0.390412
123.995418,-4.231416,34.198876,2.087025,-0.035640,2.185069,0.399927
124.095414,-4.280617,34.285931,2.083365,-0.037557,2.178668,0.405871
124.195411,-4.329490,34.373170,2.079514,-0.039470,2.172355,0.409169
124.295407,-4.378019,34.460602,2.075472,-0.041375,2.166803,0.412396
124.395403,-4.426186,34.548233,2.071240,-0.043275,2.162066,0.415761
124.495399,-4.473973,34.636072,2.066817,-0.045170,2.161550,0.417489
124.595396,-4.521363,34.724126,2.062206,-0.047057,2.164215,0.417691
124.695392,-4.568337,34.812402,2.057406,-0.048938,2.167897,0.416077
124.795388,-4.614880,34.900907,2.052419,-0.050815,2.172339,0.414346
124.895385,-4.660972,34.989647,2.047244,-0.052682,2.175606,0.416291
124.995381,-4.706596,35.078628,2.041883,-0.054543,2.178179,0.416148
125.095377,-4.751734,35.167858,2.036336,-0.056398,2.178193,0.409712
125.195374,-4.796368,35.257340,2.030604,-0.058244,2.176813,0.407101
125.295370,-4.840480,35.347081,2.024688,-0.060083,2.177943,0.405123
125.395366,-4.884052,35.437085,2.018588,-0.061917,2.180645,0.401028
125.495363,-4.927066,35.527357,2.012305,-0.063740,2.181233,0.398408
125.595359,-4.969504,35.617902,2.005841,-0.065556,2.182927,0.393579
125.695355,-5.011348,35.708723,1.999195,-0.067366,2.192863,0.389086
125.795351,-5.052578,35.799824,1.992369,-0.069165,2.201814,0.384436
125.895348,-5.093178,35.891207,1.985363,-0.070956,2.209794,0.380642
125.995344,-5.133128,35.982877,1.978178,-0.072742,2.218762,0.374312
126.095340,-5.172410,36.074835,1.970815,-0.074515,2.234032,0.368778
126.195337,-5.211007,36.167082,1.963275,-0.076280,2.246865,0.360290
126.295333,-5.248898,36.259622,1.955560,-0.078040,2.256843,0.352849
126.395329,-5.286066,36.352454,1.947669,-0.079787,2.266408,0.347330
126.495326,-5.322492,36.445580,1.939603,-0.081525,2.276739,0.341105
126.595322,-5.358158,36.539000,1.931364,-0.083257,2.285343,0.331019
126.695318,-5.393045,36.632714,1.922953,-0.084975,2.293746,0.317420
126.795314,-5.427134,36.726721,1.914370,-0.086684,2.303338,0.305317
126.895311,-5.460408,36.821019,1.905617,-0.088388,2.309826,0.292054
126.995307,-5.492846,36.915608,1.896694,-0.090076,2.315255,0.277562
127.095303,-5.524431,37.010486,1.887602,-0.091754,2.326065,0.265887
127.195300,-5.555145,37.105649,1.878343,-0.093428,2.341643,0.255946
127.295296,-5.584968,37.201095,1.868918,-0.095084,2.352005,0.244539
127.395292,-5.613882,37.296820,1.859327,-0.096730,2.359001,0.237247
127.495289,-5.641869,37.392821,1.849572,-0.098371,2.366446,0.230888
127.595285,-5.668910,37.489092,1.839654,-0.099998,2.370498,0.231668
127.695281,-5.694987,37.585628,1.829574,-0.101602,2.372254,0.228773
127.795278,-5.720083,37.682425,1.819334,-0.103202,2.372252,0.225109
127.895274,-5.744177,37.779476,1.808932,-0.104846,2.375852,0.216265
127.995270,-5.767254,37.876774,1.798371,-0.106313,2.378373,0.212889
128.095266,-5.789294,37.974311,1.787672,-0.107780,2.379435,0.209996
128.195263,-5.810281,38.072081,1.776776,-0.110136,2.378845,0.208573
128.295259,-5.830191,38.170076,1.765717,-0.110142,2.375834,0.214910
128.395255,-5.849021,38.268284,1.754777,-0.108772,2.369972,0.226388
128.495252,-5.866781,38.366691,1.743924,-0.108290,2.361453,0.238728
128.595248,-5.883474,38.465285,1.733125,-0.107630,2.351042,0.253388
128.695244,-5.899105,38.564052,1.722400,-0.106866,2.339669,0.272025
128.795241,-5.913680,38.662981,1.711750,-0.106148,2.327655,0.287357
128.895237,-5.927204,38.762060,1.701172,-0.105409,2.312509,0.307707
128.995233,-5.939683,38.861275,1.690669,-0.104658,2.294116,0.344234
129.095229,-5.951123,38.960615,1.680241,-0.103894,2.275487,0.394413
129.195226,-5.961530,39.060069,1.669891,-0.103122,2.256319,0.440121
129.295222,-5.970911,39.159625,1.659618,-0.102344,2.235257,0.493787
129.395218,-5.979272,39.259271,1.649423,-0.101551,2.209602,0.540313
129.495215,-5.986622,39.358998,1.639308,-0.100751,2.179632,0.585712
129.595211,-5.992966,39.458793,1.629273,-0.099947,2.143860,0.631104
129.695207,-5.998313,39.558647,1.619320,-0.099129,2.102659,0.670812
129.795204,-6.002669,39.658549,1.609448,-0.098305,2.062727,0.713356
129.895200,-6.006044,39.758489,1.599660,-0.097478,2.021185,0.758313
129.995196,-6.008444,39.858457,1.589954,-0.096638,1.976595,0.806109
130.095193,-6.009878,39.958443,1.580333,-0.095793,1.931137,0.857125
130.195189,-6.010354,40.058439,1.570796,-0.094945,1.886347,0.903409
130.295185,-6.009880,40.158434,1.561345,-0.094086,1.842139,0.951701
130.395181,-6.008466,40.258421,1.551979,-0.093223,1.799334,0.995044
130.495178,-6.006120,40.358390,1.542700,-0.092358,1.755501,1.034188
130.595174,-6.002851,40.458334,1.533509,-0.091483,1.708859,1.068323
130.695170,-5.998668,40.558243,1.524404,-0.090605,1.665785,1.104155
130.795167,-5.993579,40.658110,1.515388,-0.089725,1.623544,1.140208
130.895163,-5.987595,40.757928,1.506460,-0.088837,1.582510,1.174341
130.995159,-5.980725,40.857688,1.497621,-0.087946,1.539062,1.208733
131.095156,-5.972977,40.957384,1.488871,-0.087054,1.495836,1.244160
131.195152,-5.964362,41.057009,1.480211,-0.086156,1.455078,1.280233
131.295148,-5.954888,41.156556,1.471641,-0.085255,1.415001,1.314658
131.395144,-5.944567,41.256019,1.463161,-0.084353,1.373977,1.349042
131.495141,-5.933407,41.355390,1.454771,-0.083447,1.334533,1.385014
131.595137,-5.921418,41.454666,1.446472,-0.082539,1.293621,1.422228
131.695133,-5.908610,41.553839,1.438264,-0.081630,1.258139,1.457805
131.795130,-5.894993,41.652904,1.430147,-0.080718,1.221104,1.492368
131.895126,-5.880577,41.751856,1.422121,-0.079805,1.183164,1.526980
131.995122,-5.865371,41.850690,1.414186,-0.078893,1.148278,1.562533
132.095119,-5.849387,41.949401,1.406343,-0.077978,1.117843,1.594059
132.195115,-5.832633,42.047984,1.398591,-0.077062,1.089837,1.622156
132.295111,-5.815120,42.146435,1.390931,-0.076148,1.055569,1.650452
132.395108,-5.796858,42.244750,1.383362,-0.075232,1.020532,1.677613
132.495104,-5.777857,42.342924,1.375885,-0.074317,0.986548,1.702497
132.595100,-5.758127,42.440955,1.368499,-0.073403,0.958805,1.727646
132.695096,-5.737677,42.538839,1.361205,-0.072489,0.922232,1.749245
132.795093,-5.716519,42.636571,1.354002,-0.071576,0.887659,1.769640
132.895089,-5.694662,42.734150,1.346890,-0.070665,0.857709,1.790333
132.995085,-5.672116,42.831571,1.339869,-0.069754,0.829508,1.812732
133.095082,-5.648891,42.928833,1.332939,-0.068846,0.802674,1.834138
133.195078,-5.624997,43.025933,1.326100,-0.067939,0.778417,1.852820
133.295074,-5.600443,43.122869,1.319352,-0.067035,0.756077,1.870810
133.395071,-5.575241,43.219637,1.312694,-0.066133,0.735776,1.889498
133.495067,-5.549399,43.316237,1.306126,-0.065234,0.714670,1.909676
133.595063,-5.522928,43.412666,1.299647,-0.064337,0.692551,1.929478
133.695059,-5.495836,43.508923,1.293258,-0.063444,0.671089,1.950687
133.795056,-5.468135,43.605006,1.286959,-0.062553,0.650419,1.973308
133.895052,-5.439833,43.700913,1.280748,-0.061666,0.634555,1.997358
133.995048,-5.410940,43.796645,1.274626,-0.060783,0.616696,2.017980
134.095045,-5.381466,43.892199,1.268592,-0.059903,0.597617,2.036121
134.195041,-5.351420,43.987575,1.262645,-0.059028,0.582151,2.049208
134.295037,-5.320812,44.082771,1.256787,-0.058156,0.564734,2.063190
134.395034,-5.289651,44.177789,1.251015,-0.057289,0.544494,2.079009
134.495030,-5.257945,44.272626,1.245329,-0.056426,0.526155,2.095026
134.595026,-5.225705,44.367282,1.239730,-0.055568,0.509134,2.108843
134.695023,-5.192940,44.461758,1.234216,-0.054714,0.492073,2.118870
134.795019,-5.159658,44.556054,1.228787,-0.053865,0.471611,2.128424
134.895015,-5.125869,44.650169,1.223443,-0.053022,0.457027,2.139097
134.995011,-5.091582,44.744103,1.218183,-0.052182,0.446008,2.151020
135.095008,-5.056804,44.837857,1.213007,-0.051349,0.435366,2.160641
135.195004,-5.021546,44.931431,1.207913,-0.050521,0.423920,2.168937
135.295000,-4.985815,45.024826,1.202903,-0.049698,0.412541,2.175763
135.394997,-4.949621,45.118042,1.197974,-0.048881,0.406205,2.181972
135.494993,-4.912972,45.211080,1.193127,-0.048070,0.399980,2.189121
135.594989,-4.875875,45.303941,1.188360,-0.047263,0.388776,2.199477
135.694986,-4.838341,45.396626,1.183674,-0.046464,0.382467,2.211853
135.794982,-4.800376,45.489135,1.179067,-0.045670,0.373807,2.223923
135.894978,-4.761989,45.581470,1.174540,-0.044881,0.365855,2.233298
135.994975,-4.723188,45.673631,1.170091,-0.044100,0.356477,2.242470
136.094971,-4.683980,45.765621,1.165720,-0.043324,0.348932,2.252277
136.194967,-4.644375,45.857440,1.161427,-0.042554,0.346613,2.261286
136.294963,-4.604380,45.949089,1.157209,-0.041791,0.336462,2.267682
136.394960,-4.564001,46.040571,1.153068,-0.041035,0.327608,2.274186
136.494956,-4.523248,46.131886,1.149003,-0.040283,0.318204,2.278848
136.594952,-4.482127,46.223036,1.145012,-0.039540,0.309924,2.283173
136.694949,-4.440646,46.314023,1.141095,-0.038803,0.297571,2.285211
136.794945,-4.398813,46.404848,1.137251,-0.038071,0.292210,2.285749
136.894941,-4.356634,46.495514,1.133481,-0.037347,0.289161,2.285699
136.994938,-4.314116,46.586021,1.129782,-0.036630,0.288288,2.287714
137.094934,-4.271268,46.676372,1.126155,-0.035918,0.284536,2.289831
137.194930,-4.228095,46.766568,1.122598,-0.035215,0.278990,2.292783
137.294926,-4.184605,46.856612,1.119112,-0.034518,0.276014,2.295565
137.394923,-4.140804,46.946505,1.115695,-0.033826,0.273756,2.297360
137.494919,-4.096699,47.036249,1.112347,-0.033143,0.274133,2.298060
137.594915,-4.052298,47.125847,1.109066,-0.032467,0.278154,2.297846
137.694912,-4.007605,47.215300,1.105853,-0.031796,0.282245,2.297111
137.794908,-3.962629,47.304611,1.102707,-0.031134,0.282462,2.298894
137.894904,-3.917374,47.393781,1.099626,-0.030479,0.282711,2.301028
137.994901,-3.871848,47.482813,1.096611,-0.029829,0.282086,2.306003
138.094897,-3.826057,47.571708,1.093660,-0.029189,0.281091,2.309241
138.194893,-3.780006,47.660470,1.090773,-0.028555,0.281956,2.313146
138.294890,-3.733702,47.749099,1.087950,-0.027926,0.287445,2.314050
138.394886,-3.687151,47.837599,1.085188,-0.027307,0.287148,2.316769
138.494882,-3.640358,47.925972,1.082488,-0.026695,0.285164,2.317191
138.594878,-3.593330,48.014219,1.079849,-0.026088,0.279353,2.315273
138.694875,-3.546071,48.102344,1.077270,-0.025491,0.278533,2.314904
138.794871,-3.498588,48.190347,1.074751,-0.024901,0.276980,2.313703
138.894867,-3.450886,48.278232,1.072290,-0.024316,0.277265,2.311831
138.994864,-3.402971,48.366001,1.069887,-0.023740,0.276974,2.301524
139.094860,-3.354847,48.453656,1.067542,-0.023172,0.280148,2.295757
139.194856,-3.306520,48.541199,1.065253,-0.022609,0.283455,2.292374
139.294853,-3.257996,48.628633,1.063020,-0.022056,0.286085,2.290355
139.394849,-3.209278,48.715959,1.060842,-0.021510,0.288559,2.287149
139.494845,-3.160373,48.803180,1.058718,-0.020970,0.295806,2.283406
139.594841,-3.111285,48.890299,1.056648,-0.020439,0.303448,2.277368
139.694838,-3.062020,48.977317,1.054630,-0.019915,0.310395,2.272707
139.794834,-3.012581,49.064237,1.052665,-0.019397,0.318230,2.267545
139.894830,-2.962973,49.151061,1.050750,-0.018889,0.323207,2.262254
139.994827,-2.913202,49.237790,1.048887,-0.018388,0.327796,2.256840
140.094823,-2.863271,49.324429,1.047073,-0.017892,0.331935,2.252118
140.194819,-2.813185,49.410977,1.045308,-0.017407,0.338866,2.252400
140.294816,-2.762949,49.497439,1.043591,-0.016928,0.341790,2.249979
140.394812,-2.712567,49.583815,1.041922,-0.016455,0.341128,2.248001
140.494808,-2.662042,49.670108,1.040300,-0.015992,0.335018,2.246004
140.594805,-2.611379,49.756321,1.038724,-0.015537,0.339830,2.244714
140.694801,-2.560583,49.842454,1.037193,-0.015086,0.349686,2.241408
140.794797,-2.509657,49.928511,1.035706,-0.014646,0.350083,2.236136
140.894793,-2.458604,50.014493,1.034263,-0.014213,0.354130,2.230379
140.994790,-2.407430,50.100403,1.032864,-0.013785,0.363020,2.222562
141.094786,-2.356137,50.186241,1.031506,-0.013368,0.372830,2.209077
141.194782,-2.304729,50.272012,1.030190,-0.012957,0.380735,2.200218
141.294779,-2.253211,50.357715,1.028915,-0.012552,0.388494,2.193415
141.394775,-2.201585,50.443354,1.027679,-0.012157,0.396227,2.187112
141.494771,-2.149854,50.528930,1.026483,-0.011769,0.405350,2.179335
141.594768,-2.098023,50.614445,1.025325,-0.011387,0.416210,2.171081
141.694764,-2.046095,50.699901,1.024205,-0.011015,0.429087,2.162154
141.794760,-1.994073,50.785299,1.023122,-0.010649,0.435934,2.153421
141.894756,-1.941959,50.870643,1.022075,-0.010289,0.440291,2.145426
141.994753,-1.889758,50.955932,1.021064,-0.009939,0.448181,2.137563
142.094749,-1.837472,51.041170,1.020087,-0.009595,0.456180,2.132001
142.194745,-1.785105,51.126357,1.019145,-0.009258,0.461765,2.128266
142.294742,-1.732658,51.211496,1.018236,-0.008930,0.467190,2.127223
142.394738,-1.680136,51.296588,1.017359,-0.008608,0.473008,2.123412
142.494734,-1.627540,51.381635,1.016514,-0.008292,0.480856,2.118643
142.594731,-1.574874,51.466638,1.015700,-0.007986,0.488245,2.112470
142.694727,-1.522140,51.551599,1.014917,-0.007687,0.493149,2.108562
142.794723,-1.469341,51.636520,1.014163,-0.007392,0.495582,2.102292
142.894720,-1.416478,51.721401,1.013438,-0.007108,0.500095,2.095008
142.994716,-1.363556,51.806245,1.012741,-0.006830,0.507064,2.085810
143.094712,-1.310576,51.891053,1.012072,-0.006557,0.515957,2.076730
143.194708,-1.257540,51.975826,1.011429,-0.006293,0.526051,2.067767
143.294705,-1.204450,52.060565,1.010813,-0.006036,0.536498,2.058181
143.394701,-1.151310,52.145272,1.010222,-0.005785,0.544449,2.043550
143.494697,-1.098120,52.229949,1.009656,-0.005542,0.552190,2.030723
143.594694,-1.044884,52.314596,1.009113,-0.005306,0.560694,2.022290
143.694690,-0.991603,52.399215,1.008594,-0.005075,0.573306,2.022578
143.794686,-0.938279,52.483807,1.008098,-0.004853,0.586830,2.016471
143.894683,-0.884913,52.568373,1.007624,-0.004637,0.588887,2.007598
143.994679,-0.831509,52.652914,1.007171,-0.004426,0.592981,1.999485
144.094675,-0.778067,52.737432,1.006738,-0.004224,0.598602,1.993566
144.194672,-0.724589,52.821927,1.006326,-0.004028,0.605368,1.988399
144.294668,-0.671078,52.906401,1.005932,-0.003837,0.611890,1.980762
144.394664,-0.617534,52.990853,1.005558,-0.003655,0.614133,1.972726
144.494660,-0.563959,53.075287,1.005201,-0.003478,0.621915,1.963962
144.594657,-0.510354,53.159702,1.004862,-0.003307,0.631061,1.952163
144.694653,-0.456722,53.244098,1.004540,-0.003143,0.639747,1.941325
144.794649,-0.403063,53.328479,1.004233,-0.002986,0.651688,1.932185
144.894646,-0.349380,53.412843,1.003943,-0.002833,0.664082,1.918019
144.994642,-0.295672,53.497192,1.003667,-0.002688,0.676956,1.905769
145.094638,-0.241941,53.581526,1.003405,-0.002549,0.687848,1.895970
145.194635,-0.188189,53.665847,1.003157,-0.002414,0.699583,1.887983
145.294631,-0.134417,53.750154,1.002922,-0.002287,0.714261,1.881178
145.394627,-0.080625,53.834450,1.002699,-0.002166,0.722498,1.876620
145.494623,-0.026815,53.918734,1.002488,-0.002049,0.727363,1.869556
145.594620,0.027012,54.003006,1.002289,-0.001940,0.732122,1.868546
145.694616,0.080855,54.087269,1.002100,-0.001836,0.739498,1.871407
145.794612,0.134714,54.171521,1.001922,-0.001736,0.738565,1.860865
145.894609,0.188588,54.255764,1.001753,-0.001643,0.743203,1.850382
145.994605,0.242475,54.339998,1.001593,-0.001556,0.752570,1.842202
146.094601,0.296376,54.424224,1.001442,-0.001472,0.762980,1.830167
146.194598,0.350289,54.508442,1.001298,-0.001396,0.773770,1.818388
146.294594,0.404214,54.592653,1.001163,-0.001324,0.781890,1.807314
146.394590,0.458149,54.676856,1.001034,-0.001256,0.794217,1.794021
146.494587,0.512096,54.761052,1.000911,-0.001195,0.806201,1.781029
146.594583,0.566052,54.845242,1.000794,-0.001139,0.818334,1.773042
146.694579,0.620018,54.929426,1.000683,-0.001086,0.826971,1.774118
146.794575,0.673994,55.013604,1.000577,-0.001040,0.836477,1.766972
146.894572,0.727978,55.097776,1.000475,-0.000998,0.845031,1.759183
146.994568,0.781970,55.181943,1.000377,-0.000960,0.853463,1.756651
147.094564,0.835971,55.266105,1.000283,-0.000927,0.861064,1.750604
147.194561,0.889979,55.350262,1.000192,-0.000899,0.864041,1.743381
147.294557,0.943995,55.434414,1.000103,-0.000874,0.866126,1.732200
147.394553,0.998018,55.518561,1.000017,-0.000855,0.873473,1.717910
147.494550,1.052048,55.602704,0.999932,-0.000840,0.883539,1.705678
147.594546,1.106086,55.686842,0.999849,-0.000828,0.895480,1.695289
147.694542,1.160130,55.770975,0.999766,-0.000821,0.906428,1.684758
147.794538,1.214182,55.855105,0.999684,-0.000818,0.916559,1.672569
147.894535,1.268240,55.939229,0.999603,-0.000817,0.928105,1.659514
147.994531,1.322305,56.023350,0.999521,-0.000822,0.938281,1.650054
148.094527,1.376377,56.107465,0.999438,-0.000830,0.947606,1.644757
148.194524,1.430456,56.191577,0.999354,-0.000841,0.958518,1.643501
148.294520,1.484542,56.275684,0.999270,-0.000856,0.968318,1.636369
148.394516,1.538635,56.359786,0.999183,-0.000875,0.975921,1.628804
148.494513,1.592736,56.443883,0.999095,-0.000896,0.983622,1.621242
148.594509,1.646844,56.527976,0.999004,-0.000921,0.987864,1.614282
148.694505,1.700960,56.612063,0.998910,-0.000949,0.992831,1.603632
148.794502,1.755084,56.696146,0.998814,-0.000979,1.001466,1.590492
148.894498,1.809216,56.780223,0.998714,-0.001013,1.012203,1.580767
148.994494,1.863357,56.864295,0.998611,-0.001050,1.024969,1.570975
149.094490,1.917507,56.948361,0.998504,-0.001088,1.036560,1.560126
149.194487,1.971665,57.032421,0.998393,-0.001130,1.046822,1.545978
149.294483,2.025833,57.116475,0.998278,-0.001174,1.056191,1.534147
149.394479,2.080011,57.200522,0.998158,-0.001220,1.065142,1.532837
149.494476,2.134200,57.284563,0.998034,-0.001269,1.071431,1.531267
149.594472,2.188399,57.368598,0.997905,-0.001320,1.078091,1.524780
149.694468,2.242609,57.452624,0.997770,-0.001372,1.084617,1.519004
149.794465,2.296830,57.536644,0.997630,-0.001427,1.092238,1.518833
149.894461,2.351064,57.620656,0.997484,-0.001484,1.101002,1.511220
149.994457,2.405310,57.704660,0.997333,-0.001542,1.104499,1.494394
150.094453,2.459569,57.788655,0.997176,-0.001602,1.113390,1.480043
150.194450,2.513841,57.872642,0.997013,-0.001663,1.124931,1.468676
150.294446,2.568128,57.956619,0.996843,-0.001725,1.137344,1.457635
150.394442,2.622429,58.040587,0.996668,-0.001789,1.148383,1.446401
150.494439,2.676745,58.124546,0.996486,-0.001854,1.159331,1.434206
150.594435,2.731076,58.208495,0.996297,-0.001920,1.169376,1.421788
150.694431,2.785424,58.292433,0.996102,-0.001987,1.183968,1.411142
150.794428,2.839788,58.376360,0.995900,-0.002054,1.197129,1.407551
150.894424,2.894169,58.460276,0.995691,-0.002123,1.208376,1.401995
150.994420,2.948569,58.544181,0.995475,-0.002192,1.215249,1.396855
151.094417,3.002987,58.628073,0.995252,-0.002261,1.221795,1.389812
151.194413,3.057423,58.711954,0.995023,-0.002331,1.227674,1.384746
151.294409,3.111879,58.795821,0.994786,-0.002401,1.234811,1.379899
151.394405,3.166356,58.879676,0.994543,-0.002471,1.237538,1.372513
151.494402,3.220853,58.963517,0.994292,-0.002542,1.242385,1.359006
151.594398,3.275371,59.047344,0.994034,-0.002612,1.246298,1.342561
151.694394,3.329912,59.131157,0.993770,-0.002682,1.254858,1.332978
151.794391,3.384474,59.214955,0.993498,-0.002752,1.266211,1.321993
151.894387,3.439060,59.298739,0.993219,-0.002821,1.282673,1.310962
151.994383,3.493670,59.382507,0.992934,-0.002890,1.296433,1.295090
152.094380,3.548303,59.466259,0.992641,-0.002958,1.306877,1.284287
152.194376,3.602962,59.549995,0.992342,-0.003026,1.319097,1.277874
152.294372,3.657645,59.633714,0.992036,-0.003093,1.334227,1.271561
152.394368,3.712355,59.717417,0.991724,-0.003159,1.343521,1.266547
152.494365,3.767091,59.801102,0.991405,-0.003223,1.353244,1.261882
152.594361,3.821854,59.884770,0.991079,-0.003287,1.362076,1.253693
152.694357,3.876645,59.968419,0.990747,-0.003350,1.371271,1.243940
152.794354,3.931463,60.052051,0.990409,-0.003411,1.378192,1.233522
152.894350,3.986310,60.135663,0.990065,-0.003471,1.381127,1.222423
152.994346,4.041186,60.219257,0.989715,-0.003530,1.389988,1.210416
153.094343,4.096092,60.302831,0.989359,-0.003586,1.398094,1.191668
153.194339,4.151028,60.386385,0.988998,-0.003641,1.404637,1.181493
153.294335,4.205994,60.469920,0.988631,-0.003695,1.411580,1.168969
153.394332,4.260990,60.553434,0.988259,-0.003746,1.422652,1.159943
153.494328,4.316019,60.636927,0.987882,-0.003795,1.434801,1.151021
153.594324,4.371078,60.720400,0.987500,-0.003843,1.452873,1.141551
153.694320,4.426170,60.803851,0.987113,-0.003888,1.464108,1.133053
153.794317,4.481295,60.887281,0.986722,-0.003931,1.475472,1.124937
153.894313,4.536452,60.970690,0.986327,-0.003972,1.487372,1.118233
153.994309,4.591642,61.054076,0.985928,-0.004010,1.498131,1.108554
154.094306,4.646866,61.137441,0.985525,-0.004045,1.503285,1.097271
154.194302,4.702123,61.220782,0.985119,-0.004079,1.511898,1.086084
154.294298,4.757414,61.304102,0.984710,-0.004109,1.521617,1.076167
154.394295,4.812740,61.387399,0.984298,-0.004136,1.532237,1.066687
154.494291,4.868100,61.470672,0.983883,-0.004161,1.541737,1.055304
154.594287,4.923495,61.553923,0.983465,-0.004183,1.550081,1.040883
154.694284,4.978924,61.637151,0.983046,-0.004201,1.558727,1.028321
154.794280,5.034389,61.720355,0.982625,-0.004217,1.571706,1.019356
154.894276,5.089888,61.803536,0.982203,-0.004229,1.583614,1.011382
154.994272,5.145423,61.886693,0.981780,-0.004238,1.598625,1.002691
155.094269,5.200993,61.969827,0.981356,-0.004244,1.610712,0.994763
155.194265,5.256598,62.052938,0.980931,-0.004245,1.624048,0.986475
155.294261,5.312239,62.136024,0.980507,-0.004244,1.632075,0.976790
155.394258,5.367914,62.219087,0.980082,-0.004239,1.642515,0.969763
155.494254,5.423625,62.302127,0.979659,-0.004230,1.652747,0.959512
155.594250,5.479371,62.385143,0.979237,-0.004217,1.660120,0.948830
155.694247,5.535152,62.468135,0.978816,-0.004201,1.667236,0.938258
155.794243,5.590968,62.551104,0.978397,-0.004179,1.675446,0.923449
155.894239,5.646819,62.634050,0.977980,-0.004154,1.683163,0.907707
155.994235,5.702704,62.716972,0.977566,-0.004126,1.696816,0.890695
156.094232,5.758623,62.799871,0.977155,-0.004092,1.713376,0.878275
156.194228,5.814576,62.882748,0.976748,-0.004054,1.727254,0.868101
156.294224,5.870563,62.965602,0.976344,-0.004013,1.739673,0.856093
156.394221,5.926583,63.048433,0.975945,-0.003966,1.751599,0.837513
156.494217,5.982636,63.131242,0.975551,-0.003915,1.768727,0.823437
156.594213,6.038721,63.214029,0.975163,-0.003860,1.780295,0.815818
156.694210,6.094838,63.296795,0.974780,-0.003798,1.791329,0.813447
156.794206,6.150987,63.379539,0.974403,-0.003732,1.801281,0.806335
156.894202,6.207166,63.462262,0.974033,-0.003663,1.812329,0.797291
156.994199,6.263376,63.544965,0.973671,-0.003587,1.822686,0.787876
157.094195,6.319615,63.627647,0.973316,-0.003506,1.832310,0.780976
157.194191,6.375884,63.710310,0.972970,-0.003421,1.837078,0.770980
157.294187,6.432180,63.792953,0.972632,-0.003330,1.846746,0.759130
157.394184,6.488505,63.875578,0.972304,-0.003233,1.857680,0.743954
157.494180,6.544855,63.958185,0.971986,-0.003132,1.866972,0.724888
157.594176,6.601232,64.040773,0.971678,-0.003024,1.878634,0.711875
157.694173,6.657634,64.123345,0.971381,-0.002911,1.892551,0.699363
157.794169,6.714060,64.205901,0.971096,-0.002794,1.909247,0.687108
157.894165,6.770509,64.288440,0.970823,-0.002669,1.925761,0.672828
157.994162,6.826979,64.370965,0.970562,-0.002539,1.937260,0.658836
158.094158,6.883471,64.453475,0.970315,-0.002405,1.948786,0.645339
158.194154,6.939983,64.535972,0.970081,-0.002263,1.964026,0.634607
158.294150,6.996513,64.618456,0.969862,-0.002116,1.983305,0.621497
158.394147,7.053061,64.700928,0.969658,-0.001964,1.999983,0.607622
158.494143,7.109625,64.783388,0.969470,-0.001805,2.017090,0.592842
158.594139,7.166204,64.865839,0.969297,-0.001640,2.029326,0.576932
158.694136,7.222796,64.948280,0.969142,-0.001471,2.041684,0.557560
158.794132,7.279400,65.030713,0.969004,-0.001294,2.050998,0.544386
158.894128,7.336015,65.113139,0.968883,-0.001112,2.059569,0.537178
158.994125,7.392640,65.195558,0.968781,-0.000925,2.065516,0.532930
159.094121,7.449272,65.277972,0.968699,-0.000731,2.073503,0.528859
159.194117,7.505909,65.360382,0.968635,-0.000531,2.080914,0.520241
159.294114,7.562552,65.442789,0.968592,-0.000327,2.091198,0.506196
159.394110,7.619197,65.525195,0.968570,-0.000116,2.102542,0.493249
159.494106,7.675843,65.607599,0.968569,0.000100,2.115302,0.480924
159.594102,7.732488,65.690004,0.968590,0.000321,2.128948,0.468532
159.694099,7.789130,65.772411,0.968634,0.000548,2.145392,0.454941
159.794095,7.845768,65.854821,0.968700,0.000781,2.163988,0.441799
159.894091,7.902400,65.937235,0.968790,0.001017,2.185462,0.426626
159.994088,7.959023,66.019656,0.968904,0.001260,2.199143,0.413576
160.094084,8.015635,66.102083,0.969042,0.001507,2.210811,0.401754
160.194080,8.072236,66.184519,0.969205,0.001758,2.224168,0.386106
160.294077,8.128822,66.266964,0.969394,0.002014,2.233477,0.372840
160.394073,8.185391,66.349422,0.969608,0.002275,2.242332,0.363344
160.494069,8.241941,66.431892,0.969849,0.002539,2.248918,0.357782
160.594065,8.298471,66.514376,0.970116,0.002808,2.254220,0.349900
160.694062,8.354977,66.596876,0.970411,0.003080,2.266935,0.339679
160.794058,8.411458,66.679394,0.970732,0.003355,2.277815,0.327515
160.894054,8.467911,66.761931,0.971082,0.003635,2.288378,0.315162
160.994051,8.524334,66.844488,0.971459,0.003917,2.297966,0.297167
161.094047,8.580725,66.927067,0.971865,0.004202,2.306666,0.285147
161.194043,8.637081,67.009670,0.972300,0.004490,2.314089,0.275395
161.294040,8.693400,67.092298,0.972763,0.004780,2.319745,0.266034
161.394036,8.749680,67.174953,0.973256,0.005072,2.322399,0.259425
161.494032,8.805918,67.257637,0.973778,0.005367,2.324770,0.260323
161.594029,8.862111,67.340351,0.974329,0.005663,2.328694,0.258076
161.694025,8.918257,67.423096,0.974910,0.005960,2.332025,0.246981
161.794021,8.974354,67.505876,0.975521,0.006259,2.337317,0.241168
161.894017,9.030400,67.588690,0.976162,0.006559,2.344130,0.241180
161.994014,9.086391,67.671541,0.976833,0.006860,2.352249,0.236553
162.094010,9.142325,67.754430,0.977534,0.007162,2.363423,0.225321
162.194006,9.198199,67.837359,0.978265,0.007464,2.368663,0.216578
162.294003,9.254012,67.920330,0.979027,0.007766,2.371051,0.212666
162.393999,9.309761,68.003345,0.979819,0.008074,2.372646,0.212421
162.493995,9.365442,68.086404,0.980641,0.008367,2.374879,0.210946
162.593992,9.421054,68.169510,0.981492,0.008665,2.375282,0.209893
162.693988,9.476593,68.252664,0.982377,0.009038,2.374526,0.209793
162.793984,9.532058,68.335868,0.983299,0.009398,2.372663,0.212063
162.893980,9.587444,68.419125,0.984257,0.009749,2.372648,0.210603
162.993977,9.642749,68.502435,0.985249,0.010093,2.372239,0.211017
163.093973,9.697970,68.585801,0.986276,0.010473,2.371762,0.211276
163.193969,9.753104,68.669225,0.987343,0.010839,2.371307,0.210154
163.293966,9.808147,68.752708,0.988437,0.011027,2.370904,0.209720
163.393962,9.863098,68.836253,0.989565,0.011729,2.369395,0.210181
163.493958,9.917951,68.919861,0.990787,0.012672,2.368941,0.210606
163.593955,9.972698,69.003540,0.992092,0.013436,2.370006,0.211336
163.693951,10.027333,69.087291,0.993475,0.014238,2.369622,0.210807
163.793947,10.081848,69.171120,0.994940,0.015056,2.366589,0.213346
163.893944,10.136237,69.255032,0.996486,0.015862,2.362976,0.225921
163.993940,10.190493,69.339029,0.998112,0.016672,2.357998,0.230419
164.093936,10.244609,69.423117,0.999820,0.017483,2.352890,0.233413
164.193932,10.298578,69.507299,1.001609,0.018293,2.348583,0.235874
164.293929,10.352392,69.591580,1.003479,0.019105,2.344251,0.239135
164.393925,10.406046,69.675963,1.005430,0.019917,2.342458,0.242117
164.493921,10.459531,69.760453,1.007462,0.020730,2.342755,0.246202
164.593918,10.512841,69.845054,1.009575,0.021544,2.340427,0.254394
164.693914,10.565969,69.929770,1.011770,0.022359,2.335047,0.266161
164.793910,10.618907,70.014604,1.014047,0.023175,2.329437,0.276217
164.893907,10.671648,70.099560,1.016405,0.023993,2.323317,0.284788
164.993903,10.724186,70.184643,1.018845,0.024811,2.316263,0.293016
165.093899,10.776512,70.269856,1.021368,0.025632,2.307953,0.300056
165.193896,10.828620,70.355203,1.023972,0.026454,2.299955,0.301971
165.293892,10.880501,70.440687,1.026658,0.027277,2.293261,0.309180
165.393888,10.932150,70.526312,1.029427,0.028103,2.287665,0.318866
165.493884,10.983557,70.612083,1.032279,0.028931,2.279749,0.329354
165.593881,11.034716,70.698001,1.035213,0.029760,2.265426,0.339650
165.693877,11.085619,70.784072,1.038230,0.030592,2.254362,0.349030
165.793873,11.136259,70.870298,1.041331,0.031426,2.243351,0.359305
165.893870,11.186628,70.956682,1.044516,0.032262,2.231620,0.368830
165.993866,11.236717,71.043229,1.047784,0.033101,2.219429,0.381382
166.093862,11.286520,71.129941,1.051136,0.033942,2.202792,0.397249
166.193859,11.336028,71.216821,1.054572,0.034786,2.187231,0.412051
166.293855,11.385234,71.303873,1.058093,0.035633,2.170341,0.423603
166.393851,11.434129,71.391100,1.061698,0.036482,2.159332,0.441311
166.493847,11.482705,71.478505,1.065389,0.037334,2.145964,0.464905
166.593844,11.530955,71.566091,1.069165,0.038189,2.133978,0.477320
166.693840,11.578871,71.653860,1.073026,0.039047,2.120944,0.488661
166.793836,11.626443,71.741815,1.076974,0.039908,2.107536,0.507562
166.893833,11.673664,71.829960,1.081008,0.040772,2.091878,0.532135
166.993829,11.720524,71.918296,1.085128,0.041639,2.076328,0.551078
167.093825,11.767017,72.006827,1.089335,0.042508,2.060239,0.565000
167.193822,11.813133,72.095555,1.093630,0.043381,2.040923,0.587340
167.293818,11.858864,72.184481,1.098011,0.044257,2.020018,0.610671
167.393814,11.904201,72.273610,1.102481,0.045136,2.000689,0.635234
167.493811,11.949135,72.362942,1.107038,0.046018,1.981851,0.661161
167.593807,11.993657,72.452480,1.111684,0.046904,1.961885,0.689352
167.693803,12.037759,72.542226,1.116419,0.047791,1.938417,0.722180
167.793799,12.081432,72.632181,1.121242,0.048682,1.913175,0.751830
167.893796,12.124666,72.722348,1.126155,0.049576,1.888113,0.780947
167.993792,12.167452,72.812728,1.131157,0.050473,1.863524,0.806904
168.093788,12.209782,72.903323,1.136249,0.051372,1.837313,0.838972
168.193785,12.251646,72.994135,1.141431,0.052274,1.809925,0.872494
168.293781,12.293035,73.085164,1.146704,0.053179,1.781491,0.909006
168.393777,12.333939,73.176411,1.152067,0.054086,1.755361,0.942599
168.493774,12.374349,73.267879,1.157521,0.054995,1.727529,0.977705
168.593770,12.414255,73.359567,1.163066,0.055907,1.697228,1.016476
168.693766,12.453649,73.451478,1.168702,0.056821,1.662618,1.056246
168.793762,12.492519,73.543610,1.174430,0.057737,1.627569,1.098521
168.893759,12.530857,73.635965,1.180249,0.058655,1.593067,1.144302
168.993755,12.568652,73.728544,1.186160,0.059574,1.559930,1.194155
169.093751,12.605895,73.821346,1.192163,0.060495,1.530420,1.237737
169.193748,12.642576,73.914372,1.198259,0.061417,1.502027,1.285858
169.293744,12.678685,74.007621,1.204446,0.062341,1.466735,1.335808
169.393740,12.714213,74.101094,1.210727,0.063265,1.429792,1.394817
169.493737,12.749148,74.194789,1.217099,0.064191,1.391065,1.454197
169.593733,12.783481,74.288707,1.223564,0.065117,1.349406,1.514673
169.693729,12.817201,74.382847,1.230122,0.066044,1.303212,1.576681
169.793726,12.850300,74.477207,1.236773,0.066971,1.254061,1.637421
169.893722,12.882765,74.571786,1.243516,0.067898,1.200418,1.685330
169.993718,12.914588,74.666584,1.250352,0.068824,1.133821,1.730690
170.093714,12.945757,74.761599,1.257280,0.069751,1.078227,1.778047
170.193711,12.976263,74.856828,1.264301,0.070676,1.027590,1.827027
170.293707,13.006096,74.952271,1.271415,0.071600,0.977085,1.875198
170.393703,13.035244,75.047925,1.278621,0.072525,0.928834,1.919968
170.493700,13.063698,75.143788,1.285919,0.073447,0.872862,1.966394
170.593696,13.091446,75.239858,1.293310,0.074367,0.818135,2.009967
170.693692,13.118480,75.336131,1.300792,0.075286,0.764544,2.048793
170.793689,13.144788,75.432604,1.308367,0.076202,0.711848,2.082802
170.893685,13.170361,75.529276,1.316032,0.077116,0.659019,2.116308
170.993681,13.195187,75.626142,1.323789,0.078029,0.607129,2.148454
171.093677,13.219256,75.723198,1.331637,0.078936,0.554958,2.177705
171.193674,13.242559,75.820442,1.339576,0.079841,0.501567,2.203267
171.293670,13.265085,75.917868,1.347605,0.080744,0.447774,2.224887
171.393666,13.286823,76.015474,1.355724,0.081641,0.407868,2.245075
171.493663,13.307763,76.113253,1.363933,0.082534,0.372190,2.264235
171.593659,13.327896,76.211202,1.372230,0.083425,0.339536,2.281823
171.693655,13.347212,76.309315,1.380617,0.084308,0.315034,2.297944
171.793652,13.365699,76.407588,1.389091,0.085188,0.298108,2.312407
171.893648,13.383349,76.506015,1.397654,0.086065,0.279591,2.325885
171.993644,13.400150,76.604590,1.406303,0.086922,0.263028,2.341355
172.093641,13.416095,76.703308,1.415039,0.087805,0.248339,2.355572
172.193637,13.431172,76.802161,1.423864,0.088673,0.232561,2.366797
172.293633,13.445372,76.901144,1.432766,0.089377,0.218813,2.374657
172.393629,13.458687,77.000251,1.441753,0.090527,0.208852,2.377024
172.493626,13.471103,77.099474,1.450871,0.091488,0.211233,2.377642
172.593622,13.482615,77.198806,1.459960,0.090298,0.229111,2.377098
172.693618,13.493228,77.298237,1.468945,0.089555,0.241566,2.369184
172.793615,13.502950,77.397760,1.477874,0.089009,0.253176,2.358427
172.893611,13.511787,77.497366,1.486739,0.088298,0.267856,2.332568
172.993607,13.519744,77.597046,1.495534,0.087612,0.266438,2.320836
173.093604,13.526827,77.696791,1.504262,0.086937,0.272182,2.316743
173.193600,13.533042,77.796594,1.512920,0.086240,0.287404,2.310279
173.293596,13.538397,77.896448,1.521509,0.085538,0.307900,2.299880
173.393592,13.542898,77.996343,1.530027,0.084833,0.330341,2.287108
173.493589,13.546551,78.096273,1.538475,0.084117,0.355154,2.273499
173.593585,13.549363,78.196230,1.546850,0.083394,0.379182,2.256169
173.693581,13.551342,78.296207,1.555153,0.082667,0.401128,2.236266
173.793578,13.552494,78.396197,1.563383,0.081930,0.421481,2.210169
173.893574,13.552827,78.496193,1.571538,0.081185,0.442525,2.182858
173.993570,13.552348,78.596189,1.579619,0.080436,0.462149,2.159148
174.093567,13.551065,78.696177,1.587625,0.079678,0.481816,2.138011
174.193563,13.548985,78.796152,1.595554,0.078912,0.502823,2.117830
174.293559,13.546117,78.896108,1.603407,0.078142,0.524976,2.099669
174.393556,13.542467,78.996038,1.611182,0.077363,0.546029,2.080447
174.493552,13.538045,79.095936,1.618878,0.076576,0.563989,2.061277
174.593548,13.532858,79.195798,1.626496,0.075786,0.584521,2.040893
174.693544,13.526914,79.295618,1.634035,0.074985,0.604660,2.011405
174.793541,13.520222,79.395391,1.641493,0.074178,0.621980,1.990548
174.893537,13.512789,79.495111,1.648870,0.073367,0.644770,1.973680
174.993533,13.504626,79.594773,1.656165,0.072547,0.660744,1.955179
175.093530,13.495740,79.694374,1.663379,0.071720,0.676291,1.939487
175.193526,13.486140,79.793909,1.670509,0.070888,0.691632,1.925892
175.293522,13.475834,79.893373,1.677555,0.070048,0.706831,1.911383
175.393519,13.464832,79.992763,1.684518,0.069200,0.720152,1.895914
175.493515,13.453142,80.092073,1.691395,0.068349,0.733721,1.881404
175.593511,13.440774,80.191302,1.698187,0.067489,0.747127,1.863300
175.693508,13.427737,80.290445,1.704892,0.066622,0.760819,1.848621
175.793504,13.414040,80.389499,1.711511,0.065751,0.771903,1.836928
175.893500,13.399691,80.488461,1.718041,0.064872,0.781617,1.825720
175.993496,13.384701,80.587327,1.724484,0.063986,0.789565,1.815193
176.093493,13.369078,80.686096,1.730838,0.063096,0.792384,1.805833
176.193489,13.352833,80.784764,1.737103,0.062197,0.800417,1.798110
176.293485,13.335975,80.883329,1.743277,0.061292,0.806942,1.790143
176.393482,13.318512,80.981789,1.749361,0.060383,0.814918,1.780737
176.493478,13.300456,81.080142,1.755353,0.059466,0.826296,1.771316
176.593474,13.281815,81.178386,1.761253,0.058542,0.830746,1.763855
176.693471,13.262599,81.276518,1.767061,0.057615,0.830902,1.761220
176.793467,13.242818,81.374539,1.772775,0.056679,0.832296,1.760227
176.893463,13.222482,81.472446,1.778396,0.055737,0.833675,1.758650
176.993459,13.201600,81.570238,1.783922,0.054791,0.832937,1.755463
177.093456,13.180183,81.667914,1.789353,0.053837,0.832445,1.753452
177.193452,13.158241,81.765473,1.794689,0.052877,0.833752,1.750703
177.293448,13.135783,81.862915,1.799928,0.051913,0.834038,1.740451
177.393445,13.112819,81.960239,1.805071,0.050941,0.836285,1.738466
177.493441,13.089360,82.057445,1.810116,0.049963,0.838929,1.737306
177.593437,13.065416,82.154532,1.815063,0.048981,0.843602,1.741308
177.693434,13.040996,82.251501,1.819912,0.047992,0.846118,1.734382
177.793430,13.016111,82.348351,1.824661,0.046996,0.838303,1.735640
177.893426,12.990772,82.445084,1.829311,0.045997,0.836307,1.742932
177.993423,12.964988,82.541699,1.833860,0.044989,0.834473,1.740666
178.093419,12.938769,82.638197,1.838308,0.043976,0.833039,1.740680
178.193415,12.912127,82.734579,1.842655,0.042959,0.830229,1.744520
178.293411,12.885070,82.830845,1.846899,0.041934,0.826431,1.750223
178.393408,12.857610,82.926997,1.851041,0.040903,0.822604,1.757068
178.493404,12.829757,83.023037,1.855079,0.039868,0.827462,1.762534
178.593400,12.801522,83.118964,1.859014,0.038825,0.824176,1.769005
178.693397,12.772914,83.214781,1.862844,0.037776,0.816300,1.776183
178.793393,12.743945,83.310489,1.866569,0.036723,0.808840,1.782432
178.893389,12.714624,83.406090,1.870188,0.035663,0.801937,1.787320
178.993386,12.684963,83.501586,1.873701,0.034596,0.792750,1.789866
179.093382,12.654971,83.596979,1.877107,0.033525,0.788444,1.793389
179.193378,12.624660,83.692270,1.880405,0.032447,0.784344,1.803626
179.293374,12.594039,83.787463,1.883596,0.031362,0.780373,1.810227
179.393371,12.563121,83.882559,1.886677,0.030273,0.774031,1.817371
179.493367,12.531914,83.977562,1.889650,0.029176,0.767395,1.825413
179.593363,12.500431,84.072472,1.892512,0.028073,0.762600,1.834259
179.693360,12.468681,84.167294,1.895264,0.026966,0.758371,1.840297
179.793356,12.436676,84.262031,1.897905,0.025851,0.747684,1.843234
179.893352,12.404426,84.356684,1.900434,0.024729,0.735138,1.850786
179.993349,12.371942,84.451257,1.902851,0.023603,0.722646,1.858527
180.093345,12.339235,84.545753,1.905154,0.022469,0.710645,1.867805
180.193341,12.306315,84.640175,1.907344,0.021329,0.701728,1.881433
180.293338,12.273195,84.734527,1.909420,0.020184,0.692909,1.892452
180.393334,12.239884,84.828812,1.911380,0.019031,0.686271,1.906412
180.493330,12.206393,84.923033,1.913226,0.017872,0.676437,1.916015
180.593326,12.172735,85.017195,1.914955,0.016708,0.669058,1.918326
180.693323,12.138919,85.111299,1.916567,0.015537,0.660326,1.928437
180.793319,12.104956,85.205352,1.918062,0.014358,0.650944,1.936420
180.893315,12.070859,85.299355,1.919438,0.013175,0.641067,1.947990
180.993312,12.036638,85.393314,1.920696,0.011984,0.624598,1.961795
181.093308,12.002305,85.487231,1.921835,0.010787,0.612950,1.975092
181.193304,11.967870,85.581111,1.922854,0.009585,0.601197,1.985711
181.293301,11.933345,85.674959,1.923752,0.008375,0.588314,1.996251
181.393297,11.898742,85.768777,1.924528,0.007159,0.580844,2.005291
181.493293,11.864071,85.862570,1.925183,0.005938,0.572043,2.011915
181.593289,11.829345,85.956343,1.925716,0.004709,0.562249,2.022597
181.693286,11.794575,86.050100,1.926125,0.003474,0.552205,2.034369
181.793282,11.759772,86.143844,1.926410,0.002235,0.541515,2.047573
181.893278,11.724948,86.237581,1.926571,0.000988,0.529861,2.058911
181.993275,11.690115,86.331314,1.926608,-0.000266,0.516554,2.074973
182.093271,11.655284,86.425048,1.926518,-0.001523,0.505084,2.089069
182.193267,11.620468,86.518788,1.926303,-0.002788,0.498049,2.100403
182.293264,11.585678,86.612537,1.925960,-0.004058,0.489725,2.111986
182.393260,11.550926,86.706300,1.925491,-0.005333,0.477653,2.120845
182.493256,11.516224,86.800082,1.924894,-0.006614,0.465847,2.129482
182.593253,11.481584,86.893887,1.924168,-0.007901,0.452253,2.137124
182.693249,11.447018,86.987719,1.923313,-0.009192,0.439932,2.147818
182.793245,11.412538,87.081582,1.922329,-0.010489,0.428514,2.160230
182.893241,11.378157,87.175482,1.921216,-0.011791,0.415578,2.171395
182.993238,11.343886,87.269423,1.919971,-0.013096,0.404574,2.181168
183.093234,11.309739,87.363408,1.918596,-0.014408,0.393714,2.193393
183.193230,11.275727,87.457442,1.917090,-0.015723,0.385203,2.204709
183.293227,11.241863,87.551530,1.915452,-0.017042,0.380453,2.217688
183.393223,11.208159,87.645675,1.913681,-0.018366,0.370519,2.228514
183.493219,11.174628,87.739882,1.911778,-0.019694,0.359894,2.235465
183.593216,11.141283,87.834155,1.909742,-0.021025,0.349174,2.247225
183.693212,11.108136,87.928498,1.907573,-0.022359,0.338025,2.262962
183.793208,11.075200,88.022914,1.905271,-0.023697,0.326334,2.272107
183.893205,11.042488,88.117409,1.902834,-0.025037,0.315715,2.280491
183.993201,11.010013,88.211985,1.900263,-0.026381,0.306446,2.291469
184.093197,10.977787,88.306646,1.897558,-0.027727,0.302808,2.300179
184.193193,10.945824,88.401396,1.894718,-0.029075,0.294358,2.307713
184.293190,10.914137,88.496239,1.891743,-0.030425,0.286274,2.314458
184.393186,10.882738,88.591178,1.888633,-0.031777,0.279767,2.320267
184.493182,10.851641,88.686216,1.885388,-0.033131,0.273328,2.326882
184.593179,10.820859,88.781357,1.882007,-0.034486,0.267794,2.333332
184.693175,10.790405,88.876603,1.878491,-0.035842,0.259289,2.338927
184.793171,10.760293,88.971958,1.874839,-0.037199,0.251104,2.345644
184.893168,10.730536,89.067424,1.871051,-0.038556,0.250127,2.350659
184.993164,10.701147,89.163004,1.867128,-0.039914,0.245481,2.353915
185.093160,10.672140,89.258701,1.863069,-0.041272,0.242604,2.358059
185.193156,10.643527,89.354516,1.858874,-0.042629,0.237755,2.362450
185.293153,10.615324,89.450453,1.854543,-0.043988,0.232359,2.365521
185.393149,10.587543,89.546513,1.850077,-0.045346,0.226761,2.367202
185.493145,10.560198,89.642698,1.845475,-0.046694,0.222716,2.367168
185.593142,10.533302,89.739009,1.840737,-0.048067,0.219238,2.369426
185.693138,10.506869,89.835449,1.835862,-0.049426,0.216398,2.376245
185.793134,10.480914,89.932018,1.830857,-0.050671,0.209582,2.380063
185.893131,10.455448,90.028717,1.825716,-0.052264,0.208958,2.381696
185.993127,10.430488,90.125549,1.820402,-0.053991,0.214855,2.381564
186.093123,10.406051,90.222513,1.814923,-0.055605,0.216322,2.380417
186.193120,10.382153,90.319612,1.809281,-0.057242,0.217570,2.378019
186.293116,10.358812,90.416846,1.803475,-0.058888,0.217240,2.375440
186.393112,10.336043,90.514216,1.797504,-0.060523,0.218575,2.364842
186.493108,10.313865,90.611722,1.791370,-0.062157,0.221362,2.361706
186.593105,10.292292,90.709364,1.785073,-0.063791,0.225040,2.358486
186.693101,10.271343,90.807141,1.778613,-0.065421,0.231472,2.354593
186.793097,10.251034,90.905054,1.771990,-0.067049,0.239038,2.351665
186.893094,10.231383,91.003100,1.765204,-0.068675,0.246614,2.345667
186.993090,10.212404,91.101280,1.758255,-0.070298,0.253732,2.340345
187.093086,10.194117,91.199590,1.751145,-0.071918,0.261497,2.332977
187.193083,10.176537,91.298029,1.743872,-0.073537,0.269689,2.325336
187.293079,10.159681,91.396594,1.736438,-0.075152,0.277908,2.314917
187.393075,10.143566,91.495284,1.728842,-0.076763,0.285714,2.306720
187.493071,10.128210,91.594095,1.721086,-0.078374,0.292622,2.298586
187.593068,10.113628,91.693022,1.713168,-0.079980,0.298649,2.290833
187.693064,10.099838,91.792064,1.705090,-0.081582,0.310380,2.283284
187.793060,10.086856,91.891214,1.696852,-0.083183,0.320041,2.276359
187.893057,10.074700,91.990469,1.688454,-0.084779,0.328915,2.268794
187.993053,10.063385,92.089823,1.679897,-0.086371,0.339154,2.260767
188.093049,10.052929,92.189272,1.671181,-0.087962,0.349400,2.253583
188.193046,10.043348,92.288809,1.662306,-0.089547,0.357548,2.244656
188.293042,10.034659,92.388427,1.653272,-0.091127,0.366470,2.235510
188.393038,10.026878,92.488121,1.644080,-0.092706,0.376271,2.225728
188.493035,10.020021,92.587882,1.634732,-0.094279,0.388391,2.213775
188.593031,10.014105,92.687704,1.625225,-0.095846,0.401230,2.199953
188.693027,10.009146,92.787577,1.615563,-0.097412,0.407052,2.191033
188.793023,10.005161,92.887495,1.605744,-0.098971,0.415764,2.182475
188.893020,10.002164,92.987447,1.595769,-0.100523,0.432331,2.170986
188.993016,10.000172,93.087424,1.585640,-0.102074,0.451331,2.157293
189.093012,9.999200,93.187416,1.575356,-0.103616,0.460928,2.146099
189.193009,9.999265,93.287413,1.564917,-0.105151,0.470415,2.132991
189.293005,10.000381,93.387403,1.554326,-0.106684,0.478863,2.119278
189.393001,10.002564,93.487376,1.543581,-0.108207,0.486860,2.103081
189.492998,10.005828,93.587320,1.532685,-0.109723,0.494341,2.093986
189.592994,10.010189,93.687222,1.521637,-0.111236,0.500380,2.087637
189.692990,10.015661,93.787069,1.510439,-0.112737,0.503439,2.084535
189.792986,10.022258,93.886848,1.499091,-0.114228,0.510172,2.082931
189.892983,10.029994,93.986545,1.487594,-0.115718,0.519129,2.080891
189.992979,10.038883,94.086147,1.475949,-0.117193,0.529734,2.079853
190.092975,10.048939,94.185637,1.464156,-0.118658,0.542170,2.064320
190.192972,10.060175,94.285001,1.452217,-0.120120,0.549056,2.055268
190.292968,10.072603,94.384222,1.440133,-0.121566,0.556179,2.043965
190.392964,10.086237,94.483286,1.427905,-0.123000,0.563582,2.028598
190.492961,10.101088,94.582174,1.415534,-0.124430,0.570519,2.017410
190.592957,10.117168,94.680869,1.403020,-0.125842,0.572279,2.006794
190.692953,10.134489,94.779355,1.390366,-0.127239,0.569949,2.003418
190.792950,10.153061,94.877612,1.377573,-0.128633,0.571937,2.004064
190.892946,10.172896,94.975623,1.364641,-0.130006,0.574253,2.002390
190.992942,10.194003,95.073367,1.351573,-0.131362,0.576643,2.003154
191.092938,10.216392,95.170825,1.338369,-0.132714,0.578603,2.005664
191.192935,10.240073,95.267978,1.325032,-0.134042,0.582088,2.010654
191.292931,10.265054,95.364805,1.311562,-0.135352,0.579350,2.017883
191.392927,10.291343,95.461285,1.297961,-0.136656,0.575294,2.018300
191.492924,10.318948,95.557396,1.284232,-0.137934,0.570678,2.022067
191.592920,10.347876,95.653118,1.270376,-0.139191,0.568797,2.020582
191.692916,10.378133,95.748428,1.256394,-0.140442,0.564199,2.023174
191.792913,10.409726,95.843303,1.242289,-0.141663,0.558635,2.027519
191.892909,10.442660,95.937721,1.228063,-0.142861,0.553076,2.031758
191.992905,10.476939,96.031660,1.213717,-0.144051,0.546819,2.039930
192.092901,10.512568,96.125095,1.199255,-0.145208,0.539054,2.050103
192.192898,10.549549,96.218002,1.184677,-0.146341,0.530208,2.062948
192.292894,10.587887,96.310359,1.169987,-0.147463,0.521183,2.076709
192.392890,10.627581,96.402140,1.155186,-0.148550,0.510941,2.094469
192.492887,10.668635,96.493322,1.140278,-0.149610,0.499897,2.109749
192.592883,10.711048,96.583879,1.125264,-0.150658,0.489706,2.122097
192.692879,10.754821,96.673787,1.110149,-0.151668,0.477130,2.133127
192.792876,10.799952,96.763021,1.094932,-0.152647,0.464768,2.143460
192.892872,10.846440,96.851556,1.079619,-0.153614,0.454467,2.153688
192.992868,10.894283,96.939366,1.064212,-0.154538,0.444177,2.163453
193.092865,10.943477,97.026426,1.048713,-0.155430,0.432950,2.171986
193.192861,10.994017,97.112711,1.033126,-0.156309,0.423085,2.179128
193.292857,11.045901,97.198196,1.017454,-0.157141,0.414594,2.187127
193.392853,11.099121,97.282855,1.001699,-0.157938,0.405092,2.196393
193.492850,11.153671,97.366663,0.985866,-0.158720,0.395089,2.205159
193.592846,11.209545,97.449594,0.969958,-0.159453,0.382819,2.212985
193.692842,11.266734,97.531625,0.953977,-0.160148,0.371211,2.212794
193.792839,11.325229,97.612728,0.937928,-0.160828,0.362031,2.215444
193.892835,11.385021,97.692881,0.921815,-0.161453,0.351942,2.220162
193.992831,11.446099,97.772058,0.905639,-0.162040,0.338365,2.230114
194.092828,11.508452,97.850235,0.889406,-0.162610,0.330518,2.247080
194.192824,11.572068,97.927388,0.873120,-0.163122,0.322382,2.272688
194.292820,11.636934,98.003493,0.856784,-0.163594,0.314261,2.282786
194.392817,11.703036,98.078527,0.840401,-0.164047,0.308591,2.291579
194.492813,11.770360,98.152466,0.823978,-0.164441,0.297777,2.299168
194.592809,11.838891,98.225288,0.807515,-0.164791,0.288196,2.304024
194.692805,11.908612,98.296971,0.791019,-0.165122,0.280564,2.311141
194.792802,11.979508,98.367493,0.774494,-0.165391,0.276250,2.315618
194.892798,12.051560,98.436833,0.757943,-0.165616,0.270417,2.322620
194.992794,12.124750,98.504971,0.741371,-0.165819,0.261096,2.328546
195.092791,12.199060,98.571885,0.724782,-0.165959,0.246927,2.335111
195.192787,12.274471,98.637557,0.708181,-0.166053,0.241113,2.340049
195.292783,12.350961,98.701968,0.691571,-0.166126,0.240682,2.342619
195.392780,12.428511,98.765100,0.674959,-0.166133,0.241059,2.346660
195.492776,12.507099,98.826934,0.658347,-0.166093,0.239284,2.350718
195.592772,12.586703,98.887455,0.641740,-0.166032,0.235935,2.354095
195.692768,12.667301,98.946646,0.625144,-0.165903,0.232822,2.359280
195.792765,12.748869,99.004491,0.608561,-0.165730,0.229960,2.361178
195.892761,12.831385,99.060977,0.591998,-0.165532,0.230337,2.364100
195.992757,12.914825,99.116090,0.575459,-0.165255,0.223218,2.367543
196.092754,12.999164,99.169816,0.558947,-0.164973,0.216616,2.371131
196.192750,13.084377,99.222143,0.542464,-0.164645,0.212771,2.374138
196.292746,13.170441,99.273061,0.526030,-0.164060,0.210195,2.375845
196.392743,13.257328,99.322560,0.509634,-0.164025,0.211732,2.376335
196.492739,13.345016,99.370626,0.493220,-0.164203,0.213637,2.376304
196.592735,13.433481,99.417247,0.476805,-0.164124,0.214086,2.376528
196.692732,13.522699,99.462410,0.460396,-0.164041,0.214538,2.379731
196.792728,13.612646,99.506103,0.443996,-0.163953,0.215891,2.377351
196.892724,13.703297,99.548316,0.427610,-0.163786,0.218205,2.373210
196.992720,13.794627,99.589038,0.411241,-0.163576,0.220520,2.368663
197.092717,13.886611,99.628261,0.394894,-0.163346,0.222203,2.366610
197.192713,13.979224,99.665977,0.378575,-0.163052,0.223047,2.366890
197.292709,14.072439,99.702177,0.362286,-0.162713,0.225461,2.366973
197.392706,14.166231,99.736856,0.346032,-0.162352,0.228729,2.365098
197.492702,14.260573,99.770008,0.329818,-0.161931,0.233958,2.361825
197.592698,14.355440,99.801628,0.313648,-0.161466,0.238954,2.357296
197.692695,14.450805,99.831712,0.297525,-0.160981,0.243384,2.350062
197.792691,14.546642,99.860258,0.281455,-0.160438,0.247784,2.344485
197.892687,14.642924,99.887262,0.265439,-0.159853,0.252271,2.343217
197.992683,14.739626,99.912723,0.249484,-0.159248,0.258560,2.338447
198.092680,14.836721,99.936642,0.233593,-0.158588,0.265091,2.331835
198.192676,14.934183,99.959018,0.217768,-0.157889,0.273118,2.325299
198.292672,15.031986,99.979852,0.202015,-0.157171,0.278820,2.318792
198.392669,15.130105,99.999147,0.186337,-0.156401,0.283817,2.312675
198.492665,15.228513,100.016905,0.170736,-0.155593,0.287340,2.306078
198.592661,15.327185,100.033129,0.155218,-0.154770,0.290799,2.301146
198.692658,15.426097,100.047825,0.139785,-0.153896,0.295853,2.296641
198.792654,15.525223,100.060997,0.124440,-0.152988,0.301032,2.292835
198.892650,15.624539,100.072650,0.109188,-0.152065,0.303977,2.288422
198.992647,15.724021,100.082793,0.094030,-0.151095,0.307808,2.281241
199.092643,15.823645,100.091431,0.078970,-0.150094,0.316166,2.274278
199.192639,15.923387,100.098573,0.064011,-0.149079,0.328510,2.266760
199.292635,16.023225,100.104227,0.049157,-0.148020,0.341226,2.257515
199.392632,16.123135,100.108403,0.034409,-0.146933,0.347661,2.248647
199.492628,16.223096,100.111111,0.019770,-0.145833,0.351233,2.238526
199.592624,16.323085,100.112361,0.005244,-0.144694,0.354086,2.232308
199.692621,16.423082,100.112164,-0.009167,-0.143528,0.357554,2.230702
199.792617,16.523066,100.110531,-0.023461,-0.142350,0.361655,2.230791
199.892613,16.623017,100.107476,-0.037635,-0.141137,0.366122,2.228611
199.992610,16.722915,100.103011,-0.051687,-0.139899,0.371600,2.224300
200.092606,16.822740,100.097148,-0.065615,-0.138652,0.376248,2.219061
200.192602,16.922474,100.089902,-0.079415,-0.137371,0.379819,2.214497
200.292598,17.022100,100.081287,-0.093088,-0.136069,0.382798,2.208877
200.392595,17.121599,100.071317,-0.106629,-0.134758,0.387124,2.202370
200.492591,17.220954,100.060007,-0.120037,-0.133417,0.391016,2.192791
200.592587,17.320150,100.047372,-0.133311,-0.132057,0.394174,2.190209
200.692584,17.419171,100.033429,-0.146448,-0.130689,0.393166,2.190087
200.792580,17.518000,100.018193,-0.159447,-0.129294,0.391239,2.191139
200.892576,17.616625,100.001681,-0.172306,-0.127882,0.390214,2.194684
200.992573,17.715030,99.983909,-0.185023,-0.126463,0.390207,2.203492
201.092569,17.813202,99.964893,-0.197597,-0.125020,0.391979,2.202578
201.192565,17.911130,99.944652,-0.210026,-0.123562,0.394350,2.199525
201.292562,18.008799,99.923203,-0.222309,-0.122098,0.395455,2.188872
201.392558,18.106199,99.900563,-0.234444,-0.120613,0.395090,2.188310
201.492554,18.203320,99.876750,-0.246431,-0.119114,0.393377,2.189735
201.592550,18.300149,99.851781,-0.258267,-0.117610,0.389632,2.191500
201.692547,18.396679,99.825676,-0.269951,-0.116087,0.387844,2.194777
201.792543,18.492898,99.798452,-0.281483,-0.114553,0.384038,2.198981
201.892539,18.588800,99.770127,-0.292862,-0.113013,0.375976,2.205690
201.992536,18.684375,99.740721,-0.304085,-0.111458,0.371172,2.212378
202.092532,18.779617,99.710251,-0.315152,-0.109892,0.371340,2.217266
202.192528,18.874518,99.678736,-0.326063,-0.108322,0.368696,2.221950
202.292525,18.969072,99.646196,-0.336815,-0.106737,0.364283,2.228031
202.392521,19.063274,99.612648,-0.347409,-0.105144,0.358485,2.235597
202.492517,19.157117,99.578111,-0.357844,-0.103547,0.349295,2.241938
202.592513,19.250598,99.542605,-0.368118,-0.101937,0.341957,2.244685
202.692510,19.343712,99.506147,-0.378230,-0.100320,0.335282,2.251910
202.792506,19.436456,99.468758,-0.388181,-0.098700,0.327881,2.259254
202.892502,19.528826,99.430455,-0.397969,-0.097069,0.320114,2.268706
202.992499,19.620820,99.391257,-0.407594,-0.095431,0.312709,2.278073
203.092495,19.712435,99.351183,-0.417055,-0.093791,0.305009,2.287715
203.192491,19.803671,99.310251,-0.426351,-0.092141,0.297167,2.295126
203.292488,19.894526,99.268481,-0.435483,-0.090485,0.291120,2.305075
203.392484,19.984999,99.225890,-0.444448,-0.088828,0.284036,2.312011
203.492480,20.075090,99.182498,-0.453247,-0.087162,0.280024,2.318777
203.592477,20.164800,99.138322,-0.461880,-0.085491,0.276780,2.325348
203.692473,20.254129,99.093380,-0.470345,-0.083818,0.270922,2.331293
203.792469,20.343077,99.047692,-0.478642,-0.082139,0.262978,2.334199
203.892465,20.431648,99.001274,-0.486772,-0.080455,0.256786,2.339404
203.992462,20.519842,98.954145,-0.494733,-0.078770,0.251221,2.349044
204.092458,20.607662,98.906324,-0.502525,-0.077078,0.245096,2.355209
204.192454,20.695111,98.857826,-0.510148,-0.075384,0.236650,2.356992
204.292451,20.782192,98.808671,-0.517602,-0.073687,0.229968,2.357977
204.392447,20.868909,98.758876,-0.524885,-0.071986,0.226826,2.359781
204.492443,20.955264,98.708458,-0.531998,-0.070282,0.224217,2.363084
204.592440,21.041264,98.657434,-0.538941,-0.068577,0.220020,2.366857
204.692436,21.126911,98.605821,-0.545713,-0.066867,0.215066,2.368054
204.792432,21.212211,98.553637,-0.552314,-0.065155,0.212503,2.368165
204.892429,21.297170,98.500898,-0.558743,-0.063442,0.217327,2.369177
204.992425,21.381792,98.447622,-0.565002,-0.061725,0.216176,2.370630
205.092421,21.466084,98.393824,-0.571088,-0.060006,0.211180,2.372063
205.192417,21.550051,98.339521,-0.577002,-0.058286,0.210137,2.372951
205.292414,21.633701,98.284730,-0.582745,-0.056564,0.211575,2.373215
205.392410,21.717039,98.229467,-0.588315,-0.054840,0.212179,2.373113
205.492406,21.800073,98.173748,-0.593712,-0.053115,0.212326,2.371217
205.592403,21.882809,98.117588,-0.598937,-0.051387,0.212421,2.370796
205.692399,21.965256,98.061004,-0.603989,-0.049659,0.214307,2.372978
205.792395,22.047422,98.004011,-0.608869,-0.047929,0.216867,2.377324
205.892392,22.129313,97.946625,-0.613575,-0.046195,0.217576,2.377279
205.992388,22.210938,97.888861,-0.618108,-0.044469,0.216610,2.377602
206.092384,22.292305,97.830735,-0.622468,-0.042738,0.217304,2.378247
206.192380,22.373423,97.772262,-0.626653,-0.040966,0.217673,2.377406
206.292377,22.454301,97.713457,-0.630665,-0.039316,0.215568,2.375335
206.392373,22.534947,97.654334,-0.634516,-0.037597,0.212130,2.366349
206.492369,22.615371,97.594910,-0.638162,-0.035332,0.209585,2.364776
206.592366,22.695583,97.535200,-0.641641,-0.034787,0.211170,2.364501
206.692362,22.775587,97.475211,-0.645130,-0.034899,0.214157,2.362263
206.792358,22.855382,97.414945,-0.648599,-0.034466,0.217539,2.358920
206.892355,22.934968,97.354403,-0.652028,-0.034156,0.221986,2.356060
206.992351,23.014347,97.293590,-0.655430,-0.033893,0.226813,2.354244
207.092347,23.093520,97.232508,-0.658804,-0.033591,0.236168,2.350314
207.192344,23.172487,97.171161,-0.662148,-0.033297,0.238981,2.347230
207.292340,23.251249,97.109551,-0.665464,-0.033007,0.238067,2.347005
207.392336,23.329808,97.047682,-0.668750,-0.032715,0.236007,2.350850
207.492332,23.408164,96.985555,-0.672006,-0.032423,0.233043,2.354298
207.592329,23.486317,96.923176,-0.675234,-0.032132,0.232204,2.353948
207.692325,23.564270,96.860545,-0.678433,-0.031842,0.229757,2.353622
207.792321,23.642024,96.797666,-0.681602,-0.031552,0.231315,2.352013
207.892318,23.719578,96.734543,-0.684743,-0.031263,0.235993,2.348816
207.992314,23.796935,96.671177,-0.687855,-0.030975,0.242253,2.342007
208.092310,23.874095,96.607572,-0.690938,-0.030688,0.245364,2.335856
208.192307,23.951059,96.543731,-0.693992,-0.030401,0.247356,2.334216
208.292303,24.027829,96.479656,-0.697018,-0.030117,0.249754,2.335865
208.392299,24.104406,96.415349,-0.700015,-0.029833,0.249880,2.339116
208.492295,24.180791,96.350815,-0.702984,-0.029551,0.249440,2.339879
208.592292,24.256984,96.286056,-0.705925,-0.029271,0.248519,2.340199
208.692288,24.332988,96.221073,-0.708838,-0.028993,0.249411,2.341780
208.792284,24.408803,96.155871,-0.711724,-0.028716,0.250690,2.341613
208.892281,24.484430,96.090451,-0.714581,-0.028441,0.252323,2.338944
208.992277,24.559871,96.024816,-0.717412,-0.028169,0.254549,2.333060
209.092273,24.635127,95.958969,-0.720215,-0.027899,0.256203,2.329791
209.192270,24.710199,95.892912,-0.722991,-0.027631,0.256329,2.326866
209.292266,24.785088,95.826649,-0.725741,-0.027365,0.255842,2.325218
209.392262,24.859796,95.760180,-0.728464,-0.027102,0.256800,2.324026
209.492259,24.934323,95.693509,-0.731161,-0.026842,0.256584,2.322518
209.592255,25.008671,95.626639,-0.733833,-0.026585,0.257915,2.322590
209.692251,25.082840,95.559571,-0.736478,-0.026329,0.258829,2.324680
209.792247,25.156833,95.492308,-0.739098,-0.026077,0.260802,2.329280
209.892244,25.230651,95.424852,-0.741694,-0.025829,0.266444,2.326631
209.992240,25.304293,95.357206,-0.744264,-0.025582,0.269113,2.321581
210.092236,25.377763,95.289372,-0.746810,-0.025340,0.266308,2.314122
210.192233,25.451060,95.221351,-0.749332,-0.025100,0.263239,2.309757
210.292229,25.524187,95.153147,-0.751830,-0.024863,0.259586,2.308879
210.392225,25.597144,95.084762,-0.754304,-0.024630,0.253260,2.309704
210.492222,25.669932,95.016197,-0.756756,-0.024400,0.251371,2.311224
210.592218,25.742552,94.947454,-0.759184,-0.024172,0.249615,2.314795
210.692214,25.815006,94.878536,-0.761590,-0.023949,0.253880,2.317533
210.792210,25.887295,94.809445,-0.763974,-0.023729,0.265741,2.318445
210.892207,25.959420,94.740183,-0.766336,-0.023511,0.267066,2.317419
210.992203,26.031382,94.670751,-0.768676,-0.023297,0.266320,2.316900
211.092199,26.103181,94.601152,-0.770995,-0.023087,0.264270,2.318936
211.192196,26.174820,94.531387,-0.773293,-0.022879,0.262158,2.321238
211.292192,26.246299,94.461458,-0.775571,-0.022675,0.253590,2.326265
211.392188,26.317620,94.391368,-0.777828,-0.022474,0.241304,2.329902
211.492185,26.388782,94.321117,-0.780066,-0.022276,0.233712,2.332269
211.592181,26.459788,94.250708,-0.782283,-0.022081,0.233904,2.333549
211.692177,26.530639,94.180143,-0.784482,-0.021890,0.233708,2.334006
211.792174,26.601334,94.109422,-0.786661,-0.021700,0.233269,2.334054
211.892170,26.671876,94.038549,-0.788822,-0.021514,0.233579,2.333753
211.992166,26.742266,93.967523,-0.790964,-0.021332,0.234751,2.333125
212.092162,26.812504,93.896348,-0.793088,-0.021151,0.236766,2.331255
212.192159,26.882591,93.825025,-0.795194,-0.020973,0.239340,2.328446
212.292155,26.952528,93.753554,-0.797282,-0.020798,0.242689,2.324999
212.392151,27.022317,93.681938,-0.799354,-0.020625,0.245013,2.325641
212.492148,27.091957,93.610179,-0.801407,-0.020454,0.243532,2.333576
212.592144,27.161451,93.538277,-0.803444,-0.020286,0.242924,2.342988
212.692140,27.230799,93.466234,-0.805465,-0.020120,0.246399,2.347894
212.792137,27.300002,93.394052,-0.807468,-0.019956,0.248295,2.353565
212.892133,27.369060,93.321732,-0.809456,-0.019794,0.248592,2.357867
212.992129,27.437975,93.249275,-0.811427,-0.019633,0.246407,2.359807
213.092125,27.506748,93.176684,-0.813382,-0.019475,0.243414,2.360359
213.192122,27.575380,93.103958,-0.815322,-0.019318,0.240807,2.357723
213.292118,27.643870,93.031100,-0.817246,-0.019162,0.233828,2.351884
213.392114,27.712221,92.958111,-0.819154,-0.019008,0.232591,2.349938
213.492111,27.780434,92.884992,-0.821047,-0.018855,0.231429,2.345470
213.592107,27.848508,92.811745,-0.822925,-0.018703,0.230853,2.346955
213.692103,27.916445,92.738370,-0.824788,-0.018552,0.230931,2.355124
213.792100,27.984246,92.664870,-0.826635,-0.018402,0.228807,2.359876
213.892096,28.051911,92.591245,-0.828468,-0.018253,0.229013,2.365363
213.992092,28.119442,92.517496,-0.830286,-0.018104,0.226522,2.369061
214.092089,28.186839,92.443626,-0.832089,-0.017956,0.222904,2.370923
214.192085,28.254104,92.369634,-0.833877,-0.017809,0.219640,2.371543
214.292081,28.321237,92.295523,-0.835650,-0.017660,0.217663,2.370840
214.392077,28.388238,92.221294,-0.837409,-0.017516,0.217666,2.371406
214.492074,28.455110,92.146947,-0.839153,-0.017370,0.219230,2.372223
214.592070,28.521853,92.072484,-0.840882,-0.017205,0.217035,2.374438
214.692066,28.588467,91.997906,-0.842596,-0.017100,0.214509,2.377034
214.792063,28.654953,91.923215,-0.844302,-0.016958,0.213283,2.377631
214.892059,28.721313,91.848411,-0.845978,-0.016562,0.210917,2.372657
214.992055,28.787549,91.773497,-0.847643,-0.016989,0.210083,2.370624
215.092052,28.853657,91.698471,-0.849380,-0.017711,0.210304,2.370902
215.192048,28.919632,91.623327,-0.851175,-0.018179,0.212595,2.371155
215.292044,28.985471,91.548064,-0.853018,-0.018706,0.214673,2.369061
215.392041,29.051168,91.472678,-0.854916,-0.019254,0.216104,2.365001
215.492037,29.116721,91.397165,-0.856868,-0.019784,0.217444,2.363088
215.592033,29.182124,91.321523,-0.858873,-0.020318,0.221143,2.361720
215.692029,29.247373,91.245748,-0.860931,-0.020854,0.220090,2.360667
215.792026,29.312464,91.169838,-0.863043,-0.021388,0.218435,2.360546
215.892022,29.377392,91.093788,-0.865209,-0.021922,0.220338,2.360135
215.992018,29.442154,91.017596,-0.867428,-0.022457,0.222495,2.358933
216.092015,29.506744,90.941259,-0.869700,-0.022993,0.225568,2.357390
216.192011,29.571159,90.864774,-0.872026,-0.023528,0.228285,2.357056
216.292007,29.635393,90.788137,-0.874406,-0.024064,0.228913,2.359623
216.392004,29.699443,90.711346,-0.876839,-0.024601,0.229937,2.358689
216.492000,29.763304,90.634397,-0.879326,-0.025138,0.232397,2.357679
216.591996,29.826971,90.557289,-0.881866,-0.025676,0.241170,2.356857
216.691992,29.890440,90.480017,-0.884461,-0.026215,0.245276,2.353568
216.791989,29.953706,90.402578,-0.887109,-0.026756,0.247442,2.350482
216.891985,30.016765,90.324971,-0.889812,-0.027297,0.251135,2.345473
216.991981,30.079612,90.247193,-0.892569,-0.027841,0.254153,2.340137
217.091978,30.142242,90.169239,-0.895380,-0.028386,0.256643,2.335972
217.191974,30.204650,90.091108,-0.898245,-0.028932,0.259468,2.331367
217.291970,30.266833,90.012797,-0.901166,-0.029481,0.263810,2.328367
217.391967,30.328784,89.934302,-0.904142,-0.030032,0.270130,2.324821
217.491963,30.390499,89.855623,-0.907172,-0.030585,0.269385,2.321393
217.591959,30.451973,89.776754,-0.910258,-0.031141,0.273692,2.316095
217.691956,30.513201,89.697695,-0.913400,-0.031700,0.281330,2.309958
217.791952,30.574178,89.618442,-0.916598,-0.032262,0.287952,2.301733
217.891948,30.634899,89.538992,-0.919853,-0.032827,0.293326,2.287718
217.991944,30.695359,89.459344,-0.923164,-0.033396,0.302532,2.277944
218.091941,30.755553,89.379495,-0.926532,-0.033968,0.316522,2.271833
218.191937,30.815475,89.299441,-0.929957,-0.034544,0.322900,2.264968
218.291933,30.875121,89.219181,-0.933440,-0.035124,0.330116,2.259668
218.391930,30.934484,89.138711,-0.936982,-0.035708,0.338999,2.253380
218.491926,30.993559,89.058031,-0.940582,-0.036296,0.346781,2.248461
218.591922,31.052341,88.977136,-0.944241,-0.036889,0.355407,2.239366
218.691919,31.110825,88.896025,-0.947960,-0.037486,0.366170,2.229725
218.791915,31.169004,88.814696,-0.951738,-0.038089,0.381033,2.219995
218.891911,31.226872,88.733145,-0.955577,-0.038696,0.394672,2.209792
218.991907,31.284425,88.651371,-0.959477,-0.039307,0.406708,2.198511
219.091904,31.341656,88.569372,-0.963438,-0.039924,0.419858,2.187129
219.191900,31.398559,88.487145,-0.967462,-0.040546,0.433290,2.176870
219.291896,31.455128,88.404687,-0.971547,-0.041172,0.443322,2.165234
219.391893,31.511358,88.321998,-0.975696,-0.041804,0.453456,2.152630
219.491889,31.567241,88.239074,-0.979908,-0.042440,0.467339,2.136541
219.591885,31.622771,88.155914,-0.984184,-0.043081,0.489989,2.123233
219.691882,31.677943,88.072515,-0.988524,-0.043727,0.507542,2.111911
219.791878,31.732750,87.988876,-0.992929,-0.044379,0.523798,2.098961
219.891874,31.787185,87.904995,-0.997400,-0.045033,0.541592,2.084145
219.991871,31.841242,87.820869,-1.001936,-0.045693,0.560094,2.068067
220.091867,31.894913,87.736497,-1.006538,-0.046357,0.578177,2.051763
220.191863,31.948194,87.651877,-1.011207,-0.047024,0.592733,2.035217
220.291859,32.001075,87.567007,-1.015943,-0.047696,0.607712,2.018548
220.391856,32.053551,87.481887,-1.020746,-0.048371,0.625376,1.998483
220.491852,32.105615,87.396513,-1.025617,-0.049048,0.648171,1.974453
220.591848,32.157260,87.310885,-1.030555,-0.049729,0.665725,1.955553
220.691845,32.208478,87.225002,-1.035562,-0.050411,0.680761,1.945120
220.791841,32.259262,87.138861,-1.040637,-0.051096,0.698244,1.932579
220.891837,32.309606,87.052462,-1.045781,-0.051782,0.720021,1.916814
220.991834,32.359502,86.965803,-1.050993,-0.052469,0.742080,1.899212
221.091830,32.408942,86.878884,-1.056274,-0.053157,0.764865,1.881059
221.191826,32.457920,86.791703,-1.061624,-0.053845,0.788758,1.861457
221.291822,32.506427,86.704260,-1.067043,-0.054532,0.815661,1.836964
221.391819,32.554457,86.616554,-1.072530,-0.055219,0.842119,1.810903
221.491815,32.602002,86.528584,-1.078086,-0.055904,0.864784,1.783286
221.591811,32.649054,86.440349,-1.083711,-0.056587,0.889316,1.760501
221.691808,32.695607,86.351849,-1.089403,-0.057268,0.917224,1.739201
221.791804,32.741652,86.263085,-1.095164,-0.057946,0.944157,1.719295
221.891800,32.787181,86.174055,-1.100992,-0.058619,0.966665,1.697737
221.991797,32.832188,86.084759,-1.106887,-0.059290,0.998619,1.675406
222.091793,32.876665,85.995199,-1.112849,-0.059955,1.035488,1.653696
222.191789,32.920604,85.905373,-1.118878,-0.060614,1.065080,1.626526
222.291786,32.963998,85.815283,-1.124972,-0.061270,1.093324,1.594756
222.391782,33.006839,85.724928,-1.131131,-0.061918,1.123316,1.563384
222.491778,33.049120,85.634310,-1.137355,-0.062559,1.154845,1.534985
222.591774,33.090833,85.543429,-1.143642,-0.063194,1.179723,1.508342
222.691771,33.131971,85.452287,-1.149993,-0.063821,1.215379,1.479373
222.791767,33.172527,85.360883,-1.156406,-0.064439,1.255932,1.450177
222.891763,33.212493,85.269221,-1.162880,-0.065051,1.297232,1.422723
222.991760,33.251861,85.177300,-1.169415,-0.065652,1.332917,1.392816
223.091756,33.290626,85.085123,-1.176010,-0.066244,1.368567,1.357332
223.191752,33.328779,84.992691,-1.182663,-0.066829,1.405708,1.321693
223.291749,33.366313,84.900006,-1.189375,-0.067402,1.443239,1.285392
223.391745,33.403222,84.807071,-1.196143,-0.067965,1.482788,1.249857
223.491741,33.439498,84.713886,-1.202967,-0.068521,1.526338,1.216012
223.591738,33.475136,84.620455,-1.209846,-0.069064,1.568013,1.180078
223.691734,33.510127,84.526781,-1.216779,-0.069597,1.608425,1.143835
223.791730,33.544465,84.432865,-1.223765,-0.070122,1.650324,1.108470
223.891726,33.578144,84.338710,-1.230803,-0.070634,1.693742,1.071611
223.991723,33.611157,84.244321,-1.237891,-0.071136,1.737480,1.032349
224.091719,33.643498,84.149698,-1.245029,-0.071630,1.774411,0.991723
224.191715,33.675160,84.054847,-1.252216,-0.072112,1.815554,0.950641
224.291712,33.706137,83.959769,-1.259451,-0.072582,1.862453,0.908729
224.391708,33.736424,83.864469,-1.266732,-0.073047,1.905377,0.867958
224.491704,33.766013,83.768951,-1.274059,-0.073498,1.949115,0.825909
224.591701,33.794900,83.673218,-1.281431,-0.073940,1.997349,0.783412
224.691697,33.823078,83.577273,-1.288847,-0.074375,2.043592,0.739094
224.791693,33.850542,83.481122,-1.296305,-0.074799,2.085929,0.689509
224.891689,33.877286,83.384768,-1.303806,-0.075213,2.124744,0.638948
224.991686,33.903305,83.288216,-1.311347,-0.075622,2.159542,0.593875
225.091682,33.928592,83.191470,-1.318929,-0.076020,2.194184,0.551811
225.191678,33.953144,83.094534,-1.326551,-0.076410,2.224861,0.517821
225.291675,33.976954,82.997413,-1.334211,-0.076795,2.251619,0.475333
225.391671,34.000018,82.900113,-1.341908,-0.077169,2.277253,0.425104
225.491667,34.022330,82.802637,-1.349644,-0.077539,2.302948,0.374766
225.591664,34.043886,82.704992,-1.357416,-0.077902,2.322204,0.330700
225.691660,34.064680,82.607181,-1.365223,-0.078242,2.337062,0.287424
225.791656,34.084709,82.509211,-1.373065,-0.078625,2.350530,0.262740
225.891653,34.103966,82.411086,-1.380947,-0.078967,2.363434,0.250102
225.991649,34.122449,82.312812,-1.388850,-0.079102,2.373359,0.225365
226.091645,34.140153,82.214395,-1.396791,-0.079916,2.375999,0.197687
226.191641,34.157069,82.115840,-1.404828,-0.080208,2.373474,0.219932
226.291638,34.173198,82.017153,-1.412725,-0.077738,2.361864,0.262078
226.391634,34.188558,81.918343,-1.420400,-0.075949,2.346618,0.315672
226.491630,34.203168,81.819419,-1.427917,-0.074363,2.329741,0.376203
226.591627,34.217042,81.720390,-1.435264,-0.072574,2.308300,0.430297
226.691623,34.230196,81.621262,-1.442433,-0.070831,2.284575,0.497003
226.791619,34.242649,81.522044,-1.449430,-0.069101,2.256219,0.564592
226.891616,34.254415,81.422742,-1.456252,-0.067351,2.222007,0.643146
226.991612,34.265512,81.323363,-1.462900,-0.065602,2.182361,0.735448
227.091608,34.275957,81.223914,-1.469372,-0.063852,2.146226,0.839054
227.191604,34.285767,81.124399,-1.475669,-0.062098,2.102304,0.949616
227.291601,34.294959,81.024826,-1.481791,-0.060340,2.058066,1.065851
227.391597,34.303550,80.925200,-1.487737,-0.058581,2.011861,1.176696
227.491593,34.311557,80.825524,-1.493507,-0.056819,1.962126,1.289020
227.591590,34.318998,80.725805,-1.499100,-0.055053,1.907043,1.396444
227.691586,34.325889,80.626046,-1.504517,-0.053287,1.847547,1.496123
227.791582,34.332249,80.526252,-1.509757,-0.051516,1.784926,1.592242
227.891579,34.338095,80.426427,-1.514820,-0.049743,1.719560,1.683659
227.991575,34.343444,80.326574,-1.519706,-0.047969,1.649643,1.760683
228.091571,34.348314,80.226696,-1.524413,-0.046191,1.572932,1.839880
228.191568,34.352723,80.126797,-1.528943,-0.044411,1.496174,1.914844
228.291564,34.356688,80.026879,-1.533295,-0.042629,1.415849,1.985207
228.391560,34.360227,79.926945,-1.537469,-0.040844,1.328020,2.052096
228.491556,34.363358,79.826998,-1.541464,-0.039057,1.234498,2.108940
228.591553,34.366098,79.727039,-1.545280,-0.037269,1.145154,2.157655
228.691549,34.368466,79.627071,-1.548917,-0.035477,1.046431,2.199104
228.791545,34.370480,79.527094,-1.552375,-0.033684,0.948310,2.235227
228.891542,34.372156,79.427112,-1.555654,-0.031890,0.869685,2.267612
228.991538,34.373514,79.327125,-1.558753,-0.030094,0.772687,2.296982
229.091534,34.374571,79.227134,-1.561672,-0.028295,0.668665,2.324279
229.191531,34.375345,79.127141,-1.564411,-0.026496,0.565497,2.346420
229.291527,34.375854,79.027146,-1.566971,-0.024700,0.465492,2.363225
229.391523,34.376116,78.927150,-1.569351,-0.022887,0.372550,2.375914
229.491519,34.376149,78.827154,-1.571548,-0.021086,0.266370,2.381315
229.591516,34.375971,78.727157,-1.573570,-0.019347,0.215533,2.385771
229.691512,34.375600,78.627162,-1.575409,-0.017385,0.209828,2.389511
229.791508,34.375055,78.527167,-1.577049,-0.015608,0.209297,2.390950
229.891505,34.374354,78.427173,-1.578564,-0.014698,0.212530,2.389574
229.991501,34.373505,78.327180,-1.579980,-0.013565,0.217711,2.385042
230.091497,34.372521,78.227189,-1.581276,-0.012371,0.225843,2.378065
230.191494,34.371413,78.127199,-1.582457,-0.011240,0.243075,2.367251
230.291490,34.370193,78.027210,-1.583523,-0.010094,0.266470,2.354586
230.391486,34.368872,77.927222,-1.584475,-0.008945,0.293547,2.340955
230.491483,34.367461,77.827236,-1.585313,-0.007801,0.321607,2.325974
230.591479,34.365973,77.727251,-1.586035,-0.006658,0.356668,2.307778
230.691475,34.364417,77.627266,-1.586644,-0.005517,0.383305,2.286508
230.791471,34.362807,77.527283,-1.587139,-0.004378,0.411319,2.260832
230.891468,34.361153,77.427300,-1.587520,-0.003241,0.440080,2.233935
230.991464,34.359466,77.327318,-1.587787,-0.002106,0.467892,2.208088
231.091460,34.357759,77.227337,-1.587941,-0.000974,0.492691,2.183165
231.191457,34.356042,77.127355,-1.587982,0.000155,0.524247,2.162838
231.291453,34.354326,77.027374,-1.587910,0.001281,0.553562,2.137835
231.391449,34.352623,76.927392,-1.587726,0.002405,0.584162,2.109166
231.491446,34.350944,76.827410,-1.587429,0.003525,0.612908,2.079302
231.591442,34.349300,76.727427,-1.587021,0.004642,0.640513,2.045453
231.691438,34.347703,76.627443,-1.586501,0.005756,0.668026,2.015709
231.791434,34.346163,76.527459,-1.585870,0.006866,0.693704,1.986211
231.891431,34.344692,76.427473,-1.585128,0.007973,0.718715,1.957801
231.991427,34.343301,76.327487,-1.584276,0.009077,0.739381,1.928954
232.091423,34.342000,76.227499,-1.583313,0.010177,0.762485,1.903192
232.191420,34.340801,76.127510,-1.582240,0.011274,0.788464,1.877281
232.291416,34.339715,76.027519,-1.581058,0.012367,0.817652,1.849524
232.391412,34.338753,75.927528,-1.579767,0.013457,0.846965,1.819247
232.491409,34.337925,75.827535,-1.578367,0.014544,0.872627,1.789374
232.591405,34.337242,75.727541,-1.576859,0.015627,0.896980,1.761379
232.691401,34.336716,75.627546,-1.575242,0.016707,0.922043,1.737814
232.791398,34.336357,75.527550,-1.573517,0.017785,0.946671,1.711615
232.891394,34.336175,75.427554,-1.571685,0.018859,0.969666,1.686951
232.991390,34.336182,75.327558,-1.569746,0.019929,0.990566,1.662147
233.091386,34.336389,75.227561,-1.567700,0.020998,1.013270,1.634976
233.191383,34.336805,75.127566,-1.565547,0.022063,1.037356,1.609041
233.291379,34.337442,75.027572,-1.563287,0.023125,1.064367,1.583722
233.391375,34.338311,74.927579,-1.560922,0.024186,1.090207,1.559005
233.491372,34.339421,74.827589,-1.558450,0.025243,1.113010,1.537546
233.591368,34.340783,74.727602,-1.555873,0.026298,1.133514,1.514859
233.691364,34.342409,74.627619,-1.553191,0.027352,1.155413,1.491686
233.791361,34.344307,74.527640,-1.550403,0.028403,1.176804,1.466881
233.891357,34.346490,74.427668,-1.547511,0.029451,1.190506,1.442405
233.991353,34.348967,74.327702,-1.544513,0.030498,1.207263,1.418592
234.091350,34.351750,74.227745,-1.541411,0.031543,1.223399,1.394079
234.191346,34.354847,74.127796,-1.538205,0.032586,1.247630,1.366224
234.291342,34.358270,74.027859,-1.534894,0.033628,1.277174,1.341480
234.391338,34.362029,73.927933,-1.531480,0.034668,1.297368,1.325371
234.491335,34.366134,73.828021,-1.527961,0.035706,1.318255,1.307651
234.591331,34.370597,73.728124,-1.524339,0.036743,1.335424,1.286006
234.691327,34.375426,73.628244,-1.520613,0.037778,1.351907,1.267147
234.791324,34.380632,73.528384,-1.516783,0.038812,1.369136,1.248397
234.891320,34.386226,73.428544,-1.512851,0.039844,1.386438,1.233101
234.991316,34.392218,73.328727,-1.508815,0.040875,1.404483,1.216286
235.091313,34.398617,73.228936,-1.504676,0.041905,1.422092,1.198839
235.191309,34.405435,73.129172,-1.500434,0.042933,1.438895,1.181463
235.291305,34.412681,73.029438,-1.496090,0.043960,1.460702,1.163539
235.391301,34.420365,72.929738,-1.491643,0.044985,1.476528,1.144751
235.491298,34.428498,72.830073,-1.487093,0.046009,1.488892,1.128819
235.591294,34.437089,72.730446,-1.482441,0.047031,1.504200,1.112755
235.691290,34.446149,72.630861,-1.477687,0.048052,1.516341,1.096596
235.791287,34.455687,72.531320,-1.472831,0.049071,1.523304,1.080706
235.891283,34.465713,72.431828,-1.467873,0.050088,1.534594,1.060789
235.991279,34.476238,72.332387,-1.462814,0.051103,1.545615,1.042704
236.091276,34.487270,72.233001,-1.457653,0.052117,1.556379,1.028723
236.191272,34.498821,72.133673,-1.452391,0.053128,1.567159,1.017700
236.291268,34.510898,72.034409,-1.447028,0.054137,1.580966,1.009242
236.391265,34.523513,71.935212,-1.441564,0.055145,1.591395,1.000330
236.491261,34.536675,71.836085,-1.435999,0.056150,1.602974,0.990553
236.591257,34.550394,71.737034,-1.430334,0.057151,1.611068,0.982228
236.691253,34.564678,71.638063,-1.424570,0.058151,1.618896,0.975380
236.791250,34.579537,71.539177,-1.418705,0.059148,1.627552,0.968428
236.891246,34.594981,71.440380,-1.412740,0.060142,1.636673,0.957363
236.991242,34.611019,71.341678,-1.406677,0.061133,1.645406,0.948139
237.091239,34.627660,71.243076,-1.400514,0.062121,1.657642,0.940543
237.191235,34.644913,71.144579,-1.394253,0.063104,1.667813,0.934142
237.291231,34.662787,71.046193,-1.387894,0.064086,1.672394,0.931550
237.391228,34.681291,70.947924,-1.381437,0.065063,1.675921,0.929199
237.491224,34.700435,70.849777,-1.374882,0.066035,1.679189,0.925961
237.591220,34.720226,70.751758,-1.368230,0.067005,1.682289,0.923060
237.691216,34.740673,70.653874,-1.361482,0.067970,1.685223,0.918199
237.791213,34.761785,70.556132,-1.354637,0.068929,1.683706,0.912913
237.891209,34.783570,70.458537,-1.347696,0.069886,1.684682,0.909054
237.991205,34.806037,70.361097,-1.340660,0.070837,1.685099,0.905065
238.091202,34.829194,70.263819,-1.333529,0.071782,1.687101,0.902678
238.191198,34.853048,70.166709,-1.326304,0.072725,1.692373,0.900231
238.291194,34.877607,70.069775,-1.318985,0.073660,1.695426,0.898272
238.391191,34.902880,69.973025,-1.311573,0.074589,1.695948,0.897599
238.491187,34.928874,69.876466,-1.304068,0.075515,1.695092,0.899287
238.591183,34.955597,69.780106,-1.296471,0.076434,1.692710,0.906004
238.691180,34.983055,69.683953,-1.288782,0.077346,1.686298,0.906765
238.791176,35.011255,69.588016,-1.281002,0.078254,1.679505,0.912238
238.891172,35.040206,69.492302,-1.273132,0.079154,1.672877,0.918957
238.991168,35.069913,69.396820,-1.265172,0.080046,1.667191,0.926527
239.091165,35.100384,69.301579,-1.257123,0.080934,1.662996,0.933561
239.191161,35.131625,69.206587,-1.248986,0.081814,1.660752,0.942937
239.291157,35.163641,69.111855,-1.240761,0.082685,1.653792,0.952655
239.391154,35.196440,69.017390,-1.232449,0.083553,1.646247,0.962359
239.491150,35.230027,68.923203,-1.224051,0.084411,1.637436,0.967142
239.591146,35.264407,68.829302,-1.215568,0.085259,1.626830,0.978415
239.691143,35.299587,68.735698,-1.207000,0.086103,1.615145,0.990628
239.791139,35.335572,68.642400,-1.198348,0.086938,1.603266,1.003792
239.891135,35.372366,68.549419,-1.189613,0.087762,1.590158,1.020117
239.991131,35.409975,68.456764,-1.180796,0.088582,1.574661,1.036691
240.091128,35.448403,68.364446,-1.171898,0.089392,1.559423,1.056672
240.191124,35.487655,68.272475,-1.162919,0.090190,1.545328,1.079070
240.291120,35.527735,68.180862,-1.153860,0.090984,1.529898,1.099924
240.391117,35.568646,68.089618,-1.144723,0.091766,1.517410,1.121267
240.491113,35.610393,67.998752,-1.135508,0.092537,1.499478,1.143015
240.591109,35.652979,67.908277,-1.126216,0.093303,1.479013,1.165496
240.691106,35.696407,67.818203,-1.116848,0.094058,1.460792,1.188109
240.791102,35.740681,67.728541,-1.107405,0.094800,1.441337,1.210344
240.891098,35.785803,67.639303,-1.097889,0.095537,1.419737,1.238690
240.991095,35.831775,67.550500,-1.088299,0.096261,1.397728,1.268908
241.091091,35.878599,67.462144,-1.078638,0.096972,1.374140,1.299950
241.191087,35.926278,67.374246,-1.068905,0.097678,1.348258,1.331305
241.291083,35.974814,67.286818,-1.059103,0.098371,1.323694,1.363596
241.391080,36.024207,67.199872,-1.049232,0.099051,1.296718,1.396116
241.491076,36.074459,67.113419,-1.039293,0.099724,1.267411,1.427457
241.591072,36.125570,67.027471,-1.029288,0.100385,1.237298,1.459147
241.691069,36.177542,66.942041,-1.019218,0.101030,1.206248,1.493971
241.791065,36.230374,66.857140,-1.009083,0.101670,1.174669,1.530119
241.891061,36.284066,66.772781,-0.998885,0.102296,1.143194,1.565616
241.991058,36.338619,66.688975,-0.988624,0.102907,1.109969,1.597472
242.091054,36.394031,66.605735,-0.978304,0.103512,1.075471,1.632609
242.191050,36.450302,66.523074,-0.967923,0.104102,1.042258,1.670446
242.291046,36.507430,66.441002,-0.957484,0.104676,1.007324,1.706112
242.391043,36.565414,66.359533,-0.946988,0.105245,0.970914,1.737122
242.491039,36.624252,66.278678,-0.936437,0.105798,0.934796,1.769371
242.591035,36.683942,66.198451,-0.925830,0.106334,0.897893,1.802829
242.691032,36.744482,66.118863,-0.915170,0.106865,0.861790,1.837751
242.791028,36.805869,66.039926,-0.904458,0.107380,0.823757,1.864126
242.891024,36.868100,65.961653,-0.893696,0.107878,0.785183,1.892481
242.991021,36.931172,65.884055,-0.882883,0.108369,0.750206,1.928466
243.091017,36.995081,65.807146,-0.872023,0.108844,0.717507,1.962695
243.191013,37.059823,65.730937,-0.861116,0.109302,0.687779,1.992580
243.291010,37.125395,65.655440,-0.850163,0.109753,0.651727,2.021403
243.391006,37.191791,65.580667,-0.839166,0.110188,0.622279,2.050468
243.491002,37.259006,65.506631,-0.828127,0.110605,0.592729,2.080936
243.590998,37.327037,65.433342,-0.817046,0.111014,0.553991,2.109353
243.690995,37.395877,65.360813,-0.805925,0.111407,0.519801,2.135509
243.790991,37.465520,65.289055,-0.794766,0.111782,0.490441,2.160019
243.890987,37.535961,65.218080,-0.783569,0.112149,0.462635,2.181415
243.990984,37.607194,65.147900,-0.772337,0.112499,0.433669,2.202906
244.090980,37.679212,65.078525,-0.761070,0.112831,0.406322,2.222774
244.190976,37.752008,65.009968,-0.749771,0.113155,0.381705,2.240269
244.290973,37.825575,64.942238,-0.738441,0.113462,0.363104,2.254912
244.390969,37.899906,64.875348,-0.727080,0.113750,0.349427,2.264782
244.490965,37.974992,64.809307,-0.715691,0.114030,0.330258,2.279439
244.590962,38.050827,64.744127,-0.704275,0.114292,0.313209,2.293962
244.690958,38.127402,64.679817,-0.692834,0.114535,0.288092,2.308260
244.790954,38.204708,64.616389,-0.681369,0.114771,0.270710,2.321921
244.890950,38.282737,64.553852,-0.669881,0.114988,0.254586,2.332472
244.990947,38.361480,64.492217,-0.658373,0.115185,0.241661,2.339877
245.090943,38.440928,64.431492,-0.646845,0.115375,0.237991,2.347348
245.190939,38.521071,64.371689,-0.635299,0.115552,0.240667,2.354356
245.290936,38.601900,64.312815,-0.623736,0.115690,0.237330,2.358143
245.390932,38.683404,64.254880,-0.612161,0.115839,0.234271,2.362207
245.490928,38.765574,64.197893,-0.600567,0.116036,0.228314,2.366441
245.590925,38.848400,64.141864,-0.588965,0.115954,0.219117,2.371559
245.690921,38.931869,64.086798,-0.577374,0.116112,0.213038,2.374921
245.790917,39.015973,64.032706,-0.565708,0.117202,0.210266,2.377194
245.890913,39.100703,63.979600,-0.554073,0.114640,0.211201,2.377461
245.990910,39.186037,63.927469,-0.542790,0.111253,0.215399,2.376663
246.090906,39.271945,63.876292,-0.531788,0.108797,0.222011,2.372464
246.190902,39.358405,63.826052,-0.521042,0.106064,0.233250,2.367966
246.290899,39.445393,63.776731,-0.510576,0.103267,0.247935,2.361038
246.390895,39.532885,63.728312,-0.500387,0.100523,0.264232,2.350579
246.490891,39.620860,63.680775,-0.490473,0.097748,0.288956,2.337382
246.590888,39.709295,63.634099,-0.480838,0.094964,0.303426,2.323747
246.690884,39.798169,63.588266,-0.471481,0.092174,0.323526,2.305684
246.790880,39.887462,63.543254,-0.462404,0.089373,0.354170,2.287803
246.890877,39.977154,63.499041,-0.453607,0.086568,0.386655,2.267415
246.990873,40.067225,63.455607,-0.445091,0.083754,0.427015,2.245086
247.090869,40.157657,63.412928,-0.436857,0.080934,0.468719,2.219756
247.190865,40.248431,63.370983,-0.428905,0.078110,0.504556,2.193161
247.290862,40.339530,63.329748,-0.421236,0.075279,0.537765,2.170142
247.390858,40.430936,63.289200,-0.413850,0.072444,0.570462,2.144293
247.490854,40.522634,63.249315,-0.406748,0.069606,0.602423,2.113819
247.590851,40.614608,63.210070,-0.399929,0.066763,0.633847,2.077927
247.690847,40.706841,63.171439,-0.393396,0.063916,0.664311,2.037342
247.790843,40.799319,63.133399,-0.387147,0.061068,0.693484,1.999506
247.890840,40.892028,63.095924,-0.381183,0.058216,0.723753,1.964801
247.990836,40.984953,63.058989,-0.375504,0.055361,0.753544,1.932674
248.090832,41.078082,63.022569,-0.370111,0.052506,0.781923,1.900660
248.190828,41.171400,62.986639,-0.365003,0.049647,0.804786,1.869087
248.290825,41.264896,62.951173,-0.360182,0.046787,0.817488,1.838739
248.390821,41.358556,62.916144,-0.355646,0.043926,0.829950,1.810834
248.490817,41.452369,62.881527,-0.351397,0.041064,0.852661,1.769548
248.590814,41.546324,62.847296,-0.347434,0.038200,0.880468,1.739477
248.690810,41.640409,62.813424,-0.343757,0.035335,0.901749,1.718214
248.790806,41.734613,62.779884,-0.340367,0.032470,0.918421,1.700763
248.890803,41.828925,62.746651,-0.337263,0.029603,0.938191,1.682110
248.990799,41.923335,62.713696,-0.334447,0.026737,0.961045,1.662645
249.090795,42.017833,62.680995,-0.331916,0.023869,0.986420,1.646570
249.190792,42.112409,62.648519,-0.329673,0.021002,1.005669,1.624034
249.290788,42.207053,62.616241,-0.327716,0.018134,1.022121,1.602499
249.390784,42.301755,62.584136,-0.326046,0.015265,1.039589,1.589231
249.490780,42.396506,62.552175,-0.324663,0.012397,1.061797,1.570336
249.590777,42.491297,62.520331,-0.323567,0.009529,1.082644,1.551293
249.690773,42.586117,62.488578,-0.322758,0.006660,1.097460,1.532934
249.790769,42.680959,62.456888,-0.322235,0.003792,1.111639,1.517225
249.890766,42.775813,62.425234,-0.321999,0.000923,1.130430,1.503621
249.990762,42.870670,62.393588,-0.322050,-0.001945,1.150475,1.484755
250.090758,42.965521,62.361925,-0.322388,-0.004812,1.171737,1.461944
250.190755,43.060357,62.330215,-0.323013,-0.007679,1.189803,1.442690
250.290751,43.155168,62.298433,-0.323924,-0.010546,1.210069,1.423888
250.390747,43.249945,62.266551,-0.325122,-0.013412,1.233335,1.405495
250.490743,43.344680,62.234541,-0.326606,-0.016278,1.257386,1.383865
250.590740,43.439362,62.202378,-0.328377,-0.019142,1.280312,1.356825
250.690736,43.533983,62.170033,-0.330434,-0.022005,1.304802,1.331206
250.790732,43.628533,62.137480,-0.332778,-0.024868,1.329887,1.308833
250.890729,43.723001,62.104693,-0.335408,-0.027729,1.353989,1.288230
250.990725,43.817378,62.071643,-0.338324,-0.030588,1.378156,1.269329
251.090721,43.911653,62.038305,-0.341525,-0.033446,1.403439,1.248824
251.190718,44.005816,62.004652,-0.345013,-0.036303,1.429222,1.221269
251.290714,44.099857,61.970657,-0.348785,-0.039156,1.456494,1.194753
251.390710,44.193764,61.936294,-0.352844,-0.042008,1.483289,1.171472
251.490707,44.287525,61.901537,-0.357187,-0.044857,1.510107,1.155119
251.590703,44.381130,61.866360,-0.361815,-0.047703,1.535657,1.132444
251.690699,44.474566,61.830737,-0.366727,-0.050546,1.560605,1.106387
251.790695,44.567820,61.794641,-0.371923,-0.053386,1.577762,1.079441
251.890692,44.660881,61.758049,-0.377404,-0.056221,1.599674,1.052547
251.990688,44.753735,61.720934,-0.383167,-0.059053,1.626974,1.024836
252.090684,44.846367,61.683271,-0.389214,-0.061881,1.653577,0.997802
252.190681,44.938765,61.645036,-0.395543,-0.064702,1.678539,0.971163
252.290677,45.030914,61.606204,-0.402154,-0.067519,1.706645,0.946076
252.390673,45.122798,61.566750,-0.409046,-0.070330,1.740197,0.915210
252.490670,45.214403,61.526652,-0.416219,-0.073134,1.774319,0.882482
252.590666,45.305712,61.485884,-0.423672,-0.075933,1.803704,0.854986
252.690662,45.396709,61.444425,-0.431405,-0.078724,1.834278,0.837287
252.790658,45.487376,61.402250,-0.439416,-0.081505,1.865645,0.804769
252.890655,45.577697,61.359337,-0.447705,-0.084280,1.892686,0.774691
252.990651,45.667653,61.315666,-0.456271,-0.087046,1.913538,0.754687
253.090647,45.757226,61.271212,-0.465113,-0.089799,1.939973,0.735740
253.190644,45.846396,61.225956,-0.474231,-0.092547,1.967073,0.704261
253.290640,45.935143,61.179877,-0.483622,-0.095282,1.992590,0.672256
253.390636,46.023447,61.132955,-0.493286,-0.098001,2.018714,0.643673
253.490633,46.111287,61.085169,-0.503221,-0.100714,2.045098,0.615746
253.590629,46.198642,61.036501,-0.513427,-0.103411,2.071406,0.587879
253.690625,46.285488,60.986932,-0.523902,-0.106090,2.097276,0.559307
253.790622,46.371804,60.936445,-0.534645,-0.108761,2.117714,0.530160
253.890618,46.457566,60.885022,-0.545653,-0.111414,2.139295,0.501297
253.990614,46.542749,60.832647,-0.556926,-0.114045,2.163505,0.475532
254.090610,46.627330,60.779304,-0.568462,-0.116666,2.186935,0.449157
254.190607,46.711283,60.724978,-0.580258,-0.119267,2.207170,0.421866
254.290603,46.794582,60.669654,-0.592314,-0.121841,2.225685,0.396289
254.390599,46.877200,60.613319,-0.604626,-0.124404,2.245323,0.365502
254.490596,46.959112,60.555962,-0.617193,-0.126942,2.266733,0.343091
254.590592,47.040289,60.497569,-0.630013,-0.129450,2.288545,0.323586
254.690588,47.120703,60.438130,-0.643083,-0.131946,2.307609,0.306738
254.790585,47.200326,60.377635,-0.656400,-0.134413,2.324974,0.287989
254.890581,47.279129,60.316076,-0.669963,-0.136844,2.339646,0.270741
254.990577,47.357082,60.253443,-0.683769,-0.139262,2.350528,0.253751
255.090574,47.434155,60.189732,-0.697814,-0.141651,2.358418,0.239507
255.190570,47.510319,60.124935,-0.712096,-0.143983,2.359228,0.228847
255.290566,47.585541,60.059049,-0.726611,-0.146316,2.355162,0.224689
255.390562,47.659792,59.992068,-0.741360,-0.148676,2.356537,0.222898
255.490559,47.733039,59.923992,-0.756333,-0.150738,2.358048,0.217656
255.590555,47.805251,59.854819,-0.771511,-0.153043,2.359550,0.209320
255.690551,47.876396,59.784549,-0.786972,-0.156183,2.358950,0.208494
255.790548,47.946437,59.713178,-0.802609,-0.155765,2.356777,0.212906
255.890544,48.015358,59.640725,-0.818118,-0.154657,2.355112,0.220376
255.990540,48.083150,59.567215,-0.833570,-0.154381,2.351754,0.237090
256.090537,48.149799,59.492667,-0.848982,-0.153805,2.343462,0.258511
256.190533,48.215294,59.417103,-0.864330,-0.153165,2.330076,0.269327
256.290529,48.279624,59.340545,-0.879615,-0.152546,2.316995,0.280839
256.390525,48.342778,59.263014,-0.894836,-0.151864,2.311371,0.293709
256.490522,48.404748,59.184533,-0.909988,-0.151162,2.300783,0.304775
256.590518,48.465524,59.105125,-0.925067,-0.150426,2.287872,0.324086
256.690514,48.525100,59.024811,-0.940071,-0.149646,2.273024,0.350050
256.790511,48.583466,58.943615,-0.954996,-0.148851,2.256944,0.376639
256.890507,48.640618,58.861559,-0.969839,-0.148018,2.237587,0.401257
256.990503,48.696549,58.778666,-0.984598,-0.147146,2.213040,0.424748
257.090500,48.751254,58.694959,-0.999268,-0.146259,2.182135,0.451660
257.190496,48.804730,58.610462,-1.013848,-0.145338,2.155983,0.475905
257.290492,48.856971,58.525196,-1.028334,-0.144379,2.131178,0.499413
257.390489,48.907976,58.439184,-1.042723,-0.143407,2.112323,0.531279
257.490485,48.957743,58.352450,-1.057013,-0.142402,2.089399,0.563825
257.590481,49.006269,58.265017,-1.071202,-0.141362,2.064138,0.595645
257.690477,49.053555,58.176906,-1.085286,-0.140310,2.039025,0.629270
257.790474,49.099600,58.088140,-1.099262,-0.139228,2.012681,0.667348
257.890470,49.144404,57.998742,-1.113129,-0.138114,1.986395,0.700358
257.990466,49.187970,57.908734,-1.126885,-0.136989,1.958004,0.735136
258.090463,49.230298,57.818137,-1.140526,-0.135835,1.925151,0.771413
258.190459,49.271392,57.726974,-1.154050,-0.134652,1.893547,0.807892
258.290455,49.311255,57.635266,-1.167456,-0.133459,1.866151,0.846113
258.390452,49.349891,57.543034,-1.180740,-0.132241,1.833646,0.886891
258.490448,49.387303,57.450299,-1.193902,-0.130995,1.793114,0.929334
258.590444,49.423498,57.357082,-1.206939,-0.129740,1.758345,0.975071
258.690440,49.458480,57.263403,-1.219849,-0.128462,1.727982,1.021202
258.790437,49.492256,57.169283,-1.232630,-0.127159,1.696583,1.066223
258.890433,49.524833,57.074741,-1.245281,-0.125849,1.661283,1.107673
258.990429,49.556217,56.979796,-1.257798,-0.124517,1.624581,1.146541
259.090426,49.586416,56.884469,-1.270182,-0.123163,1.586413,1.184262
259.190422,49.615440,56.788776,-1.282431,-0.121801,1.545719,1.223232
259.290418,49.643295,56.692737,-1.294541,-0.120421,1.499545,1.263100
259.390415,49.669992,56.596370,-1.306513,-0.119021,1.453327,1.296226
259.490411,49.695541,56.499691,-1.318345,-0.117615,1.408407,1.335661
259.590407,49.719950,56.402719,-1.330035,-0.116191,1.364868,1.382977
259.690404,49.743231,56.305470,-1.341582,-0.114751,1.323545,1.423154
259.790400,49.765395,56.207960,-1.352985,-0.113304,1.285506,1.460174
259.890396,49.786453,56.110206,-1.364242,-0.111843,1.253118,1.496042
259.990392,49.806416,56.012222,-1.375352,-0.110366,1.218669,1.529967
260.090389,49.825296,55.914023,-1.386315,-0.108885,1.174183,1.561362
260.190385,49.843106,55.815625,-1.397128,-0.107391,1.130707,1.590214
260.290381,49.859859,55.717042,-1.407792,-0.105883,1.092241,1.617084
260.390378,49.875567,55.618286,-1.418304,-0.104371,1.055470,1.644196
260.490374,49.890243,55.519372,-1.428665,-0.102848,1.017928,1.671476
260.590370,49.903901,55.420313,-1.438873,-0.101314,0.982528,1.692872
260.690367,49.916555,55.321120,-1.448928,-0.099777,0.954264,1.720411
260.790363,49.928219,55.221805,-1.458828,-0.098230,0.926561,1.751093
260.890359,49.938906,55.122381,-1.468573,-0.096673,0.899491,1.778109
260.990355,49.948632,55.022859,-1.478162,-0.095114,0.873325,1.803044
261.090352,49.957411,54.923248,-1.487595,-0.093547,0.846173,1.827926
261.190348,49.965258,54.823560,-1.496870,-0.091973,0.816600,1.851986
261.290344,49.972187,54.723803,-1.505989,-0.090396,0.782464,1.881659
261.390341,49.978215,54.623988,-1.514949,-0.088813,0.753657,1.901766
261.490337,49.983356,54.524124,-1.523750,-0.087224,0.726408,1.919517
261.590333,49.987626,54.424218,-1.532393,-0.085633,0.700649,1.935192
261.690330,49.991040,54.324280,-1.540876,-0.084037,0.679480,1.950733
261.790326,49.993614,54.224316,-1.549200,-0.082437,0.659830,1.966147
261.890322,49.995364,54.124335,-1.557363,-0.080836,0.641085,1.979513
261.990319,49.996305,54.024343,-1.565366,-0.079232,0.628678,1.992802
262.090315,49.996455,53.924346,-1.573209,-0.077624,0.616610,2.007214
262.190311,49.995828,53.824352,-1.580891,-0.076016,0.598151,2.021609
262.290307,49.994442,53.724365,-1.588412,-0.074405,0.577017,2.027150
262.390304,49.992311,53.624391,-1.595771,-0.072792,0.561644,2.037435
262.490300,49.989453,53.524435,-1.602970,-0.071180,0.551034,2.048372
262.590296,49.985883,53.424502,-1.610007,-0.069566,0.530162,2.063627
262.690293,49.981618,53.324597,-1.616882,-0.067951,0.517416,2.081186
262.790289,49.976675,53.224722,-1.623597,-0.066337,0.511418,2.087611
262.890285,49.971069,53.124883,-1.630149,-0.064722,0.506116,2.094627
262.990282,49.964817,53.025082,-1.636541,-0.063108,0.495813,2.106346
263.090278,49.957935,52.925323,-1.642771,-0.061494,0.486571,2.116083
263.190274,49.950441,52.825608,-1.648839,-0.059881,0.478555,2.123742
263.290271,49.942349,52.725939,-1.654746,-0.058268,0.473891,2.127559
263.390267,49.933676,52.626319,-1.660492,-0.056657,0.465619,2.133108
263.490263,49.924440,52.526750,-1.666077,-0.055047,0.456788,2.138091
263.590259,49.914655,52.427234,-1.671501,-0.053438,0.451818,2.146717
263.690256,49.904339,52.327771,-1.676765,-0.051831,0.451207,2.146897
263.790252,49.893507,52.228363,-1.681867,-0.050225,0.437126,2.141089
263.890248,49.882176,52.129011,-1.686809,-0.048621,0.431751,2.142413
263.990245,49.870363,52.029714,-1.691591,-0.047019,0.431456,2.150079
264.090241,49.858082,51.930475,-1.696213,-0.045419,0.429393,2.156077
264.190237,49.845351,51.831292,-1.700675,-0.043821,0.424331,2.157803
264.290234,49.832186,51.732166,-1.704977,-0.042225,0.419366,2.161954
264.390230,49.818602,51.633097,-1.709119,-0.040631,0.415757,2.172041
264.490226,49.804616,51.534083,-1.713103,-0.039040,0.417419,2.178200
264.590222,49.790243,51.435125,-1.716927,-0.037450,0.417431,2.179332
264.690219,49.775500,51.336222,-1.720593,-0.035863,0.417342,2.177318
264.790215,49.760402,51.237372,-1.724100,-0.034279,0.419156,2.177254
264.890211,49.744965,51.138574,-1.727448,-0.032697,0.420562,2.178730
264.990208,49.729206,51.039827,-1.730639,-0.031117,0.420745,2.176513
265.090204,49.713139,50.941130,-1.733672,-0.029540,0.418927,2.171478
265.190200,49.696781,50.842481,-1.736547,-0.027964,0.415230,2.170518
265.290197,49.680147,50.743878,-1.739264,-0.026392,0.413300,2.172540
265.390193,49.663253,50.645319,-1.741825,-0.024822,0.410441,2.172229
265.490189,49.646114,50.546802,-1.744228,-0.023253,0.409854,2.169556
265.590186,49.628747,50.448326,-1.746475,-0.021688,0.410984,2.168765
265.690182,49.611166,50.349887,-1.748566,-0.020125,0.413408,2.173330
265.790178,49.593386,50.251484,-1.750500,-0.018564,0.413110,2.174784
265.890174,49.575424,50.153114,-1.752279,-0.017005,0.413766,2.173989
265.990171,49.557295,50.054775,-1.753901,-0.015449,0.421018,2.172432
266.090167,49.539014,49.956464,-1.755368,-0.013895,0.424127,2.173986
266.190163,49.520596,49.858178,-1.756680,-0.012343,0.426296,2.172941
266.290160,49.502057,49.759915,-1.757837,-0.010793,0.428658,2.166264
266.390156,49.483413,49.661673,-1.758839,-0.009246,0.431733,2.163256
266.490152,49.464677,49.563447,-1.759686,-0.007701,0.434468,2.160580
266.590149,49.445865,49.465236,-1.760379,-0.006159,0.429927,2.158020
266.690145,49.426993,49.367037,-1.760918,-0.004618,0.428062,2.146449
266.790141,49.408076,49.268846,-1.761303,-0.003080,0.432889,2.141846
266.890137,49.389129,49.170662,-1.761534,-0.001545,0.437897,2.139280
266.990134,49.370166,49.072480,-1.761612,-0.000011,0.439841,2.139607
267.090130,49.351203,48.974298,-1.761536,0.001520,0.442029,2.141274
267.190126,49.332255,48.876113,-1.761308,0.003048,0.449112,2.144168
267.290123,49.313337,48.777923,-1.760927,0.004573,0.454443,2.145955
267.390119,49.294464,48.679724,-1.760393,0.006097,0.458419,2.142961
267.490115,49.275651,48.581513,-1.759708,0.007616,0.462778,2.134926
267.590112,49.256913,48.483288,-1.758870,0.009134,0.467083,2.128197
267.690108,49.238264,48.385046,-1.757881,0.010649,0.469507,2.125232
267.790104,49.219720,48.286784,-1.756740,0.012160,0.469001,2.123119
267.890101,49.201295,48.188500,-1.755449,0.013669,0.467968,2.118997
267.990097,49.183005,48.090191,-1.754007,0.015174,0.464895,2.122528
268.090093,49.164864,47.991854,-1.752415,0.016675,0.459934,2.125073
268.190089,49.146887,47.893486,-1.750672,0.018173,0.455226,2.121532
268.290086,49.129089,47.795087,-1.748780,0.019668,0.455938,2.118162
268.390082,49.111484,47.696652,-1.746739,0.021158,0.460653,2.118386
268.490078,49.094088,47.598181,-1.744549,0.022645,0.460425,2.124396
268.590075,49.076915,47.499670,-1.742210,0.024128,0.463618,2.126899
268.690071,49.059979,47.401119,-1.739723,0.025606,0.466459,2.126905
268.790067,49.043296,47.302524,-1.737089,0.027080,0.466691,2.127782
268.890064,49.026880,47.203884,-1.734308,0.028550,0.465136,2.128273
268.990060,49.010745,47.105198,-1.731380,0.030014,0.463901,2.124036
269.090056,48.994907,47.006464,-1.728305,0.031475,0.466581,2.123700
269.190052,48.979379,46.907680,-1.725085,0.032930,0.466126,2.125141
269.290049,48.964177,46.808846,-1.721720,0.034379,0.449747,2.125051
269.390045,48.949315,46.709961,-1.718210,0.035824,0.448854,2.121141
269.490041,48.934807,46.611022,-1.714555,0.037263,0.454795,2.123925
269.590038,48.920668,46.512031,-1.710758,0.038696,0.459576,2.133385
269.690034,48.906912,46.412985,-1.706817,0.040124,0.456201,2.136271
269.790030,48.893553,46.313885,-1.702733,0.041546,0.452451,2.138701
269.890027,48.880607,46.214730,-1.698508,0.042962,0.450329,2.142819
269.990023,48.868086,46.115521,-1.694141,0.044373,0.450415,2.146619
270.090019,48.856006,46.016257,-1.689634,0.045777,0.447750,2.146019
270.190016,48.844380,45.916938,-1.684986,0.047174,0.442674,2.145976
270.290012,48.833223,45.817566,-1.680200,0.048567,0.440788,2.148992
270.390008,48.822549,45.718141,-1.675274,0.049953,0.440601,2.151974
270.490004,48.812371,45.618664,-1.670210,0.051331,0.437443,2.152250
270.590001,48.802704,45.519136,-1.665008,0.052705,0.421548,2.155099
270.689997,48.793562,45.419558,-1.659669,0.054072,0.414933,2.161083
270.789993,48.784958,45.319933,-1.654194,0.055431,0.413451,2.169090
270.889990,48.776907,45.220261,-1.648584,0.056786,0.411857,2.173360
270.989986,48.769421,45.120545,-1.642838,0.058134,0.398012,2.181598
271.089982,48.762516,45.020787,-1.636957,0.059474,0.387212,2.195418
271.189979,48.756204,44.920990,-1.630943,0.060810,0.379426,2.212777
271.289975,48.750499,44.821156,-1.624796,0.062139,0.376971,2.219225
271.389971,48.745414,44.721289,-1.618516,0.063461,0.370175,2.222820
271.489967,48.740963,44.621392,-1.612104,0.064778,0.363287,2.230020
271.589964,48.737159,44.521468,-1.605561,0.066089,0.356268,2.241034
271.689960,48.734016,44.421521,-1.598887,0.067392,0.348048,2.248648
271.789956,48.731546,44.321555,-1.592083,0.068691,0.339591,2.256991
271.889953,48.729763,44.221574,-1.585150,0.069984,0.330562,2.266955
271.989949,48.728680,44.121583,-1.578087,0.071269,0.320116,2.278216
272.089945,48.728310,44.021587,-1.570896,0.072551,0.309866,2.288499
272.189942,48.728665,43.921591,-1.563578,0.073826,0.303052,2.291801
272.289938,48.729758,43.821601,-1.556132,0.075093,0.300066,2.291928
272.389934,48.731601,43.721621,-1.548559,0.076358,0.298426,2.283009
272.489931,48.734209,43.621659,-1.540861,0.077618,0.294614,2.279310
272.589927,48.737592,43.521719,-1.533037,0.078861,0.287916,2.286585
272.689923,48.741763,43.421810,-1.525089,0.080111,0.277206,2.300734
272.789919,48.746734,43.321937,-1.517014,0.081389,0.241463,2.312572
272.889916,48.752517,43.222107,-1.508818,0.082517,0.222325,2.319824
272.989912,48.759125,43.122329,-1.500509,0.083803,0.210565,2.324234
273.089908,48.766568,43.022610,-1.492041,0.085549,0.208553,2.326298
273.189905,48.774862,42.922958,-1.483479,0.085306,0.217819,2.333024
273.289901,48.784006,42.823380,-1.474983,0.084763,0.234939,2.345306
273.389897,48.793994,42.723883,-1.466511,0.084677,0.231827,2.362267
273.489894,48.804824,42.624475,-1.458054,0.084440,0.229654,2.367430
273.589890,48.816493,42.525161,-1.449623,0.084179,0.225175,2.371458
273.689886,48.828998,42.425950,-1.441217,0.083947,0.221677,2.376942
273.789883,48.842335,42.326846,-1.432836,0.083691,0.218431,2.379853
273.889879,48.856501,42.227858,-1.424480,0.083437,0.216122,2.381517
273.989875,48.871492,42.128992,-1.416148,0.083201,0.213070,2.379360
274.089871,48.887305,42.030253,-1.407844,0.082866,0.214240,2.373866
274.189868,48.903936,41.931649,-1.399574,0.082633,0.216071,2.369456
274.289864,48.921381,41.833186,-1.391308,0.082686,0.207908,2.362927
274.389860,48.939638,41.734870,-1.383087,0.081476,0.209843,2.359954
274.489857,48.958696,41.636706,-1.375014,0.080080,0.217047,2.356189
274.589853,48.978540,41.538698,-1.367062,0.078970,0.233409,2.350486
274.689849,48.999156,41.440850,-1.359225,0.077764,0.237947,2.345297
274.789846,49.020533,41.343165,-1.351510,0.076543,0.243335,2.341301
274.889842,49.042657,41.245647,-1.343916,0.075338,0.248958,2.335976
274.989838,49.065515,41.148298,-1.336443,0.074120,0.253168,2.331850
275.089834,49.089094,41.051121,-1.329092,0.072900,0.259304,2.327938
275.189831,49.113381,40.954118,-1.321864,0.071677,0.267124,2.322963
275.289827,49.138362,40.857293,-1.314758,0.070449,0.277379,2.315248
275.389823,49.164025,40.760645,-1.307774,0.069219,0.289457,2.304308
275.489820,49.190356,40.664178,-1.300914,0.067987,0.302126,2.294615
275.589816,49.217342,40.567891,-1.294178,0.066750,0.313983,2.285569
275.689812,49.244971,40.471787,-1.287565,0.065512,0.325999,2.274402
275.789809,49.273228,40.375866,-1.281076,0.064272,0.335810,2.261764
275.889805,49.302102,40.280129,-1.274711,0.063028,0.346387,2.249600
275.989801,49.331578,40.184576,-1.268470,0.061784,0.357312,2.238215
276.089798,49.361643,40.089206,-1.262355,0.060538,0.366886,2.229968
276.189794,49.392286,39.994020,-1.256363,0.059290,0.379627,2.215881
276.289790,49.423493,39.899018,-1.250497,0.058041,0.393235,2.203611
276.389786,49.455250,39.804198,-1.244756,0.056791,0.409268,2.190345
276.489783,49.487545,39.709561,-1.239139,0.055539,0.422757,2.177033
276.589779,49.520365,39.615104,-1.233648,0.054288,0.432913,2.163753
276.689775,49.553698,39.520826,-1.228282,0.053035,0.443914,2.149890
276.789772,49.587530,39.426727,-1.223041,0.051782,0.456200,2.134106
276.889768,49.621849,39.332804,-1.217926,0.050529,0.473802,2.122639
276.989764,49.656642,39.239056,-1.212936,0.049275,0.487713,2.115691
277.089761,49.691897,39.145480,-1.208071,0.048021,0.501490,2.105216
277.189757,49.727600,39.052075,-1.203332,0.046768,0.519430,2.092926
277.289753,49.763740,38.958838,-1.198718,0.045514,0.541586,2.074301
277.389749,49.800304,38.865766,-1.194230,0.044260,0.561925,2.058478
277.489746,49.837279,38.772857,-1.189866,0.043007,0.572436,2.041741
277.589742,49.874654,38.680107,-1.185629,0.041754,0.586429,2.021334
277.689738,49.912415,38.587515,-1.181516,0.040501,0.601582,2.001978
277.789735,49.950552,38.495076,-1.177529,0.039249,0.615549,1.988204
277.889731,49.989050,38.402788,-1.173666,0.037997,0.628256,1.974460
277.989727,50.027899,38.310647,-1.169929,0.036746,0.642832,1.960398
278.089724,50.067087,38.218649,-1.166317,0.035495,0.658249,1.947279
278.189720,50.106601,38.126791,-1.162831,0.034245,0.676709,1.934700
278.289716,50.146429,38.035068,-1.159469,0.032995,0.695254,1.920917
278.389713,50.186559,37.943478,-1.156232,0.031746,0.712688,1.905214
278.489709,50.226980,37.852015,-1.153120,0.030498,0.730159,1.888249
278.589705,50.267680,37.760676,-1.150132,0.029250,0.745974,1.871196
278.689701,50.308647,37.669457,-1.147270,0.028002,0.759749,1.853403
278.789698,50.349868,37.578352,-1.144532,0.026755,0.771279,1.832966
278.889694,50.391334,37.487358,-1.141919,0.025509,0.782968,1.816732
278.989690,50.433032,37.396471,-1.139431,0.024263,0.796334,1.803979
279.089687,50.474950,37.305684,-1.137067,0.023017,0.810134,1.796722
279.189683,50.517076,37.214995,-1.134827,0.021772,0.823884,1.784539
279.289679,50.559400,37.124397,-1.132713,0.020527,0.838921,1.771974
279.389676,50.601910,37.033886,-1.130722,0.019283,0.852345,1.761103
279.489672,50.644595,36.943458,-1.128856,0.018039,0.863030,1.747051
279.589668,50.687442,36.853107,-1.127115,0.016795,0.874302,1.727864
279.689664,50.730441,36.762827,-1.125497,0.015551,0.885152,1.715048
279.789661,50.773581,36.672615,-1.124004,0.014308,0.896542,1.705314
279.889657,50.816849,36.582465,-1.122636,0.013065,0.907709,1.694838
279.989653,50.860236,36.492371,-1.121392,0.011821,0.913630,1.682602
280.089650,50.903728,36.402329,-1.120272,0.010578,0.926418,1.671577
280.189646,50.947316,36.312332,-1.119276,0.009335,0.943145,1.661678
280.289642,50.990988,36.222376,-1.118405,0.008093,0.954569,1.649386
280.389639,51.034733,36.132456,-1.117658,0.006850,0.965403,1.624316
280.489635,51.078539,36.042566,-1.117035,0.005607,0.975268,1.612089
280.589631,51.122396,35.952700,-1.116536,0.004364,0.985551,1.609545
280.689628,51.166292,35.862853,-1.116162,0.003120,0.994841,1.599159
280.789624,51.210216,35.773020,-1.115912,0.001877,1.004590,1.588763
280.889620,51.254156,35.683196,-1.115787,0.000634,1.014221,1.578573
280.989616,51.298103,35.593374,-1.115785,-0.000610,1.024501,1.568744
281.089613,51.342044,35.503549,-1.115909,-0.001853,1.035305,1.559596
281.189609,51.385968,35.413717,-1.116156,-0.003097,1.043227,1.548740
281.289605,51.429865,35.323870,-1.116528,-0.004341,1.052097,1.536696
281.389602,51.473722,35.234005,-1.117024,-0.005585,1.066740,1.525277
281.489598,51.517529,35.144115,-1.117645,-0.006829,1.077147,1.516666
281.589594,51.561275,35.054196,-1.118390,-0.008074,1.085526,1.505557
281.689591,51.604949,34.964240,-1.119260,-0.009318,1.093742,1.495810
281.789587,51.648538,34.874245,-1.120254,-0.010563,1.102939,1.485861
281.889583,51.692033,34.784203,-1.121372,-0.011808,1.113043,1.477461
281.989579,51.735421,34.694110,-1.122615,-0.013053,1.122919,1.467024
282.089576,51.778691,34.603961,-1.123983,-0.014298,1.133445,1.457755
282.189572,51.821832,34.513749,-1.125475,-0.015543,1.153855,1.449931
282.289568,51.864834,34.423471,-1.127091,-0.016788,1.170725,1.442671
282.389565,51.907683,34.333121,-1.128832,-0.018033,1.185069,1.434683
282.489561,51.950370,34.242693,-1.130698,-0.019279,1.194637,1.421383
282.589557,51.992882,34.152184,-1.132688,-0.020524,1.207142,1.406073
282.689554,52.035208,34.061587,-1.134802,-0.021769,1.221584,1.392701
282.789550,52.077337,33.970899,-1.137041,-0.023014,1.234121,1.380174
282.889546,52.119258,33.880114,-1.139405,-0.024258,1.238169,1.367535
282.989543,52.160958,33.789227,-1.141893,-0.025503,1.248557,1.354118
283.089539,52.202426,33.698234,-1.144505,-0.026747,1.263235,1.340205
283.189535,52.243650,33.607131,-1.147242,-0.027991,1.282311,1.328233
283.289531,52.284619,33.515912,-1.150103,-0.029235,1.296889,1.314840
283.389528,52.325322,33.424575,-1.153089,-0.030478,1.311483,1.298395
283.489524,52.365746,33.333113,-1.156199,-0.031721,1.327654,1.281771
283.589520,52.405879,33.241524,-1.159433,-0.032963,1.346690,1.266794
283.689517,52.445711,33.149803,-1.162791,-0.034205,1.363665,1.251956
283.789513,52.485228,33.057947,-1.166274,-0.035446,1.378095,1.236150
283.889509,52.524420,32.965951,-1.169880,-0.036686,1.397998,1.220824
283.989506,52.563274,32.873811,-1.173610,-0.037926,1.416642,1.207276
284.089502,52.601778,32.781525,-1.177465,-0.039165,1.433074,1.191439
284.189498,52.639921,32.689089,-1.181443,-0.040403,1.450800,1.173801
284.289495,52.677689,32.596500,-1.185545,-0.041640,1.468518,1.149046
284.389491,52.715072,32.503754,-1.189771,-0.042876,1.486140,1.130491
284.489487,52.752057,32.410849,-1.194120,-0.044111,1.505144,1.113348
284.589483,52.788632,32.317781,-1.198593,-0.045345,1.525799,1.095470
284.689480,52.824784,32.224549,-1.203189,-0.046578,1.549221,1.076861
284.789476,52.860502,32.131149,-1.207908,-0.047809,1.572841,1.058297
284.889472,52.895773,32.037579,-1.212750,-0.049039,1.595457,1.038989
284.989469,52.930585,31.943838,-1.217715,-0.050268,1.618379,1.018455
285.089465,52.964925,31.849923,-1.222803,-0.051495,1.640922,0.996217
285.189461,52.998781,31.755832,-1.228014,-0.052719,1.660699,0.973098
285.289458,53.032140,31.661564,-1.233347,-0.053943,1.676524,0.950259
285.389454,53.064990,31.567118,-1.238802,-0.055165,1.698230,0.927668
285.489450,53.097319,31.472492,-1.244379,-0.056384,1.726179,0.902028
285.589446,53.129114,31.377684,-1.250079,-0.057602,1.754622,0.879538
285.689443,53.160363,31.282696,-1.255899,-0.058818,1.782571,0.858115
285.789439,53.191052,31.187525,-1.261842,-0.060030,1.811241,0.837828
285.889435,53.221169,31.092172,-1.267905,-0.061242,1.840351,0.817162
285.989432,53.250702,30.996636,-1.274090,-0.062450,1.867360,0.791679
286.089428,53.279637,30.900917,-1.280395,-0.063655,1.897227,0.763484
286.189424,53.307963,30.805017,-1.286820,-0.064858,1.923256,0.735663
286.289421,53.335666,30.708934,-1.293366,-0.066059,1.949372,0.707584
286.389417,53.362734,30.612671,-1.300031,-0.067254,1.975384,0.678803
286.489413,53.389154,30.516227,-1.306816,-0.068448,2.002016,0.651689
286.589410,53.414913,30.419606,-1.313720,-0.069639,2.030084,0.629731
286.689406,53.439999,30.322807,-1.320743,-0.070825,2.055205,0.618190
286.789402,53.464398,30.225833,-1.327885,-0.072008,2.075356,0.588243
286.889398,53.488099,30.128685,-1.335144,-0.073188,2.094089,0.559198
286.989395,53.511088,30.031367,-1.342522,-0.074362,2.115680,0.533582
287.089391,53.533353,29.933881,-1.350016,-0.075533,2.138940,0.509265
287.189387,53.554881,29.836229,-1.357628,-0.076700,2.159308,0.484023
287.289384,53.575659,29.738415,-1.365355,-0.077860,2.175363,0.461231
287.389380,53.595675,29.640442,-1.373199,-0.079018,2.194845,0.443003
287.489376,53.614916,29.542314,-1.381158,-0.080171,2.212798,0.420128
287.589373,53.633370,29.444035,-1.389233,-0.081316,2.230364,0.387836
287.689369,53.651024,29.345609,-1.397421,-0.082458,2.249154,0.359620
287.789365,53.667867,29.247041,-1.405724,-0.083595,2.266843,0.339452
287.889361,53.683884,29.148336,-1.414139,-0.084723,2.283261,0.322218
287.989358,53.699065,29.049498,-1.422668,-0.085847,2.298012,0.306052
288.089354,53.713397,28.950534,-1.431308,-0.086966,2.310530,0.292358
288.189350,53.726867,28.851448,-1.440060,-0.088074,2.319520,0.278835
288.289347,53.739465,28.752248,-1.448922,-0.089179,2.324655,0.254031
288.389343,53.751177,28.652940,-1.457895,-0.090277,2.329218,0.244931
288.489339,53.761993,28.553530,-1.466977,-0.091365,2.335245,0.251399
288.589336,53.771899,28.454025,-1.476167,-0.092447,2.341359,0.248788
288.689332,53.780886,28.354433,-1.485465,-0.093515,2.346893,0.236847
288.789328,53.788941,28.254761,-1.494870,-0.094600,2.353011,0.230395
288.889325,53.796052,28.155017,-1.504384,-0.095644,2.362108,0.224458
288.989321,53.802210,28.055210,-1.513995,-0.096588,2.366165,0.218382
289.089317,53.807402,27.955348,-1.523717,-0.097929,2.369671,0.210382
289.189313,53.811617,27.855441,-1.533572,-0.098756,2.372381,0.207836
289.289310,53.814846,27.755496,-1.543425,-0.098308,2.373942,0.216267
289.389306,53.817091,27.655524,-1.553253,-0.098358,2.373433,0.218915
289.489302,53.818353,27.555535,-1.563093,-0.098311,2.369007,0.210669
289.589299,53.818633,27.455539,-1.572900,-0.097828,2.363969,0.218487
289.689295,53.817934,27.355545,-1.582664,-0.097470,2.356589,0.233188
289.789291,53.816261,27.255562,-1.592394,-0.097122,2.345319,0.242925
289.889288,53.813617,27.155600,-1.602086,-0.096735,2.334337,0.249320
289.989284,53.810005,27.055668,-1.611740,-0.096344,2.325264,0.252948
290.089280,53.805432,26.955776,-1.621354,-0.095949,2.322152,0.256169
290.189276,53.799900,26.855933,-1.630929,-0.095543,2.318244,0.259905
290.289273,53.793414,26.756146,-1.640462,-0.095125,2.316001,0.265870
290.389269,53.785980,26.656426,-1.649953,-0.094703,2.309675,0.273372
290.489265,53.777602,26.556781,-1.659402,-0.094272,2.299042,0.277714
290.589262,53.768284,26.457220,-1.668807,-0.093828,2.290659,0.285875
290.689258,53.758033,26.357750,-1.678167,-0.093379,2.283707,0.303759
290.789254,53.746854,26.258380,-1.687482,-0.092922,2.278294,0.305981
290.889251,53.734752,26.159118,-1.696750,-0.092453,2.272847,0.312445
290.989247,53.721732,26.059972,-1.705972,-0.091980,2.266919,0.323239
291.089243,53.707802,25.960951,-1.715145,-0.091498,2.255445,0.333647
291.189240,53.692966,25.862061,-1.724270,-0.091005,2.241006,0.340124
291.289236,53.677230,25.763310,-1.733346,-0.090507,2.231782,0.349524
291.389232,53.660602,25.664705,-1.742371,-0.090001,2.225734,0.366732
291.489228,53.643086,25.566255,-1.751345,-0.089484,2.219022,0.386606
291.589225,53.624691,25.467964,-1.760267,-0.088962,2.207277,0.408587
291.689221,53.605422,25.369842,-1.769137,-0.088433,2.196379,0.424517
291.789217,53.585286,25.271893,-1.777953,-0.087893,2.182444,0.441668
291.889214,53.564290,25.174126,-1.786715,-0.087349,2.169590,0.458913
291.989210,53.542441,25.076545,-1.795422,-0.086797,2.154462,0.467088
292.089206,53.519745,24.979158,-1.804073,-0.086235,2.136967,0.484800
292.189203,53.496211,24.881970,-1.812668,-0.085669,2.114285,0.504021
292.289199,53.471845,24.784988,-1.821206,-0.085096,2.091921,0.524194
292.389195,53.446655,24.688216,-1.829687,-0.084512,2.074582,0.545688
292.489191,53.420648,24.591660,-1.838108,-0.083925,2.056088,0.570936
292.589188,53.393831,24.495327,-1.846471,-0.083331,2.036487,0.595214
292.689184,53.366213,24.399220,-1.854774,-0.082728,2.016355,0.619682
292.789180,53.337800,24.303344,-1.863016,-0.082120,1.995580,0.650391
292.889177,53.308601,24.207706,-1.871197,-0.081507,1.974675,0.683820
292.989173,53.278624,24.112308,-1.879316,-0.080884,1.951522,0.711378
293.089169,53.247876,24.017156,-1.887373,-0.080257,1.928268,0.736292
293.189166,53.216365,23.922254,-1.895367,-0.079625,1.903080,0.769038
293.289162,53.184100,23.827606,-1.903297,-0.078983,1.875494,0.801585
293.389158,53.151088,23.733215,-1.911163,-0.078339,1.846445,0.828727
293.489155,53.117338,23.639086,-1.918964,-0.077689,1.817484,0.857680
293.589151,53.082858,23.545223,-1.926700,-0.077030,1.788924,0.888977
293.689147,53.047656,23.451627,-1.934370,-0.076369,1.758389,0.923189
293.789143,53.011740,23.358303,-1.941973,-0.075702,1.726936,0.946365
293.889140,52.975118,23.265254,-1.949510,-0.075027,1.699096,0.976836
293.989136,52.937800,23.172482,-1.956978,-0.074350,1.670750,1.016817
294.089132,52.899793,23.079990,-1.964379,-0.073668,1.640104,1.049712
294.189129,52.861105,22.987780,-1.971711,-0.072979,1.611177,1.079296
294.289125,52.821746,22.895855,-1.978974,-0.072287,1.583046,1.105694
294.389121,52.781723,22.804218,-1.986168,-0.071590,1.554130,1.130764
294.489118,52.741045,22.712869,-1.993292,-0.070887,1.524037,1.158275
294.589114,52.699721,22.621810,-2.000345,-0.070182,1.492100,1.185463
294.689110,52.657759,22.531044,-2.007327,-0.069473,1.464122,1.211109
294.789107,52.615167,22.440572,-2.014239,-0.068758,1.440194,1.236976
294.889103,52.571954,22.350395,-2.021079,-0.068040,1.414655,1.262629
294.989099,52.528129,22.260513,-2.027846,-0.067319,1.386241,1.291261
295.089095,52.483699,22.170929,-2.034542,-0.066593,1.357385,1.318611
295.189092,52.438674,22.081643,-2.041165,-0.065865,1.330105,1.340630
295.289088,52.393062,21.992655,-2.047714,-0.065134,1.304095,1.366129
295.389084,52.346871,21.903966,-2.054191,-0.064398,1.278762,1.392060
295.489081,52.300110,21.815576,-2.060594,-0.063661,1.251929,1.415340
295.589077,52.252788,21.727486,-2.066922,-0.062921,1.227041,1.433262
295.689073,52.204912,21.639695,-2.073177,-0.062177,1.200787,1.451446
295.789070,52.156491,21.552204,-2.079357,-0.061431,1.174364,1.474985
295.889066,52.107534,21.465012,-2.085463,-0.060684,1.145164,1.501067
295.989062,52.058048,21.378118,-2.091493,-0.059933,1.114436,1.524296
296.089058,52.008043,21.291523,-2.097449,-0.059181,1.092242,1.547470
296.189055,51.957526,21.205225,-2.103329,-0.058427,1.072862,1.570283
296.289051,51.906506,21.119224,-2.109134,-0.057670,1.052733,1.592342
296.389047,51.854990,21.033518,-2.114863,-0.056913,1.032409,1.612951
296.489044,51.802988,20.948107,-2.120516,-0.056154,1.011875,1.631359
296.589040,51.750507,20.862989,-2.126093,-0.055394,0.991674,1.644043
296.689036,51.697555,20.778164,-2.131594,-0.054633,0.972870,1.654888
296.789033,51.644141,20.693628,-2.137019,-0.053871,0.951110,1.667315
296.889029,51.590272,20.609382,-2.142368,-0.053107,0.928318,1.683939
296.989025,51.535956,20.525423,-2.147640,-0.052344,0.906790,1.701837
297.089022,51.481202,20.441750,-2.152836,-0.051580,0.885660,1.721254
297.189018,51.426017,20.358360,-2.157956,-0.050815,0.867400,1.738433
297.289014,51.370409,20.275251,-2.162999,-0.050050,0.846039,1.759692
297.389010,51.314385,20.192422,-2.167966,-0.049286,0.823455,1.781032
297.489007,51.257954,20.109870,-2.172856,-0.048521,0.806341,1.797421
297.589003,51.201124,20.027593,-2.177670,-0.047756,0.801503,1.810895
297.688999,51.143900,19.945588,-2.182407,-0.046992,0.788579,1.827040
297.788996,51.086293,19.863853,-2.187068,-0.046229,0.778088,1.844346
297.888992,51.028308,19.782385,-2.191652,-0.045466,0.767880,1.858821
297.988988,50.969953,19.701181,-2.196161,-0.044704,0.763889,1.869095
298.088985,50.911236,19.620240,-2.200593,-0.043943,0.749633,1.880766
298.188981,50.852163,19.539557,-2.204949,-0.043183,0.733113,1.887482
298.288977,50.792743,19.459130,-2.209229,-0.042424,0.715496,1.888405
298.388973,50.732983,19.378955,-2.213433,-0.041667,0.693322,1.890025
298.488970,50.672888,19.299031,-2.217562,-0.040911,0.683380,1.894904
298.588966,50.612467,19.219352,-2.221615,-0.040157,0.675310,1.905450
298.688962,50.551727,19.139917,-2.225593,-0.039404,0.665240,1.920734
298.788959,50.490674,19.060723,-2.229496,-0.038654,0.651332,1.932470
298.888955,50.429316,18.981764,-2.233324,-0.037905,0.640278,1.944907
298.988951,50.367659,18.903039,-2.237077,-0.037160,0.631721,1.956020
299.088948,50.305709,18.824543,-2.240756,-0.036416,0.626789,1.968327
299.188944,50.243475,18.746274,-2.244360,-0.035674,0.622932,1.980549
299.288940,50.180961,18.668227,-2.247890,-0.034936,0.615559,1.991181
299.388937,50.118175,18.590399,-2.251347,-0.034199,0.612741,2.000005
299.488933,50.055123,18.512786,-2.254730,-0.033466,0.606587,2.007330
299.588929,49.991812,18.435385,-2.258040,-0.032736,0.598954,2.012772
299.688925,49.928248,18.358191,-2.261277,-0.032009,0.589096,2.013441
299.788922,49.864438,18.281201,-2.264441,-0.031284,0.579803,2.015185
299.888918,49.800386,18.204411,-2.267534,-0.030564,0.573188,2.019150
299.988914,49.736100,18.127817,-2.270554,-0.029847,0.566536,2.020765
300.088911,49.671586,18.051416,-2.273503,-0.029133,0.557515,2.023654
300.188907,49.606850,17.975202,-2.276381,-0.028424,0.547718,2.030291
300.288903,49.541897,17.899173,-2.279188,-0.027717,0.538613,2.038305
300.388900,49.476734,17.823325,-2.281924,-0.027015,0.532143,2.044586
300.488896,49.411366,17.747652,-2.284590,-0.026317,0.529478,2.048671
300.588892,49.345799,17.672152,-2.287187,-0.025623,0.539561,2.052332
300.688888,49.280039,17.596820,-2.289715,-0.024932,0.538617,2.064196
300.788885,49.214092,17.521652,-2.292174,-0.024248,0.537272,2.067001
300.888881,49.147962,17.446645,-2.294564,-0.023566,0.536140,2.069698
300.988877,49.081656,17.371793,-2.296887,-0.022889,0.534286,2.074222
301.088874,49.015179,17.297094,-2.299142,-0.022219,0.532030,2.076046
301.188870,48.948535,17.222542,-2.301331,-0.021551,0.528587,2.074694
301.288866,48.881732,17.148134,-2.303453,-0.020889,0.519302,2.076750
301.388863,48.814773,17.073866,-2.305508,-0.020232,0.516297,2.077507
301.488859,48.747663,16.999734,-2.307499,-0.019580,0.512556,2.076535
301.588855,48.680409,16.925733,-2.309425,-0.018933,0.508731,2.059779
301.688852,48.613015,16.851859,-2.311286,-0.018292,0.507034,2.058677
301.788848,48.545486,16.778109,-2.313083,-0.017655,0.503411,2.064036
301.888844,48.477827,16.704478,-2.314817,-0.017024,0.501483,2.069862
301.988840,48.410042,16.630963,-2.316488,-0.016400,0.499761,2.073901
302.088837,48.342137,16.557558,-2.318097,-0.015780,0.499092,2.081252
302.188833,48.274117,16.484261,-2.319644,-0.015166,0.502871,2.085383
302.288829,48.205985,16.411068,-2.321130,-0.014559,0.507015,2.095412
302.388826,48.137747,16.337973,-2.322556,-0.013956,0.517187,2.098362
302.488822,48.069407,16.264974,-2.323921,-0.013360,0.517322,2.100714
302.588818,48.000969,16.192066,-2.325228,-0.012771,0.514674,2.099886
302.688815,47.932438,16.119246,-2.326476,-0.012187,0.509465,2.096138
302.788811,47.863819,16.046509,-2.327665,-0.011609,0.504324,2.093936
302.888807,47.795115,15.973852,-2.328798,-0.011039,0.501713,2.090272
302.988804,47.726331,15.901271,-2.329873,-0.010474,0.499484,2.080058
303.088800,47.657471,15.828762,-2.330893,-0.009915,0.498503,2.072942
303.188796,47.588539,15.756321,-2.331857,-0.009365,0.497638,2.072854
303.288792,47.519539,15.683945,-2.332766,-0.008819,0.495844,2.074118
303.388789,47.450476,15.611630,-2.333621,-0.008281,0.494631,2.076369
303.488785,47.381353,15.539372,-2.334422,-0.007750,0.495925,2.077196
303.588781,47.312173,15.467167,-2.335171,-0.007225,0.499901,2.076932
303.688778,47.242942,15.395013,-2.335867,-0.006707,0.503139,2.076166
303.788774,47.173662,15.322905,-2.336512,-0.006198,0.515845,2.073939
303.888770,47.104338,15.250840,-2.337107,-0.005694,0.523675,2.073787
303.988767,47.034972,15.178814,-2.337651,-0.005197,0.523976,2.082646
304.088763,46.965569,15.106824,-2.338147,-0.004710,0.522722,2.084354
304.188759,46.896132,15.034868,-2.338593,-0.004227,0.518847,2.082782
304.288755,46.826665,14.962940,-2.338992,-0.003752,0.518457,2.079852
304.388752,46.757171,14.891039,-2.339344,-0.003287,0.517647,2.075596
304.488748,46.687653,14.819160,-2.339650,-0.002827,0.516870,2.064634
304.588744,46.618115,14.747301,-2.339910,-0.002374,0.517329,2.062660
304.688741,46.548559,14.675459,-2.340125,-0.001931,0.514592,2.058401
304.788737,46.478990,14.603630,-2.340296,-0.001494,0.510447,2.057899
304.888733,46.409410,14.531812,-2.340424,-0.001064,0.507485,2.058582
304.988730,46.339823,14.460000,-2.340509,-0.000644,0.507997,2.061815
305.088726,46.270231,14.388194,-2.340553,-0.000230,0.516344,2.063061
305.188722,46.200637,14.316389,-2.340555,0.000176,0.523372,2.061048
305.288719,46.131044,14.244583,-2.340518,0.000573,0.538311,2.058463
305.388715,46.061456,14.172772,-2.340441,0.000963,0.541008,2.058087
305.488711,45.991874,14.100955,-2.340326,0.001346,0.543581,2.063671
305.588707,45.922302,14.029129,-2.340172,0.001718,0.543743,2.070673
305.688704,45.852743,13.957291,-2.339982,0.002084,0.542397,2.070424
305.788700,45.783198,13.885438,-2.339756,0.002442,0.540419,2.058387
305.888696,45.713671,13.813568,-2.339494,0.002790,0.535789,2.057056
305.988693,45.644164,13.741679,-2.339198,0.003132,0.532814,2.055756
306.088689,45.574680,13.669768,-2.338868,0.003466,0.532146,2.053921
306.188685,45.505220,13.597833,-2.338505,0.003789,0.529379,2.049428
306.288682,45.435788,13.525872,-2.338110,0.004106,0.529626,2.038766
306.388678,45.366385,13.453882,-2.337684,0.004414,0.527744,2.036511
306.488674,45.297014,13.381862,-2.337228,0.004712,0.529125,2.038596
306.588670,45.227677,13.309809,-2.336742,0.005004,0.535727,2.042903
306.688667,45.158377,13.237721,-2.336227,0.005288,0.544278,2.042556
306.788663,45.089114,13.165597,-2.335685,0.005561,0.551003,2.040569
306.888659,45.019891,13.093434,-2.335115,0.005827,0.555650,2.041459
306.988656,44.950710,13.021231,-2.334520,0.006085,0.561825,2.042721
307.088652,44.881574,12.948986,-2.333899,0.006332,0.566988,2.045442
307.188648,44.812483,12.876697,-2.333253,0.006573,0.565503,2.054665
307.288645,44.743439,12.804362,-2.332585,0.006806,0.563138,2.047804
307.388641,44.674445,12.731981,-2.331893,0.007027,0.560772,2.047886
307.488637,44.605502,12.659551,-2.331179,0.007242,0.556157,2.049408
307.588634,44.536611,12.587071,-2.330445,0.007449,0.542249,2.047834
307.688630,44.467774,12.514540,-2.329690,0.007645,0.539066,2.046587
307.788626,44.398993,12.441957,-2.328916,0.007834,0.536676,2.041387
307.888622,44.330268,12.369319,-2.328124,0.008015,0.539687,2.031492
307.988619,44.261602,12.296627,-2.327314,0.008184,0.545013,2.028349
308.088615,44.192995,12.223878,-2.326487,0.008348,0.547832,2.031211
308.188611,44.124449,12.151072,-2.325644,0.008502,0.552331,2.031552
308.288608,44.055965,12.078208,-2.324787,0.008646,0.556454,2.033928
308.388604,43.987544,12.005285,-2.323915,0.008783,0.561790,2.038973
308.488600,43.919187,11.932301,-2.323031,0.008912,0.571558,2.039859
308.588597,43.850895,11.859257,-2.322133,0.009030,0.569911,2.043985
308.688593,43.782669,11.786151,-2.321225,0.009141,0.566566,2.048296
308.788589,43.714510,11.712983,-2.320306,0.009244,0.561726,2.051956
308.888585,43.646418,11.639752,-2.319377,0.009336,0.557561,2.054233
308.988582,43.578395,11.566457,-2.318439,0.009421,0.553478,2.052789
309.088578,43.510441,11.493098,-2.317493,0.009498,0.537326,2.038338
309.188574,43.442557,11.419675,-2.316540,0.009564,0.535433,2.038187
309.288571,43.374742,11.346187,-2.315580,0.009624,0.533131,2.036218
309.388567,43.306999,11.272633,-2.314615,0.009675,0.534256,2.030657
309.488563,43.239327,11.199014,-2.313646,0.009715,0.539347,2.027519
309.588560,43.171726,11.125330,-2.312672,0.009749,0.544007,2.028730
309.688556,43.104198,11.051579,-2.311696,0.009775,0.551681,2.032028
309.788552,43.036741,10.977763,-2.310718,0.009790,0.551905,2.043029
309.888549,42.969357,10.903880,-2.309738,0.009798,0.550394,2.052412
309.988545,42.902045,10.829932,-2.308759,0.009798,0.549409,2.060452
310.088541,42.834805,10.755918,-2.307779,0.009788,0.545813,2.066096
310.188537,42.767638,10.681838,-2.306801,0.009771,0.540444,2.071748
310.288534,42.700544,10.607692,-2.305825,0.009747,0.534814,2.077251
310.388530,42.633522,10.533481,-2.304852,0.009711,0.529585,2.080384
310.488526,42.566571,10.459205,-2.303883,0.009670,0.526330,2.074839
310.588523,42.499693,10.384864,-2.302919,0.009620,0.522817,2.074341
310.688519,42.432886,10.310459,-2.301960,0.009561,0.518284,2.072703
310.788515,42.366151,10.235990,-2.301007,0.009495,0.516522,2.071350
310.888512,42.299486,10.161458,-2.300061,0.009421,0.517222,2.068051
310.988508,42.232891,10.086863,-2.299123,0.009337,0.519155,2.065555
311.088504,42.166366,10.012206,-2.298194,0.009247,0.520334,2.066563
311.188500,42.099910,9.937487,-2.297274,0.009149,0.519404,2.071903
311.288497,42.033523,9.862708,-2.296364,0.009041,0.517366,2.075886
311.388493,41.967203,9.787868,-2.295466,0.008928,0.513522,2.082139
311.488489,41.900950,9.712970,-2.294579,0.008806,0.509740,2.088555
311.588486,41.834762,9.638013,-2.293705,0.008675,0.511310,2.098971
311.688482,41.768640,9.562999,-2.292844,0.008538,0.505376,2.106296
311.788478,41.702582,9.487928,-2.291998,0.008394,0.491911,2.108264
311.888475,41.636587,9.412802,-2.291166,0.008240,0.485361,2.113516
311.988471,41.570654,9.337622,-2.290350,0.008081,0.476304,2.117847
312.088467,41.504782,9.262388,-2.289550,0.007914,0.470878,2.120177
312.188464,41.438969,9.187102,-2.288768,0.007738,0.467726,2.120633
312.288460,41.373215,9.111766,-2.288003,0.007556,0.464511,2.121643
312.388456,41.307517,9.036379,-2.287257,0.007367,0.460088,2.116742
312.488452,41.241875,8.960945,-2.286530,0.007169,0.456920,2.118704
312.588449,41.176287,8.885463,-2.285823,0.006966,0.454459,2.123015
312.688445,41.110752,8.809935,-2.285137,0.006755,0.454109,2.134326
312.788441,41.045268,8.734364,-2.284472,0.006536,0.450608,2.138488
312.888438,40.979833,8.658749,-2.283830,0.006311,0.448361,2.141825
312.988434,40.914446,8.583094,-2.283210,0.006080,0.450237,2.149844
313.088430,40.849105,8.507398,-2.282614,0.005840,0.452567,2.156849
313.188427,40.783808,8.431665,-2.282042,0.005595,0.452564,2.161403
313.288423,40.718553,8.355895,-2.281496,0.005343,0.444549,2.167711
313.388419,40.653339,8.280090,-2.280974,0.005083,0.430141,2.171687
313.488416,40.588164,8.204252,-2.280479,0.004818,0.420480,2.165086
313.588412,40.523025,8.128382,-2.280011,0.004546,0.412489,2.164265
313.688408,40.457920,8.052483,-2.279570,0.004266,0.410156,2.163713
313.788404,40.392848,7.976556,-2.279158,0.003982,0.407388,2.167549
313.888401,40.327806,7.900604,-2.278774,0.003691,0.397568,2.175437
313.988397,40.262792,7.824627,-2.278420,0.003392,0.389173,2.185061
314.088393,40.197804,7.748628,-2.278096,0.003088,0.383921,2.191331
314.188390,40.132840,7.672609,-2.277803,0.002778,0.383274,2.201305
314.288386,40.067896,7.596572,-2.277541,0.002460,0.380943,2.205696
314.388382,40.002971,7.520520,-2.277311,0.002138,0.378897,2.215841
314.488379,39.938063,7.444453,-2.277113,0.001810,0.385781,2.224177
314.588375,39.873168,7.368374,-2.276949,0.001474,0.383338,2.229928
314.688371,39.808285,7.292286,-2.276818,0.001134,0.378878,2.231982
314.788367,39.743410,7.216191,-2.276722,0.000789,0.370998,2.226166
314.888364,39.678541,7.140091,-2.276661,0.000436,0.365489,2.225272
314.988360,39.613675,7.063987,-2.276635,0.000078,0.360400,2.230058
315.088356,39.548810,6.987883,-2.276646,-0.000285,0.348762,2.233701
315.188353,39.483943,6.911781,-2.276692,-0.000655,0.337944,2.238336
315.288349,39.419071,6.835684,-2.276776,-0.001029,0.330499,2.245121
315.388345,39.354191,6.759593,-2.276898,-0.001408,0.323789,2.253123
315.488342,39.289300,6.683511,-2.277058,-0.001794,0.320145,2.258735
315.588338,39.224396,6.607440,-2.277257,-0.002184,0.329516,2.267754
315.688334,39.159475,6.531384,-2.277495,-0.002579,0.330034,2.272283
315.788331,39.094534,6.455345,-2.277773,-0.002980,0.327709,2.275458
315.888327,39.029571,6.379325,-2.278091,-0.003385,0.325748,2.277087
315.988323,38.964582,6.303327,-2.278450,-0.003795,0.323940,2.279405
316.088319,38.899564,6.227354,-2.278850,-0.004211,0.319190,2.283352
316.188316,38.834514,6.151408,-2.279292,-0.004630,0.310209,2.287705
316.288312,38.769429,6.075492,-2.279777,-0.005054,0.300574,2.285610
316.388308,38.704306,5.999609,-2.280303,-0.005483,0.296496,2.273838
316.488305,38.639141,5.923762,-2.280873,-0.005916,0.289905,2.281430
316.588301,38.573931,5.847953,-2.281487,-0.006353,0.277925,2.293281
316.688297,38.508673,5.772186,-2.282144,-0.006795,0.270647,2.300172
316.788294,38.443364,5.696463,-2.282846,-0.007240,0.268530,2.306073
316.888290,38.378000,5.620788,-2.283592,-0.007689,0.270612,2.317575
316.988286,38.312577,5.545163,-2.284384,-0.008142,0.265705,2.327764
317.088282,38.247094,5.469591,-2.285220,-0.008598,0.265946,2.329798
317.188279,38.181545,5.394075,-2.286103,-0.009058,0.268670,2.330558
317.288275,38.115927,5.318619,-2.287032,-0.009522,0.267593,2.331752
317.388271,38.050238,5.243225,-2.288008,-0.009988,0.261369,2.332815
317.488268,37.984474,5.167897,-2.289030,-0.010457,0.254963,2.325899
317.588264,37.918631,5.092638,-2.290099,-0.010930,0.250570,2.326685
317.688260,37.852706,5.017451,-2.291216,-0.011404,0.244843,2.328131
317.788257,37.786695,4.942339,-2.292380,-0.011881,0.238665,2.332475
317.888253,37.720595,4.867305,-2.293592,-0.012362,0.237330,2.338351
317.988249,37.654402,4.792353,-2.294852,-0.012844,0.235408,2.343022
318.088246,37.588113,4.717487,-2.296161,-0.013327,0.232558,2.351149
318.188242,37.521724,4.642708,-2.297518,-0.013814,0.232316,2.356724
318.288238,37.455232,4.568022,-2.298923,-0.014301,0.235934,2.360797
318.388234,37.388633,4.493431,-2.300378,-0.014790,0.241653,2.368667
318.488231,37.321924,4.418938,-2.301881,-0.015282,0.238332,2.371684
318.588227,37.255101,4.344547,-2.303434,-0.015773,0.230665,2.372596
318.688223,37.188161,4.270262,-2.305036,-0.016263,0.225259,2.371883
318.788220,37.121100,4.196086,-2.306687,-0.016766,0.224778,2.361725
318.888216,37.053915,4.122022,-2.308389,-0.017253,0.223542,2.359680
318.988212,36.986602,4.048074,-2.310137,-0.017708,0.217698,2.360231
319.088209,36.919159,3.974246,-2.311937,-0.018328,0.214095,2.359609
319.188205,36.851580,3.900542,-2.313798,-0.018716,0.210351,2.362111
319.288201,36.783864,3.826963,-2.315666,-0.018652,0.209010,2.366289
319.388197,36.716008,3.753514,-2.317627,-0.020876,0.210784,2.370703
319.488194,36.647999,3.680205,-2.319839,-0.023205,0.213757,2.373276
319.588190,36.579821,3.607055,-2.322253,-0.025081,0.221651,2.377615
319.688186,36.511459,3.534076,-2.324862,-0.027121,0.222978,2.378616
319.788183,36.442899,3.461283,-2.327677,-0.029168,0.225215,2.377126
319.888179,36.374127,3.388690,-2.330694,-0.031182,0.227597,2.373341
319.988175,36.305130,3.316312,-2.333914,-0.033205,0.223634,2.365949
320.088172,36.235892,3.244163,-2.337335,-0.035229,0.223087,2.361145
320.188168,36.166401,3.172259,-2.340959,-0.037249,0.219761,2.358316
320.288164,36.096642,3.100614,-2.344785,-0.039267,0.215657,2.356724
320.388161,36.026603,3.029243,-2.348812,-0.041284,0.215284,2.356360
320.488157,35.956269,2.958163,-2.353041,-0.043300,0.216583,2.355199
320.588153,35.885629,2.887387,-2.357472,-0.045312,0.219237,2.353332
320.688149,35.814668,2.816932,-2.362103,-0.047322,0.225261,2.350554
320.788146,35.743375,2.746814,-2.366936,-0.049330,0.242944,2.347225
320.888142,35.671737,2.677048,-2.371969,-0.051335,0.251633,2.342257
320.988138,35.599742,2.607651,-2.377202,-0.053337,0.258177,2.344033
321.088135,35.527377,2.538639,-2.382636,-0.055336,0.270540,2.338562
321.188131,35.454632,2.470028,-2.388269,-0.057329,0.275616,2.333846
321.288127,35.381495,2.401836,-2.394101,-0.059321,0.278626,2.326791
321.388124,35.307954,2.334078,-2.400132,-0.061309,0.280747,2.318735
321.488120,35.233999,2.266773,-2.406362,-0.063290,0.283980,2.310931
321.588116,35.159620,2.199937,-2.412790,-0.065269,0.290741,2.302180
321.688112,35.084806,2.133588,-2.419415,-0.067243,0.299973,2.290981
321.788109,35.009548,2.067743,-2.426238,-0.069209,0.310287,2.280384
321.888105,34.933836,2.002421,-2.433257,-0.071172,0.321954,2.266978
321.988101,34.857661,1.937639,-2.440472,-0.073130,0.337560,2.255495
322.088098,34.781014,1.873416,-2.447882,-0.075079,0.349862,2.247966
322.188094,34.703887,1.809770,-2.455487,-0.077023,0.367505,2.239160
322.288090,34.626273,1.746721,-2.463286,-0.078962,0.382424,2.228172
322.388087,34.548163,1.684285,-2.471278,-0.080890,0.398309,2.219464
322.488083,34.469550,1.622484,-2.479463,-0.082813,0.414123,2.208542
322.588079,34.390428,1.561336,-2.487840,-0.084730,0.431256,2.201542
322.688076,34.310791,1.500861,-2.496408,-0.086633,0.442678,2.190237
322.788072,34.230634,1.441077,-2.505166,-0.088531,0.455738,2.175500
322.888068,34.149950,1.382006,-2.514114,-0.090422,0.471943,2.154037
322.988064,34.068735,1.323666,-2.523249,-0.092297,0.491428,2.136064
323.088061,33.986985,1.266079,-2.532572,-0.094166,0.512013,2.113345
323.188057,33.904697,1.209263,-2.542082,-0.096027,0.533492,2.084712
323.288053,33.821866,1.153241,-2.551776,-0.097870,0.560615,2.064755
323.388050,33.738492,1.098032,-2.561655,-0.099706,0.589839,2.041455
323.488046,33.654571,1.043656,-2.571717,-0.101533,0.632892,2.020028
323.588042,33.570103,0.990136,-2.581960,-0.103339,0.659756,1.999321
323.688039,33.485085,0.937491,-2.592384,-0.105138,0.685845,1.979898
323.788035,33.399520,0.885743,-2.602987,-0.106925,0.711824,1.961281
323.888031,33.313405,0.834913,-2.613768,-0.108690,0.738596,1.943538
323.988028,33.226744,0.785022,-2.624725,-0.110447,0.766057,1.921615
324.088024,33.139536,0.736091,-2.635856,-0.112190,0.794550,1.899031
324.188020,33.051785,0.688141,-2.647161,-0.113908,0.830825,1.873850
324.288016,32.963494,0.641194,-2.658637,-0.115617,0.865990,1.850322
324.388013,32.874666,0.595271,-2.670283,-0.117312,0.899503,1.827541
324.488009,32.785305,0.550393,-2.682098,-0.118977,0.935330,1.803431
324.588005,32.695416,0.506581,-2.694078,-0.120633,0.970593,1.775885
324.688002,32.605006,0.463856,-2.706223,-0.122272,1.013697,1.746147
324.787998,32.514080,0.422241,-2.718531,-0.123880,1.071411,1.711541
324.887994,32.422645,0.381754,-2.730999,-0.125477,1.123153,1.666819
324.987991,32.330710,0.342418,-2.743625,-0.127055,1.175695,1.623533
325.087987,32.238282,0.304254,-2.756407,-0.128599,1.224940,1.583620
325.187983,32.145371,0.267281,-2.769344,-0.130130,1.276306,1.543198
325.287979,32.051987,0.231520,-2.782432,-0.131642,1.329512,1.500791
325.387976,31.958140,0.196991,-2.795670,-0.133115,1.385203,1.459648
325.487972,31.863842,0.163715,-2.809055,-0.134575,1.440619,1.420588
325.587968,31.769105,0.131711,-2.822584,-0.136014,1.495980,1.377512
325.687965,31.673941,0.100998,-2.836255,-0.137410,1.558349,1.330580
325.787961,31.578364,0.071595,-2.850066,-0.138793,1.625084,1.282719
325.887957,31.482388,0.043522,-2.864013,-0.140152,1.687789,1.234114
325.987954,31.386028,0.016796,-2.878093,-0.141465,1.749909,1.194498
326.087950,31.289300,-0.008563,-2.892305,-0.142763,1.809330,1.143291
326.187946,31.192220,-0.032540,-2.906645,-0.144036,1.865837,1.089558
326.287943,31.094804,-0.055115,-2.921110,-0.145259,1.925348,1.032883
326.387939,30.997071,-0.076274,-2.935696,-0.146467,1.983333,0.970777
326.487935,30.899038,-0.095998,-2.950402,-0.147647,2.038201,0.910584
326.587931,30.800725,-0.114273,-2.965223,-0.148775,2.090313,0.854198
326.687928,30.702150,-0.131084,-2.980156,-0.149885,2.135371,0.789273
326.787924,30.603335,-0.146415,-2.995198,-0.150967,2.176887,0.717633
326.887920,30.504300,-0.160253,-3.010346,-0.151992,2.214977,0.645503
326.987917,30.405065,-0.172585,-3.025597,-0.152999,2.246957,0.571755
327.087913,30.305654,-0.183396,-3.040945,-0.153977,2.274710,0.495563
327.187909,30.206088,-0.192676,-3.056388,-0.154890,2.297652,0.424098
327.287906,30.106390,-0.200412,-3.071923,-0.155792,2.320502,0.352604
327.387902,30.006584,-0.206595,-3.087546,-0.156679,2.342124,0.299607
327.487898,29.906693,-0.211213,-3.103251,-0.157417,2.355794,0.275043
327.587894,29.806742,-0.214258,-3.119032,-0.158262,2.360303,0.247288
327.687891,29.706755,-0.215721,-3.134910,-0.159303,2.361763,0.211797
327.787887,29.606757,-0.215593,3.132350,-0.159068,2.361872,0.214404
327.887883,29.506774,-0.213874,3.116461,-0.158784,2.362763,0.238433
327.987880,29.406831,-0.210568,3.100587,-0.158695,2.365382,0.247923
328.087876,29.306954,-0.205676,3.084729,-0.158454,2.354619,0.260027
328.187872,29.207166,-0.199203,3.068896,-0.158191,2.343709,0.271120
328.287869,29.107493,-0.191152,3.053092,-0.157910,2.334439,0.296085
328.387865,29.007959,-0.181528,3.037318,-0.157558,2.321538,0.329502
328.487861,28.908590,-0.170337,3.021580,-0.157186,2.303775,0.367911
328.587858,28.809409,-0.157585,3.005882,-0.156782,2.280156,0.407322
328.687854,28.710439,-0.143281,2.990228,-0.156313,2.251943,0.456894
328.787850,28.611706,-0.127431,2.974620,-0.155825,2.223147,0.513679
328.887846,28.513231,-0.110045,2.959064,-0.155304,2.190747,0.571648
328.987843,28.415039,-0.091131,2.943563,-0.154720,2.154996,0.633610
329.087839,28.317151,-0.070701,2.928120,-0.154118,2.116560,0.705648
329.187835,28.219589,-0.048765,2.912741,-0.153482,2.076931,0.761294
329.287832,28.122375,-0.025334,2.897427,-0.152787,2.035130,0.810474
329.387828,28.025531,-0.000420,2.882183,-0.152073,1.989746,0.862006
329.487824,27.929077,0.025963,2.867014,-0.151327,1.938319,0.914537
329.587821,27.833033,0.053803,2.851921,-0.150523,1.884661,0.962563
329.687817,27.737418,0.083085,2.836910,-0.149701,1.835214,1.011595
329.787813,27.642253,0.113795,2.821983,-0.148848,1.787355,1.065312
329.887809,27.547556,0.145918,2.807143,-0.147939,1.735341,1.121931
329.987806,27.453344,0.179438,2.792395,-0.147014,1.684150,1.170918
330.087802,27.359635,0.214340,2.777742,-0.146059,1.638350,1.214042
330.187798,27.266446,0.250607,2.763186,-0.145050,1.595990,1.255830
330.287795,27.173793,0.288221,2.748732,-0.144026,1.536311,1.298329
330.387791,27.081691,0.327166,2.734382,-0.142974,1.481595,1.341298
330.487787,26.990155,0.367424,2.720140,-0.141871,1.427478,1.383003
330.587784,26.899200,0.408976,2.706009,-0.140753,1.376093,1.422166
330.687780,26.808838,0.451804,2.691991,-0.139608,1.327862,1.457714
330.787776,26.719083,0.495889,2.678090,-0.138416,1.279713,1.491331
330.887773,26.629947,0.541212,2.664308,-0.137210,1.233696,1.524880
330.987769,26.541441,0.587755,2.650649,-0.135979,1.190803,1.557520
331.087765,26.453576,0.635496,2.637115,-0.134705,1.150341,1.586549
331.187761,26.366363,0.684416,2.623708,-0.133416,1.110100,1.612295
331.287758,26.279809,0.734496,2.610433,-0.132105,1.063579,1.639236
331.387754,26.193925,0.785714,2.597290,-0.130753,1.024082,1.665966
331.487750,26.108718,0.838051,2.584283,-0.129389,0.991135,1.689773
331.587747,26.024195,0.891486,2.571413,-0.128003,0.959739,1.713532
331.687743,25.940362,0.945998,2.558684,-0.126580,0.929166,1.738016
331.787739,25.857227,1.001567,2.546098,-0.125146,0.899294,1.762034
331.887736,25.774793,1.058173,2.533656,-0.123692,0.870965,1.783335
331.987732,25.693066,1.115793,2.521362,-0.122204,0.844210,1.802734
332.087728,25.612050,1.174408,2.509216,-0.120706,0.819338,1.821185
332.187724,25.531746,1.233996,2.497221,-0.119191,0.795780,1.839856
332.287721,25.452159,1.294537,2.485380,-0.117645,0.773021,1.857246
332.387717,25.373289,1.356010,2.473693,-0.116089,0.752307,1.872662
332.487713,25.295138,1.418395,2.462163,-0.114517,0.733249,1.886770
332.587710,25.217706,1.481670,2.450791,-0.112919,0.711252,1.899474
332.687706,25.140994,1.545816,2.439580,-0.111311,0.691036,1.911533
332.787702,25.065001,1.610811,2.428530,-0.109690,0.675221,1.923851
332.887699,24.989725,1.676636,2.417644,-0.108044,0.662077,1.935970
332.987695,24.915165,1.743271,2.406922,-0.106391,0.649625,1.947074
333.087691,24.841318,1.810695,2.396366,-0.104726,0.632953,1.956770
333.187688,24.768181,1.878888,2.385978,-0.103039,0.618652,1.965537
333.287684,24.695751,1.947832,2.375759,-0.101345,0.611433,1.980043
333.387680,24.624023,2.017506,2.365710,-0.099641,0.603994,1.994832
333.487676,24.552992,2.087891,2.355832,-0.097918,0.595308,2.001471
333.587673,24.482655,2.158968,2.346127,-0.096189,0.586834,2.000522
333.687669,24.413004,2.230718,2.336596,-0.094450,0.580379,2.001865
333.787665,24.344034,2.303123,2.327238,-0.092696,0.575601,2.005849
333.887662,24.275738,2.376164,2.318057,-0.090937,0.571840,2.009321
333.987658,24.208109,2.449824,2.309052,-0.089169,0.568538,2.014052
334.087654,24.141139,2.524083,2.300224,-0.087388,0.565850,2.018313
334.187651,24.074821,2.598925,2.291575,-0.085603,0.564109,2.019973
334.287647,24.009147,2.674331,2.283104,-0.083811,0.565563,2.020678
334.387643,23.944106,2.750285,2.274814,-0.082007,0.571746,2.023076
334.487640,23.879690,2.826770,2.266703,-0.080200,0.573969,2.022036
334.587636,23.815890,2.903770,2.258774,-0.078386,0.576387,2.018910
334.687632,23.752696,2.981266,2.251027,-0.076564,0.578792,2.017237
334.787628,23.690096,3.059245,2.243462,-0.074738,0.581917,2.016084
334.887625,23.628081,3.137689,2.236080,-0.072907,0.585669,2.013149
334.987621,23.566640,3.216583,2.228881,-0.071069,0.588163,2.009703
335.087617,23.505761,3.295912,2.221867,-0.069228,0.589131,2.005755
335.187614,23.445433,3.375660,2.215036,-0.067383,0.596600,1.999622
335.287610,23.385643,3.455813,2.208391,-0.065532,0.606859,1.993173
335.387606,23.326380,3.536356,2.201930,-0.063679,0.615306,1.985194
335.487603,23.267630,3.617275,2.195655,-0.061823,0.621965,1.975863
335.587599,23.209383,3.698555,2.189566,-0.059961,0.628954,1.966382
335.687595,23.151623,3.780183,2.183664,-0.058098,0.638027,1.959041
335.787591,23.094339,3.862145,2.177947,-0.056233,0.648069,1.951259
335.887588,23.037517,3.944428,2.172418,-0.054364,0.658693,1.942136
335.987584,22.981142,4.027019,2.167075,-0.052493,0.669786,1.932132
336.087580,22.925202,4.109905,2.161919,-0.050621,0.681433,1.922131
336.187577,22.869683,4.193072,2.156951,-0.048746,0.694004,1.912523
336.287573,22.814569,4.276510,2.152171,-0.046870,0.707657,1.900924
336.387569,22.759847,4.360204,2.147578,-0.044992,0.723518,1.887908
336.487566,22.705502,4.444144,2.143172,-0.043113,0.739374,1.874524
336.587562,22.651520,4.528318,2.138955,-0.041233,0.754069,1.860153
336.687558,22.597885,4.612713,2.134926,-0.039352,0.766609,1.845691
336.787555,22.544582,4.697319,2.131085,-0.037469,0.779805,1.829893
336.887551,22.491597,4.782124,2.127433,-0.035587,0.796033,1.814962
336.987547,22.438914,4.867116,2.123968,-0.033703,0.811699,1.799967
337.087543,22.386518,4.952286,2.120692,-0.031819,0.822659,1.784504
337.187540,22.334393,5.037622,2.117605,-0.029935,0.837686,1.769056
337.287536,22.282524,5.123114,2.114705,-0.028050,0.856638,1.753482
337.387532,22.230895,5.208751,2.111995,-0.026165,0.876801,1.737986
337.487529,22.179490,5.294523,2.109473,-0.024280,0.895631,1.722274
337.587525,22.128293,5.380419,2.107139,-0.022394,0.914662,1.706539
337.687521,22.077289,5.466430,2.104994,-0.020509,0.935263,1.688939
337.787518,22.026461,5.552545,2.103037,-0.018623,0.957721,1.670290
337.887514,21.975794,5.638755,2.101269,-0.016738,0.981108,1.651657
337.987510,21.925272,5.725049,2.099690,-0.014852,1.008483,1.632571
338.087506,21.874877,5.811418,2.098299,-0.012967,1.032612,1.611807
338.187503,21.824594,5.897853,2.097097,-0.011081,1.052322,1.589460
338.287499,21.774408,5.984343,2.096083,-0.009196,1.070170,1.566477
338.387495,21.724301,6.070879,2.095258,-0.007310,1.087358,1.544726
338.487492,21.674257,6.157452,2.094621,-0.005425,1.109271,1.525607
338.587488,21.624260,6.244052,2.094173,-0.003540,1.130597,1.511681
338.687484,21.574293,6.330670,2.093913,-0.001654,1.150707,1.493563
338.787481,21.524341,6.417296,2.093842,0.000231,1.172690,1.473595
338.887477,21.474387,6.503921,2.093959,0.002117,1.197898,1.449292
338.987473,21.424415,6.590535,2.094265,0.004003,1.226843,1.416727
339.087470,21.374408,6.677129,2.094760,0.005889,1.257204,1.386584
339.187466,21.324350,6.763694,2.095443,0.007776,1.280221,1.362984
339.287462,21.274225,6.850220,2.096315,0.009663,1.301088,1.342763
339.387458,21.224016,6.936697,2.097376,0.011550,1.323306,1.327738
339.487455,21.173708,7.023117,2.098625,0.013438,1.348494,1.308271
339.587451,21.123283,7.109468,2.100063,0.015326,1.374186,1.287907
339.687447,21.072726,7.195743,2.101690,0.017215,1.400873,1.268755
339.787444,21.022020,7.281930,2.103506,0.019105,1.429215,1.253088
339.887440,20.971150,7.368020,2.105511,0.020995,1.458268,1.230391
339.987436,20.920100,7.454003,2.107705,0.022886,1.485869,1.205325
340.087433,20.868852,7.539869,2.110088,0.024779,1.507780,1.179471
340.187429,20.817392,7.625608,2.112660,0.026672,1.530371,1.153532
340.287425,20.765704,7.711209,2.115422,0.028566,1.552049,1.126586
340.387421,20.713771,7.796662,2.118373,0.030462,1.580067,1.097673
340.487418,20.661578,7.881957,2.121514,0.032358,1.613605,1.064639
340.587414,20.609110,7.967083,2.124845,0.034256,1.644826,1.033935
340.687410,20.556350,8.052028,2.128365,0.036155,1.671639,1.005693
340.787407,20.503284,8.136782,2.132075,0.038055,1.698093,0.977292
340.887403,20.449895,8.221333,2.135976,0.039956,1.725512,0.948561
340.987399,20.396169,8.305670,2.140066,0.041859,1.755863,0.916774
341.087396,20.342090,8.389782,2.144347,0.043762,1.786613,0.886775
341.187392,20.287644,8.473656,2.148819,0.045667,1.815724,0.860126
341.287388,20.232815,8.557281,2.153480,0.047573,1.832816,0.836185
341.387385,20.177590,8.640644,2.158333,0.049480,1.859570,0.810481
341.487381,20.121952,8.723733,2.163376,0.051388,1.889922,0.785363
341.587377,20.065888,8.806535,2.168610,0.053296,1.924226,0.759377
341.687373,20.009384,8.889036,2.174035,0.055205,1.950681,0.730598
341.787370,19.952425,8.971225,2.179651,0.057115,1.976418,0.699511
341.887366,19.894997,9.053087,2.185458,0.059025,2.003429,0.665988
341.987362,19.837088,9.134609,2.191455,0.060935,2.034281,0.640916
342.087359,19.778683,9.215776,2.197644,0.062846,2.059714,0.615803
342.187355,19.719768,9.296575,2.204024,0.064755,2.080508,0.587228
342.287351,19.660332,9.376990,2.210595,0.066664,2.097172,0.559163
342.387348,19.600361,9.457008,2.217356,0.068573,2.118674,0.534306
342.487344,19.539843,9.536612,2.224309,0.070479,2.141709,0.509152
342.587340,19.478765,9.615788,2.231452,0.072384,2.164218,0.482760
342.687337,19.417116,9.694520,2.238785,0.074289,2.184641,0.458152
342.787333,19.354884,9.772791,2.246309,0.076188,2.203599,0.438131
342.887329,19.292057,9.850587,2.254022,0.078087,2.222664,0.417778
342.987325,19.228625,9.927889,2.261926,0.079984,2.241478,0.392777
343.087322,19.164576,10.004682,2.270018,0.081874,2.258491,0.364206
343.187318,19.099901,10.080947,2.278300,0.083762,2.270624,0.343389
343.287314,19.034589,10.156668,2.286770,0.085647,2.281861,0.324619
343.387311,18.968631,10.231828,2.295428,0.087523,2.297393,0.306611
343.487307,18.902018,10.306407,2.304274,0.089396,2.317636,0.289830
343.587303,18.834741,10.380387,2.313307,0.091264,2.330449,0.277620
343.687300,18.766791,10.453751,2.322526,0.093121,2.341281,0.268167
343.787296,18.698161,10.526478,2.331931,0.094974,2.348508,0.259801
343.887292,18.628844,10.598551,2.341520,0.096821,2.355414,0.247399
343.987288,18.558832,10.669949,2.351293,0.098655,2.362245,0.234545
344.087285,18.488119,10.740653,2.361250,0.100481,2.370758,0.225037
344.187281,18.416700,10.810643,2.371389,0.102294,2.377491,0.218112
344.287277,18.344568,10.879899,2.381709,0.104124,2.381581,0.212682
344.387274,18.271719,10.948400,2.392212,0.105892,2.384155,0.208851
344.487270,18.198148,11.016126,2.402884,0.107564,2.385606,0.209676
344.587266,18.123853,11.083056,2.413746,0.109713,2.386401,0.211928
344.687263,18.048829,11.149167,2.424826,0.111850,2.386722,0.212038
344.787259,17.973069,11.214435,2.436112,0.113888,2.386381,0.210328
344.887255,17.896571,11.278836,2.447603,0.115937,2.384734,0.209114
344.987252,17.819332,11.342345,2.459299,0.117976,2.381065,0.212098
345.087248,17.741349,11.404940,2.471197,0.119997,2.371028,0.216972
345.187244,17.662620,11.466594,2.483296,0.121991,2.361678,0.221438
345.287240,17.583145,11.527283,2.495595,0.123976,2.355250,0.228322
345.387237,17.502924,11.586982,2.508091,0.125946,2.348502,0.238427
345.487233,17.421957,11.645666,2.520782,0.127881,2.341102,0.247993
345.587229,17.340247,11.703310,2.533666,0.129806,2.333408,0.253204
345.687226,17.257795,11.759888,2.546742,0.131714,2.326193,0.256875
345.787222,17.174605,11.815376,2.560007,0.133583,2.319775,0.264892
345.887218,17.090681,11.869747,2.573458,0.135440,2.313626,0.276466
345.987215,17.006029,11.922977,2.587094,0.137279,2.307068,0.290078
346.087211,16.920654,11.975040,2.600911,0.139073,2.298272,0.300619
346.187207,16.834563,12.025911,2.614908,0.140853,2.285470,0.311126
346.287203,16.747764,12.075564,2.629081,0.142612,2.276427,0.322250
346.387200,16.660266,12.123975,2.643427,0.144322,2.268293,0.333573
346.487196,16.572078,12.171117,2.657945,0.146017,2.257592,0.342048
346.587192,16.483212,12.216967,2.672630,0.147688,2.244883,0.347717
346.687189,16.393678,12.261500,2.687479,0.149305,2.233917,0.352125
346.787185,16.303489,12.304691,2.702490,0.150904,2.227615,0.354912
346.887181,16.212659,12.346516,2.717659,0.152478,2.225819,0.358493
346.987178,16.121201,12.386951,2.732982,0.153991,2.221668,0.362958
347.087174,16.029132,12.425974,2.748457,0.155486,2.217008,0.368428
347.187170,15.936467,12.463560,2.764078,0.156953,2.211885,0.374346
347.287167,15.843223,12.499687,2.779844,0.158353,2.206234,0.380801
347.387163,15.749420,12.534334,2.795749,0.159734,2.200415,0.386335
347.487159,15.655074,12.567477,2.811789,0.161083,2.195497,0.391634
347.587155,15.560207,12.599097,2.827961,0.162361,2.191750,0.394901
347.687152,15.464840,12.629173,2.844261,0.163618,2.191926,0.397248
347.787148,15.368993,12.657684,2.860684,0.164841,2.190054,0.398147
347.887144,15.272689,12.684612,2.877225,0.165988,2.192239,0.395932
347.987141,15.175951,12.709937,2.893881,0.167111,2.196437,0.387949
348.087137,15.078804,12.733643,2.910646,0.168198,2.202678,0.376699
348.187133,14.981272,12.755711,2.927516,0.169205,2.207446,0.369043
348.287130,14.883380,12.776126,2.944487,0.170186,2.211671,0.363583
348.387126,14.785155,12.794872,2.961552,0.171130,2.217433,0.361184
348.487122,14.686623,12.811935,2.978708,0.171987,2.227366,0.357015
348.587118,14.587813,12.827300,2.995950,0.172819,2.243456,0.351471
348.687115,14.488752,12.840956,3.013271,0.173611,2.251245,0.344329
348.787111,14.389469,12.852890,3.030667,0.174312,2.263042,0.336052
348.887107,14.289993,12.863092,3.048133,0.174987,2.275449,0.326805
348.987104,14.190353,12.871552,3.065663,0.175620,2.287303,0.314506
349.087100,14.090581,12.878260,3.083252,0.176160,2.297739,0.300675
349.187096,13.990705,12.883211,3.100895,0.176672,2.307198,0.287749
349.287093,13.890758,12.886396,3.118585,0.177142,2.315666,0.275828
349.387089,13.790770,12.887810,3.136318,0.177514,2.323385,0.264798
349.487085,13.690773,12.887449,-3.129097,0.177859,2.330394,0.254052
349.587082,13.590798,12.885310,-3.111297,0.178161,2.338231,0.244618
349.687078,13.490877,12.881390,-3.093470,0.178359,2.349730,0.237353
349.787074,13.391042,12.875689,-3.075624,0.178538,2.357509,0.232765
349.887070,13.291324,12.868207,-3.057764,0.178688,2.363576,0.230104
349.987067,13.191756,12.858944,-3.039896,0.178652,2.368592,0.224202
350.087063,13.092369,12.847904,-3.022030,0.178724,2.373485,0.217971
350.187059,12.993196,12.835089,-3.004146,0.178964,2.377763,0.213238
350.287056,12.894267,12.820504,-2.986298,0.177890,2.380997,0.210375
350.387052,12.795614,12.804160,-2.968527,0.178702,2.382943,0.209493
350.487048,12.697269,12.786055,-2.950471,0.182427,2.383629,0.210561
350.587045,12.599270,12.766160,-2.932103,0.184833,2.382571,0.210958
350.687041,12.501655,12.744457,-2.913502,0.187231,2.381136,0.211779
350.787037,12.404464,12.720931,-2.894651,0.189793,2.379951,0.213112
350.887033,12.307736,12.695565,-2.875554,0.192149,2.378252,0.214922
350.987030,12.211514,12.668344,-2.856221,0.194471,2.374619,0.217036
351.087026,12.115839,12.639258,-2.836660,0.196754,2.369489,0.219376
351.187022,12.020755,12.608296,-2.816877,0.198900,2.364634,0.221390
351.287019,11.926306,12.575448,-2.796880,0.201005,2.361528,0.220128
351.387015,11.832536,12.540708,-2.776678,0.203051,2.359668,0.217420
351.487011,11.739490,12.504072,-2.756277,0.204952,2.357745,0.217401
351.587008,11.647214,12.465537,-2.735687,0.206809,2.359558,0.218295
351.687004,11.555756,12.425102,-2.714917,0.208601,2.360245,0.219045
351.787000,11.465160,12.382768,-2.693975,0.210235,2.361704,0.217790
351.886997,11.375474,12.338539,-2.672869,0.211821,2.365831,0.216126
351.986993,11.286746,12.292421,-2.651612,0.213336,2.370766,0.214390
352.086989,11.199021,12.244420,-2.630211,0.214683,2.372011,0.212897
352.186985,11.112346,12.194547,-2.608674,0.215980,2.372208,0.212387
352.286982,11.026769,12.142814,-2.587016,0.217200,2.372695,0.212159
352.386978,10.942336,12.089235,-2.565243,0.218242,2.375848,0.210921
352.486974,10.859092,12.033825,-2.543367,0.219232,2.379071,0.210593
352.586971,10.777082,11.976605,-2.521399,0.220144,2.384452,0.211756
352.686967,10.696352,11.917593,-2.499348,0.220861,2.386500,0.211225
352.786963,10.616945,11.856813,-2.477225,0.221538,2.387631,0.210975
352.886960,10.538903,11.794288,-2.455041,0.222155,2.388969,0.210398
352.986956,10.462270,11.730046,-2.432810,0.222446,2.389387,0.209977
353.086952,10.387084,11.664115,-2.410546,0.222897,2.389677,0.210215
353.186949,10.313387,11.596524,-2.388222,0.223592,2.389313,0.211286
353.286945,10.241219,11.527303,-2.365844,0.223954,2.389313,0.213255
353.386941,10.170619,11.456483,-2.343430,0.224267,2.387608,0.213213
353.486937,10.101625,11.384098,-2.320991,0.224523,2.384979,0.210690
353.586934,10.034273,11.310183,-2.298537,0.224539,2.382679,0.209882
353.686930,9.968598,11.234773,-2.276081,0.224555,2.378713,0.210217
353.786926,9.904632,11.157908,-2.253625,0.224575,2.375722,0.210439
353.886923,9.842409,11.079627,-2.231166,0.224617,2.378078,0.210956
353.986919,9.781960,10.999967,-2.208710,0.224164,2.378624,0.211342
354.086915,9.723311,10.918973,-2.186354,0.222962,2.377888,0.210019
354.186912,9.666486,10.836688,-2.163951,0.225435,2.376650,0.210344
354.286908,9.611531,10.753143,-2.141274,0.227752,2.374839,0.218844
354.386904,9.558492,10.668369,-2.118421,0.229315,2.372690,0.225079
354.486900,9.507411,10.582401,-2.095409,0.230944,2.370485,0.225703
354.586897,9.458329,10.495276,-2.072232,0.232503,2.369510,0.222460
354.686893,9.411286,10.407033,-2.048911,0.233922,2.369708,0.221973
354.786889,9.366319,10.317714,-2.025458,0.235137,2.369464,0.222330
354.886886,9.323464,10.227363,-2.001883,0.236285,2.368805,0.223714
354.986882,9.282757,10.136025,-1.978203,0.237331,2.367896,0.224727
355.086878,9.244228,10.043746,-1.954428,0.238145,2.368523,0.225359
355.186875,9.207907,9.950576,-1.930572,0.238891,2.370454,0.225104
355.286871,9.173822,9.856565,-1.906651,0.239534,2.370410,0.225955
355.386867,9.141999,9.761764,-1.882677,0.239937,2.370869,0.228453
355.486864,9.112459,9.666228,-1.858662,0.240271,2.366331,0.230873
355.586860,9.085223,9.570009,-1.834624,0.240500,2.361610,0.235836
355.686856,9.060308,9.473163,-1.810574,0.240486,2.360122,0.238067
355.786852,9.037729,9.375746,-1.786525,0.240403,2.359343,0.238150
355.886849,9.017498,9.277815,-1.762495,0.240214,2.359200,0.236706
355.986845,8.999626,9.179426,-1.738495,0.239783,2.359983,0.235335
356.086841,8.984117,9.080636,-1.714537,0.239284,2.359744,0.233551
356.186838,8.970977,8.981504,-1.690640,0.238679,2.360713,0.231405
356.286834,8.960205,8.882087,-1.666813,0.237841,2.364845,0.228093
356.386830,8.951802,8.782441,-1.643070,0.236930,2.371814,0.223504
356.486827,8.945761,8.682624,-1.619429,0.235906,2.377319,0.217558
356.586823,8.942076,8.582693,-1.595897,0.234714,2.380536,0.213036
356.686819,8.940738,8.482703,-1.572487,0.233361,2.382300,0.210325
356.786815,8.941733,8.382709,-1.549231,0.231762,2.382640,0.209539
356.886812,8.945046,8.282765,-1.526106,0.230805,2.380607,0.212361
356.986808,8.950664,8.182923,-1.503070,0.229762,2.377674,0.216184
357.086804,8.958575,8.083238,-1.480159,0.228479,2.374566,0.219883
357.186801,8.968761,7.983759,-1.457382,0.227049,2.372331,0.223872
357.286797,8.981203,7.884537,-1.434748,0.225560,2.369255,0.228039
357.386793,8.995880,7.785621,-1.412272,0.223971,2.364183,0.230933
357.486790,9.012767,7.687058,-1.389964,0.222191,2.360066,0.233296
357.586786,9.031841,7.588895,-1.367833,0.220358,2.352822,0.234034
357.686782,9.053073,7.491177,-1.345894,0.218441,2.352210,0.234164
357.786779,9.076434,7.393945,-1.324154,0.216344,2.354153,0.233459
357.886775,9.101892,7.297241,-1.302624,0.214197,2.356998,0.233246
357.986771,9.129416,7.201105,-1.281316,0.211975,2.358053,0.233127
358.086767,9.158972,7.105574,-1.260238,0.209587,2.357787,0.231294
358.186764,9.190523,7.010683,-1.239398,0.207155,2.352528,0.230232
358.286760,9.224033,6.916466,-1.218808,0.204654,2.350193,0.230054
358.386756,9.259463,6.822955,-1.198475,0.202005,2.349077,0.230761
358.486753,9.296775,6.730179,-1.178406,0.199317,2.348078,0.231283
358.586749,9.335929,6.638164,-1.158613,0.196568,2.347586,0.231072
358.686745,9.376884,6.546937,-1.139100,0.193687,2.347188,0.230596
358.786742,9.419597,6.456520,-1.119875,0.190773,2.345801,0.229888
358.886738,9.464028,6.366935,-1.100947,0.187804,2.345661,0.230468
358.986734,9.510133,6.278200,-1.082321,0.184721,2.348266,0.233574
359.086730,9.557869,6.190331,-1.064002,0.181609,2.351908,0.235772
359.186727,9.607193,6.103344,-1.046000,0.178451,2.356712,0.238159
359.286723,9.658062,6.017251,-1.028318,0.175194,2.356472,0.239165
359.386719,9.710430,5.932062,-1.010961,0.171914,2.355914,0.241584
359.486716,9.764255,5.847787,-0.993936,0.168593,2.354715,0.242999
359.586712,9.819493,5.764430,-0.977247,0.165191,2.353401,0.244803
359.686708,9.876101,5.681998,-0.960898,0.161768,2.352635,0.249546
359.786705,9.934034,5.600491,-0.944895,0.158312,2.351425,0.250342
359.886701,9.993251,5.519913,-0.929240,0.154788,2.349723,0.248356
359.986697,10.053707,5.440260,-0.913937,0.151247,2.348390,0.244041
360.086694,10.115361,5.361531,-0.898992,0.147679,2.347439,0.241112
360.186690,10.178171,5.283721,-0.884405,0.144057,2.342871,0.237936
360.286686,10.242095,5.206824,-0.870181,0.140420,2.342954,0.235014
360.386682,10.307093,5.130832,-0.856322,0.136758,2.345873,0.231898
360.486679,10.373123,5.055736,-0.842831,0.133067,2.350638,0.227870
360.586675,10.440147,4.981525,-0.829710,0.129344,2.355100,0.220807
360.686671,10.508126,4.908188,-0.816964,0.125573,2.356933,0.215735
360.786668,10.577019,4.835710,-0.804589,0.121947,2.358913,0.211416
360.886664,10.646792,4.764077,-0.792581,0.118026,2.359978,0.209613
360.986660,10.717404,4.693273,-0.780997,0.113669,2.359977,0.209757
361.086657,10.788820,4.623278,-0.769735,0.111776,2.359944,0.211528
361.186653,10.861013,4.554086,-0.758648,0.109793,2.361099,0.213502
361.286649,10.933961,4.485691,-0.747790,0.107378,2.364407,0.213157
361.386645,11.007640,4.418082,-0.737166,0.105119,2.377473,0.211400
361.486642,11.082025,4.351253,-0.726767,0.102849,2.379268,0.211812
361.586638,11.157093,4.285191,-0.716598,0.100541,2.379736,0.212330
361.686634,11.232822,4.219888,-0.706660,0.098225,2.380243,0.216282
361.786631,11.309188,4.155332,-0.696953,0.095908,2.381816,0.215199
361.886627,11.386171,4.091511,-0.687479,0.093584,2.383580,0.212026
361.986623,11.463746,4.028413,-0.678238,0.091225,2.383831,0.211105
362.086620,11.541895,3.966026,-0.669233,0.088899,2.383319,0.212382
362.186616,11.620595,3.904335,-0.660458,0.086621,2.383546,0.212387
362.286612,11.699825,3.843329,-0.651925,0.084014,2.384713,0.210862
362.386609,11.779566,3.782990,-0.643644,0.081917,2.385227,0.209690
362.486605,11.859799,3.723307,-0.635520,0.080565,2.384812,0.211259
362.586601,11.940509,3.664272,-0.627547,0.078885,2.382927,0.213305
362.686597,12.021683,3.605875,-0.619743,0.077215,2.380478,0.215608
362.786594,12.103305,3.548107,-0.612103,0.075594,2.377272,0.219613
362.886590,12.185361,3.490957,-0.604626,0.073943,2.372254,0.225573
362.986586,12.267838,3.434416,-0.597315,0.072292,2.367227,0.232563
363.086583,12.350721,3.378473,-0.590168,0.070641,2.361300,0.240378
363.186579,12.433997,3.323116,-0.583187,0.068982,2.356402,0.248862
363.286575,12.517654,3.268335,-0.576372,0.067323,2.348545,0.257737
363.386572,12.601677,3.214119,-0.569723,0.065661,2.339316,0.266860
363.486568,12.686054,3.160455,-0.563241,0.063994,2.331906,0.275247
363.586564,12.770773,3.107332,-0.556925,0.062326,2.323846,0.282729
363.686561,12.855821,3.054739,-0.550776,0.060656,2.314669,0.290713
363.786557,12.941187,3.002662,-0.544794,0.058982,2.304041,0.296501
363.886553,13.026858,2.951090,-0.538980,0.057308,2.294703,0.309506
363.986549,13.112824,2.900009,-0.533333,0.055632,2.282722,0.324102
364.086546,13.199072,2.849407,-0.527854,0.053953,2.268632,0.339168
364.186542,13.285592,2.799272,-0.522543,0.052274,2.253450,0.356440
364.286538,13.372373,2.749589,-0.517400,0.050593,2.239088,0.375225
364.386535,13.459404,2.700346,-0.512425,0.048910,2.225228,0.396218
364.486531,13.546675,2.651530,-0.507618,0.047227,2.211665,0.418159
364.586527,13.634176,2.603126,-0.502980,0.045543,2.195173,0.436247
364.686524,13.721896,2.555121,-0.498510,0.043857,2.176828,0.456012
364.786520,13.809825,2.507501,-0.494209,0.042171,2.157927,0.481602
364.886516,13.897955,2.460253,-0.490076,0.040485,2.142606,0.503642
364.986512,13.986275,2.413361,-0.486112,0.038797,2.124349,0.523966
365.086509,14.074777,2.366813,-0.482317,0.037109,2.103566,0.538913
365.186505,14.163451,2.320593,-0.478691,0.035420,2.081375,0.557896
365.286501,14.252287,2.274688,-0.475233,0.033730,2.059189,0.580696
365.386498,14.341279,2.229082,-0.471945,0.032041,2.037673,0.603921
365.486494,14.430415,2.183762,-0.468825,0.030351,2.016954,0.626646
365.586490,14.519689,2.138713,-0.465875,0.028660,1.995539,0.648104
365.686487,14.609092,2.093920,-0.463094,0.026969,1.971171,0.672561
365.786483,14.698615,2.049368,-0.460481,0.025277,1.947243,0.700252
365.886479,14.788250,2.005042,-0.458038,0.023585,1.924203,0.725204
365.986476,14.877990,1.960928,-0.455765,0.021893,1.900256,0.749230
366.086472,14.967826,1.917011,-0.453660,0.020200,1.875837,0.774388
366.186468,15.057751,1.873275,-0.451725,0.018507,1.846406,0.801719
366.286464,15.147756,1.829705,-0.449959,0.016814,1.822472,0.831687
366.386461,15.237835,1.786287,-0.448362,0.015120,1.802343,0.861747
366.486457,15.327979,1.743005,-0.446935,0.013426,1.786807,0.884328
366.586453,15.418181,1.699844,-0.445677,0.011731,1.762867,0.904862
366.686450,15.508433,1.656790,-0.444589,0.010036,1.735548,0.926781
366.786446,15.598729,1.613825,-0.443670,0.008341,1.707480,0.954661
366.886442,15.689061,1.570936,-0.442920,0.006645,1.681223,0.981031
366.986439,15.779421,1.528107,-0.442341,0.004948,1.656525,1.003900
367.086435,15.869802,1.485323,-0.441931,0.003251,1.631622,1.028429
367.186431,15.960197,1.442568,-0.441691,0.001554,1.605108,1.053933
367.286427,16.050599,1.399827,-0.441620,-0.000144,1.578673,1.087253
367.386424,16.141000,1.357085,-0.441720,-0.001843,1.553054,1.109160
367.486420,16.231393,1.314327,-0.441989,-0.003543,1.530096,1.128429
367.586416,16.321772,1.271536,-0.442428,-0.005243,1.503820,1.153546
367.686413,16.412127,1.228698,-0.443037,-0.006943,1.478167,1.178356
367.786409,16.502453,1.185797,-0.443817,-0.008645,1.454785,1.201469
367.886405,16.592742,1.142818,-0.444766,-0.010347,1.435263,1.222082
367.986402,16.682986,1.099745,-0.445886,-0.012050,1.413663,1.245327
368.086398,16.773179,1.056564,-0.447176,-0.013753,1.382732,1.270955
368.186394,16.863312,1.013259,-0.448637,-0.015457,1.357650,1.295601
368.286391,16.953377,0.969815,-0.450268,-0.017163,1.334132,1.308845
368.386387,17.043369,0.926216,-0.452069,-0.018868,1.310639,1.327927
368.486383,17.133277,0.882448,-0.454041,-0.020575,1.282351,1.352953
368.586379,17.223096,0.838494,-0.456184,-0.022282,1.255581,1.385399
368.686376,17.312816,0.794341,-0.458497,-0.023991,1.232582,1.408041
368.786372,17.402430,0.749972,-0.460982,-0.025699,1.211354,1.427206
368.886368,17.491930,0.705373,-0.463637,-0.027409,1.187465,1.449737
368.986365,17.581307,0.660530,-0.466463,-0.029119,1.161249,1.475264
369.086361,17.670554,0.615426,-0.469461,-0.030830,1.137628,1.496140
369.186357,17.759661,0.570047,-0.472629,-0.032542,1.123722,1.514752
369.286354,17.848619,0.524378,-0.475969,-0.034255,1.105678,1.533001
369.386350,17.937421,0.478405,-0.479480,-0.035968,1.082520,1.552377
369.486346,18.026057,0.432113,-0.483162,-0.037681,1.061004,1.571344
369.586342,18.114518,0.385487,-0.487016,-0.039395,1.042662,1.588648
369.686339,18.202794,0.338513,-0.491041,-0.041110,1.023113,1.604953
369.786335,18.290877,0.291177,-0.495238,-0.042825,1.000406,1.621911
369.886331,18.378756,0.243464,-0.499606,-0.044540,0.981855,1.639472
369.986328,18.466422,0.195360,-0.504146,-0.046256,0.965192,1.655651
370.086324,18.553864,0.146851,-0.508857,-0.047972,0.947156,1.668846
370.186320,18.641072,0.097923,-0.513740,-0.049688,0.929048,1.684117
370.286317,18.728037,0.048562,-0.518794,-0.051405,0.914036,1.700261
370.386313,18.814746,-0.001245,-0.524020,-0.053121,0.898464,1.717417
370.486309,18.901190,-0.051512,-0.529418,-0.054837,0.880229,1.730688
370.586306,18.987357,-0.102252,-0.534987,-0.056553,0.863093,1.743266
370.686302,19.073235,-0.153479,-0.540728,-0.058268,0.850506,1.758782
370.786298,19.158814,-0.205205,-0.546640,-0.059983,0.840541,1.775692
370.886294,19.244081,-0.257444,-0.552724,-0.061698,0.825589,1.791985
370.986291,19.329024,-0.310208,-0.558979,-0.063411,0.810337,1.806006
371.086287,19.413630,-0.363509,-0.565406,-0.065124,0.794807,1.818168
371.186283,19.497888,-0.417360,-0.572004,-0.066836,0.779912,1.829321
371.286280,19.581784,-0.471773,-0.578773,-0.068546,0.766386,1.839663
371.386276,19.665305,-0.526759,-0.585712,-0.070255,0.753831,1.854618
371.486272,19.748438,-0.582332,-0.592823,-0.071964,0.742861,1.863597
371.586269,19.831169,-0.638501,-0.600104,-0.073668,0.733566,1.866656
371.686265,19.913483,-0.695277,-0.607556,-0.075372,0.728950,1.863574
371.786261,19.995368,-0.752673,-0.615178,-0.077076,0.720653,1.868288
371.886257,20.076807,-0.810698,-0.622971,-0.078774,0.715798,1.873666
371.986254,20.157788,-0.869363,-0.630933,-0.080471,0.708052,1.879225
372.086250,20.238293,-0.928677,-0.639064,-0.082166,0.701540,1.884422
372.186246,20.318308,-0.988651,-0.647365,-0.083855,0.695518,1.889274
372.286243,20.397818,-1.049294,-0.655835,-0.085543,0.685866,1.894188
372.386239,20.476806,-1.110615,-0.664473,-0.087229,0.679239,1.900929
372.486235,20.555256,-1.172622,-0.673280,-0.088907,0.675222,1.903846
372.586232,20.633152,-1.235325,-0.682254,-0.090583,0.678710,1.904751
372.686228,20.710477,-1.298730,-0.691396,-0.092257,0.680030,1.903853
372.786224,20.787213,-1.362846,-0.700705,-0.093921,0.680849,1.901541
372.886221,20.863344,-1.427680,-0.710180,-0.095583,0.686561,1.898214
372.986217,20.938852,-1.493239,-0.719821,-0.097242,0.696661,1.894826
373.086213,21.013719,-1.559528,-0.729627,-0.098889,0.699737,1.893374
373.186209,21.087926,-1.626555,-0.739598,-0.100533,0.701691,1.894552
373.286206,21.161456,-1.694324,-0.749733,-0.102174,0.704218,1.894940
373.386202,21.234290,-1.762842,-0.760031,-0.103800,0.707752,1.892563
373.486198,21.306409,-1.832111,-0.770492,-0.105424,0.710209,1.886627
373.586195,21.377794,-1.902137,-0.781115,-0.107043,0.711988,1.875032
373.686191,21.448424,-1.972923,-0.791900,-0.108645,0.709553,1.864553
373.786187,21.518282,-2.044472,-0.802844,-0.110244,0.713365,1.857536
373.886184,21.587347,-2.116787,-0.813948,-0.111837,0.719813,1.849432
373.986180,21.655599,-2.189870,-0.825210,-0.113411,0.725682,1.842307
374.086176,21.723017,-2.263722,-0.836629,-0.114980,0.731468,1.837021
374.186173,21.789583,-2.338344,-0.848205,-0.116544,0.735497,1.835122
374.286169,21.855274,-2.413737,-0.859936,-0.118085,0.736359,1.834898
374.386165,21.920070,-2.489900,-0.871822,-0.119621,0.740444,1.841953
374.486161,21.983950,-2.566834,-0.883860,-0.121149,0.742066,1.848326
374.586158,22.046894,-2.644535,-0.896050,-0.122652,0.743974,1.849431
374.686154,22.108880,-2.723002,-0.908390,-0.124150,0.746105,1.852624
374.786150,22.169887,-2.802233,-0.920879,-0.125638,0.745546,1.855008
374.886147,22.229895,-2.882224,-0.933515,-0.127098,0.744049,1.861106
374.986143,22.288880,-2.962972,-0.946298,-0.128551,0.741479,1.869237
375.086139,22.346823,-3.044470,-0.959225,-0.129994,0.736880,1.879748
375.186136,22.403702,-3.126716,-0.972294,-0.131405,0.730855,1.890289
375.286132,22.459495,-3.209701,-0.985505,-0.132808,0.722495,1.897809
375.386128,22.514181,-3.293420,-0.998855,-0.134200,0.711877,1.906762
375.486124,22.567738,-3.377865,-1.012343,-0.135556,0.701303,1.917063
375.586121,22.620146,-3.463029,-1.025966,-0.136903,0.690887,1.924966
375.686117,22.671384,-3.548902,-1.039723,-0.138237,0.678934,1.934274
375.786113,22.721429,-3.635475,-1.053611,-0.139531,0.666893,1.946201
375.886110,22.770262,-3.722738,-1.067629,-0.140816,0.655099,1.959544
375.986106,22.817861,-3.810680,-1.081773,-0.142086,0.641606,1.973727
376.086102,22.864206,-3.899290,-1.096043,-0.143312,0.628033,1.987369
376.186099,22.909277,-3.988554,-1.110435,-0.144527,0.614874,1.999782
376.286095,22.953052,-4.078460,-1.124948,-0.145727,0.600212,2.013248
376.386091,22.995513,-4.168995,-1.139578,-0.146878,0.584488,2.026511
376.486088,23.036640,-4.260144,-1.154323,-0.148017,0.572298,2.038217
376.586084,23.076413,-4.351891,-1.169180,-0.149139,0.559626,2.045856
376.686080,23.114814,-4.444222,-1.184147,-0.150208,0.544834,2.050166
376.786076,23.151823,-4.537118,-1.199222,-0.151264,0.532207,2.061096
376.886073,23.187423,-4.630564,-1.214399,-0.152301,0.521866,2.077778
376.986069,23.221596,-4.724541,-1.229678,-0.153282,0.510529,2.093026
377.086065,23.254325,-4.819031,-1.245055,-0.154248,0.499830,2.105580
377.186062,23.285592,-4.914015,-1.260527,-0.155193,0.492622,2.117154
377.286058,23.315382,-5.009472,-1.276090,-0.156078,0.478006,2.129613
377.386054,23.343678,-5.105383,-1.291742,-0.156947,0.463938,2.143602
377.486051,23.370465,-5.201726,-1.307479,-0.157794,0.453286,2.154174
377.586047,23.395729,-5.298479,-1.323297,-0.158577,0.442942,2.162312
377.686043,23.419456,-5.395621,-1.339194,-0.159343,0.436325,2.168760
377.786039,23.441632,-5.493129,-1.355165,-0.160085,0.427420,2.178276
377.886036,23.462244,-5.590979,-1.371207,-0.160759,0.415423,2.190518
377.986032,23.481281,-5.689148,-1.387316,-0.161415,0.405402,2.203388
378.086028,23.498731,-5.787611,-1.403489,-0.162046,0.395663,2.215063
378.186025,23.514583,-5.886345,-1.419721,-0.162606,0.388254,2.227596
378.286021,23.528827,-5.985323,-1.436010,-0.163147,0.377611,2.237400
378.386017,23.541455,-6.084520,-1.452350,-0.163662,0.364616,2.245012
378.486014,23.552458,-6.183910,-1.468738,-0.164102,0.352671,2.251235
378.586010,23.561829,-6.283468,-1.485170,-0.164523,0.339219,2.256538
378.686006,23.569560,-6.383166,-1.501642,-0.164916,0.337352,2.261467
378.786003,23.575647,-6.482979,-1.518149,-0.165233,0.332638,2.266558
378.885999,23.580083,-6.582878,-1.534688,-0.165529,0.327741,2.272107
378.985995,23.582866,-6.682837,-1.551254,-0.165796,0.322666,2.276294
379.085991,23.583990,-6.782828,-1.567842,-0.165985,0.316743,2.280815
379.185988,23.583456,-6.882825,-1.584450,-0.166153,0.309706,2.285747
379.285984,23.581259,-6.982798,-1.601072,-0.166291,0.304168,2.291716
379.385980,23.577401,-7.082722,-1.617704,-0.166350,0.298751,2.298021
379.485977,23.571882,-7.182567,-1.634342,-0.166388,0.292969,2.303263
379.585973,23.564702,-7.282306,-1.650981,-0.166395,0.286076,2.307630
379.685969,23.555863,-7.381913,-1.667616,-0.166321,0.274671,2.312712
379.785966,23.545369,-7.481358,-1.684245,-0.166227,0.267648,2.319460
379.885962,23.533224,-7.580616,-1.700861,-0.166101,0.262670,2.323488
379.985958,23.519432,-7.679658,-1.717460,-0.165896,0.260214,2.322846
380.085954,23.503998,-7.778458,-1.734040,-0.165668,0.257555,2.323782
380.185951,23.486930,-7.876988,-1.750593,-0.165410,0.254555,2.327362
380.285947,23.468235,-7.975223,-1.767117,-0.165072,0.250984,2.333373
380.385943,23.447921,-8.073135,-1.783607,-0.164713,0.250016,2.338271
380.485940,23.425997,-8.170700,-1.800058,-0.164323,0.245136,2.341989
380.585936,23.402474,-8.267891,-1.816467,-0.163855,0.243341,2.345159
380.685932,23.377360,-8.364684,-1.832829,-0.163366,0.237836,2.347353
380.785929,23.350669,-8.461054,-1.849139,-0.162846,0.234899,2.350293
380.885925,23.322413,-8.556976,-1.865394,-0.162250,0.230466,2.353789
380.985921,23.292603,-8.652428,-1.881589,-0.161633,0.226620,2.357173
381.085918,23.261255,-8.747385,-1.897719,-0.160987,0.223022,2.360044
381.185914,23.228383,-8.841825,-1.913782,-0.160266,0.220660,2.361876
381.285910,23.194001,-8.935726,-1.929772,-0.159526,0.221042,2.361269
381.385906,23.158126,-9.029067,-1.945686,-0.158757,0.220631,2.362125
381.485903,23.120774,-9.121826,-1.961520,-0.157917,0.220239,2.363252
381.585899,23.081961,-9.213984,-1.977269,-0.157057,0.219266,2.367074
381.685895,23.041707,-9.305521,-1.992930,-0.156167,0.217617,2.367570
381.785892,23.000027,-9.396419,-2.008499,-0.155224,0.217067,2.368064
381.885888,22.956942,-9.486658,-2.023974,-0.154239,0.217570,2.368416
381.985884,22.912470,-9.576223,-2.039345,-0.153194,0.216761,2.369654
382.085881,22.866631,-9.665095,-2.054618,-0.152291,0.213106,2.374164
382.185877,22.819445,-9.753259,-2.069795,-0.151027,0.210261,2.373793
382.285873,22.770932,-9.840701,-2.084810,-0.149270,0.209859,2.373673
382.385870,22.721116,-9.927407,-2.099781,-0.150342,0.210628,2.371971
382.485866,22.670003,-10.013354,-2.114871,-0.151238,0.212274,2.370783
382.585862,22.617595,-10.098518,-2.130014,-0.151643,0.216250,2.368967
382.685858,22.563902,-10.182878,-2.145205,-0.152191,0.217947,2.367289
382.785855,22.508932,-10.266411,-2.160451,-0.152710,0.218520,2.365565
382.885851,22.452692,-10.349094,-2.175745,-0.153170,0.217837,2.364775
382.985847,22.395193,-10.430907,-2.191082,-0.153580,0.216767,2.365886
383.085844,22.336444,-10.511827,-2.206461,-0.153970,0.215664,2.367846
383.185840,22.276456,-10.591833,-2.221875,-0.154334,0.215181,2.368981
383.285836,22.215240,-10.670904,-2.237323,-0.154629,0.216671,2.369091
383.385833,22.152810,-10.749019,-2.252801,-0.154909,0.216407,2.368265
383.485829,22.089177,-10.826157,-2.268304,-0.155166,0.215841,2.366836
383.585825,22.024354,-10.902299,-2.283829,-0.155332,0.214240,2.365732
383.685821,21.958357,-10.977425,-2.299371,-0.155519,0.214330,2.364141
383.785818,21.891200,-11.051515,-2.314933,-0.155733,0.213165,2.361901
383.885814,21.822897,-11.124551,-2.330498,-0.155549,0.210815,2.360650
383.985810,21.753467,-11.196516,-2.346055,-0.155897,0.209859,2.359814
384.085807,21.682922,-11.267389,-2.361697,-0.156958,0.210420,2.358124
384.185803,21.611275,-11.337147,-2.377427,-0.157620,0.211738,2.357085
384.285799,21.538537,-11.405767,-2.393222,-0.158282,0.214761,2.354348
384.385796,21.464722,-11.473227,-2.409084,-0.158970,0.220709,2.353713
384.485792,21.389844,-11.539505,-2.425010,-0.159561,0.226203,2.352856
384.585788,21.313918,-11.604581,-2.440996,-0.160134,0.229144,2.350443
384.685785,21.236960,-11.668432,-2.457036,-0.160682,0.231926,2.349050
384.785781,21.158985,-11.731038,-2.473128,-0.161154,0.233920,2.347695
384.885777,21.080012,-11.792380,-2.489267,-0.161605,0.234585,2.347681
384.985773,21.000059,-11.852437,-2.505448,-0.162028,0.235401,2.348468
385.085770,20.919142,-11.911192,-2.521668,-0.162374,0.236175,2.350993
385.185766,20.837283,-11.968625,-2.537923,-0.162698,0.238047,2.350760
385.285762,20.754499,-12.024718,-2.554207,-0.162993,0.239515,2.349151
385.385759,20.670813,-12.079455,-2.570516,-0.163210,0.239807,2.347426
385.485755,20.586245,-12.132819,-2.586848,-0.163405,0.239641,2.342935
385.585751,20.500815,-12.184794,-2.603196,-0.163570,0.243550,2.339074
385.685748,20.414548,-12.235365,-2.619558,-0.163657,0.248665,2.333903
385.785744,20.327464,-12.284517,-2.635928,-0.163722,0.253312,2.325254
385.885740,20.239587,-12.332237,-2.652301,-0.163758,0.257666,2.320149
385.985736,20.150941,-12.378512,-2.668675,-0.163715,0.261982,2.316312
386.085733,20.061548,-12.423329,-2.685044,-0.163650,0.264788,2.313449
386.185729,19.971435,-12.466678,-2.701404,-0.163557,0.267835,2.312404
386.285725,19.880625,-12.508547,-2.717751,-0.163385,0.270996,2.310527
386.385722,19.789142,-12.548927,-2.734080,-0.163192,0.273125,2.310854
386.485718,19.697013,-12.587808,-2.750388,-0.162971,0.273687,2.310966
386.585714,19.604263,-12.625184,-2.766670,-0.162673,0.274879,2.310381
386.685711,19.510917,-12.661045,-2.782923,-0.162355,0.275119,2.308509
386.785707,19.417001,-12.695387,-2.799140,-0.162009,0.277336,2.305636
386.885703,19.322541,-12.728202,-2.815320,-0.161588,0.281021,2.302023
386.985700,19.227563,-12.759487,-2.831458,-0.161148,0.284907,2.298482
387.085696,19.132094,-12.789238,-2.847548,-0.160681,0.289676,2.294898
387.185692,19.036159,-12.817451,-2.863589,-0.160142,0.295994,2.290595
387.285688,18.939784,-12.844124,-2.879577,-0.159585,0.301768,2.282009
387.385685,18.842996,-12.869256,-2.895505,-0.159002,0.307601,2.274438
387.485681,18.745821,-12.892845,-2.911373,-0.158350,0.311056,2.271295
387.585677,18.648284,-12.914893,-2.927175,-0.157682,0.313141,2.276179
387.685674,18.550412,-12.935401,-2.942908,-0.156989,0.314825,2.280085
387.785670,18.452230,-12.954370,-2.958569,-0.156230,0.317079,2.273536
387.885666,18.353763,-12.971802,-2.974154,-0.155456,0.319989,2.267306
387.985663,18.255038,-12.987702,-2.989659,-0.154659,0.323343,2.264183
388.085659,18.156079,-13.002073,-3.005082,-0.153801,0.327842,2.260447
388.185655,18.056910,-13.014921,-3.020419,-0.152929,0.331199,2.255324
388.285651,17.957556,-13.026250,-3.035667,-0.152035,0.333460,2.251900
388.385648,17.858042,-13.036068,-3.050823,-0.151084,0.333595,2.253329
388.485644,17.758390,-13.044381,-3.065883,-0.150120,0.330740,2.264246
388.585640,17.658626,-13.051198,-3.080846,-0.149137,0.326833,2.270659
388.685637,17.558770,-13.056526,-3.095708,-0.148102,0.321817,2.275276
388.785633,17.458847,-13.060375,-3.110466,-0.147054,0.317747,2.278158
388.885629,17.358878,-13.062754,-3.125118,-0.145989,0.314647,2.280253
388.985626,17.258884,-13.063673,-3.139661,-0.144876,0.313841,2.281176
389.085622,17.158888,-13.063144,3.129093,-0.143753,0.314153,2.280615
389.185618,17.058910,-13.061177,3.114775,-0.142614,0.316086,2.278755
389.285615,16.958971,-13.057785,3.100573,-0.141431,0.320334,2.275609
389.385611,16.859089,-13.052980,3.086489,-0.140240,0.326059,2.270930
389.485607,16.759284,-13.046774,3.072526,-0.139034,0.335674,2.265577
389.585603,16.659576,-13.039182,3.058685,-0.137790,0.341254,2.259392
389.685600,16.559981,-13.030217,3.044968,-0.136537,0.345642,2.251686
389.785596,16.460518,-13.019892,3.031378,-0.135273,0.349214,2.243824
389.885592,16.361204,-13.008224,3.017916,-0.133974,0.351856,2.236167
389.985589,16.262055,-12.995226,3.004584,-0.132668,0.352880,2.233649
390.085585,16.163087,-12.980913,2.991383,-0.131352,0.351806,2.237196
390.185581,16.064316,-12.965302,2.978316,-0.130005,0.351009,2.237275
390.285578,15.965757,-12.948409,2.965382,-0.128654,0.347784,2.236427
390.385574,15.867422,-12.930249,2.952586,-0.127293,0.347202,2.238994
390.485570,15.769327,-12.910838,2.939926,-0.125905,0.350326,2.251174
390.585566,15.671484,-12.890195,2.927405,-0.124513,0.354230,2.249483
390.685563,15.573906,-12.868334,2.915024,-0.123114,0.354404,2.243388
390.785559,15.476604,-12.845274,2.902784,-0.121692,0.350590,2.236058
390.885555,15.379590,-12.821032,2.890686,-0.120267,0.350639,2.235800
390.985552,15.282874,-12.795625,2.878731,-0.118835,0.350146,2.235039
391.085548,15.186467,-12.769070,2.866921,-0.117384,0.348906,2.232636
391.185544,15.090379,-12.741386,2.855255,-0.115931,0.346376,2.230486
391.285541,14.994618,-12.712589,2.843735,-0.114472,0.346007,2.230160
391.385537,14.899193,-12.682699,2.832362,-0.112997,0.345377,2.227989
391.485533,14.804112,-12.651732,2.821136,-0.111521,0.344364,2.229597
391.585530,14.709382,-12.619706,2.810058,-0.110041,0.345682,2.237856
391.685526,14.615010,-12.586640,2.799129,-0.108547,0.344792,2.243979
391.785522,14.521003,-12.552552,2.788349,-0.107052,0.340680,2.246723
391.885518,14.427366,-12.517460,2.777720,-0.105554,0.335100,2.248574
391.985515,14.334104,-12.481381,2.767240,-0.104045,0.334794,2.248970
392.085511,14.241223,-12.444334,2.756911,-0.102535,0.334071,2.248634
392.185507,14.148727,-12.406336,2.746733,-0.101024,0.335201,2.248904
392.285504,14.056619,-12.367406,2.736707,-0.099503,0.335717,2.248473
392.385500,13.964904,-12.327562,2.726833,-0.097983,0.335158,2.247925
392.485496,13.873583,-12.286820,2.717111,-0.096460,0.333991,2.248954
392.585493,13.782659,-12.245200,2.707542,-0.094931,0.332837,2.250573
392.685489,13.692135,-12.202719,2.698126,-0.093402,0.334013,2.258404
392.785485,13.602011,-12.159394,2.688862,-0.091872,0.332872,2.265135
392.885482,13.512289,-12.115243,2.679752,-0.090337,0.328558,2.271022
392.985478,13.422969,-12.070283,2.670795,-0.088802,0.320893,2.276372
393.085474,13.334053,-12.024532,2.661992,-0.087267,0.313363,2.279828
393.185470,13.245539,-11.978006,2.653343,-0.085727,0.313342,2.283047
393.285467,13.157427,-11.930724,2.644847,-0.084188,0.311248,2.286445
393.385463,13.069716,-11.882701,2.636506,-0.082649,0.300527,2.288321
393.485459,12.982405,-11.833956,2.628318,-0.081107,0.298225,2.288020
393.585456,12.895493,-11.784504,2.620285,-0.079565,0.297077,2.288047
393.685452,12.808976,-11.734361,2.612405,-0.078024,0.300549,2.290734
393.785448,12.722854,-11.683546,2.604681,-0.076480,0.296850,2.296773
393.885445,12.637122,-11.632073,2.597110,-0.074936,0.290992,2.306464
393.985441,12.551779,-11.579959,2.589694,-0.073394,0.286543,2.309743
394.085437,12.466820,-11.527221,2.582432,-0.071849,0.284617,2.312599
394.185433,12.382243,-11.473873,2.575324,-0.070305,0.284876,2.315995
394.285430,12.298043,-11.419932,2.568371,-0.068761,0.280281,2.317771
394.385426,12.214215,-11.365413,2.561573,-0.067216,0.271305,2.317023
394.485422,12.130756,-11.310333,2.554929,-0.065671,0.268116,2.317411
394.585419,12.047661,-11.254705,2.548439,-0.064127,0.264424,2.322722
394.685415,11.964923,-11.198546,2.542104,-0.062581,0.259205,2.329446
394.785411,11.882539,-11.141870,2.535923,-0.061036,0.254790,2.334225
394.885408,11.800503,-11.084692,2.529897,-0.059492,0.251532,2.337033
394.985404,11.718808,-11.027027,2.524025,-0.057946,0.249863,2.338532
395.085400,11.637448,-10.968890,2.518308,-0.056401,0.248744,2.340034
395.185397,11.556418,-10.910295,2.512745,-0.054856,0.246051,2.341864
395.285393,11.475710,-10.851256,2.507337,-0.053310,0.243496,2.340813
395.385389,11.395319,-10.791788,2.502084,-0.051764,0.244411,2.341345
395.485385,11.315236,-10.731905,2.496985,-0.050218,0.242969,2.344297
395.585382,11.235455,-10.671620,2.492041,-0.048671,0.240343,2.351564
395.685378,11.155968,-10.610947,2.487251,-0.047125,0.237975,2.348991
395.785374,11.076768,-10.549901,2.482616,-0.045578,0.235341,2.352367
395.885371,10.997847,-10.488495,2.478136,-0.044031,0.231572,2.361279
395.985367,10.919197,-10.426741,2.473810,-0.042483,0.227871,2.363985
396.085363,10.840810,-10.364654,2.469639,-0.040936,0.225975,2.361127
396.185360,10.762679,-10.302247,2.465623,-0.039386,0.221567,2.361079
396.285356,10.684793,-10.239532,2.461762,-0.037839,0.217132,2.363068
396.385352,10.607145,-10.176523,2.458056,-0.036297,0.214085,2.365957
396.485348,10.529727,-10.113233,2.454505,-0.034723,0.211185,2.369986
396.585345,10.452529,-10.049675,2.451110,-0.033201,0.209637,2.371611
396.685341,10.375542,-9.985860,2.447863,-0.031747,0.210664,2.371762
396.785337,10.298758,-9.921801,2.444764,-0.030232,0.212530,2.371544
396.885334,10.222168,-9.857511,2.441815,-0.028773,0.212243,2.372382
396.985330,10.145763,-9.793000,2.439007,-0.027389,0.211118,2.374098
397.085326,10.069535,-9.728281,2.436359,-0.025556,0.210050,2.375424
397.185323,9.993473,-9.663367,2.433879,-0.024477,0.210528,2.375517
397.285319,9.917571,-9.598267,2.431436,-0.024388,0.212288,2.374423
397.385315,9.841826,-9.532982,2.429023,-0.023851,0.212351,2.372972
397.485312,9.766238,-9.467517,2.426665,-0.023343,0.212625,2.371997
397.585308,9.690803,-9.401876,2.424352,-0.022906,0.212116,2.371392
397.685304,9.615518,-9.336062,2.422085,-0.022438,0.215008,2.370701
397.785300,9.540381,-9.270079,2.419865,-0.021971,0.220062,2.366916
397.885297,9.465390,-9.203931,2.417691,-0.021510,0.224231,2.358287
397.985293,9.390541,-9.137623,2.415563,-0.021047,0.222395,2.354095
398.085289,9.315831,-9.071156,2.413482,-0.020586,0.222923,2.352707
398.185286,9.241258,-9.004537,2.411446,-0.020125,0.226144,2.351577
398.285282,9.166820,-8.937767,2.409457,-0.019665,0.237282,2.352238
398.385278,9.092513,-8.870851,2.407513,-0.019206,0.242938,2.348554
398.485275,9.018335,-8.803792,2.405616,-0.018748,0.243524,2.344709
398.585271,8.944283,-8.736595,2.403764,-0.018292,0.241189,2.341905
398.685267,8.870353,-8.669262,2.401957,-0.017838,0.245561,2.340550
398.785263,8.796544,-8.601797,2.400196,-0.017384,0.256774,2.336422
398.885260,8.722853,-8.534204,2.398481,-0.016934,0.263175,2.330416
398.985256,8.649275,-8.466487,2.396810,-0.016484,0.267860,2.322430
399.085252,8.575810,-8.398648,2.395184,-0.016037,0.271665,2.315816
399.185249,8.502453,-8.330691,2.393602,-0.015593,0.275706,2.311936
399.285245,8.429203,-8.262621,2.392065,-0.015151,0.282819,2.312489
399.385241,8.356056,-8.194439,2.390572,-0.014711,0.290278,2.307795
399.485238,8.283009,-8.126150,2.389123,-0.014275,0.293591,2.302150
399.585234,8.210060,-8.057756,2.387717,-0.013842,0.297523,2.296170
399.685230,8.137205,-7.989262,2.386355,-0.013410,0.301526,2.290679
399.785227,8.064442,-7.920670,2.385035,-0.012984,0.308506,2.285184
399.885223,7.991769,-7.851984,2.383758,-0.012560,0.315479,2.278431
399.985219,7.919181,-7.783206,2.382523,-0.012139,0.318697,2.264404
400.085215,7.846678,-7.714340,2.381330,-0.011723,0.323842,2.258362
400.185212,7.774255,-7.645390,2.380178,-0.011310,0.333962,2.254860
400.285208,7.701910,-7.576357,2.379068,-0.010900,0.348429,2.252070
400.385204,7.629640,-7.507246,2.377998,-0.010496,0.357782,2.245347
400.485201,7.557443,-7.438059,2.376969,-0.010095,0.363796,2.233510
400.585197,7.485316,-7.368799,2.375979,-0.009697,0.371079,2.224134
400.685193,7.413256,-7.299469,2.375029,-0.009305,0.379765,2.217981
400.785190,7.341261,-7.230072,2.374118,-0.008917,0.387989,2.211861
400.885186,7.269327,-7.160611,2.373246,-0.008532,0.395524,2.203795
400.985182,7.197453,-7.091089,2.372412,-0.008154,0.403021,2.196240
401.085178,7.125636,-7.021508,2.371615,-0.007779,0.411688,2.188053
401.185175,7.053872,-6.951871,2.370856,-0.007408,0.422966,2.180482
401.285171,6.982161,-6.882181,2.370133,-0.007043,0.431264,2.174385
401.385167,6.910498,-6.812441,2.369447,-0.006682,0.439152,2.166291
401.485164,6.838882,-6.742652,2.368797,-0.006325,0.447397,2.158048
401.585160,6.767310,-6.672819,2.368182,-0.005975,0.457154,2.150251
401.685156,6.695780,-6.602943,2.367602,-0.005629,0.467091,2.146335
401.785153,6.624289,-6.533026,2.367056,-0.005286,0.476722,2.136510
401.885149,6.552836,-6.463072,2.366544,-0.004951,0.485026,2.122329
401.985145,6.481416,-6.393082,2.366066,-0.004619,0.494410,2.105883
402.085142,6.410030,-6.323059,2.365620,-0.004292,0.504948,2.095962
402.185138,6.338673,-6.253006,2.365207,-0.003971,0.516078,2.090003
402.285134,6.267344,-6.182924,2.364826,-0.003654,0.523440,2.080970
402.385130,6.196041,-6.112816,2.364476,-0.003341,0.529505,2.068636
402.485127,6.124761,-6.042685,2.364158,-0.003035,0.536012,2.057033
402.585123,6.053502,-5.972531,2.363869,-0.002733,0.543789,2.050489
402.685119,5.982263,-5.902359,2.363611,-0.002435,0.552896,2.051644
402.785116,5.911040,-5.832169,2.363382,-0.002143,0.559866,2.043529
402.885112,5.839833,-5.761963,2.363182,-0.001856,0.570555,2.024586
402.985108,5.768639,-5.691745,2.363011,-0.001572,0.581956,2.015885
403.085105,5.697456,-5.621515,2.362867,-0.001296,0.594344,2.013017
403.185101,5.626282,-5.551276,2.362752,-0.001023,0.603811,2.007041
403.285097,5.555115,-5.481030,2.362663,-0.000754,0.613068,1.991281
403.385094,5.483953,-5.410778,2.362601,-0.000491,0.623063,1.980086
403.485090,5.412795,-5.340523,2.362564,-0.000233,0.632189,1.972681
403.585086,5.341638,-5.270266,2.362554,0.000022,0.640779,1.966177
403.685082,5.270482,-5.200010,2.362569,0.000270,0.645176,1.957523
403.785079,5.199323,-5.129755,2.362608,0.000515,0.649096,1.946775
403.885075,5.128161,-5.059504,2.362671,0.000755,0.660513,1.936180
403.985071,5.056994,-4.989258,2.362759,0.000989,0.670837,1.930203
404.085068,4.985819,-4.919020,2.362869,0.001220,0.679258,1.921286
404.185064,4.914636,-4.848790,2.363003,0.001447,0.689263,1.911093
404.285060,4.843443,-4.778570,2.363158,0.001668,0.698115,1.895304
404.385057,4.772238,-4.708363,2.363336,0.001885,0.709119,1.885321
404.485053,4.701020,-4.638168,2.363535,0.002098,0.722619,1.882482
404.585049,4.629787,-4.567989,2.363755,0.002305,0.732064,1.873814
404.685045,4.558538,-4.497826,2.363996,0.002509,0.739377,1.863930
404.785042,4.487272,-4.427681,2.364257,0.002709,0.749351,1.849693
404.885038,4.415986,-4.357555,2.364538,0.002903,0.762574,1.839780
404.985034,4.344680,-4.287450,2.364838,0.003094,0.770243,1.832984
405.085031,4.273353,-4.217367,2.365156,0.003281,0.775070,1.825198
405.185027,4.202002,-4.147307,2.365493,0.003462,0.779350,1.817072
405.285023,4.130627,-4.077272,2.365849,0.003640,0.786715,1.810153
405.385020,4.059227,-4.007263,2.366221,0.003815,0.796528,1.803757
405.485016,3.987800,-3.937281,2.366611,0.003983,0.804475,1.796712
405.585012,3.916345,-3.867328,2.367018,0.004148,0.812286,1.788854
405.685009,3.844861,-3.797405,2.367441,0.004310,0.821113,1.779499
405.785005,3.773347,-3.727512,2.367880,0.004466,0.830457,1.770326
405.885001,3.701802,-3.657651,2.368334,0.004620,0.840343,1.761406
405.984997,3.630224,-3.587823,2.368803,0.004769,0.845171,1.753814
406.084994,3.558613,-3.518029,2.369288,0.004913,0.847082,1.743060
406.184990,3.486968,-3.448271,2.369786,0.005054,0.851731,1.728712
406.284986,3.415288,-3.378549,2.370298,0.005192,0.857179,1.724870
406.384983,3.343572,-3.308864,2.370824,0.005324,0.865740,1.722229
406.484979,3.271818,-3.239217,2.371363,0.005453,0.874177,1.715474
406.584975,3.200026,-3.169609,2.371914,0.005579,0.883013,1.705774
406.684972,3.128196,-3.100041,2.372478,0.005699,0.894496,1.696399
406.784968,3.056326,-3.030515,2.373054,0.005816,0.911580,1.687416
406.884964,2.984416,-2.961030,2.373641,0.005931,0.923016,1.679428
406.984960,2.912464,-2.891588,2.374240,0.006040,0.929839,1.668644
407.084957,2.840471,-2.822189,2.374849,0.006146,0.935537,1.658764
407.184953,2.768434,-2.752834,2.375469,0.006249,0.943382,1.650973
407.284949,2.696355,-2.683525,2.376099,0.006347,0.953221,1.648344
407.384946,2.624231,-2.614261,2.376738,0.006442,0.960360,1.642688
407.484942,2.552063,-2.545044,2.377387,0.006534,0.965612,1.635754
407.584938,2.479850,-2.475874,2.378045,0.006620,0.969931,1.628855
407.684935,2.407591,-2.406751,2.378711,0.006705,0.977167,1.622177
407.784931,2.335286,-2.337677,2.379385,0.006786,0.987826,1.614170
407.884927,2.262933,-2.268653,2.380068,0.006862,0.987079,1.605686
407.984924,2.190534,-2.199677,2.380758,0.006936,0.993304,1.593813
408.084920,2.118087,-2.130753,2.381455,0.007007,0.995363,1.584846
408.184916,2.045591,-2.061878,2.382159,0.007073,1.001296,1.578541
408.284912,1.973047,-1.993056,2.382869,0.007136,1.012075,1.573021
408.384909,1.900453,-1.924285,2.383586,0.007197,1.025045,1.569046
408.484905,1.827810,-1.855566,2.384308,0.007253,1.028524,1.563766
408.584901,1.755118,-1.786900,2.385036,0.007306,1.033959,1.556913
408.684898,1.682375,-1.718287,2.385770,0.007357,1.043306,1.551262
408.784894,1.609581,-1.649727,2.386508,0.007404,1.058304,1.546090
408.884890,1.536737,-1.581222,2.387250,0.007448,1.064987,1.537295
408.984887,1.463842,-1.512771,2.387997,0.007489,1.063892,1.529070
409.084883,1.390896,-1.444374,2.388748,0.007526,1.067984,1.521988
409.184879,1.317898,-1.376032,2.389502,0.007561,1.074637,1.516577
409.284875,1.244849,-1.307746,2.390260,0.007594,1.081979,1.511052
409.384872,1.171748,-1.239515,2.391021,0.007622,1.087887,1.502972
409.484868,1.098594,-1.171339,2.391784,0.007648,1.091698,1.492436
409.584864,1.025389,-1.103220,2.392550,0.007671,1.096492,1.485928
409.684861,0.952132,-1.035157,2.393318,0.007691,1.104836,1.481927
409.784857,0.878822,-0.967150,2.394088,0.007709,1.111190,1.479189
409.884853,0.805459,-0.899200,2.394860,0.007724,1.116207,1.471418
409.984850,0.732045,-0.831306,2.395633,0.007736,1.119406,1.464852
410.084846,0.658577,-0.763469,2.396407,0.007745,1.125472,1.461745
410.184842,0.585058,-0.695690,2.397182,0.007752,1.133626,1.458447
410.284839,0.511485,-0.627967,2.397957,0.007756,1.141366,1.452855
410.384835,0.437861,-0.560301,2.398733,0.007758,1.141838,1.446961
410.484831,0.364183,-0.492692,2.399509,0.007758,1.144943,1.441622
410.584827,0.290454,-0.425141,2.400284,0.007754,1.145617,1.438338
410.684824,0.216672,-0.357647,2.401059,0.007749,1.148987,1.434904
410.784820,0.142838,-0.290210,2.401834,0.007742,1.154126,1.428899
410.884816,0.068951,-0.222830,2.402607,0.007731,1.158314,1.422750
410.984813,-0.004987,-0.155507,2.403380,0.007719,1.161796,1.418239
