s,x,y,heading,kappa,w_left,w_right
0.000000,0.008186,-0.052081,-2.925314,0.006991,1.053132,1.178253
0.100008,-0.089485,-0.073577,-2.924614,0.006997,1.062578,1.173888
0.200015,-0.187140,-0.095141,-2.923914,0.007003,1.071287,1.167514
0.300023,-0.284780,-0.116773,-2.923214,0.007008,1.079140,1.157132
0.400031,-0.382405,-0.138473,-2.922513,0.007011,1.085527,1.148934
0.500038,-0.480014,-0.160242,-2.921811,0.007014,1.089755,1.143160
0.600046,-0.577609,-0.182080,-2.921110,0.007015,1.092553,1.138971
0.700053,-0.675188,-0.203986,-2.920408,0.007015,1.095560,1.135902
0.800061,-0.772751,-0.225960,-2.919707,0.007015,1.098774,1.132744
0.900069,-0.870299,-0.248003,-2.919005,0.007013,1.101988,1.129140
1.000076,-0.967832,-0.270115,-2.918304,0.007011,1.104793,1.125893
1.100084,-1.065349,-0.292294,-2.917603,0.007008,1.107675,1.123170
1.200092,-1.162851,-0.314542,-2.916902,0.007004,1.111762,1.120185
1.300099,-1.260337,-0.336858,-2.916202,0.006999,1.116995,1.116124
1.400107,-1.357807,-0.359243,-2.915502,0.006994,1.122919,1.111431
1.500115,-1.455262,-0.381696,-2.914803,0.006988,1.127748,1.106796
1.600122,-1.552701,-0.404216,-2.914105,0.006982,1.131529,1.101699
1.700130,-1.650124,-0.426805,-2.913407,0.006975,1.135542,1.098871
1.800138,-1.747531,-0.449462,-2.912709,0.006968,1.139747,1.096363
1.900145,-1.844923,-0.472187,-2.912013,0.006960,1.143078,1.093224
2.000153,-1.942298,-0.494979,-2.911317,0.006952,1.144425,1.089831
2.100160,-2.039658,-0.517839,-2.910623,0.006943,1.143736,1.087748
2.200168,-2.137002,-0.540767,-2.909929,0.006934,1.148820,1.084281
2.300176,-2.234330,-0.563762,-2.909236,0.006925,1.150087,1.080632
2.400183,-2.331642,-0.586825,-2.908544,0.006915,1.153136,1.077472
2.500191,-2.428939,-0.609955,-2.907853,0.006906,1.155487,1.074698
2.600199,-2.526219,-0.633152,-2.907162,0.006896,1.156511,1.072092
2.700206,-2.623483,-0.656416,-2.906473,0.006886,1.156994,1.070232
2.800214,-2.720731,-0.679747,-2.905785,0.006876,1.159016,1.068501
2.900222,-2.817963,-0.703145,-2.905098,0.006865,1.162452,1.065548
3.000229,-2.915179,-0.726610,-2.904412,0.006855,1.167825,1.061671
3.100237,-3.012379,-0.750141,-2.903727,0.006845,1.174058,1.056744
3.200244,-3.109562,-0.773739,-2.903043,0.006835,1.179094,1.051745
3.300252,-3.206730,-0.797404,-2.902360,0.006824,1.183253,1.048777
3.400260,-3.303881,-0.821134,-2.901678,0.006814,1.185206,1.046407
3.500267,-3.401016,-0.844931,-2.900997,0.006804,1.185194,1.044508
3.600275,-3.498135,-0.868794,-2.900317,0.006794,1.185927,1.042857
3.700283,-3.595238,-0.892723,-2.899638,0.006785,1.186665,1.041131
3.800290,-3.692324,-0.916718,-2.898960,0.006775,1.188262,1.038992
3.900298,-3.789394,-0.940779,-2.898283,0.006766,1.189731,1.037909
4.000306,-3.886448,-0.964905,-2.897607,0.006756,1.191511,1.036446
4.100313,-3.983486,-0.989097,-2.896931,0.006748,1.194258,1.034632
4.200321,-4.080507,-1.013354,-2.896257,0.006739,1.197702,1.034058
4.300328,-4.177512,-1.037677,-2.895584,0.006730,1.201995,1.034568
4.400336,-4.274500,-1.062065,-2.894911,0.006722,1.203935,1.032615
4.500344,-4.371472,-1.086518,-2.894239,0.006715,1.205872,1.030332
4.600351,-4.468428,-1.111036,-2.893568,0.006707,1.207642,1.027476
4.700359,-4.565367,-1.135620,-2.892897,0.006700,1.209315,1.025623
4.800367,-4.662289,-1.160268,-2.892228,0.006693,1.210439,1.024349
4.900374,-4.759196,-1.184981,-2.891559,0.006687,1.211239,1.023533
5.000382,-4.856085,-1.209759,-2.890890,0.006681,1.211001,1.022931
5.100390,-4.952958,-1.234602,-2.890222,0.006676,1.211091,1.022751
5.200397,-5.049814,-1.259509,-2.889555,0.006671,1.210710,1.022945
5.300405,-5.146654,-1.284481,-2.888888,0.006666,1.212189,1.022064
5.400413,-5.243477,-1.309518,-2.888222,0.006662,1.213349,1.020869
5.500420,-5.340283,-1.334619,-2.887556,0.006658,1.213338,1.019590
5.600428,-5.437073,-1.359784,-2.886890,0.006655,1.213774,1.019432
5.700435,-5.533846,-1.385014,-2.886225,0.006652,1.212528,1.018394
5.800443,-5.630602,-1.410308,-2.885560,0.006649,1.213800,1.017111
5.900451,-5.727341,-1.435667,-2.884895,0.006647,1.215576,1.014257
6.000458,-5.824063,-1.461090,-2.884230,0.006646,1.217604,1.007613
6.100466,-5.920769,-1.486577,-2.883565,0.006645,1.220154,1.003697
6.200474,-6.017457,-1.512128,-2.882901,0.006645,1.221447,1.006077
6.300481,-6.114129,-1.537744,-2.882236,0.006644,1.221945,1.006483
6.400489,-6.210783,-1.563424,-2.881572,0.006645,1.222475,1.007156
6.500497,-6.307420,-1.589168,-2.880907,0.006646,1.222186,1.012888
6.600504,-6.404040,-1.614977,-2.880242,0.006647,1.221808,1.016059
6.700512,-6.500643,-1.640849,-2.879578,0.006649,1.218930,1.019414
6.800519,-6.597229,-1.666786,-2.878913,0.006652,1.216685,1.022924
6.900527,-6.693798,-1.692787,-2.878247,0.006654,1.218531,1.023913
7.000535,-6.790349,-1.718852,-2.877581,0.006658,1.219827,1.025571
7.100542,-6.886883,-1.744982,-2.876915,0.006662,1.220657,1.026957
7.200550,-6.983399,-1.771176,-2.876249,0.006666,1.220311,1.023215
7.300558,-7.079898,-1.797434,-2.875582,0.006671,1.222303,1.017055
7.400565,-7.176379,-1.823757,-2.874915,0.006676,1.222942,1.015905
7.500573,-7.272843,-1.850144,-2.874247,0.006681,1.220311,1.016309
7.600581,-7.369289,-1.876595,-2.873578,0.006687,1.219497,1.016394
7.700588,-7.465717,-1.903111,-2.872909,0.006693,1.219241,1.014870
7.800596,-7.562128,-1.929692,-2.872240,0.006700,1.218107,1.014680
7.900604,-7.658521,-1.956337,-2.871569,0.006707,1.217419,1.015170
8.000611,-7.754896,-1.983047,-2.870898,0.006715,1.216696,1.015887
8.100619,-7.851253,-2.009821,-2.870226,0.006722,1.217393,1.017378
8.200626,-7.947591,-2.036661,-2.869553,0.006731,1.216682,1.020529
8.300634,-8.043912,-2.063565,-2.868880,0.006739,1.210310,1.023516
8.400642,-8.140215,-2.090534,-2.868206,0.006748,1.209720,1.025558
8.500649,-8.236499,-2.117568,-2.867530,0.006757,1.209739,1.027039
8.600657,-8.332765,-2.144667,-2.866854,0.006766,1.208521,1.026581
8.700665,-8.429013,-2.171831,-2.866177,0.006775,1.207375,1.026986
8.800672,-8.525243,-2.199060,-2.865499,0.006785,1.206418,1.027045
8.900680,-8.621453,-2.226355,-2.864820,0.006795,1.204815,1.028247
9.000688,-8.717646,-2.253715,-2.864140,0.006805,1.200456,1.028812
9.100695,-8.813819,-2.281141,-2.863459,0.006815,1.201442,1.029029
9.200703,-8.909974,-2.308632,-2.862777,0.006825,1.201431,1.028115
9.300710,-9.006110,-2.336188,-2.862093,0.006836,1.199718,1.032081
9.400718,-9.102228,-2.363811,-2.861409,0.006846,1.197646,1.034329
9.500726,-9.198326,-2.391499,-2.860724,0.006857,1.195624,1.035738
9.600733,-9.294405,-2.419253,-2.860038,0.006867,1.194005,1.037054
9.700741,-9.390466,-2.447073,-2.859351,0.006878,1.191941,1.041052
9.800749,-9.486507,-2.474959,-2.858662,0.006888,1.188277,1.047533
9.900756,-9.582529,-2.502912,-2.857973,0.006898,1.185481,1.050678
10.000764,-9.678531,-2.530930,-2.857282,0.006909,1.185723,1.049783
10.100772,-9.774514,-2.559015,-2.856591,0.006919,1.187031,1.049671
10.200779,-9.870478,-2.587166,-2.855899,0.006929,1.187150,1.048822
10.300787,-9.966422,-2.615384,-2.855205,0.006938,1.186132,1.045967
10.400795,-10.062347,-2.643668,-2.854511,0.006948,1.182024,1.048465
10.500802,-10.158252,-2.672019,-2.853816,0.006957,1.177172,1.053381
10.600810,-10.254137,-2.700437,-2.853119,0.006966,1.172737,1.059093
10.700817,-10.350002,-2.728921,-2.852422,0.006974,1.168284,1.064658
10.800825,-10.445848,-2.757473,-2.851724,0.006982,1.163796,1.069469
10.900833,-10.541673,-2.786091,-2.851026,0.006990,1.160101,1.073681
11.000840,-10.637479,-2.814776,-2.850326,0.006997,1.158361,1.076783
11.100848,-10.733264,-2.843529,-2.849626,0.007004,1.159871,1.078529
11.200856,-10.829029,-2.872348,-2.848925,0.007010,1.162533,1.080551
11.300863,-10.924774,-2.901234,-2.848224,0.007016,1.159510,1.084920
11.400871,-11.020499,-2.930188,-2.847522,0.007021,1.154213,1.090681
11.500879,-11.116203,-2.959209,-2.846820,0.007026,1.150395,1.093984
11.600886,-11.211887,-2.988297,-2.846117,0.007029,1.147523,1.095438
11.700894,-11.307551,-3.017452,-2.845414,0.007032,1.145213,1.097836
11.800901,-11.403193,-3.046675,-2.844710,0.007035,1.142624,1.099599
11.900909,-11.498816,-3.075965,-2.844007,0.007036,1.139594,1.101475
12.000917,-11.594417,-3.105322,-2.843303,0.007037,1.135969,1.105362
12.100924,-11.689998,-3.134746,-2.842599,0.007036,1.131267,1.111138
12.200932,-11.785559,-3.164238,-2.841896,0.007035,1.122115,1.117066
12.300940,-11.881098,-3.193797,-2.841192,0.007033,1.115474,1.122154
12.400947,-11.976617,-3.223423,-2.840489,0.007029,1.110524,1.126733
12.500955,-12.072115,-3.253116,-2.839786,0.007025,1.106225,1.131012
12.600963,-12.167592,-3.282877,-2.839084,0.007020,1.102602,1.135094
12.700970,-12.263048,-3.312704,-2.838382,0.007013,1.098854,1.138911
12.800978,-12.358483,-3.342598,-2.837681,0.007005,1.096919,1.142052
12.900985,-12.453897,-3.372560,-2.836981,0.006996,1.099042,1.144729
13.000993,-12.549290,-3.402588,-2.836282,0.006986,1.091456,1.143240
13.101001,-12.644662,-3.432682,-2.835584,0.006974,1.089015,1.145411
13.201008,-12.740014,-3.462843,-2.834887,0.006961,1.086754,1.147311
13.301016,-12.835344,-3.493071,-2.834192,0.006947,1.081454,1.151549
13.401024,-12.930653,-3.523364,-2.833498,0.006931,1.075041,1.155377
13.501031,-13.025941,-3.553724,-2.832806,0.006914,1.068716,1.160765
13.601039,-13.121208,-3.584149,-2.832115,0.006894,1.063339,1.166605
13.701047,-13.216454,-3.614641,-2.831427,0.006874,1.058708,1.178438
13.801054,-13.311679,-3.645197,-2.830740,0.006852,1.052036,1.185844
13.901062,-13.406883,-3.675819,-2.830056,0.006827,1.046159,1.192826
14.001070,-13.502066,-3.706506,-2.829375,0.006802,1.038950,1.197760
14.101077,-13.597229,-3.737258,-2.828696,0.006775,1.033681,1.202533
14.201085,-13.692370,-3.768074,-2.828020,0.006745,1.030390,1.205542
14.301092,-13.787491,-3.798954,-2.827347,0.006714,1.027281,1.207756
14.401100,-13.882591,-3.829899,-2.826677,0.006681,1.024115,1.203488
14.501108,-13.977670,-3.860906,-2.826011,0.006646,1.019228,1.206767
14.601115,-14.072728,-3.891977,-2.825348,0.006609,1.014516,1.213928
14.701123,-14.167766,-3.923111,-2.824689,0.006570,1.008635,1.220686
14.801131,-14.262784,-3.954307,-2.824034,0.006529,1.001968,1.226385
14.901138,-14.357781,-3.985565,-2.823383,0.006485,0.996302,1.232254
15.001146,-14.452758,-4.016885,-2.822737,0.006441,0.989408,1.238527
15.101154,-14.547714,-4.048266,-2.822095,0.006392,0.983191,1.248109
15.201161,-14.642651,-4.079708,-2.821458,0.006343,0.978086,1.257037
15.301169,-14.737568,-4.111209,-2.820826,0.006291,0.971849,1.264627
15.401176,-14.832464,-4.142771,-2.820200,0.006236,0.966256,1.271869
15.501184,-14.927341,-4.174392,-2.819579,0.006179,0.962222,1.278355
15.601192,-15.022199,-4.206071,-2.818964,0.006121,0.955353,1.284125
15.701199,-15.117037,-4.237808,-2.818355,0.006059,0.949189,1.289911
15.801207,-15.211856,-4.269603,-2.817752,0.005995,0.943386,1.292992
15.901215,-15.306656,-4.301455,-2.817156,0.005929,0.937536,1.293188
16.001222,-15.401437,-4.333363,-2.816567,0.005859,0.933552,1.297906
16.101230,-15.496199,-4.365326,-2.815984,0.005787,0.927172,1.303994
16.201238,-15.590942,-4.397345,-2.815409,0.005714,0.919964,1.310653
16.301245,-15.685668,-4.429417,-2.814841,0.005636,0.912424,1.317359
16.401253,-15.780375,-4.461543,-2.814282,0.005557,0.905423,1.324523
16.501261,-15.875064,-4.493721,-2.813730,0.005475,0.897814,1.332432
16.601268,-15.969736,-4.525952,-2.813187,0.005390,0.889997,1.340017
16.701276,-16.064390,-4.558233,-2.812652,0.005302,0.883248,1.347425
16.801283,-16.159028,-4.590564,-2.812126,0.005212,0.876086,1.356277
16.901291,-16.253648,-4.622945,-2.811610,0.005118,0.870742,1.368983
17.001299,-16.348252,-4.655374,-2.811103,0.005022,0.864458,1.376005
17.101306,-16.442839,-4.687851,-2.810605,0.004924,0.857406,1.379256
17.201314,-16.537411,-4.720374,-2.810118,0.004821,0.852181,1.377217
17.301322,-16.631966,-4.752943,-2.809641,0.004717,0.848587,1.381101
17.401329,-16.726507,-4.785557,-2.809175,0.004610,0.844663,1.386641
17.501337,-16.821032,-4.818214,-2.808719,0.004498,0.839216,1.394958
17.601345,-16.915543,-4.850913,-2.808275,0.004385,0.831722,1.406615
17.701352,-17.010039,-4.883654,-2.807842,0.004269,0.821147,1.418051
17.801360,-17.104522,-4.916436,-2.807421,0.004149,0.809481,1.430118
17.901367,-17.198990,-4.949256,-2.807012,0.004026,0.799367,1.437861
18.001375,-17.293446,-4.982115,-2.806616,0.003902,0.791626,1.445215
18.101383,-17.387888,-5.015010,-2.806232,0.003772,0.784557,1.452082
18.201390,-17.482319,-5.047942,-2.805862,0.003641,0.777620,1.457966
18.301398,-17.576737,-5.080907,-2.805504,0.003507,0.771496,1.465404
18.401406,-17.671144,-5.113906,-2.805160,0.003368,0.769183,1.474797
18.501413,-17.765539,-5.146936,-2.804831,0.003227,0.758234,1.484802
18.601421,-17.859924,-5.179997,-2.804515,0.003084,0.748875,1.490796
18.701429,-17.954299,-5.213087,-2.804214,0.002936,0.740842,1.492128
18.801436,-18.048664,-5.246204,-2.803928,0.002786,0.736645,1.494620
18.901444,-18.143020,-5.279348,-2.803657,0.002633,0.731316,1.502310
19.001452,-18.237367,-5.312517,-2.803401,0.002476,0.722569,1.511212
19.101459,-18.331705,-5.345709,-2.803162,0.002317,0.714423,1.519249
19.201467,-18.426037,-5.378923,-2.802938,0.002155,0.703746,1.529031
19.301474,-18.520361,-5.412157,-2.802731,0.001988,0.695048,1.539089
19.401482,-18.614678,-5.445410,-2.802540,0.001819,0.686328,1.547376
19.501490,-18.708989,-5.478680,-2.802367,0.001648,0.677917,1.556664
19.601497,-18.803295,-5.511966,-2.802211,0.001472,0.670046,1.564242
19.701505,-18.897596,-5.545266,-2.802073,0.001293,0.666438,1.571309
19.801513,-18.991893,-5.578578,-2.801952,0.001113,0.664288,1.578570
19.901520,-19.086185,-5.611900,-2.801850,0.000927,0.660705,1.586774
20.001528,-19.180475,-5.645231,-2.801767,0.000740,0.647192,1.594194
20.101536,-19.274763,-5.678569,-2.801703,0.000550,0.638568,1.600623
20.201543,-19.369048,-5.711912,-2.801657,0.000355,0.629076,1.605474
20.301551,-19.463333,-5.745259,-2.801632,0.000158,0.621253,1.613386
20.401558,-19.557616,-5.778607,-2.801626,-0.000041,0.613416,1.623730
20.501566,-19.651900,-5.811954,-2.801640,-0.000245,0.605271,1.629824
20.601574,-19.746185,-5.845299,-2.801675,-0.000451,0.597275,1.638682
20.701581,-19.840471,-5.878641,-2.801731,-0.000660,0.589914,1.645490
20.801589,-19.934760,-5.911975,-2.801807,-0.000873,0.583177,1.656404
20.901597,-20.029051,-5.945302,-2.801905,-0.001088,0.579917,1.666633
21.001604,-20.123346,-5.978618,-2.802025,-0.001306,0.574056,1.675924
21.101612,-20.217646,-6.011922,-2.802167,-0.001528,0.568130,1.685344
21.201620,-20.311950,-6.045212,-2.802331,-0.001752,0.561783,1.692985
21.301627,-20.406260,-6.078485,-2.802517,-0.001979,0.554500,1.698703
21.401635,-20.500577,-6.111739,-2.802727,-0.002210,0.547381,1.705277
21.501642,-20.594901,-6.144973,-2.802959,-0.002443,0.539517,1.709847
21.601650,-20.689234,-6.178183,-2.803215,-0.002678,0.531611,1.714822
21.701658,-20.783575,-6.211368,-2.803495,-0.002918,0.521778,1.721726
21.801665,-20.877926,-6.244526,-2.803799,-0.003160,0.513152,1.729149
21.901673,-20.972287,-6.277654,-2.804127,-0.003404,0.505599,1.736703
22.001681,-21.066660,-6.310750,-2.804480,-0.003652,0.496728,1.744660
22.101688,-21.161045,-6.343811,-2.804858,-0.003902,0.490226,1.751832
22.201696,-21.255442,-6.376835,-2.805260,-0.004154,0.480622,1.757041
22.301704,-21.349854,-6.409821,-2.805689,-0.004410,0.476315,1.762962
22.401711,-21.444280,-6.442764,-2.806143,-0.004668,0.469927,1.773889
22.501719,-21.538721,-6.475664,-2.806622,-0.004929,0.463826,1.788515
22.601727,-21.633178,-6.508517,-2.807129,-0.005193,0.454869,1.795459
22.701734,-21.727653,-6.541320,-2.807661,-0.005459,0.448315,1.797680
22.801742,-21.822145,-6.574073,-2.808220,-0.005727,0.443655,1.801690
22.901749,-21.916657,-6.606771,-2.808807,-0.005999,0.438476,1.805914
23.001757,-22.011187,-6.639412,-2.809420,-0.006272,0.431670,1.813651
23.101765,-22.105739,-6.671994,-2.810061,-0.006548,0.423845,1.820346
23.201772,-22.200311,-6.704515,-2.810730,-0.006826,0.414673,1.826627
23.301780,-22.294906,-6.736970,-2.811427,-0.007107,0.405395,1.833552
23.401788,-22.389524,-6.769359,-2.812152,-0.007390,0.397843,1.840549
23.501795,-22.484165,-6.801677,-2.812905,-0.007675,0.390846,1.847429
23.601803,-22.578832,-6.833923,-2.813687,-0.007963,0.384080,1.854127
23.701811,-22.673524,-6.866093,-2.814498,-0.008251,0.377310,1.861274
23.801818,-22.768242,-6.898186,-2.815337,-0.008544,0.371022,1.867058
23.901826,-22.862988,-6.930197,-2.816207,-0.008837,0.365755,1.871997
24.001833,-22.957763,-6.962125,-2.817105,-0.009132,0.359569,1.880238
24.101841,-23.052566,-6.993966,-2.818033,-0.009430,0.351291,1.887814
24.201849,-23.147399,-7.025717,-2.818991,-0.009729,0.344495,1.889321
24.301856,-23.242264,-7.057376,-2.819979,-0.010030,0.339735,1.893623
24.401864,-23.337159,-7.088940,-2.820998,-0.010334,0.336066,1.899350
24.501872,-23.432088,-7.120406,-2.822046,-0.010638,0.330992,1.905722
24.601879,-23.527050,-7.151771,-2.823125,-0.010944,0.324802,1.912518
24.701887,-23.622046,-7.183033,-2.824235,-0.011252,0.317751,1.919003
24.801895,-23.717077,-7.214187,-2.825376,-0.011562,0.309370,1.926452
24.901902,-23.812145,-7.245231,-2.826548,-0.011873,0.300877,1.933095
25.001910,-23.907249,-7.276162,-2.827751,-0.012185,0.291492,1.938446
25.101918,-24.002390,-7.306978,-2.828985,-0.012499,0.286204,1.942306
25.201925,-24.097571,-7.337674,-2.830251,-0.012814,0.284487,1.944774
25.301933,-24.192790,-7.368248,-2.831548,-0.013131,0.283530,1.945445
25.401940,-24.288049,-7.398698,-2.832877,-0.013449,0.282622,1.948357
25.501948,-24.383350,-7.429019,-2.834238,-0.013767,0.279281,1.953611
25.601956,-24.478692,-7.459209,-2.835631,-0.014088,0.274674,1.958564
25.701963,-24.574076,-7.489265,-2.837056,-0.014409,0.269166,1.962758
25.801971,-24.669504,-7.519183,-2.838513,-0.014731,0.264193,1.966577
25.901979,-24.764975,-7.548960,-2.840003,-0.015054,0.260458,1.970752
26.001986,-24.860492,-7.578594,-2.841524,-0.015378,0.257425,1.974959
26.101994,-24.956054,-7.608081,-2.843078,-0.015703,0.253210,1.979187
26.202002,-25.051662,-7.637418,-2.844665,-0.016029,0.248108,1.984117
26.302009,-25.147316,-7.666601,-2.846285,-0.016356,0.244154,1.988450
26.402017,-25.243019,-7.695628,-2.847937,-0.016683,0.241394,1.994249
26.502024,-25.338770,-7.724495,-2.849621,-0.017011,0.237896,2.002959
26.602032,-25.434570,-7.753199,-2.851339,-0.017340,0.231194,2.009968
26.702040,-25.530419,-7.781738,-2.853090,-0.017669,0.223793,2.012898
26.802047,-25.626319,-7.810106,-2.854873,-0.017998,0.225985,2.013547
26.902055,-25.722269,-7.838302,-2.856690,-0.018329,0.228922,2.012930
27.002063,-25.818271,-7.866322,-2.858539,-0.018660,0.229038,2.011309
27.102070,-25.914326,-7.894163,-2.860422,-0.018988,0.228212,2.007556
27.202078,-26.010432,-7.921822,-2.862337,-0.019323,0.226657,2.009142
27.302086,-26.106593,-7.949294,-2.864287,-0.019663,0.223859,2.012195
27.402093,-26.202807,-7.976578,-2.866268,-0.019960,0.219244,2.015018
27.502101,-26.299075,-8.003669,-2.868281,-0.020338,0.212243,2.016036
27.602108,-26.395398,-8.030565,-2.870338,-0.020802,0.210531,2.016543
27.702116,-26.491777,-8.057261,-2.872411,-0.020647,0.209985,2.016819
27.802124,-26.588211,-8.083758,-2.874495,-0.021623,0.209986,2.016720
27.902131,-26.684702,-8.110045,-2.876767,-0.023805,0.210264,2.016363
28.002139,-26.781255,-8.136104,-2.879226,-0.025368,0.212576,2.015727
28.102147,-26.877873,-8.161917,-2.881843,-0.027002,0.215772,2.014713
28.202154,-26.974562,-8.187470,-2.884629,-0.028724,0.217815,2.015894
28.302162,-27.071323,-8.212745,-2.887586,-0.030400,0.220130,2.015384
28.402170,-27.168160,-8.237725,-2.890710,-0.032081,0.221965,2.013660
28.502177,-27.265078,-8.262395,-2.894003,-0.033768,0.223392,2.011969
28.602185,-27.362077,-8.286737,-2.897464,-0.035450,0.224777,2.010170
28.702193,-27.459163,-8.310735,-2.901093,-0.037132,0.226281,2.008274
28.802200,-27.556337,-8.334373,-2.904891,-0.038815,0.226223,2.006702
28.902208,-27.653602,-8.357633,-2.908857,-0.040495,0.228277,2.004598
29.002215,-27.750961,-8.380499,-2.912991,-0.042174,0.231158,2.002445
29.102223,-27.848415,-8.402954,-2.917292,-0.043853,0.234980,1.999163
29.202231,-27.945967,-8.424981,-2.921762,-0.045529,0.240225,1.995491
29.302238,-28.043618,-8.446565,-2.926399,-0.047204,0.245997,1.990794
29.402246,-28.141370,-8.467687,-2.931203,-0.048879,0.251429,1.985794
29.502254,-28.239224,-8.488330,-2.936175,-0.050550,0.257457,1.980609
29.602261,-28.337181,-8.508479,-2.941314,-0.052220,0.266221,1.975538
29.702269,-28.435242,-8.528116,-2.946620,-0.053889,0.278572,1.969059
29.802277,-28.533407,-8.547225,-2.952092,-0.055554,0.285740,1.963969
29.902284,-28.631677,-8.565787,-2.957732,-0.057218,0.291868,1.962104
30.002292,-28.730051,-8.583787,-2.963537,-0.058880,0.298836,1.952455
30.102299,-28.828530,-8.601208,-2.969508,-0.060537,0.305873,1.942711
30.202307,-28.927113,-8.618032,-2.975645,-0.062193,0.313523,1.932354
30.302315,-29.025798,-8.634242,-2.981948,-0.063847,0.321284,1.922320
30.402322,-29.124585,-8.649822,-2.988416,-0.065496,0.328752,1.912850
30.502330,-29.223472,-8.664755,-2.995048,-0.067142,0.338090,1.903833
30.602338,-29.322457,-8.679023,-3.001845,-0.068787,0.349227,1.894656
30.702345,-29.421537,-8.692610,-3.008806,-0.070424,0.362404,1.884944
30.802353,-29.520711,-8.705499,-3.015931,-0.072059,0.376504,1.874522
30.902361,-29.619975,-8.717673,-3.023219,-0.073692,0.392211,1.862781
31.002368,-29.719327,-8.729115,-3.030670,-0.075316,0.409736,1.850201
31.102376,-29.818761,-8.739808,-3.038284,-0.076938,0.430507,1.836327
31.202384,-29.918275,-8.749736,-3.046059,-0.078557,0.448288,1.822131
31.302391,-30.017864,-8.758882,-3.053996,-0.080167,0.463279,1.805143
31.402399,-30.117523,-8.767229,-3.062094,-0.081773,0.480819,1.788348
31.502406,-30.217247,-8.774760,-3.070352,-0.083376,0.499798,1.771115
31.602414,-30.317030,-8.781461,-3.078769,-0.084967,0.520077,1.754484
31.702422,-30.416867,-8.787312,-3.087346,-0.086555,0.539667,1.737639
31.802429,-30.516751,-8.792300,-3.096082,-0.088140,0.559361,1.719824
31.902437,-30.616674,-8.796407,-3.104975,-0.089710,0.580208,1.700577
32.002445,-30.716631,-8.799617,-3.114025,-0.091277,0.604654,1.680078
32.102452,-30.816613,-8.801915,-3.123232,-0.092840,0.631336,1.658393
32.202460,-30.916611,-8.803284,-3.132594,-0.094386,0.658869,1.636336
32.302468,-31.016618,-8.803709,3.141074,-0.095928,0.687597,1.613599
32.402475,-31.116625,-8.803175,3.131404,-0.097466,0.720144,1.589904
32.502483,-31.216622,-8.801666,3.121581,-0.098985,0.752255,1.565086
32.602490,-31.316599,-8.799168,3.111605,-0.100498,0.782020,1.538440
32.702498,-31.416546,-8.795665,3.101479,-0.102007,0.813556,1.511436
32.802506,-31.516452,-8.791142,3.091204,-0.103494,0.847934,1.479875
32.902513,-31.616305,-8.785585,3.080779,-0.104975,0.883286,1.446758
33.002521,-31.716095,-8.778981,3.070207,-0.106450,0.919008,1.412166
33.102529,-31.815809,-8.771314,3.059488,-0.107902,0.956393,1.381537
33.202536,-31.915435,-8.762572,3.048625,-0.109346,0.995633,1.350861
33.302544,-32.014958,-8.752742,3.037617,-0.110784,1.032598,1.328068
33.402552,-32.114367,-8.741809,3.026467,-0.112194,1.072971,1.294946
33.502559,-32.213647,-8.729761,3.015176,-0.113597,1.116478,1.258916
33.602567,-32.312784,-8.716586,3.003746,-0.114992,1.162583,1.221232
33.702575,-32.411763,-8.702273,2.992178,-0.116358,1.214139,1.183200
33.802582,-32.510568,-8.686808,2.980473,-0.117714,1.267261,1.144074
33.902590,-32.609185,-8.670181,2.968633,-0.119062,1.314029,1.104245
34.002597,-32.707596,-8.652382,2.956660,-0.120376,1.369552,1.063354
34.102605,-32.805787,-8.633398,2.944555,-0.121681,1.429533,1.021780
34.202613,-32.903739,-8.613222,2.932322,-0.122977,1.488203,0.978310
34.302620,-33.001435,-8.591842,2.919960,-0.124236,1.551860,0.935947
34.402628,-33.098858,-8.569250,2.907472,-0.125484,1.617342,0.886408
34.502636,-33.195990,-8.545438,2.894861,-0.126722,1.674410,0.830365
34.602643,-33.292813,-8.520396,2.882128,-0.127919,1.728589,0.773186
34.702651,-33.389307,-8.494118,2.869275,-0.129105,1.779398,0.713366
34.802659,-33.485454,-8.466596,2.856305,-0.130279,1.824597,0.656628
34.902666,-33.581235,-8.437824,2.843219,-0.131415,1.865598,0.595241
35.002674,-33.676629,-8.407795,2.830020,-0.132529,1.899861,0.531294
35.102681,-33.771616,-8.376505,2.816711,-0.133619,1.928816,0.471141
35.202689,-33.866177,-8.343948,2.803292,-0.134739,1.951903,0.406142
35.302697,-33.960291,-8.310121,2.789764,-0.135707,1.970833,0.335703
35.402704,-34.053937,-8.275019,2.776152,-0.136515,1.982140,0.221915
35.502712,-34.147094,-8.238640,2.762410,-0.138329,1.983684,0.196918
35.602720,-34.239740,-8.200977,2.748531,-0.138201,1.979286,0.223811
35.702727,-34.331857,-8.162037,2.734820,-0.136000,1.970070,0.310670
35.802735,-34.423434,-8.121847,2.721279,-0.134807,1.958510,0.341506
35.902743,-34.514462,-8.080427,2.707859,-0.133478,1.941128,0.389544
36.002750,-34.604928,-8.037794,2.694585,-0.131988,1.916895,0.437445
36.102758,-34.694824,-7.993972,2.681458,-0.130529,1.888372,0.484546
36.202765,-34.784141,-7.948979,2.668477,-0.129051,1.857254,0.538560
36.302773,-34.872869,-7.902838,2.655646,-0.127550,1.822952,0.606270
36.402781,-34.961001,-7.855569,2.642967,-0.126015,1.783804,0.669804
36.502788,-35.048531,-7.807192,2.630441,-0.124470,1.737904,0.735437
36.602796,-35.135451,-7.757730,2.618071,-0.122913,1.685139,0.802442
36.702804,-35.221757,-7.707204,2.605858,-0.121322,1.633153,0.869178
36.802811,-35.307444,-7.655634,2.593804,-0.119722,1.583722,0.932285
36.902819,-35.392507,-7.603041,2.581912,-0.118113,1.536594,0.984222
37.002827,-35.476943,-7.549448,2.570181,-0.116473,1.486107,1.037018
37.102834,-35.560749,-7.494875,2.558615,-0.114826,1.431871,1.088155
37.202842,-35.643923,-7.439343,2.547214,-0.113171,1.378268,1.137734
37.302850,-35.726463,-7.382873,2.535980,-0.111489,1.319801,1.185748
37.402857,-35.808368,-7.325487,2.524914,-0.109801,1.259092,1.233750
37.502865,-35.889638,-7.267204,2.514018,-0.108105,1.196523,1.281472
37.602872,-35.970273,-7.208047,2.503293,-0.106386,1.136275,1.328123
37.702880,-36.050274,-7.148035,2.492739,-0.104663,1.079473,1.371040
37.802888,-36.129643,-7.087188,2.482359,-0.102933,1.027772,1.408350
37.902895,-36.208381,-7.025528,2.472152,-0.101183,0.979635,1.446201
38.002903,-36.286491,-6.963075,2.462120,-0.099428,0.932614,1.482653
38.102911,-36.363976,-6.899848,2.452265,-0.097669,0.885570,1.517217
38.202918,-36.440840,-6.835867,2.442586,-0.095891,0.838832,1.549846
38.302926,-36.517087,-6.771152,2.433085,-0.094110,0.790920,1.580058
38.402934,-36.592721,-6.705722,2.423762,-0.092325,0.744075,1.605419
38.502941,-36.667748,-6.639597,2.414619,-0.090524,0.695401,1.631042
38.602949,-36.742174,-6.572795,2.405656,-0.088720,0.657123,1.657734
38.702956,-36.816003,-6.505335,2.396874,-0.086911,0.622905,1.684601
38.802964,-36.889244,-6.437237,2.388273,-0.085089,0.590874,1.713604
38.902972,-36.961902,-6.368517,2.379855,-0.083263,0.556722,1.739970
39.002979,-37.033986,-6.299195,2.371619,-0.081434,0.528461,1.762858
39.102987,-37.105503,-6.229288,2.363567,-0.079592,0.504335,1.784053
39.202995,-37.176461,-6.158815,2.355700,-0.077746,0.476261,1.805094
39.303002,-37.246869,-6.087791,2.348017,-0.075897,0.448518,1.823516
39.403010,-37.316735,-6.016236,2.340520,-0.074036,0.423299,1.840866
39.503018,-37.386070,-5.944165,2.333209,-0.072171,0.406222,1.857275
39.603025,-37.454883,-5.871595,2.326084,-0.070302,0.387575,1.872671
39.703033,-37.523185,-5.798543,2.319148,-0.068422,0.369737,1.887075
39.803041,-37.590984,-5.725026,2.312399,-0.066537,0.353384,1.900452
39.903048,-37.658293,-5.651059,2.305839,-0.064649,0.338574,1.913002
40.003056,-37.725123,-5.576659,2.299469,-0.062750,0.324247,1.924820
40.103063,-37.791484,-5.501841,2.293288,-0.060846,0.310170,1.935877
40.203071,-37.857388,-5.426620,2.287299,-0.058938,0.298406,1.945932
40.303079,-37.922848,-5.351012,2.281500,-0.057020,0.286837,1.954643
40.403086,-37.987876,-5.275033,2.275894,-0.055097,0.277274,1.962317
40.503094,-38.052485,-5.198696,2.270480,-0.053170,0.270030,1.970655
40.603102,-38.116686,-5.122016,2.265260,-0.051233,0.262185,1.980568
40.703109,-38.180494,-5.045009,2.260233,-0.049292,0.255394,1.986026
40.803117,-38.243921,-4.967688,2.255401,-0.047346,0.249792,1.990767
40.903125,-38.306982,-4.890068,2.250763,-0.045392,0.243299,1.995772
41.003132,-38.369689,-4.812162,2.246322,-0.043434,0.235915,1.999853
41.103140,-38.432057,-4.733984,2.242076,-0.041472,0.228865,2.003153
41.203147,-38.494101,-4.655549,2.238027,-0.039504,0.226174,2.005699
41.303155,-38.555835,-4.576869,2.234175,-0.037531,0.223218,2.004382
41.403163,-38.617272,-4.497958,2.230520,-0.035554,0.218246,2.005685
41.503170,-38.678429,-4.418829,2.227063,-0.033585,0.214412,2.006950
41.603178,-38.739319,-4.339495,2.223803,-0.031588,0.215083,2.008699
41.703186,-38.799959,-4.259969,2.220746,-0.029561,0.214232,2.011360
41.803193,-38.860363,-4.180263,2.217881,-0.027731,0.213259,2.013977
41.903201,-38.920545,-4.100391,2.215208,-0.025536,0.210838,2.016802
42.003209,-38.980524,-4.020366,2.212783,-0.022954,0.209708,2.023263
42.103216,-39.040315,-3.940200,2.210480,-0.023144,0.209827,2.025960
42.203224,-39.099921,-3.859896,2.208163,-0.023008,0.210357,2.027674
42.303231,-39.159342,-3.779456,2.205888,-0.022486,0.210597,2.028779
42.403239,-39.218582,-3.698881,2.203655,-0.022165,0.211844,2.026491
42.503247,-39.277642,-3.618176,2.201455,-0.021822,0.213868,2.024110
42.603254,-39.336527,-3.537342,2.199291,-0.021453,0.216027,2.020838
42.703262,-39.395238,-3.456382,2.197163,-0.021103,0.217625,2.018534
42.803270,-39.453778,-3.375298,2.195070,-0.020755,0.219952,2.014964
42.903277,-39.512149,-3.294093,2.193012,-0.020407,0.223772,2.011575
43.003285,-39.570355,-3.212768,2.190988,-0.020066,0.228807,2.007434
43.103293,-39.628397,-3.131327,2.188998,-0.019730,0.231730,2.003964
43.203300,-39.686279,-3.049772,2.187042,-0.019396,0.231408,2.001434
43.303308,-39.744002,-2.968105,2.185119,-0.019071,0.229495,1.998661
43.403316,-39.801570,-2.886328,2.183227,-0.018749,0.230495,1.994937
43.503323,-39.858984,-2.804442,2.181368,-0.018432,0.231104,1.993711
43.603331,-39.916246,-2.722452,2.179540,-0.018122,0.231925,1.992933
43.703338,-39.973361,-2.640357,2.177743,-0.017817,0.232649,1.991523
43.803346,-40.030328,-2.558161,2.175977,-0.017516,0.234233,1.989406
43.903354,-40.087152,-2.475865,2.174240,-0.017223,0.238355,1.988649
44.003361,-40.143834,-2.393472,2.172532,-0.016934,0.241410,1.991367
44.103369,-40.200376,-2.310982,2.170852,-0.016648,0.242811,1.991806
44.203377,-40.256781,-2.228399,2.169201,-0.016370,0.244515,1.990357
44.303384,-40.313051,-2.145723,2.167578,-0.016095,0.246191,1.990309
44.403392,-40.369187,-2.062957,2.165982,-0.015824,0.248092,1.988957
44.503400,-40.425193,-1.980102,2.164413,-0.015558,0.250324,1.987009
44.603407,-40.481069,-1.897160,2.162870,-0.015296,0.252825,1.984037
44.703415,-40.536818,-1.814133,2.161353,-0.015036,0.255201,1.979901
44.803422,-40.592443,-1.731022,2.159862,-0.014781,0.257855,1.977415
44.903430,-40.647945,-1.647829,2.158397,-0.014528,0.262954,1.974726
45.003438,-40.703325,-1.564555,2.156957,-0.014277,0.265957,1.971268
45.103445,-40.758587,-1.481203,2.155541,-0.014029,0.265210,1.963542
45.203453,-40.813732,-1.397772,2.154151,-0.013784,0.267761,1.960151
45.303461,-40.868761,-1.314266,2.152784,-0.013539,0.271608,1.963924
45.403468,-40.923678,-1.230686,2.151442,-0.013298,0.276421,1.960694
45.503476,-40.978483,-1.147032,2.150124,-0.013058,0.280513,1.956654
45.603484,-41.033179,-1.063307,2.148831,-0.012818,0.284785,1.952604
45.703491,-41.087768,-0.979512,2.147560,-0.012581,0.290106,1.948728
45.803499,-41.142251,-0.895649,2.146314,-0.012345,0.295139,1.944600
45.903507,-41.196631,-0.811718,2.145091,-0.012110,0.299766,1.940596
46.003514,-41.250909,-0.727721,2.143892,-0.011876,0.302089,1.935643
46.103522,-41.305087,-0.643660,2.142716,-0.011643,0.304676,1.931494
46.203529,-41.359167,-0.559536,2.141563,-0.011412,0.307911,1.926410
46.303537,-41.413151,-0.475350,2.140433,-0.011182,0.311352,1.922364
46.403545,-41.467041,-0.391104,2.139326,-0.010953,0.315057,1.917890
46.503552,-41.520839,-0.306799,2.138242,-0.010725,0.317256,1.914083
46.603560,-41.574546,-0.222436,2.137181,-0.010499,0.321128,1.909524
46.703568,-41.628165,-0.138017,2.136142,-0.010275,0.326864,1.904657
46.803575,-41.681696,-0.053543,2.135126,-0.010051,0.330401,1.900705
46.903583,-41.735143,0.030985,2.134132,-0.009831,0.331755,1.896978
47.003591,-41.788507,0.115565,2.133160,-0.009612,0.335220,1.893047
47.103598,-41.841789,0.200197,2.132209,-0.009394,0.339957,1.887303
47.203606,-41.894992,0.284878,2.131281,-0.009179,0.344753,1.882906
47.303613,-41.948118,0.369609,2.130373,-0.008966,0.349686,1.878496
47.403621,-42.001167,0.454387,2.129487,-0.008755,0.355810,1.873939
47.503629,-42.054142,0.539211,2.128622,-0.008547,0.365102,1.868073
47.603636,-42.107044,0.624081,2.127778,-0.008342,0.373045,1.861870
47.703644,-42.159875,0.708995,2.126954,-0.008138,0.379825,1.854431
47.803652,-42.212638,0.793952,2.126150,-0.007938,0.386354,1.848192
47.903659,-42.265333,0.878950,2.125366,-0.007741,0.394449,1.843872
48.003667,-42.317962,0.963990,2.124601,-0.007545,0.405470,1.837528
48.103675,-42.370527,1.049069,2.123856,-0.007354,0.415225,1.830417
48.203682,-42.423029,1.134187,2.123130,-0.007166,0.417403,1.824708
48.303690,-42.475470,1.219342,2.122423,-0.006979,0.418067,1.817364
48.403698,-42.527852,1.304534,2.121734,-0.006797,0.421090,1.811979
48.503705,-42.580176,1.389761,2.121063,-0.006617,0.431824,1.809366
48.603713,-42.632444,1.475024,2.120410,-0.006440,0.443678,1.803848
48.703720,-42.684656,1.560319,2.119775,-0.006268,0.452294,1.795314
48.803728,-42.736815,1.645648,2.119157,-0.006097,0.458720,1.785056
48.903736,-42.788923,1.731008,2.118555,-0.005930,0.464316,1.775614
49.003743,-42.840979,1.816399,2.117971,-0.005766,0.470865,1.767353
49.103751,-42.892986,1.901820,2.117402,-0.005606,0.477310,1.761220
49.203759,-42.944945,1.987271,2.116849,-0.005447,0.483834,1.753554
49.303766,-42.996858,2.072749,2.116312,-0.005294,0.489543,1.746342
49.403774,-43.048726,2.158256,2.115790,-0.005143,0.498338,1.738826
49.503782,-43.100549,2.243788,2.115283,-0.004994,0.509780,1.730797
49.603789,-43.152330,2.329347,2.114791,-0.004850,0.517710,1.722313
49.703797,-43.204069,2.414931,2.114313,-0.004709,0.524964,1.714304
49.803804,-43.255768,2.500539,2.113849,-0.004570,0.532089,1.706900
49.903812,-43.307428,2.586171,2.113399,-0.004436,0.537369,1.700178
50.003820,-43.359050,2.671825,2.112962,-0.004304,0.542727,1.694564
50.103827,-43.410635,2.757502,2.112538,-0.004175,0.544027,1.689612
50.203835,-43.462184,2.843201,2.112127,-0.004050,0.551063,1.685307
50.303843,-43.513698,2.928920,2.111728,-0.003928,0.560572,1.676041
50.403850,-43.565179,3.014659,2.111341,-0.003809,0.568723,1.665983
50.503858,-43.616627,3.100418,2.110966,-0.003694,0.576262,1.657628
50.603866,-43.668043,3.186197,2.110602,-0.003582,0.584209,1.651376
50.703873,-43.719429,3.271993,2.110249,-0.003472,0.593605,1.643323
50.803881,-43.770785,3.357807,2.109907,-0.003367,0.603187,1.634275
50.903888,-43.822112,3.443639,2.109576,-0.003265,0.609818,1.625304
51.003896,-43.873411,3.529487,2.109254,-0.003165,0.617046,1.616615
51.103904,-43.924682,3.615352,2.108942,-0.003070,0.625677,1.608766
51.203911,-43.975928,3.701233,2.108640,-0.002977,0.635059,1.598337
51.303919,-44.027147,3.787128,2.108347,-0.002887,0.643879,1.586219
51.403927,-44.078342,3.873039,2.108062,-0.002802,0.647432,1.577085
51.503934,-44.129513,3.958963,2.107786,-0.002719,0.651971,1.568607
51.603942,-44.180661,4.044902,2.107519,-0.002638,0.660504,1.558611
51.703950,-44.231786,4.130854,2.107259,-0.002563,0.672134,1.550641
51.803957,-44.282889,4.216819,2.107006,-0.002490,0.684911,1.542526
51.903965,-44.333970,4.302797,2.106760,-0.002419,0.692392,1.535974
52.003973,-44.385031,4.388788,2.106522,-0.002353,0.700601,1.530665
52.103980,-44.436071,4.474790,2.106290,-0.002290,0.710351,1.524888
52.203988,-44.487092,4.560804,2.106064,-0.002229,0.721253,1.517059
52.303995,-44.538093,4.646830,2.105844,-0.002173,0.729712,1.507327
52.404003,-44.589076,4.732866,2.105629,-0.002119,0.738324,1.498749
52.504011,-44.640041,4.818914,2.105420,-0.002067,0.747975,1.491957
52.604018,-44.690987,4.904971,2.105216,-0.002020,0.757908,1.482960
52.704026,-44.741917,4.991039,2.105016,-0.001976,0.767302,1.473016
52.804034,-44.792829,5.077118,2.104820,-0.001934,0.775353,1.458499
52.904041,-44.843725,5.163206,2.104629,-0.001896,0.782954,1.449648
53.004049,-44.894604,5.249303,2.104441,-0.001861,0.791746,1.441866
53.104057,-44.945468,5.335411,2.104256,-0.001828,0.800852,1.433911
53.204064,-44.996315,5.421527,2.104075,-0.001799,0.809484,1.425241
53.304072,-45.047147,5.507653,2.103897,-0.001773,0.817644,1.415094
53.404079,-45.097964,5.593787,2.103720,-0.001749,0.827873,1.407994
53.504087,-45.148766,5.679931,2.103546,-0.001729,0.837731,1.401442
53.604095,-45.199553,5.766083,2.103374,-0.001712,0.846982,1.394041
53.704102,-45.250325,5.852244,2.103204,-0.001697,0.856669,1.387815
53.804110,-45.301083,5.938414,2.103035,-0.001685,0.869562,1.378183
53.904118,-45.351826,6.024592,2.102867,-0.001676,0.874463,1.368561
54.004125,-45.402554,6.110779,2.102699,-0.001669,0.882606,1.360503
54.104133,-45.453268,6.196974,2.102533,-0.001666,0.893123,1.352892
54.204141,-45.503968,6.283177,2.102366,-0.001666,0.902154,1.341549
54.304148,-45.554653,6.369389,2.102199,-0.001667,0.909812,1.324805
54.404156,-45.605324,6.455610,2.102033,-0.001672,0.917141,1.312135
54.504164,-45.655981,6.541839,2.101865,-0.001679,0.925295,1.303900
54.604171,-45.706623,6.628076,2.101697,-0.001687,0.935602,1.298640
54.704179,-45.757251,6.714322,2.101527,-0.001700,0.944134,1.292031
54.804186,-45.807864,6.800577,2.101357,-0.001714,0.951865,1.283038
54.904194,-45.858462,6.886840,2.101184,-0.001731,0.960775,1.274299
55.004202,-45.909045,6.973112,2.101010,-0.001750,0.971018,1.267276
55.104209,-45.959613,7.059393,2.100834,-0.001772,0.980965,1.259397
55.204217,-46.010166,7.145683,2.100656,-0.001795,0.990937,1.249821
55.304225,-46.060703,7.231982,2.100475,-0.001822,1.000426,1.238623
55.404232,-46.111225,7.318290,2.100292,-0.001850,1.010302,1.228852
55.504240,-46.161730,7.404608,2.100105,-0.001880,1.022026,1.220730
55.604248,-46.212220,7.490935,2.099915,-0.001912,1.033413,1.212172
55.704255,-46.262693,7.577272,2.099722,-0.001947,1.043236,1.202632
55.804263,-46.313149,7.663618,2.099526,-0.001983,1.052071,1.192266
55.904270,-46.363588,7.749975,2.099326,-0.002022,1.061380,1.182838
56.004278,-46.414009,7.836341,2.099122,-0.002062,1.071769,1.174647
56.104286,-46.464413,7.922718,2.098913,-0.002104,1.080225,1.166423
56.204293,-46.514798,8.009106,2.098701,-0.002148,1.086407,1.157548
56.304301,-46.565165,8.095504,2.098484,-0.002193,1.091975,1.148820
56.404309,-46.615513,8.181914,2.098262,-0.002240,1.101151,1.141822
56.504316,-46.665842,8.268335,2.098035,-0.002290,1.111423,1.135724
56.604324,-46.716150,8.354767,2.097804,-0.002340,1.122174,1.126940
56.704332,-46.766439,8.441211,2.097567,-0.002392,1.132300,1.116192
56.804339,-46.816707,8.527667,2.097326,-0.002446,1.141458,1.102052
56.904347,-46.866954,8.614136,2.097078,-0.002500,1.150108,1.091116
57.004355,-46.917179,8.700617,2.096825,-0.002556,1.157191,1.081873
57.104362,-46.967382,8.787111,2.096567,-0.002614,1.161331,1.072589
57.204370,-47.017562,8.873618,2.096302,-0.002673,1.167239,1.064305
57.304377,-47.067719,8.960138,2.096032,-0.002733,1.175893,1.057423
57.404385,-47.117853,9.046672,2.095756,-0.002794,1.186586,1.049295
57.504393,-47.167963,9.133220,2.095473,-0.002856,1.195812,1.040407
57.604400,-47.218047,9.219783,2.095184,-0.002919,1.203389,1.031338
57.704408,-47.268107,9.306360,2.094889,-0.002984,1.213184,1.022108
57.804416,-47.318140,9.392952,2.094588,-0.003049,1.223134,1.012560
57.904423,-47.368147,9.479559,2.094279,-0.003115,1.228231,1.004815
58.004431,-47.418128,9.566182,2.093964,-0.003182,1.233606,0.997861
58.104439,-47.468080,9.652820,2.093643,-0.003250,1.240061,0.991160
58.204446,-47.518005,9.739475,2.093314,-0.003318,1.247292,0.984759
58.304454,-47.567900,9.826147,2.092979,-0.003387,1.256071,0.977788
58.404461,-47.617767,9.912835,2.092637,-0.003457,1.264454,0.968899
58.504469,-47.667603,9.999541,2.092288,-0.003527,1.271390,0.960328
58.604477,-47.717409,10.086264,2.091932,-0.003597,1.277711,0.952396
58.704484,-47.767184,10.173005,2.091568,-0.003669,1.284520,0.947551
58.804492,-47.816926,10.259764,2.091198,-0.003740,1.289117,0.946429
58.904500,-47.866637,10.346542,2.090820,-0.003812,1.293616,0.942410
59.004507,-47.916314,10.433339,2.090435,-0.003884,1.297742,0.942261
59.104515,-47.965957,10.520155,2.090043,-0.003956,1.301131,0.933014
59.204523,-48.015567,10.606991,2.089644,-0.004029,1.302371,0.927036
59.304530,-48.065141,10.693847,2.089238,-0.004101,1.302535,0.922450
59.404538,-48.114679,10.780723,2.088824,-0.004174,1.302570,0.918751
59.504545,-48.164182,10.867620,2.088403,-0.004247,1.307696,0.916849
59.604553,-48.213647,10.954538,2.087974,-0.004319,1.314309,0.916229
59.704561,-48.263075,11.041477,2.087539,-0.004392,1.316484,0.915877
59.804568,-48.312464,11.128438,2.087096,-0.004464,1.318594,0.918143
59.904576,-48.361815,11.215421,2.086646,-0.004536,1.321229,0.916034
60.004584,-48.411127,11.302426,2.086189,-0.004609,1.324640,0.912025
60.104591,-48.460398,11.389454,2.085724,-0.004680,1.327644,0.905704
60.204599,-48.509628,11.476505,2.085253,-0.004752,1.325498,0.898909
60.304607,-48.558817,11.563579,2.084774,-0.004823,1.322856,0.897926
60.404614,-48.607965,11.650678,2.084288,-0.004893,1.323466,0.899154
60.504622,-48.657069,11.737800,2.083795,-0.004963,1.325068,0.899863
60.604630,-48.706130,11.824946,2.083295,-0.005033,1.325928,0.900170
60.704637,-48.755148,11.912118,2.082788,-0.005102,1.322700,0.900232
60.804645,-48.804121,11.999314,2.082275,-0.005171,1.320105,0.899949
60.904652,-48.853048,12.086535,2.081754,-0.005239,1.319545,0.900777
61.004660,-48.901930,12.173783,2.081227,-0.005306,1.319961,0.901114
61.104668,-48.950766,12.261056,2.080693,-0.005372,1.323819,0.901241
61.204675,-48.999555,12.348355,2.080153,-0.005438,1.323804,0.902159
61.304683,-49.048296,12.435681,2.079605,-0.005502,1.323953,0.904507
61.404691,-49.096990,12.523034,2.079052,-0.005566,1.324069,0.909269
61.504698,-49.145635,12.610413,2.078492,-0.005629,1.323815,0.909528
61.604706,-49.194230,12.697820,2.077926,-0.005691,1.322997,0.909316
61.704714,-49.242776,12.785255,2.077354,-0.005752,1.314971,0.906053
61.804721,-49.291271,12.872718,2.076776,-0.005813,1.315851,0.905732
61.904729,-49.339716,12.960209,2.076191,-0.005871,1.319988,0.902820
62.004736,-49.388109,13.047728,2.075601,-0.005929,1.321833,0.900795
62.104744,-49.436450,13.135276,2.075005,-0.005986,1.322678,0.900944
62.204752,-49.484739,13.222853,2.074404,-0.006041,1.322845,0.902455
62.304759,-49.532975,13.310459,2.073797,-0.006096,1.321570,0.905179
62.404767,-49.581158,13.398094,2.073185,-0.006149,1.320334,0.907706
62.504775,-49.629287,13.485759,2.072567,-0.006201,1.319344,0.908590
62.604782,-49.677361,13.573454,2.071945,-0.006251,1.318855,0.909206
62.704790,-49.725380,13.661179,2.071317,-0.006301,1.318406,0.910279
62.804798,-49.773345,13.748934,2.070684,-0.006348,1.317023,0.913739
62.904805,-49.821253,13.836720,2.070047,-0.006394,1.315746,0.916765
63.004813,-49.869105,13.924536,2.069406,-0.006439,1.316176,0.916810
63.104821,-49.916901,14.012383,2.068759,-0.006482,1.316482,0.914267
63.204828,-49.964640,14.100261,2.068109,-0.006524,1.316173,0.913834
63.304836,-50.012321,14.188170,2.067455,-0.006565,1.316402,0.914221
63.404843,-50.059945,14.276110,2.066796,-0.006603,1.316574,0.912771
63.504851,-50.107511,14.364082,2.066134,-0.006640,1.316213,0.910923
63.604859,-50.155018,14.452086,2.065468,-0.006676,1.313488,0.910789
63.704866,-50.202466,14.540121,2.064799,-0.006710,1.313336,0.910910
63.804874,-50.249856,14.628187,2.064126,-0.006742,1.314546,0.911296
63.904882,-50.297186,14.716286,2.063450,-0.006773,1.316241,0.911507
64.004889,-50.344456,14.804417,2.062771,-0.006801,1.315704,0.912141
64.104897,-50.391666,14.892580,2.062090,-0.006828,1.314448,0.913207
64.204905,-50.438817,14.980775,2.061406,-0.006853,1.313155,0.914176
64.304912,-50.485906,15.069003,2.060719,-0.006876,1.312213,0.914295
64.404920,-50.532935,15.157263,2.060030,-0.006898,1.312214,0.913906
64.504927,-50.579903,15.245555,2.059340,-0.006918,1.313398,0.912781
64.604935,-50.626810,15.333880,2.058647,-0.006935,1.315350,0.911085
64.704943,-50.673656,15.422237,2.057953,-0.006951,1.317354,0.910330
64.804950,-50.720441,15.510627,2.057257,-0.006965,1.316512,0.914016
64.904958,-50.767163,15.599049,2.056559,-0.006977,1.315075,0.921575
65.004966,-50.813824,15.687504,2.055861,-0.006987,1.315519,0.924201
65.104973,-50.860423,15.775992,2.055162,-0.006996,1.315776,0.926140
65.204981,-50.906961,15.864512,2.054462,-0.007001,1.308154,0.925213
65.304989,-50.953436,15.953064,2.053762,-0.007005,1.306790,0.922598
65.404996,-50.999849,16.041649,2.053061,-0.007008,1.306608,0.914862
65.505004,-51.046201,16.130267,2.052360,-0.007007,1.305154,0.911764
65.605011,-51.092490,16.218917,2.051659,-0.007005,1.303102,0.912533
65.705019,-51.138717,16.307600,2.050959,-0.007002,1.301580,0.915177
65.805027,-51.184881,16.396315,2.050259,-0.006995,1.302040,0.917523
65.905034,-51.230984,16.485062,2.049560,-0.006987,1.304031,0.917773
66.005042,-51.277025,16.573841,2.048862,-0.006977,1.305164,0.917623
66.105050,-51.323004,16.662653,2.048165,-0.006964,1.307646,0.916215
66.205057,-51.368921,16.751496,2.047469,-0.006949,1.310565,0.913957
66.305065,-51.414776,16.840372,2.046775,-0.006933,1.313119,0.913149
66.405073,-51.460569,16.929279,2.046083,-0.006913,1.316025,0.914447
66.505080,-51.506301,17.018218,2.045392,-0.006892,1.320482,0.916181
66.605088,-51.551972,17.107188,2.044704,-0.006870,1.319199,0.919779
66.705096,-51.597582,17.196190,2.044018,-0.006844,1.317787,0.925205
66.805103,-51.643131,17.285222,2.043335,-0.006816,1.316956,0.924712
66.905111,-51.688619,17.374286,2.042655,-0.006787,1.316669,0.923843
67.005118,-51.734046,17.463381,2.041978,-0.006754,1.316513,0.923661
67.105126,-51.779413,17.552506,2.041304,-0.006720,1.316087,0.924426
67.205134,-51.824721,17.641662,2.040634,-0.006684,1.314340,0.926648
67.305141,-51.869969,17.730848,2.039967,-0.006645,1.311104,0.929094
67.405149,-51.915157,17.820064,2.039305,-0.006604,1.308357,0.931506
67.505157,-51.960287,17.909310,2.038646,-0.006562,1.304147,0.933388
67.605164,-52.005358,17.998586,2.037992,-0.006516,1.300953,0.931779
67.705172,-52.050371,18.087891,2.037343,-0.006469,1.300770,0.930221
67.805180,-52.095326,18.177225,2.036699,-0.006420,1.302067,0.928462
67.905187,-52.140224,18.266588,2.036059,-0.006367,1.303457,0.926821
68.005195,-52.185065,18.355979,2.035425,-0.006313,1.305411,0.926899
68.105202,-52.229849,18.445399,2.034797,-0.006258,1.306542,0.930693
68.205210,-52.274577,18.534847,2.034174,-0.006198,1.307404,0.932897
68.305218,-52.319250,18.624322,2.033557,-0.006138,1.307768,0.932688
68.405225,-52.363868,18.713825,2.032946,-0.006075,1.308747,0.932297
68.505233,-52.408432,18.803355,2.032342,-0.006010,1.310826,0.931932
68.605241,-52.452942,18.892912,2.031744,-0.005943,1.314310,0.930363
68.705248,-52.497398,18.982495,2.031153,-0.005874,1.316047,0.928662
68.805256,-52.541802,19.072104,2.030569,-0.005801,1.317029,0.927853
68.905264,-52.586154,19.161739,2.029993,-0.005728,1.318138,0.929009
69.005271,-52.630455,19.251399,2.029424,-0.005652,1.314407,0.930370
69.105279,-52.674705,19.341085,2.028862,-0.005573,1.307725,0.928209
69.205287,-52.718905,19.430795,2.028309,-0.005493,1.304135,0.929519
69.305294,-52.763056,19.520529,2.027764,-0.005411,1.301290,0.928166
69.405302,-52.807158,19.610287,2.027227,-0.005326,1.296848,0.924869
69.505309,-52.851212,19.700069,2.026699,-0.005239,1.296605,0.923569
69.605317,-52.895219,19.789874,2.026179,-0.005151,1.297350,0.923576
69.705325,-52.939180,19.879701,2.025668,-0.005059,1.298356,0.925804
69.805332,-52.983096,19.969551,2.025167,-0.004966,1.296511,0.928791
69.905340,-53.026966,20.059422,2.024675,-0.004872,1.292455,0.935442
70.005348,-53.070794,20.149315,2.024193,-0.004774,1.289188,0.941191
70.105355,-53.114578,20.239229,2.023720,-0.004674,1.288552,0.942880
70.205363,-53.158320,20.329163,2.023258,-0.004573,1.288525,0.942993
70.305371,-53.202021,20.419117,2.022806,-0.004470,1.290602,0.940362
70.405378,-53.245682,20.509091,2.022364,-0.004364,1.291620,0.938876
70.505386,-53.289303,20.599083,2.021933,-0.004257,1.292433,0.939134
70.605393,-53.332886,20.689095,2.021513,-0.004147,1.291023,0.940287
70.705401,-53.376432,20.779124,2.021104,-0.004035,1.287921,0.940474
70.805409,-53.419942,20.869171,2.020706,-0.003922,1.282179,0.941459
70.905416,-53.463416,20.959235,2.020319,-0.003807,1.278269,0.944165
71.005424,-53.506856,21.049315,2.019944,-0.003689,1.277852,0.946223
71.105432,-53.550263,21.139412,2.019581,-0.003570,1.280879,0.946716
71.205439,-53.593637,21.229524,2.019230,-0.003449,1.286936,0.948514
71.305447,-53.636981,21.319651,2.018892,-0.003325,1.290876,0.949388
71.405455,-53.680294,21.409792,2.018565,-0.003201,1.289167,0.950285
71.505462,-53.723579,21.499948,2.018251,-0.003074,1.284626,0.950624
71.605470,-53.766836,21.590116,2.017950,-0.002945,1.280487,0.949601
71.705478,-53.810066,21.680298,2.017662,-0.002815,1.276092,0.951664
71.805485,-53.853271,21.770491,2.017388,-0.002682,1.267887,0.954792
71.905493,-53.896452,21.860696,2.017126,-0.002548,1.263542,0.957768
72.005500,-53.939609,21.950912,2.016878,-0.002412,1.258914,0.960056
72.105508,-53.982745,22.041139,2.016644,-0.002274,1.262201,0.960088
72.205516,-54.025861,22.131375,2.016423,-0.002135,1.273746,0.958825
72.305523,-54.068957,22.221620,2.016217,-0.001994,1.275346,0.958587
72.405531,-54.112035,22.311874,2.016024,-0.001851,1.274019,0.958213
72.505539,-54.155097,22.402136,2.015846,-0.001707,1.272861,0.957998
72.605546,-54.198143,22.492406,2.015683,-0.001561,1.270676,0.957630
72.705554,-54.241175,22.582682,2.015534,-0.001413,1.270230,0.955194
72.805562,-54.284194,22.672964,2.015400,-0.001264,1.268753,0.956705
72.905569,-54.327202,22.763252,2.015281,-0.001113,1.266003,0.961249
73.005577,-54.370200,22.853544,2.015178,-0.000961,1.263614,0.965870
73.105584,-54.413189,22.943841,2.015089,-0.000807,1.266240,0.967651
73.205592,-54.456171,23.034141,2.015016,-0.000652,1.266706,0.968352
73.305600,-54.499147,23.124443,2.014959,-0.000494,1.261861,0.969010
73.405607,-54.542118,23.214748,2.014918,-0.000336,1.258774,0.967438
73.505615,-54.585087,23.305055,2.014892,-0.000177,1.257820,0.962215
73.605623,-54.628054,23.395362,2.014882,-0.000015,1.256360,0.962833
73.705630,-54.671020,23.485669,2.014889,0.000148,1.253891,0.963944
73.805638,-54.713988,23.575975,2.014912,0.000311,1.255189,0.965279
73.905646,-54.756959,23.666281,2.014951,0.000477,1.263453,0.969248
74.005653,-54.799934,23.756584,2.015007,0.000644,1.263463,0.973796
74.105661,-54.842915,23.846884,2.015080,0.000811,1.261639,0.976888
74.205668,-54.885904,23.937181,2.015170,0.000981,1.258762,0.981125
74.305676,-54.928901,24.027474,2.015276,0.001151,1.254733,0.981739
74.405684,-54.971909,24.117762,2.015400,0.001322,1.248117,0.983881
74.505691,-55.014928,24.208044,2.015541,0.001495,1.238526,0.987940
74.605699,-55.057961,24.298319,2.015699,0.001669,1.235566,0.990693
74.705707,-55.101009,24.388588,2.015875,0.001844,1.244868,0.990753
74.805714,-55.144074,24.478848,2.016068,0.002021,1.247706,0.990164
74.905722,-55.187157,24.569100,2.016279,0.002198,1.249565,0.989728
75.005730,-55.230260,24.659342,2.016508,0.002376,1.249895,0.990316
75.105737,-55.273384,24.749574,2.016754,0.002556,1.247586,0.992341
75.205745,-55.316531,24.839795,2.017019,0.002736,1.237457,0.995165
75.305753,-55.359703,24.930005,2.017301,0.002917,1.232665,0.995494
75.405760,-55.402902,25.020201,2.017602,0.003099,1.230214,0.996182
75.505768,-55.446128,25.110385,2.017921,0.003283,1.230618,0.997560
75.605775,-55.489384,25.200554,2.018259,0.003466,1.230946,0.998881
75.705783,-55.532671,25.290708,2.018615,0.003651,1.230116,1.000612
75.805791,-55.575991,25.380846,2.018989,0.003837,1.227742,1.005193
75.905798,-55.619346,25.470967,2.019382,0.004023,1.223846,1.009970
76.005806,-55.662736,25.561072,2.019794,0.004211,1.217311,1.017461
76.105814,-55.706165,25.651158,2.020224,0.004399,1.213522,1.020828
76.205821,-55.749634,25.741224,2.020674,0.004588,1.211255,1.021714
76.305829,-55.793144,25.831271,2.021142,0.004777,1.211238,1.023991
76.405837,-55.836696,25.921297,2.021629,0.004967,1.210890,1.024754
76.505844,-55.880294,26.011301,2.022136,0.005158,1.210810,1.017137
76.605852,-55.923938,26.101283,2.022661,0.005349,1.209708,1.017684
76.705859,-55.967630,26.191242,2.023206,0.005541,1.205961,1.027084
76.805867,-56.011372,26.281176,2.023769,0.005733,1.201719,1.035518
76.905875,-56.055165,26.371085,2.024352,0.005926,1.198424,1.038410
77.005882,-56.099012,26.460968,2.024955,0.006120,1.196285,1.040372
77.105890,-56.142914,26.550825,2.025576,0.006313,1.193963,1.040720
77.205898,-56.186872,26.640653,2.026218,0.006508,1.191271,1.038075
77.305905,-56.230889,26.730453,2.026878,0.006702,1.189801,1.035839
77.405913,-56.274966,26.820224,2.027558,0.006897,1.189494,1.033242
77.505921,-56.319105,26.909964,2.028258,0.007093,1.187134,1.035686
77.605928,-56.363308,26.999673,2.028977,0.007288,1.184402,1.041657
77.705936,-56.407576,27.089349,2.029715,0.007484,1.180640,1.046892
77.805944,-56.451911,27.178992,2.030474,0.007680,1.176469,1.051129
77.905951,-56.496315,27.268602,2.031252,0.007877,1.172158,1.055045
78.005959,-56.540790,27.358176,2.032049,0.008073,1.168240,1.057333
78.105966,-56.585337,27.447714,2.032866,0.008270,1.165652,1.055786
78.205974,-56.629958,27.537216,2.033703,0.008466,1.165449,1.058526
78.305982,-56.674654,27.626679,2.034560,0.008663,1.163938,1.066351
78.405989,-56.719428,27.716104,2.035436,0.008860,1.160699,1.071541
78.505997,-56.764282,27.805489,2.036332,0.009057,1.157334,1.082551
78.606005,-56.809216,27.894834,2.037247,0.009254,1.152355,1.090444
78.706012,-56.854233,27.984136,2.038183,0.009451,1.146634,1.094878
78.806020,-56.899335,28.073397,2.039138,0.009647,1.142538,1.095728
78.906028,-56.944522,28.162613,2.040112,0.009844,1.140988,1.088791
79.006035,-56.989797,28.251786,2.041107,0.010040,1.139677,1.089529
79.106043,-57.035162,28.340912,2.042121,0.010237,1.136753,1.094023
79.206050,-57.080618,28.429992,2.043154,0.010433,1.132383,1.098287
79.306058,-57.126167,28.519025,2.044207,0.010629,1.126983,1.105333
79.406066,-57.171811,28.608009,2.045280,0.010824,1.116457,1.114520
79.506073,-57.217550,28.696944,2.046372,0.011020,1.107241,1.122408
79.606081,-57.263388,28.785829,2.047484,0.011215,1.099986,1.125033
79.706089,-57.309326,28.874661,2.048615,0.011409,1.096062,1.126482
79.806096,-57.355365,28.963442,2.049766,0.011604,1.094187,1.129568
79.906104,-57.401506,29.052169,2.050936,0.011797,1.092737,1.134961
80.006112,-57.447753,29.140841,2.052126,0.011991,1.092102,1.142117
80.106119,-57.494106,29.229458,2.053335,0.012184,1.094398,1.149466
80.206127,-57.540566,29.318018,2.054563,0.012376,1.087405,1.158179
80.306135,-57.587137,29.406521,2.055810,0.012568,1.076531,1.166462
80.406142,-57.633818,29.494965,2.057076,0.012759,1.065195,1.173215
80.506150,-57.680612,29.583350,2.058362,0.012950,1.057276,1.174738
80.606157,-57.727521,29.671674,2.059667,0.013140,1.050869,1.176726
80.706165,-57.774546,29.759936,2.060990,0.013329,1.045153,1.182233
80.806173,-57.821688,29.848135,2.062333,0.013518,1.041449,1.189178
80.906180,-57.868950,29.936271,2.063694,0.013706,1.039724,1.198326
81.006188,-57.916332,30.024341,2.065074,0.013893,1.037133,1.200038
81.106196,-57.963837,30.112346,2.066473,0.014079,1.029900,1.207380
81.206203,-58.011465,30.200284,2.067890,0.014264,1.019239,1.214785
81.306211,-58.059219,30.288154,2.069326,0.014449,1.008938,1.221838
81.406219,-58.107100,30.375954,2.070780,0.014633,0.996507,1.228295
81.506226,-58.155109,30.463685,2.072252,0.014816,0.989519,1.235030
81.606234,-58.203248,30.551344,2.073743,0.014998,0.983456,1.242616
81.706241,-58.251519,30.638931,2.075252,0.015178,0.979244,1.250804
81.806249,-58.299922,30.726445,2.076779,0.015358,0.974286,1.259630
81.906257,-58.348460,30.813884,2.078324,0.015537,0.965639,1.268506
82.006264,-58.397134,30.901247,2.079887,0.015714,0.955432,1.277075
82.106272,-58.445945,30.988534,2.081467,0.015891,0.944487,1.284469
82.206280,-58.494894,31.075744,2.083065,0.016066,0.934554,1.290882
82.306287,-58.543984,31.162874,2.084680,0.016240,0.929038,1.297525
82.406295,-58.593215,31.249925,2.086313,0.016413,0.925854,1.306743
82.506303,-58.642589,31.336895,2.087963,0.016585,0.922207,1.314589
82.606310,-58.692107,31.423783,2.089631,0.016755,0.919084,1.321495
82.706318,-58.741771,31.510588,2.091315,0.016925,0.917334,1.327977
82.806325,-58.791581,31.597308,2.093016,0.017093,0.911401,1.334606
82.906333,-58.841540,31.683943,2.094733,0.017259,0.904540,1.340822
83.006341,-58.891648,31.770492,2.096468,0.017424,0.897621,1.344760
83.106348,-58.941907,31.856954,2.098218,0.017588,0.890999,1.348180
83.206356,-58.992317,31.943327,2.099985,0.017749,0.884682,1.353499
83.306364,-59.042881,32.029610,2.101768,0.017910,0.879171,1.360965
83.406371,-59.093600,32.115802,2.103568,0.018069,0.872892,1.370269
83.506379,-59.144474,32.201903,2.105383,0.018227,0.865141,1.377897
83.606387,-59.195505,32.287911,2.107213,0.018383,0.855726,1.383602
83.706394,-59.246694,32.373825,2.109059,0.018537,0.846015,1.388542
83.806402,-59.298042,32.459644,2.110921,0.018689,0.841045,1.391879
83.906410,-59.349551,32.545367,2.112797,0.018840,0.838654,1.392725
84.006417,-59.401221,32.630993,2.114689,0.018990,0.839027,1.393314
84.106425,-59.453054,32.716520,2.116596,0.019137,0.837046,1.395072
84.206432,-59.505050,32.801948,2.118517,0.019283,0.835905,1.397243
84.306440,-59.557210,32.887275,2.120452,0.019427,0.835272,1.398836
84.406448,-59.609537,32.972501,2.122402,0.019569,0.834182,1.398416
84.506455,-59.662030,33.057625,2.124366,0.019709,0.831634,1.397879
84.606463,-59.714691,33.142645,2.126344,0.019848,0.832792,1.396565
84.706471,-59.767520,33.227560,2.128336,0.019983,0.838245,1.394106
84.806478,-59.820519,33.312369,2.130341,0.020118,0.844813,1.389365
84.906486,-59.873689,33.397072,2.132360,0.020251,0.847748,1.385719
85.006494,-59.927030,33.481667,2.134392,0.020380,0.849687,1.383135
85.106501,-59.980543,33.566152,2.136436,0.020509,0.851322,1.381356
85.206509,-60.034229,33.650528,2.138494,0.020636,0.852552,1.380161
85.306516,-60.088090,33.734793,2.140564,0.020759,0.853386,1.379337
85.406524,-60.142125,33.818946,2.142646,0.020881,0.854021,1.378610
85.506532,-60.196336,33.902986,2.144740,0.021001,0.861578,1.374566
85.606539,-60.250723,33.986912,2.146846,0.021118,0.867833,1.369460
85.706547,-60.305288,34.070723,2.148964,0.021234,0.872345,1.364821
85.806555,-60.360030,34.154418,2.151093,0.021347,0.876409,1.363032
85.906562,-60.414951,34.237995,2.153234,0.021458,0.880454,1.357581
86.006570,-60.470051,34.321455,2.155385,0.021566,0.881093,1.351557
86.106578,-60.525331,34.404796,2.157547,0.021673,0.880119,1.349412
86.206585,-60.580791,34.488016,2.159720,0.021776,0.879548,1.348967
86.306593,-60.636433,34.571116,2.161903,0.021877,0.882926,1.348566
86.406601,-60.692256,34.654094,2.164096,0.021977,0.882690,1.349088
86.506608,-60.748262,34.736949,2.166298,0.022073,0.883961,1.352161
86.606616,-60.804450,34.819680,2.168510,0.022167,0.884050,1.354381
86.706623,-60.860821,34.902286,2.170732,0.022259,0.883916,1.357553
86.806631,-60.917376,34.984766,2.172962,0.022347,0.881441,1.359944
86.906639,-60.974116,35.067120,2.175202,0.022434,0.879447,1.362285
87.006646,-61.031040,35.149347,2.177449,0.022518,0.877973,1.363878
87.106654,-61.088149,35.231445,2.179705,0.022598,0.876586,1.362341
87.206662,-61.145443,35.313414,2.181969,0.022677,0.873436,1.359920
87.306669,-61.202924,35.395252,2.184241,0.022753,0.868428,1.363134
87.406677,-61.260590,35.476960,2.186520,0.022826,0.863230,1.367242
87.506685,-61.318443,35.558536,2.188807,0.022896,0.857297,1.370387
87.606692,-61.376482,35.639979,2.191100,0.022964,0.852725,1.374803
87.706700,-61.434708,35.721288,2.193400,0.023029,0.847986,1.383603
87.806707,-61.493121,35.802464,2.195706,0.023091,0.843196,1.390489
87.906715,-61.551722,35.883504,2.198018,0.023150,0.839958,1.395420
88.006723,-61.610510,35.964408,2.200336,0.023206,0.839357,1.399885
88.106730,-61.669485,36.045176,2.202660,0.023260,0.835790,1.403560
88.206738,-61.728649,36.125806,2.204988,0.023311,0.832210,1.407088
88.306746,-61.788000,36.206298,2.207322,0.023358,0.829013,1.412124
88.406753,-61.847539,36.286651,2.209660,0.023402,0.827310,1.415462
88.506761,-61.907266,36.366865,2.212003,0.023445,0.823851,1.417238
88.606769,-61.967181,36.446938,2.214349,0.023483,0.820382,1.419064
88.706776,-62.027283,36.526871,2.216699,0.023518,0.817248,1.419882
88.806784,-62.087574,36.606662,2.219053,0.023552,0.818574,1.420748
88.906791,-62.148052,36.686310,2.221410,0.023580,0.818792,1.421224
89.006799,-62.208718,36.765816,2.223769,0.023607,0.817314,1.420403
89.106807,-62.269572,36.845178,2.226132,0.023631,0.811069,1.420422
89.206814,-62.330612,36.924397,2.228496,0.023650,0.810211,1.421051
89.306822,-62.391840,37.003471,2.230862,0.023667,0.808581,1.422782
89.406830,-62.453255,37.082399,2.233230,0.023682,0.804746,1.424242
89.506837,-62.514857,37.161182,2.235598,0.023692,0.801042,1.425661
89.606845,-62.576646,37.239819,2.237968,0.023699,0.799171,1.425198
89.706853,-62.638620,37.318309,2.240339,0.023704,0.802426,1.423339
89.806860,-62.700780,37.396652,2.242709,0.023705,0.805297,1.420782
89.906868,-62.763126,37.474847,2.245080,0.023702,0.806990,1.418301
90.006876,-62.825657,37.552895,2.247450,0.023697,0.810201,1.418351
90.106883,-62.888373,37.630794,2.249819,0.023688,0.813460,1.416944
90.206891,-62.951274,37.708544,2.252188,0.023676,0.815935,1.414743
90.306898,-63.014358,37.786145,2.254555,0.023661,0.817869,1.412620
90.406906,-63.077625,37.863596,2.256920,0.023641,0.819659,1.411341
90.506914,-63.141076,37.940898,2.259283,0.023619,0.822608,1.411419
90.606921,-63.204709,38.018050,2.261644,0.023594,0.826736,1.408784
90.706929,-63.268524,38.095051,2.264002,0.023564,0.830346,1.404927
90.806937,-63.332520,38.171902,2.266357,0.023531,0.833276,1.401399
90.906944,-63.396697,38.248602,2.268709,0.023496,0.835263,1.398469
91.006952,-63.461053,38.325151,2.271057,0.023456,0.837142,1.393898
91.106960,-63.525590,38.401548,2.273400,0.023413,0.840996,1.391836
91.206967,-63.590305,38.477795,2.275739,0.023367,0.840663,1.390762
91.306975,-63.655197,38.553890,2.278074,0.023317,0.837732,1.390855
91.406982,-63.720268,38.629833,2.280403,0.023263,0.838099,1.390596
91.506990,-63.785514,38.705625,2.282727,0.023207,0.837103,1.389046
91.606998,-63.850937,38.781265,2.285045,0.023146,0.840167,1.385770
91.707005,-63.916534,38.856754,2.287356,0.023082,0.844205,1.382257
91.807013,-63.982305,38.932091,2.289661,0.023015,0.850732,1.378071
91.907021,-64.048250,39.007276,2.291959,0.022943,0.857212,1.372332
92.007028,-64.114367,39.082310,2.294250,0.022869,0.863504,1.364102
92.107036,-64.180655,39.157192,2.296534,0.022792,0.869656,1.358654
92.207044,-64.247114,39.231924,2.298809,0.022709,0.873578,1.357188
92.307051,-64.313743,39.306504,2.301076,0.022624,0.877173,1.357514
92.407059,-64.380540,39.380933,2.303334,0.022535,0.880021,1.362860
92.507067,-64.447504,39.455211,2.305583,0.022442,0.883087,1.361066
92.607074,-64.514636,39.529339,2.307822,0.022346,0.885077,1.358445
92.707082,-64.581932,39.603317,2.310052,0.022247,0.877552,1.356504
92.807089,-64.649393,39.677145,2.312272,0.022143,0.874709,1.354880
92.907097,-64.717018,39.750823,2.314481,0.022036,0.873689,1.353787
93.007105,-64.784804,39.824352,2.316679,0.021926,0.874331,1.350721
93.107112,-64.852752,39.897732,2.318866,0.021811,0.877113,1.347002
93.207120,-64.920859,39.970964,2.321042,0.021693,0.880882,1.343064
93.307128,-64.989125,40.044048,2.323205,0.021572,0.884701,1.339841
93.407135,-65.057549,40.116984,2.325356,0.021446,0.887909,1.336493
93.507143,-65.126129,40.189774,2.327495,0.021317,0.890220,1.332613
93.607151,-65.194864,40.262417,2.329620,0.021186,0.892734,1.329830
93.707158,-65.263753,40.334914,2.331732,0.021049,0.895563,1.327733
93.807166,-65.332794,40.407266,2.333830,0.020909,0.897686,1.326333
93.907173,-65.401987,40.479474,2.335914,0.020767,0.898250,1.324453
94.007181,-65.471329,40.551538,2.337983,0.020619,0.900095,1.320933
94.107189,-65.540819,40.623459,2.340038,0.020468,0.902630,1.318212
94.207196,-65.610457,40.695237,2.342077,0.020315,0.906414,1.315735
94.307204,-65.680240,40.766874,2.344101,0.020156,0.909225,1.313521
94.407212,-65.750168,40.838369,2.346109,0.019995,0.910706,1.313121
94.507219,-65.820239,40.909725,2.348100,0.019831,0.911304,1.316574
94.607227,-65.890450,40.980942,2.350075,0.019661,0.912641,1.326134
94.707235,-65.960802,41.052021,2.352033,0.019489,0.910270,1.335839
94.807242,-66.031292,41.122962,2.353973,0.019314,0.906444,1.344233
94.907250,-66.101919,41.193767,2.355895,0.019133,0.902065,1.350311
95.007258,-66.172682,41.264437,2.357800,0.018950,0.897230,1.351958
95.107265,-66.243578,41.334972,2.359686,0.018765,0.891971,1.352164
95.207273,-66.314606,41.405375,2.361553,0.018574,0.886351,1.353442
95.307280,-66.385765,41.475645,2.363401,0.018380,0.882987,1.352469
95.407288,-66.457053,41.545785,2.365229,0.018184,0.874974,1.353963
95.507296,-66.528469,41.615794,2.367037,0.017982,0.868136,1.353328
95.607303,-66.600010,41.685675,2.368826,0.017778,0.865980,1.353237
95.707311,-66.671676,41.755429,2.370593,0.017571,0.864957,1.354657
95.807319,-66.743464,41.825057,2.372340,0.017359,0.863799,1.356698
95.907326,-66.815372,41.894560,2.374065,0.017144,0.861771,1.359528
96.007334,-66.887400,41.963940,2.375769,0.016927,0.857391,1.362204
96.107342,-66.959545,42.033197,2.377451,0.016704,0.855359,1.364235
96.207349,-67.031806,42.102334,2.379110,0.016479,0.853868,1.366083
96.307357,-67.104180,42.171352,2.380747,0.016252,0.852717,1.369391
96.407364,-67.176667,42.240252,2.382360,0.016019,0.852043,1.371637
96.507372,-67.249264,42.309036,2.383951,0.015784,0.850027,1.373746
96.607380,-67.321969,42.377705,2.385517,0.015546,0.848100,1.376152
96.707387,-67.394781,42.446262,2.387060,0.015303,0.845709,1.379111
96.807395,-67.467698,42.514706,2.388578,0.015058,0.842740,1.382566
96.907403,-67.540718,42.583041,2.390071,0.014810,0.839483,1.386099
97.007410,-67.613839,42.651267,2.391540,0.014557,0.836413,1.389789
97.107418,-67.687059,42.719387,2.392983,0.014302,0.832838,1.393883
97.207426,-67.760376,42.787402,2.394401,0.014044,0.828518,1.398825
97.307433,-67.833790,42.855315,2.395792,0.013782,0.823473,1.406719
97.407441,-67.907296,42.923126,2.397157,0.013517,0.817631,1.421838
97.507448,-67.980894,42.990837,2.398496,0.013250,0.811392,1.432773
97.607456,-68.054582,43.058451,2.399807,0.012978,0.804626,1.440669
97.707464,-68.128358,43.125969,2.401091,0.012704,0.802757,1.449388
97.807471,-68.202219,43.193393,2.402348,0.012427,0.795538,1.460240
97.907479,-68.276164,43.260726,2.403577,0.012146,0.785998,1.471794
98.007487,-68.350190,43.327969,2.404777,0.011862,0.774136,1.477990
98.107494,-68.424297,43.395124,2.405949,0.011576,0.759774,1.477824
98.207502,-68.498481,43.462192,2.407093,0.011286,0.747539,1.482402
98.307510,-68.572741,43.529178,2.408207,0.010993,0.738498,1.488049
98.407517,-68.647074,43.596081,2.409291,0.010698,0.733189,1.493938
98.507525,-68.721479,43.662905,2.410346,0.010399,0.727647,1.498479
98.607533,-68.795953,43.729652,2.411371,0.010098,0.722144,1.502098
98.707540,-68.870495,43.796323,2.412366,0.009794,0.718571,1.507566
98.807548,-68.945102,43.862921,2.413330,0.009486,0.713587,1.514938
98.907555,-69.019772,43.929449,2.414263,0.009176,0.707205,1.521536
99.007563,-69.094503,43.995908,2.415165,0.008863,0.700783,1.526293
99.107571,-69.169293,44.062300,2.416036,0.008547,0.694609,1.531450
99.207578,-69.244140,44.128629,2.416874,0.008228,0.688655,1.537650
99.307586,-69.319041,44.194896,2.417681,0.007907,0.682729,1.544277
99.407594,-69.393995,44.261104,2.418456,0.007582,0.676677,1.550855
99.507601,-69.468999,44.327255,2.419198,0.007256,0.669406,1.556679
99.607609,-69.544050,44.393352,2.419907,0.006927,0.661147,1.562757
99.707617,-69.619148,44.459396,2.420583,0.006594,0.653493,1.568988
99.807624,-69.694289,44.525391,2.421226,0.006259,0.647185,1.574252
99.907632,-69.769471,44.591339,2.421835,0.005923,0.641540,1.579590
100.007639,-69.844693,44.657243,2.422410,0.005583,0.636157,1.585954
100.107647,-69.919951,44.723104,2.422952,0.005241,0.630205,1.594353
100.207655,-69.995244,44.788926,2.423458,0.004897,0.623202,1.609965
100.307662,-70.070569,44.854711,2.423931,0.004549,0.614154,1.631932
100.407670,-70.145924,44.920462,2.424368,0.004201,0.605239,1.644719
100.507678,-70.221306,44.986181,2.424771,0.003850,0.596033,1.656103
100.607685,-70.296714,45.051871,2.425138,0.003496,0.587317,1.665309
100.707693,-70.372145,45.117535,2.425470,0.003141,0.580482,1.675255
100.807701,-70.447596,45.183175,2.425767,0.002784,0.577148,1.687022
100.907708,-70.523066,45.248794,2.426027,0.002425,0.570611,1.696848
101.007716,-70.598551,45.314395,2.426251,0.002064,0.559726,1.704900
101.107724,-70.674050,45.379980,2.426440,0.001702,0.544665,1.713825
101.207731,-70.749561,45.445552,2.426592,0.001337,0.531416,1.718898
101.307739,-70.825080,45.511115,2.426707,0.000970,0.518311,1.724863
101.407746,-70.900605,45.576670,2.426786,0.000603,0.508319,1.732315
101.507754,-70.976134,45.642220,2.426827,0.000233,0.497470,1.739871
101.607762,-71.051665,45.707769,2.426832,-0.000139,0.486081,1.746430
101.707769,-71.127195,45.773318,2.426800,-0.000511,0.473691,1.754751
101.807777,-71.202722,45.838872,2.426730,-0.000887,0.465664,1.767324
101.907785,-71.278242,45.904432,2.426622,-0.001263,0.459325,1.774865
102.007792,-71.353755,45.970002,2.426477,-0.001641,0.451494,1.784268
102.107800,-71.429257,46.035584,2.426294,-0.002022,0.445989,1.793459
102.207808,-71.504745,46.101181,2.426073,-0.002404,0.441822,1.799370
102.307815,-71.580218,46.166797,2.425813,-0.002788,0.434581,1.799408
102.407823,-71.655672,46.232433,2.425515,-0.003175,0.429741,1.796868
102.507830,-71.731106,46.298094,2.425178,-0.003563,0.425591,1.799597
102.607838,-71.806516,46.363781,2.424802,-0.003953,0.420279,1.807021
102.707846,-71.881900,46.429499,2.424387,-0.004347,0.413599,1.819703
102.807853,-71.957256,46.495249,2.423933,-0.004743,0.405262,1.829184
102.907861,-72.032580,46.561034,2.423438,-0.005141,0.396285,1.838455
103.007869,-72.107870,46.626859,2.422904,-0.005543,0.385778,1.847005
103.107876,-72.183124,46.692725,2.422330,-0.005947,0.371147,1.854093
103.207884,-72.258339,46.758636,2.421715,-0.006353,0.362280,1.858937
103.307892,-72.333512,46.824595,2.421059,-0.006763,0.355013,1.864820
103.407899,-72.408641,46.890604,2.420362,-0.007175,0.347714,1.871007
103.507907,-72.483722,46.956668,2.419624,-0.007589,0.340972,1.874517
103.607915,-72.558752,47.022788,2.418844,-0.008007,0.336404,1.876443
103.707922,-72.633730,47.088969,2.418022,-0.008427,0.336685,1.879573
103.807930,-72.708652,47.155212,2.417158,-0.008848,0.333553,1.884743
103.907937,-72.783516,47.221522,2.416252,-0.009273,0.327589,1.891989
104.007945,-72.858317,47.287902,2.415304,-0.009699,0.315009,1.899430
104.107953,-72.933055,47.354353,2.414312,-0.010126,0.307604,1.906175
104.207960,-73.007725,47.420881,2.413278,-0.010554,0.302773,1.915785
104.307968,-73.082325,47.487487,2.412201,-0.010983,0.295831,1.931560
104.407976,-73.156851,47.554175,2.411081,-0.011411,0.287843,1.939698
104.507983,-73.231302,47.620949,2.409919,-0.011839,0.279733,1.945065
104.607991,-73.305673,47.687810,2.408713,-0.012267,0.274366,1.948136
104.707999,-73.379962,47.754762,2.407465,-0.012692,0.276219,1.949161
104.808006,-73.454167,47.821809,2.406175,-0.013115,0.274453,1.949079
104.908014,-73.528283,47.888953,2.404842,-0.013535,0.270569,1.947505
105.008021,-73.602308,47.956197,2.403468,-0.013953,0.265139,1.952022
105.108029,-73.676240,48.023545,2.402052,-0.014365,0.252914,1.961198
105.208037,-73.750074,48.090998,2.400595,-0.014773,0.246782,1.967433
105.308044,-73.823809,48.158561,2.399097,-0.015177,0.241546,1.972410
105.408052,-73.897441,48.226235,2.397559,-0.015572,0.238759,1.977860
105.508060,-73.970968,48.294024,2.395983,-0.015962,0.241497,1.980167
105.608067,-74.044386,48.361931,2.394367,-0.016348,0.245152,1.981091
105.708075,-74.117694,48.429957,2.392713,-0.016723,0.247368,1.983456
105.808083,-74.190887,48.498106,2.391022,-0.017092,0.248342,1.987476
105.908090,-74.263964,48.566379,2.389295,-0.017455,0.247368,1.990305
106.008098,-74.336922,48.634781,2.387531,-0.017807,0.250126,1.992982
106.108105,-74.409757,48.703312,2.385733,-0.018154,0.259680,1.994590
106.208113,-74.482468,48.771975,2.383901,-0.018494,0.267171,1.999006
106.308121,-74.555052,48.840772,2.382035,-0.018824,0.265601,2.006054
106.408128,-74.627507,48.909706,2.380136,-0.019148,0.262290,2.009702
106.508136,-74.699829,48.978779,2.378205,-0.019467,0.258578,2.003543
106.608144,-74.772017,49.047992,2.376242,-0.019777,0.256763,2.003849
106.708151,-74.844067,49.117348,2.374249,-0.020081,0.255256,2.005124
106.808159,-74.915978,49.186848,2.372226,-0.020381,0.252084,2.006835
106.908167,-74.987748,49.256495,2.370173,-0.020680,0.247043,2.010484
107.008174,-75.059373,49.326291,2.368090,-0.020964,0.239029,2.013749
107.108182,-75.130851,49.396236,2.365980,-0.021231,0.231724,2.014584
107.208190,-75.202181,49.466333,2.363839,-0.021592,0.228829,2.015024
107.308197,-75.273360,49.536583,2.361666,-0.021774,0.224814,2.014970
107.408205,-75.344385,49.606989,2.359489,-0.021766,0.219132,2.016480
107.508212,-75.415256,49.677550,2.357246,-0.023105,0.212248,2.017079
107.608220,-75.485963,49.748275,2.354927,-0.021986,0.210345,2.015146
107.708228,-75.556516,49.819154,2.352916,-0.018238,0.209689,2.012194
107.808235,-75.626918,49.890182,2.350355,-0.033264,0.209898,2.010818
107.908243,-75.697083,49.961446,2.346203,-0.051030,0.210079,2.010398
108.008251,-75.766882,50.033067,2.340081,-0.071406,0.210453,2.010141
108.108258,-75.836170,50.105184,2.331987,-0.090439,0.212397,2.010179
108.208266,-75.904803,50.177924,2.321987,-0.109622,0.212947,2.011739
108.308274,-75.972634,50.251413,2.310055,-0.128994,0.211390,2.015723
108.408281,-76.039512,50.325771,2.296193,-0.148227,0.210566,2.016768
108.508289,-76.105281,50.401112,2.280407,-0.167456,0.210224,2.017275
108.608296,-76.169779,50.477544,2.262698,-0.186704,0.210526,2.017009
108.708304,-76.232839,50.555167,2.243074,-0.205732,0.210471,2.016290
108.808312,-76.294289,50.634072,2.221543,-0.224866,0.209755,2.015483
108.908319,-76.353949,50.714338,2.198090,-0.244146,0.209192,2.014117
109.008327,-76.411625,50.796043,2.172476,-0.268169,0.211903,2.011774
109.108335,-76.467091,50.879265,2.144467,-0.291462,0.217452,2.007561
109.208342,-76.520108,50.964069,2.114192,-0.313979,0.225526,1.953483
109.308350,-76.570437,51.050496,2.081677,-0.336259,0.234972,1.873507
109.408358,-76.617831,51.138567,2.046933,-0.358235,0.243234,1.803947
109.508365,-76.662041,51.228280,2.010017,-0.379997,0.250943,1.766587
109.608373,-76.702812,51.319609,1.970978,-0.400714,0.257163,1.744223
109.708381,-76.739890,51.412498,1.929861,-0.421010,0.262004,1.730585
109.808388,-76.773026,51.506867,1.886756,-0.441004,0.266949,1.723195
109.908396,-76.801971,51.602605,1.841734,-0.459315,0.272336,1.720348
110.008403,-76.826489,51.699573,1.794874,-0.477027,0.278669,1.720788
110.108411,-76.846354,51.797600,1.746304,-0.494266,0.285924,1.723546
110.208419,-76.861354,51.896490,1.696127,-0.509124,0.293090,1.727848
110.308426,-76.871301,51.996015,1.644454,-0.523204,0.300662,1.733064
110.408434,-76.876027,52.095926,1.591456,-0.536615,0.308188,1.738713
110.508442,-76.875393,52.195947,1.537269,-0.546968,0.315925,1.744426
110.608449,-76.869288,52.295784,1.482031,-0.556404,0.325947,1.749919
110.708457,-76.857639,52.395127,1.425955,-0.564983,0.337810,1.755099
110.808465,-76.840403,52.493655,1.369198,-0.569986,0.347784,1.759860
110.908472,-76.817580,52.591041,1.311921,-0.574006,0.357745,1.764237
111.008480,-76.789205,52.686957,1.254363,-0.577029,0.367016,1.768294
111.108487,-76.755351,52.781079,1.196690,-0.576241,0.376064,1.772114
111.208495,-76.716130,52.873093,1.139074,-0.574493,0.387449,1.775628
111.308503,-76.671688,52.962703,1.081759,-0.571691,0.397649,1.779146
111.408510,-76.622203,53.049629,1.024905,-0.565187,0.408300,1.782810
111.508518,-76.567885,53.133619,0.968681,-0.557833,0.422523,1.786746
111.608526,-76.508967,53.214449,0.913311,-0.549465,0.432308,1.790921
111.708533,-76.445703,53.291923,0.858938,-0.537820,0.439047,1.795151
111.808541,-76.378365,53.365882,0.805710,-0.525491,0.441936,1.798217
111.908549,-76.307233,53.436201,0.753817,-0.512274,0.442816,1.798987
112.008556,-76.232598,53.502787,0.703375,-0.496414,0.441517,1.797249
112.108564,-76.154750,53.565586,0.654502,-0.480057,0.438625,1.792270
112.208571,-76.073978,53.624575,0.607346,-0.462991,0.433917,1.780442
112.308579,-75.990564,53.679764,0.561990,-0.443988,0.427381,1.761005
112.408587,-75.904783,53.731195,0.518523,-0.424660,0.418410,1.744740
112.508594,-75.816896,53.778936,0.477046,-0.404818,0.406582,1.732746
112.608602,-75.727151,53.823083,0.437615,-0.383694,0.393352,1.726173
112.708610,-75.635779,53.863753,0.400289,-0.362382,0.375292,1.726445
112.808617,-75.542993,53.901085,0.365130,-0.340736,0.352174,1.735620
112.908625,-75.448991,53.935235,0.332172,-0.318334,0.332909,1.757204
113.008633,-75.353950,53.966375,0.301450,-0.295843,0.313695,1.799195
113.108640,-75.258030,53.994689,0.272998,-0.273161,0.293782,1.915708
113.208648,-75.161373,54.020374,0.246833,-0.250081,0.272366,1.987315
113.308656,-75.064104,54.043632,0.222973,-0.227002,0.252892,1.991602
113.408663,-74.966333,54.064677,0.201428,-0.203863,0.236003,1.998771
113.508671,-74.868154,54.083724,0.182217,-0.180316,0.225109,2.005224
113.608678,-74.769648,54.100998,0.165349,-0.157235,0.217637,2.012341
113.708686,-74.670883,54.116720,0.150755,-0.134617,0.211396,2.019760
113.808694,-74.571917,54.131117,0.138603,-0.108366,0.209088,2.022586
113.908701,-74.472799,54.144438,0.128918,-0.088706,0.211897,2.019393
114.008709,-74.373568,54.156876,0.120682,-0.075993,0.216288,2.015814
114.108717,-74.274245,54.168563,0.113811,-0.061393,0.213315,2.016034
114.208724,-74.174853,54.179640,0.108474,-0.043853,0.210319,2.018686
114.308732,-74.075413,54.190284,0.105119,-0.023250,0.209104,2.018984
114.408740,-73.975945,54.200654,0.102563,-0.028165,0.210567,2.016181
114.508747,-73.876447,54.210746,0.099567,-0.030006,0.215931,2.010218
114.608755,-73.776920,54.220540,0.096652,-0.028307,0.217392,2.007972
114.708762,-73.677366,54.230050,0.093815,-0.028439,0.211288,2.008447
114.808770,-73.577785,54.239277,0.090969,-0.028352,0.212012,2.008545
114.908778,-73.478178,54.248221,0.088151,-0.028010,0.222574,2.005006
115.008785,-73.378546,54.256886,0.085360,-0.027801,0.234934,1.998019
115.108793,-73.278891,54.265275,0.082591,-0.027577,0.230880,1.993911
115.208801,-73.179213,54.273388,0.079845,-0.027336,0.232356,1.993533
115.308808,-73.079513,54.281229,0.077123,-0.027106,0.245261,1.989362
115.408816,-72.979792,54.288799,0.074423,-0.026876,0.260772,1.982022
115.508824,-72.880052,54.296101,0.071747,-0.026646,0.266429,1.973824
115.608831,-72.780292,54.303138,0.069093,-0.026420,0.272947,1.970352
115.708839,-72.680514,54.309911,0.066462,-0.026195,0.283095,1.969440
115.808847,-72.580718,54.316422,0.063854,-0.025971,0.292909,1.959568
115.908854,-72.480906,54.322675,0.061268,-0.025751,0.297921,1.945514
116.008862,-72.381079,54.328670,0.058703,-0.025533,0.304574,1.937773
116.108869,-72.281236,54.334410,0.056161,-0.025316,0.314435,1.934671
116.208877,-72.181379,54.339898,0.053640,-0.025102,0.324166,1.927681
116.308885,-72.081508,54.345135,0.051140,-0.024890,0.330521,1.907203
116.408892,-71.981625,54.350123,0.048661,-0.024680,0.333350,1.897995
116.508900,-71.881730,54.354864,0.046203,-0.024473,0.341770,1.899003
116.608908,-71.781823,54.359361,0.043766,-0.024267,0.351875,1.892764
116.708915,-71.681906,54.363616,0.041350,-0.024063,0.359776,1.876612
116.808923,-71.581979,54.367630,0.038953,-0.023862,0.363558,1.865052
116.908931,-71.482043,54.371406,0.036577,-0.023661,0.366934,1.857811
117.008938,-71.382098,54.374945,0.034220,-0.023463,0.373987,1.853013
117.108946,-71.282145,54.378250,0.031884,-0.023266,0.385694,1.847642
117.208953,-71.182184,54.381322,0.029567,-0.023070,0.393173,1.840274
117.308961,-71.082217,54.384164,0.027269,-0.022875,0.398942,1.832508
117.408969,-70.982243,54.386776,0.024991,-0.022682,0.405402,1.825720
117.508976,-70.882264,54.389162,0.022733,-0.022489,0.412011,1.819576
117.608984,-70.782280,54.391324,0.020493,-0.022297,0.417706,1.813186
117.708992,-70.682291,54.393262,0.018273,-0.022106,0.419644,1.807091
117.808999,-70.582298,54.394979,0.016072,-0.021916,0.422267,1.802004
117.909007,-70.482302,54.396477,0.013889,-0.021725,0.427031,1.798196
118.009015,-70.382302,54.397757,0.011726,-0.021536,0.435758,1.796150
118.109022,-70.282300,54.398823,0.009582,-0.021347,0.449320,1.791028
118.209030,-70.182296,54.399675,0.007457,-0.021158,0.458975,1.783851
118.309038,-70.082291,54.400315,0.005350,-0.020969,0.468231,1.776956
118.409045,-69.982284,54.400745,0.003262,-0.020781,0.475167,1.768475
118.509053,-69.882276,54.400968,0.001193,-0.020593,0.475993,1.758598
118.609060,-69.782269,54.400985,-0.000857,-0.020406,0.475893,1.740743
118.709068,-69.682261,54.400797,-0.002888,-0.020218,0.476795,1.735071
118.809076,-69.582254,54.400408,-0.004901,-0.020031,0.475674,1.734334
118.909083,-69.482248,54.399818,-0.006895,-0.019845,0.474691,1.736119
119.009091,-69.382244,54.399029,-0.008870,-0.019658,0.474735,1.737933
119.109099,-69.282241,54.398044,-0.010827,-0.019473,0.479939,1.741027
119.209106,-69.182240,54.396864,-0.012765,-0.019287,0.495964,1.741957
119.309114,-69.082242,54.395492,-0.014684,-0.019103,0.523615,1.738648
119.409122,-68.982247,54.393928,-0.016586,-0.018919,0.529109,1.734578
119.509129,-68.882254,54.392175,-0.018468,-0.018736,0.535307,1.734096
119.609137,-68.782266,54.390235,-0.020333,-0.018553,0.542288,1.732216
119.709144,-68.682281,54.388109,-0.022179,-0.018371,0.544241,1.728901
119.809152,-68.582300,54.385800,-0.024008,-0.018191,0.545345,1.726874
119.909160,-68.482323,54.383308,-0.025818,-0.018011,0.548001,1.723959
120.009167,-68.382351,54.380637,-0.027610,-0.017832,0.549665,1.717061
120.109175,-68.282384,54.377787,-0.029385,-0.017655,0.554351,1.707833
120.209183,-68.182422,54.374761,-0.031141,-0.017478,0.560173,1.697897
120.309190,-68.082466,54.371560,-0.032881,-0.017303,0.562510,1.684374
120.409198,-67.982515,54.368186,-0.034602,-0.017129,0.567880,1.660348
120.509206,-67.882570,54.364641,-0.036307,-0.016956,0.570323,1.647154
120.609213,-67.782631,54.360926,-0.037994,-0.016784,0.571218,1.641424
120.709221,-67.682699,54.357044,-0.039664,-0.016614,0.573016,1.638311
120.809228,-67.582774,54.352996,-0.041317,-0.016445,0.575837,1.635872
120.909236,-67.482855,54.348783,-0.042953,-0.016277,0.580730,1.633147
121.009244,-67.382943,54.344407,-0.044573,-0.016112,0.585642,1.628608
121.109251,-67.283038,54.339871,-0.046176,-0.015947,0.590404,1.623578
121.209259,-67.183141,54.335175,-0.047762,-0.015783,0.595245,1.617051
121.309267,-67.083251,54.330322,-0.049333,-0.015622,0.600283,1.610981
121.409274,-66.983369,54.325313,-0.050887,-0.015461,0.605041,1.605649
121.509282,-66.883494,54.320149,-0.052425,-0.015302,0.610649,1.601302
121.609290,-66.783628,54.314832,-0.053948,-0.015145,0.619896,1.598991
121.709297,-66.683770,54.309364,-0.055454,-0.014989,0.624980,1.606773
121.809305,-66.583920,54.303747,-0.056946,-0.014834,0.628360,1.623524
121.909313,-66.484079,54.297981,-0.058422,-0.014681,0.631877,1.625625
122.009320,-66.384246,54.292069,-0.059882,-0.014529,0.636612,1.623633
122.109328,-66.284422,54.286011,-0.061328,-0.014379,0.642377,1.621288
122.209335,-66.184607,54.279810,-0.062758,-0.014231,0.649484,1.617806
122.309343,-66.084801,54.273467,-0.064174,-0.014084,0.655757,1.611391
122.409351,-65.985004,54.266984,-0.065575,-0.013938,0.662386,1.604004
122.509358,-65.885215,54.260361,-0.066962,-0.013794,0.669395,1.597936
122.609366,-65.785437,54.253601,-0.068334,-0.013652,0.676559,1.592615
122.709374,-65.685667,54.246704,-0.069692,-0.013510,0.683781,1.585931
122.809381,-65.585907,54.239673,-0.071037,-0.013371,0.691252,1.578772
122.909389,-65.486156,54.232508,-0.072367,-0.013234,0.698690,1.571359
123.009397,-65.386415,54.225212,-0.073684,-0.013097,0.706355,1.563973
123.109404,-65.286684,54.217784,-0.074987,-0.012963,0.713588,1.556493
123.209412,-65.186962,54.210228,-0.076276,-0.012830,0.720789,1.549243
123.309419,-65.087250,54.202543,-0.077553,-0.012698,0.728153,1.542232
123.409427,-64.987548,54.194732,-0.078816,-0.012569,0.736260,1.535318
123.509435,-64.887855,54.186795,-0.080067,-0.012441,0.744147,1.527733
123.609442,-64.788173,54.178735,-0.081305,-0.012314,0.752058,1.519840
123.709450,-64.688501,54.170551,-0.082530,-0.012189,0.759706,1.511678
123.809458,-64.588839,54.162247,-0.083743,-0.012066,0.767933,1.503887
123.909465,-64.489187,54.153822,-0.084943,-0.011944,0.777101,1.495777
124.009473,-64.389545,54.145278,-0.086132,-0.011824,0.786295,1.486755
124.109481,-64.289913,54.136616,-0.087308,-0.011706,0.795371,1.476950
124.209488,-64.190291,54.127837,-0.088473,-0.011588,0.804149,1.467140
124.309496,-64.090680,54.118943,-0.089626,-0.011474,0.812811,1.457793
124.409504,-63.991079,54.109935,-0.090768,-0.011360,0.821826,1.449016
124.509511,-63.891488,54.100813,-0.091899,-0.011248,0.831112,1.440156
124.609519,-63.791907,54.091580,-0.093018,-0.011138,0.840581,1.431060
124.709526,-63.692337,54.082236,-0.094126,-0.011029,0.850141,1.421782
124.809534,-63.592777,54.072781,-0.095224,-0.010922,0.859925,1.412612
124.909542,-63.493228,54.063218,-0.096311,-0.010817,0.870485,1.403221
125.009549,-63.393689,54.053548,-0.097388,-0.010713,0.880273,1.394101
125.109557,-63.294161,54.043770,-0.098454,-0.010611,0.889795,1.384780
125.209565,-63.194642,54.033888,-0.099510,-0.010510,0.899958,1.375658
125.309572,-63.095135,54.023900,-0.100556,-0.010411,0.909999,1.366462
125.409580,-62.995637,54.013809,-0.101593,-0.010314,0.920004,1.356787
125.509588,-62.896151,54.003615,-0.102619,-0.010218,0.930322,1.346869
125.609595,-62.796674,53.993320,-0.103636,-0.010124,0.941250,1.336845
125.709603,-62.697209,53.982924,-0.104644,-0.010031,0.951939,1.325797
125.809610,-62.597753,53.972428,-0.105643,-0.009940,0.962770,1.315197
125.909618,-62.498308,53.961833,-0.106632,-0.009850,0.973587,1.311031
126.009626,-62.398874,53.951141,-0.107613,-0.009762,0.984579,1.300544
126.109633,-62.299450,53.940351,-0.108585,-0.009675,0.995769,1.283582
126.209641,-62.200037,53.929465,-0.109548,-0.009590,1.006724,1.272461
126.309649,-62.100634,53.918484,-0.110503,-0.009506,1.017092,1.261221
126.409656,-62.001241,53.907408,-0.111450,-0.009425,1.026817,1.250029
126.509664,-61.901859,53.896238,-0.112388,-0.009344,1.036102,1.239514
126.609672,-61.802488,53.884976,-0.113319,-0.009264,1.044819,1.229432
126.709679,-61.703127,53.873622,-0.114241,-0.009187,1.052908,1.218874
126.809687,-61.603776,53.862176,-0.115156,-0.009110,1.043925,1.206919
126.909694,-61.504436,53.850640,-0.116064,-0.009035,1.035818,1.197789
127.009702,-61.405107,53.839014,-0.116963,-0.008962,1.042222,1.190051
127.109710,-61.305788,53.827299,-0.117856,-0.008890,1.052613,1.181059
127.209717,-61.206479,53.815496,-0.118742,-0.008818,1.065489,1.169729
127.309725,-61.107181,53.803605,-0.119620,-0.008749,1.078305,1.153332
127.409733,-61.007893,53.791627,-0.120492,-0.008681,1.090806,1.136126
127.509740,-60.908616,53.779563,-0.121356,-0.008613,1.102723,1.123105
127.609748,-60.809349,53.767414,-0.122214,-0.008548,1.107962,1.117284
127.709756,-60.710092,53.755179,-0.123066,-0.008484,1.111551,1.118015
127.809763,-60.610846,53.742861,-0.123911,-0.008420,1.114736,1.116128
127.909771,-60.511611,53.730459,-0.124750,-0.008358,1.117880,1.113071
128.009779,-60.412385,53.717974,-0.125583,-0.008298,1.119809,1.110938
128.109786,-60.313170,53.705406,-0.126410,-0.008238,1.118069,1.109047
128.209794,-60.213966,53.692757,-0.127231,-0.008179,1.117332,1.103505
128.309801,-60.114772,53.680027,-0.128046,-0.008122,1.121151,1.097186
128.409809,-60.015588,53.667216,-0.128855,-0.008066,1.125079,1.090105
128.509817,-59.916415,53.654325,-0.129659,-0.008011,1.128970,1.084711
128.609824,-59.817252,53.641355,-0.130458,-0.007957,1.132715,1.080798
128.709832,-59.718099,53.628306,-0.131251,-0.007903,1.136424,1.077975
128.809840,-59.618957,53.615178,-0.132039,-0.007851,1.139679,1.078097
128.909847,-59.519825,53.601973,-0.132821,-0.007800,1.144077,1.077143
129.009855,-59.420703,53.588690,-0.133599,-0.007750,1.150109,1.074676
129.109863,-59.321592,53.575331,-0.134371,-0.007701,1.156324,1.070704
129.209870,-59.222491,53.561895,-0.135139,-0.007653,1.161830,1.066178
129.309878,-59.123400,53.548383,-0.135902,-0.007605,1.163367,1.063527
129.409885,-59.024320,53.534796,-0.136660,-0.007559,1.164418,1.064381
129.509893,-58.925250,53.521134,-0.137414,-0.007513,1.168298,1.062732
129.609901,-58.826190,53.507398,-0.138163,-0.007468,1.175020,1.057506
129.709908,-58.727140,53.493588,-0.138908,-0.007425,1.181789,1.050244
129.809916,-58.628101,53.479704,-0.139648,-0.007381,1.185133,1.044871
129.909924,-58.529072,53.465747,-0.140384,-0.007339,1.185596,1.042900
130.009931,-58.430054,53.451717,-0.141116,-0.007297,1.188674,1.041505
130.109939,-58.331045,53.437615,-0.141844,-0.007256,1.192502,1.039609
130.209947,-58.232047,53.423441,-0.142567,-0.007215,1.197865,1.037744
130.309954,-58.133059,53.409196,-0.143287,-0.007175,1.206964,1.033336
130.409962,-58.034082,53.394880,-0.144003,-0.007136,1.216031,1.028092
130.509970,-57.935114,53.380493,-0.144714,-0.007097,1.222082,1.025548
130.609977,-57.836157,53.366036,-0.145422,-0.007059,1.227690,1.022746
130.709985,-57.737210,53.351509,-0.146126,-0.007022,1.233765,1.017852
130.809992,-57.638273,53.336912,-0.146827,-0.006985,1.239665,1.011114
130.910000,-57.539347,53.322247,-0.147523,-0.006948,1.244853,1.004930
131.010008,-57.440431,53.307512,-0.148216,-0.006912,1.247819,0.997921
131.110015,-57.341525,53.292710,-0.148906,-0.006876,1.246454,0.992336
131.210023,-57.242629,53.277839,-0.149592,-0.006841,1.250509,0.988033
131.310031,-57.143743,53.262901,-0.150274,-0.006806,1.257107,0.980843
131.410038,-57.044868,53.247895,-0.150953,-0.006771,1.262587,0.975803
131.510046,-56.946002,53.232822,-0.151628,-0.006737,1.266429,0.970944
131.610054,-56.847147,53.217683,-0.152300,-0.006703,1.266811,0.967426
131.710061,-56.748302,53.202478,-0.152969,-0.006669,1.263607,0.964924
131.810069,-56.649467,53.187206,-0.153634,-0.006635,1.267644,0.960257
131.910076,-56.550643,53.171869,-0.154296,-0.006602,1.273336,0.953602
132.010084,-56.451828,53.156467,-0.154955,-0.006569,1.276470,0.947840
132.110092,-56.353024,53.141000,-0.155610,-0.006536,1.278374,0.946291
132.210099,-56.254230,53.125468,-0.156262,-0.006503,1.279627,0.947438
132.310107,-56.155446,53.109872,-0.156911,-0.006470,1.280488,0.946762
132.410115,-56.056672,53.094212,-0.157556,-0.006437,1.280523,0.946167
132.510122,-55.957908,53.078489,-0.158198,-0.006405,1.279602,0.947284
132.610130,-55.859154,53.062702,-0.158837,-0.006372,1.278600,0.951068
132.710138,-55.760410,53.046853,-0.159473,-0.006339,1.277858,0.953424
132.810145,-55.661677,53.030940,-0.160105,-0.006307,1.277484,0.956212
132.910153,-55.562953,53.014966,-0.160734,-0.006274,1.276805,0.961393
133.010161,-55.464240,52.998929,-0.161360,-0.006241,1.273466,0.969275
133.110168,-55.365536,52.982831,-0.161983,-0.006208,1.271675,0.972804
133.210176,-55.266843,52.966672,-0.162602,-0.006175,1.270951,0.976128
133.310183,-55.168159,52.950452,-0.163218,-0.006142,1.269660,0.980989
133.410191,-55.069486,52.934171,-0.163830,-0.006109,1.269822,0.985483
133.510199,-54.970822,52.917830,-0.164439,-0.006075,1.264546,0.987599
133.610206,-54.872169,52.901429,-0.165045,-0.006041,1.256050,0.989214
133.710214,-54.773525,52.884968,-0.165648,-0.006007,1.249588,0.991732
133.810222,-54.674891,52.868448,-0.166247,-0.005973,1.245876,0.993575
133.910229,-54.576267,52.851869,-0.166842,-0.005938,1.241017,0.996389
134.010237,-54.477653,52.835232,-0.167435,-0.005903,1.237219,0.998359
134.110245,-54.379049,52.818536,-0.168023,-0.005868,1.234216,0.998061
134.210252,-54.280455,52.801783,-0.168608,-0.005832,1.232645,0.999221
134.310260,-54.181870,52.784972,-0.169190,-0.005796,1.231522,1.000096
134.410267,-54.083295,52.768103,-0.169768,-0.005760,1.230466,1.000796
134.510275,-53.984730,52.751178,-0.170342,-0.005723,1.230331,0.999686
134.610283,-53.886175,52.734197,-0.170912,-0.005686,1.231048,0.997231
134.710290,-53.787629,52.717160,-0.171479,-0.005648,1.230214,0.997354
134.810298,-53.689093,52.700067,-0.172042,-0.005610,1.228708,0.999623
134.910306,-53.590567,52.682918,-0.172601,-0.005571,1.227042,1.002169
135.010313,-53.492050,52.665715,-0.173156,-0.005532,1.224545,1.005833
135.110321,-53.393542,52.648457,-0.173708,-0.005492,1.219503,1.012442
135.210329,-53.295045,52.631145,-0.174255,-0.005452,1.215024,1.022066
135.310336,-53.196556,52.613780,-0.174798,-0.005411,1.210953,1.024601
135.410344,-53.098077,52.596361,-0.175337,-0.005370,1.209475,1.023679
135.510351,-52.999608,52.578889,-0.175872,-0.005328,1.206025,1.026153
135.610359,-52.901147,52.561365,-0.176403,-0.005285,1.199469,1.029148
135.710367,-52.802696,52.543789,-0.176929,-0.005241,1.194168,1.031292
135.810374,-52.704254,52.526161,-0.177451,-0.005197,1.192618,1.032356
135.910382,-52.605822,52.508482,-0.177969,-0.005153,1.191935,1.031870
136.010390,-52.507398,52.490752,-0.178482,-0.005107,1.191150,1.031050
136.110397,-52.408984,52.472972,-0.178990,-0.005061,1.190745,1.031261
136.210405,-52.310578,52.455143,-0.179494,-0.005014,1.190735,1.031721
136.310413,-52.212182,52.437263,-0.179993,-0.004966,1.190500,1.031842
136.410420,-52.113794,52.419335,-0.180487,-0.004918,1.190254,1.032002
136.510428,-52.015416,52.401359,-0.180977,-0.004869,1.189755,1.032663
136.610436,-51.917046,52.383335,-0.181461,-0.004819,1.189447,1.033409
136.710443,-51.818684,52.365263,-0.181940,-0.004768,1.189374,1.034941
136.810451,-51.720332,52.347145,-0.182415,-0.004716,1.186731,1.037281
136.910458,-51.621988,52.328980,-0.182884,-0.004664,1.180997,1.041984
137.010466,-51.523652,52.310769,-0.183347,-0.004610,1.176852,1.048240
137.110474,-51.425325,52.292513,-0.183806,-0.004556,1.172516,1.050859
137.210481,-51.327006,52.274212,-0.184259,-0.004501,1.168786,1.053730
137.310489,-51.228695,52.255866,-0.184706,-0.004445,1.165402,1.056238
137.410497,-51.130393,52.237477,-0.185148,-0.004389,1.162377,1.058285
137.510504,-51.032098,52.219045,-0.185584,-0.004331,1.160966,1.059352
137.610512,-50.933812,52.200571,-0.186014,-0.004272,1.161338,1.059833
137.710520,-50.835534,52.182054,-0.186438,-0.004213,1.162864,1.059512
137.810527,-50.737263,52.163496,-0.186857,-0.004152,1.163166,1.059732
137.910535,-50.639000,52.144897,-0.187269,-0.004091,1.163054,1.060450
138.010542,-50.540745,52.126258,-0.187675,-0.004029,1.163015,1.060306
138.110550,-50.442497,52.107580,-0.188074,-0.003965,1.163567,1.061394
138.210558,-50.344256,52.088862,-0.188468,-0.003901,1.164892,1.061912
138.310565,-50.246023,52.070106,-0.188855,-0.003836,1.165530,1.058988
138.410573,-50.147797,52.051313,-0.189235,-0.003769,1.166252,1.062001
138.510581,-50.049578,52.032482,-0.189609,-0.003702,1.166067,1.066574
138.610588,-49.951367,52.013615,-0.189975,-0.003634,1.165477,1.068193
138.710596,-49.853162,51.994712,-0.190335,-0.003565,1.167405,1.069551
138.810604,-49.754963,51.975775,-0.190688,-0.003494,1.167050,1.069988
138.910611,-49.656772,51.956803,-0.191034,-0.003423,1.164218,1.070221
139.010619,-49.558587,51.937797,-0.191373,-0.003351,1.161125,1.073558
139.110627,-49.460408,51.918759,-0.191704,-0.003278,1.157310,1.076991
139.210634,-49.362235,51.899688,-0.192029,-0.003203,1.149473,1.078660
139.310642,-49.264069,51.880586,-0.192345,-0.003128,1.145355,1.080360
139.410649,-49.165909,51.861453,-0.192654,-0.003052,1.145660,1.079584
139.510657,-49.067754,51.842290,-0.192955,-0.002974,1.149400,1.077499
139.610665,-48.969605,51.823098,-0.193249,-0.002896,1.151607,1.075238
139.710672,-48.871462,51.803878,-0.193535,-0.002816,1.154012,1.072876
139.810680,-48.773324,51.784630,-0.193812,-0.002736,1.156225,1.070683
139.910688,-48.675191,51.765355,-0.194082,-0.002654,1.157645,1.069583
140.010695,-48.577064,51.746054,-0.194343,-0.002571,1.159173,1.068845
140.110703,-48.478941,51.726728,-0.194596,-0.002488,1.160463,1.068571
140.210711,-48.380824,51.707377,-0.194841,-0.002403,1.162233,1.068933
140.310718,-48.282711,51.688003,-0.195077,-0.002317,1.164475,1.068411
140.410726,-48.184602,51.668606,-0.195304,-0.002231,1.167418,1.075685
140.510733,-48.086498,51.649188,-0.195523,-0.002143,1.171773,1.081821
140.610741,-47.988398,51.629748,-0.195733,-0.002054,1.171405,1.082830
140.710749,-47.890302,51.610288,-0.195934,-0.001964,1.171367,1.083092
140.810756,-47.792210,51.590809,-0.196125,-0.001873,1.169923,1.082512
140.910764,-47.694121,51.571311,-0.196308,-0.001781,1.169075,1.080899
141.010772,-47.596036,51.551796,-0.196482,-0.001688,1.165138,1.079369
141.110779,-47.497954,51.532264,-0.196646,-0.001594,1.161683,1.078089
141.210787,-47.399875,51.512717,-0.196800,-0.001499,1.159355,1.076064
141.310795,-47.301800,51.493155,-0.196946,-0.001403,1.156379,1.076230
141.410802,-47.203727,51.473580,-0.197081,-0.001305,1.155719,1.076410
141.510810,-47.105656,51.453991,-0.197207,-0.001207,1.155313,1.073641
141.610818,-47.007588,51.434391,-0.197322,-0.001108,1.155495,1.071675
141.710825,-46.909522,51.414779,-0.197428,-0.001008,1.157620,1.067622
141.810833,-46.811458,51.395158,-0.197524,-0.000907,1.159985,1.064632
141.910840,-46.713396,51.375528,-0.197610,-0.000805,1.162393,1.062109
142.010848,-46.615335,51.355891,-0.197685,-0.000702,1.164652,1.059655
142.110856,-46.517276,51.336246,-0.197750,-0.000597,1.166528,1.057101
142.210863,-46.419218,51.316595,-0.197804,-0.000493,1.167724,1.057063
142.310871,-46.321161,51.296940,-0.197848,-0.000386,1.168675,1.060444
142.410879,-46.223105,51.277280,-0.197882,-0.000279,1.169960,1.065833
142.510886,-46.125049,51.257618,-0.197904,-0.000172,1.169293,1.067029
142.610894,-46.026993,51.237955,-0.197916,-0.000062,1.168229,1.069402
142.710902,-45.928938,51.218291,-0.197917,0.000047,1.167204,1.071509
142.810909,-45.830883,51.198627,-0.197906,0.000158,1.166400,1.070479
142.910917,-45.732827,51.178965,-0.197885,0.000270,1.165750,1.067922
143.010924,-45.634771,51.159305,-0.197852,0.000382,1.165537,1.067884
143.110932,-45.536714,51.139649,-0.197808,0.000496,1.165197,1.067581
143.210940,-45.438656,51.119998,-0.197753,0.000610,1.164121,1.067520
143.310947,-45.340597,51.100353,-0.197686,0.000725,1.159529,1.065420
143.410955,-45.242536,51.080715,-0.197608,0.000841,1.158931,1.061091
143.510963,-45.144474,51.061086,-0.197518,0.000958,1.159808,1.060281
143.610970,-45.046410,51.041465,-0.197416,0.001076,1.161395,1.059749
143.710978,-44.948343,51.021856,-0.197303,0.001194,1.162448,1.059138
143.810986,-44.850275,51.002258,-0.197177,0.001314,1.163605,1.058574
143.910993,-44.752204,50.982673,-0.197040,0.001434,1.164657,1.058776
144.011001,-44.654130,50.963102,-0.196891,0.001555,1.165966,1.060538
144.111008,-44.556053,50.943546,-0.196729,0.001677,1.168954,1.062128
144.211016,-44.457972,50.924006,-0.196555,0.001799,1.167104,1.064599
144.311024,-44.359888,50.904485,-0.196369,0.001922,1.165765,1.065316
144.411031,-44.261801,50.884982,-0.196171,0.002046,1.168463,1.067385
144.511039,-44.163709,50.865499,-0.195960,0.002171,1.170980,1.066023
144.611047,-44.065614,50.846038,-0.195737,0.002296,1.168305,1.066567
144.711054,-43.967513,50.826599,-0.195501,0.002422,1.166209,1.070460
144.811062,-43.869408,50.807184,-0.195252,0.002549,1.164569,1.071584
144.911070,-43.771299,50.787794,-0.194991,0.002676,1.163916,1.069925
145.011077,-43.673183,50.768430,-0.194717,0.002804,1.163346,1.070374
145.111085,-43.575063,50.749093,-0.194430,0.002932,1.161538,1.069972
145.211093,-43.476937,50.729786,-0.194130,0.003061,1.162011,1.068499
145.311100,-43.378805,50.710508,-0.193818,0.003191,1.162854,1.066490
145.411108,-43.280667,50.691262,-0.193492,0.003321,1.164914,1.064085
145.511115,-43.182522,50.672048,-0.193153,0.003452,1.167442,1.061422
145.611123,-43.084371,50.652868,-0.192802,0.003583,1.169659,1.054023
145.711131,-42.986213,50.633724,-0.192437,0.003715,1.171692,1.050447
145.811138,-42.888047,50.614616,-0.192059,0.003847,1.174478,1.048355
145.911146,-42.789875,50.595545,-0.191667,0.003979,1.176129,1.047712
146.011154,-42.691695,50.576514,-0.191263,0.004112,1.176055,1.048839
146.111161,-42.593507,50.557523,-0.190845,0.004246,1.174032,1.050778
146.211169,-42.495311,50.538574,-0.190414,0.004380,1.172696,1.056692
146.311177,-42.397106,50.519668,-0.189969,0.004514,1.171055,1.063202
146.411184,-42.298894,50.500806,-0.189511,0.004648,1.168966,1.065779
146.511192,-42.200672,50.481989,-0.189039,0.004783,1.167552,1.068760
146.611199,-42.102442,50.463220,-0.188554,0.004919,1.165649,1.069134
146.711207,-42.004202,50.444499,-0.188055,0.005054,1.163965,1.069574
146.811215,-41.905952,50.425828,-0.187543,0.005190,1.161938,1.070623
146.911222,-41.807694,50.407208,-0.187017,0.005326,1.161496,1.070795
147.011230,-41.709425,50.388640,-0.186478,0.005462,1.161721,1.070244
147.111238,-41.611146,50.370126,-0.185925,0.005598,1.162111,1.069691
147.211245,-41.512857,50.351666,-0.185358,0.005735,1.163043,1.068544
147.311253,-41.414557,50.333264,-0.184778,0.005871,1.164952,1.067142
147.411261,-41.316246,50.314918,-0.184184,0.006008,1.167979,1.065695
147.511268,-41.217924,50.296632,-0.183576,0.006145,1.168672,1.064841
147.611276,-41.119591,50.278407,-0.182955,0.006281,1.166665,1.064701
147.711284,-41.021247,50.260243,-0.182320,0.006418,1.167151,1.064444
147.811291,-40.922891,50.242142,-0.181671,0.006555,1.167850,1.064295
147.911299,-40.824523,50.224106,-0.181009,0.006692,1.166287,1.066253
148.011306,-40.726144,50.206135,-0.180333,0.006829,1.163411,1.072389
148.111314,-40.627751,50.188232,-0.179643,0.006965,1.161655,1.075562
148.211322,-40.529347,50.170398,-0.178939,0.007102,1.158677,1.075504
148.311329,-40.430930,50.152633,-0.178222,0.007238,1.154415,1.078708
148.411337,-40.332500,50.134939,-0.177492,0.007374,1.150999,1.082343
148.511345,-40.234057,50.117318,-0.176747,0.007511,1.146077,1.086206
148.611352,-40.135600,50.099771,-0.175989,0.007646,1.141233,1.089378
148.711360,-40.037131,50.082300,-0.175218,0.007782,1.137408,1.091114
148.811368,-39.938648,50.064905,-0.174433,0.007917,1.136940,1.090791
148.911375,-39.840151,50.047587,-0.173634,0.008052,1.136990,1.090463
149.011383,-39.741640,50.030350,-0.172822,0.008187,1.136774,1.090278
149.111390,-39.643115,50.013193,-0.171997,0.008321,1.137273,1.089993
149.211398,-39.544576,49.996117,-0.171158,0.008455,1.140504,1.089312
149.311406,-39.446022,49.979126,-0.170306,0.008588,1.141503,1.088776
149.411413,-39.347454,49.962218,-0.169440,0.008721,1.138827,1.090288
149.511421,-39.248871,49.945397,-0.168562,0.008853,1.134502,1.092319
149.611429,-39.150274,49.928663,-0.167670,0.008985,1.132416,1.093099
149.711436,-39.051661,49.912018,-0.166765,0.009116,1.131298,1.094717
149.811444,-38.953033,49.895463,-0.165846,0.009247,1.129959,1.097122
149.911452,-38.854390,49.878999,-0.164915,0.009377,1.127526,1.099841
150.011459,-38.755731,49.862627,-0.163971,0.009506,1.124408,1.103107
150.111467,-38.657057,49.846349,-0.163014,0.009635,1.120177,1.109229
150.211474,-38.558368,49.830166,-0.162044,0.009763,1.116007,1.118234
150.311482,-38.459662,49.814080,-0.161061,0.009890,1.115982,1.123747
150.411490,-38.360941,49.798091,-0.160066,0.010016,1.111413,1.131145
150.511497,-38.262204,49.782201,-0.159058,0.010142,1.104747,1.135535
150.611505,-38.163451,49.766412,-0.158037,0.010267,1.100854,1.137336
150.711513,-38.064681,49.750723,-0.157004,0.010390,1.098684,1.138314
150.811520,-37.965895,49.735138,-0.155959,0.010513,1.095543,1.139681
150.911528,-37.867093,49.719656,-0.154902,0.010635,1.090316,1.140991
151.011536,-37.768275,49.704279,-0.153832,0.010755,1.086882,1.135508
151.111543,-37.669440,49.689009,-0.152750,0.010875,1.084761,1.136670
151.211551,-37.570588,49.673846,-0.151657,0.010994,1.082327,1.140448
151.311559,-37.471720,49.658792,-0.150551,0.011111,1.079269,1.143651
151.411566,-37.372836,49.643847,-0.149434,0.011227,1.076083,1.149454
151.511574,-37.273934,49.629014,-0.148306,0.011343,1.073636,1.153901
151.611581,-37.175016,49.614293,-0.147166,0.011456,1.070032,1.158342
151.711589,-37.076081,49.599685,-0.146014,0.011569,1.065545,1.162962
151.811597,-36.977129,49.585192,-0.144852,0.011680,1.061066,1.167687
151.911604,-36.878160,49.570814,-0.143678,0.011790,1.057226,1.173805
152.011612,-36.779175,49.556553,-0.142494,0.011899,1.052914,1.183486
152.111620,-36.680172,49.542410,-0.141298,0.012006,1.049499,1.187227
152.211627,-36.581153,49.528386,-0.140092,0.012111,1.045056,1.190765
152.311635,-36.482116,49.514481,-0.138876,0.012216,1.040560,1.196726
152.411643,-36.383063,49.500698,-0.137649,0.012319,1.036631,1.201970
152.511650,-36.283993,49.487036,-0.136412,0.012419,1.032898,1.206584
152.611658,-36.184906,49.473498,-0.135165,0.012519,1.027400,1.209839
152.711665,-36.085802,49.460084,-0.133908,0.012617,1.020650,1.210594
152.811673,-35.986681,49.446795,-0.132642,0.012713,1.014788,1.213394
152.911681,-35.887544,49.433632,-0.131366,0.012807,1.010727,1.216652
153.011688,-35.788389,49.420595,-0.130080,0.012900,1.006150,1.220194
153.111696,-35.689218,49.407687,-0.128785,0.012990,1.001618,1.223350
153.211704,-35.590030,49.394908,-0.127482,0.013079,0.999522,1.225830
153.311711,-35.490826,49.382258,-0.126169,0.013167,0.999417,1.228619
153.411719,-35.391605,49.369739,-0.124848,0.013252,0.995131,1.231611
153.511727,-35.292367,49.357352,-0.123519,0.013335,0.991758,1.234832
153.611734,-35.193113,49.345097,-0.122181,0.013417,0.990344,1.237536
153.711742,-35.093843,49.332975,-0.120835,0.013496,0.987124,1.241962
153.811750,-34.994557,49.320987,-0.119482,0.013573,0.982301,1.249364
153.911757,-34.895254,49.309134,-0.118121,0.013648,0.977327,1.254280
154.011765,-34.795935,49.297416,-0.116752,0.013721,0.974282,1.262169
154.111772,-34.696600,49.285835,-0.115376,0.013791,0.970753,1.274916
154.211780,-34.597250,49.274390,-0.113994,0.013861,0.965178,1.283291
154.311788,-34.497883,49.263084,-0.112604,0.013926,0.959566,1.286510
154.411795,-34.398501,49.251915,-0.111208,0.013990,0.957124,1.287338
154.511803,-34.299103,49.240886,-0.109806,0.014053,0.950081,1.293147
154.611811,-34.199690,49.229997,-0.108398,0.014111,0.943562,1.297910
154.711818,-34.100262,49.219248,-0.106984,0.014168,0.941641,1.299074
154.811826,-34.000819,49.208639,-0.105564,0.014223,0.938789,1.303715
154.911834,-33.901360,49.198173,-0.104139,0.014275,0.922749,1.309610
155.011841,-33.801887,49.187848,-0.102709,0.014324,0.915735,1.312768
155.111849,-33.702399,49.177666,-0.101274,0.014372,0.914398,1.315028
155.211856,-33.602897,49.167626,-0.099834,0.014416,0.911920,1.318576
155.311864,-33.503380,49.157731,-0.098391,0.014458,0.899326,1.322745
155.411872,-33.403849,49.147979,-0.096943,0.014498,0.894094,1.325012
155.511879,-33.304304,49.138371,-0.095491,0.014534,0.894255,1.323831
155.611887,-33.204745,49.128908,-0.094036,0.014567,0.897532,1.322670
155.711895,-33.105172,49.119590,-0.092577,0.014599,0.894719,1.328172
155.811902,-33.005586,49.110418,-0.091116,0.014627,0.888772,1.337479
155.911910,-32.905987,49.101391,-0.089652,0.014653,0.884921,1.341415
156.011918,-32.806374,49.092510,-0.088185,0.014676,0.885505,1.339058
156.111925,-32.706748,49.083776,-0.086716,0.014695,0.883485,1.343510
156.211933,-32.607110,49.075187,-0.085246,0.014712,0.878672,1.356511
156.311941,-32.507460,49.066746,-0.083774,0.014727,0.873658,1.363334
156.411948,-32.407796,49.058451,-0.082300,0.014738,0.870944,1.359651
156.511956,-32.308121,49.050303,-0.080826,0.014746,0.871361,1.358127
156.611963,-32.208434,49.042302,-0.079351,0.014752,0.869281,1.367455
156.711971,-32.108735,49.034448,-0.077876,0.014754,0.861646,1.379439
156.811979,-32.009025,49.026741,-0.076400,0.014753,0.853234,1.384451
156.911986,-31.909304,49.019182,-0.074925,0.014750,0.851945,1.385941
157.011994,-31.809571,49.011769,-0.073450,0.014742,0.850146,1.387643
157.112002,-31.709828,49.004504,-0.071976,0.014732,0.846472,1.395436
157.212009,-31.610074,48.997385,-0.070504,0.014719,0.841090,1.406048
157.312017,-31.510309,48.990414,-0.069033,0.014702,0.834951,1.410393
157.412025,-31.410535,48.983589,-0.067563,0.014683,0.830035,1.408110
157.512032,-31.310750,48.976910,-0.066096,0.014661,0.828130,1.407882
157.612040,-31.210956,48.970378,-0.064631,0.014634,0.826451,1.410663
157.712047,-31.111153,48.963992,-0.063169,0.014605,0.823997,1.416178
157.812055,-31.011340,48.957752,-0.061710,0.014573,0.816865,1.420278
157.912063,-30.911518,48.951657,-0.060254,0.014537,0.807970,1.422850
158.012070,-30.811688,48.945707,-0.058802,0.014498,0.803852,1.425016
158.112078,-30.711849,48.939902,-0.057355,0.014456,0.802236,1.427556
158.212086,-30.612001,48.934241,-0.055911,0.014410,0.802410,1.429144
158.312093,-30.512146,48.928725,-0.054472,0.014361,0.799742,1.429700
158.412101,-30.412283,48.923351,-0.053039,0.014309,0.794197,1.432721
158.512109,-30.312412,48.918121,-0.051611,0.014252,0.790419,1.436232
158.612116,-30.212534,48.913033,-0.050188,0.014193,0.785446,1.440608
158.712124,-30.112649,48.908086,-0.048772,0.014132,0.779301,1.445054
158.812131,-30.012757,48.903281,-0.047362,0.014065,0.775022,1.448685
158.912139,-29.912858,48.898617,-0.045959,0.013996,0.771304,1.450833
159.012147,-29.812952,48.894092,-0.044563,0.013924,0.768785,1.450412
159.112154,-29.713041,48.889706,-0.043174,0.013847,0.768173,1.452698
159.212162,-29.613124,48.885459,-0.041793,0.013767,0.766432,1.458915
159.312170,-29.513200,48.881349,-0.040421,0.013685,0.763632,1.469052
159.412177,-29.413272,48.877376,-0.039056,0.013597,0.758772,1.475509
159.512185,-29.313338,48.873539,-0.037701,0.013508,0.752860,1.480301
159.612193,-29.213399,48.869837,-0.036355,0.013415,0.747859,1.484125
159.712200,-29.113455,48.866269,-0.035018,0.013317,0.744190,1.485584
159.812208,-29.013506,48.862834,-0.033691,0.013217,0.743713,1.481904
159.912216,-28.913553,48.859531,-0.032374,0.013114,0.746583,1.478518
160.012223,-28.813596,48.856359,-0.031068,0.013006,0.750374,1.478803
160.112231,-28.713634,48.853317,-0.029773,0.012895,0.749060,1.482529
160.212238,-28.613669,48.850404,-0.028489,0.012782,0.744863,1.489021
160.312246,-28.513700,48.847619,-0.027217,0.012663,0.739467,1.496771
160.412254,-28.413728,48.844961,-0.025956,0.012542,0.732782,1.502284
160.512261,-28.313752,48.842428,-0.024708,0.012419,0.725728,1.507452
160.612269,-28.213774,48.840019,-0.023473,0.012290,0.716470,1.508979
160.712277,-28.113792,48.837733,-0.022250,0.012159,0.706602,1.507272
160.812284,-28.013808,48.835569,-0.021041,0.012025,0.708005,1.507079
160.912292,-27.913821,48.833524,-0.019845,0.011885,0.716386,1.506930
161.012300,-27.813832,48.831599,-0.018664,0.011744,0.719741,1.509757
161.112307,-27.713841,48.829791,-0.017496,0.011600,0.719481,1.527148
161.212315,-27.613847,48.828099,-0.016344,0.011450,0.715655,1.544698
161.312322,-27.513852,48.826522,-0.015206,0.011298,0.711675,1.550738
161.412330,-27.413855,48.825057,-0.014084,0.011144,0.706522,1.553542
161.512338,-27.313857,48.823704,-0.012977,0.010985,0.701502,1.554566
161.612345,-27.213857,48.822461,-0.011887,0.010823,0.697668,1.552829
161.712353,-27.113856,48.821326,-0.010813,0.010658,0.691624,1.552908
161.812361,-27.013853,48.820298,-0.009755,0.010489,0.670458,1.551805
161.912368,-26.913850,48.819374,-0.008715,0.010317,0.660040,1.551500
162.012376,-26.813846,48.818554,-0.007692,0.010142,0.660858,1.549759
162.112384,-26.713841,48.817835,-0.006687,0.009963,0.666464,1.545537
162.212391,-26.613835,48.817216,-0.005699,0.009781,0.669879,1.545019
162.312399,-26.513829,48.816695,-0.004730,0.009597,0.672172,1.550362
162.412407,-26.413822,48.816269,-0.003780,0.009408,0.672182,1.571417
162.512414,-26.313815,48.815938,-0.002849,0.009217,0.669862,1.584836
162.612422,-26.213807,48.815699,-0.001937,0.009023,0.666194,1.590775
162.712429,-26.113800,48.815550,-0.001044,0.008825,0.661153,1.597090
162.812437,-26.013792,48.815490,-0.000172,0.008624,0.655468,1.604350
162.912445,-25.913785,48.815515,0.000681,0.008421,0.648947,1.612539
163.012452,-25.813777,48.815625,0.001512,0.008213,0.632145,1.619263
163.112460,-25.713770,48.815817,0.002323,0.008003,0.612412,1.623253
163.212468,-25.613762,48.816089,0.003113,0.007791,0.606682,1.618302
163.312475,-25.513755,48.816439,0.003881,0.007574,0.606925,1.608779
163.412483,-25.413748,48.816865,0.004628,0.007355,0.607933,1.602899
163.512491,-25.313742,48.817364,0.005352,0.007134,0.608280,1.601464
163.612498,-25.213736,48.817934,0.006055,0.006909,0.608336,1.600931
163.712506,-25.113730,48.818574,0.006734,0.006681,0.607072,1.602074
163.812513,-25.013725,48.819281,0.007391,0.006451,0.603990,1.610229
163.912521,-24.913721,48.820052,0.008024,0.006217,0.602221,1.631235
164.012529,-24.813716,48.820885,0.008634,0.005981,0.601295,1.640436
164.112536,-24.713713,48.821778,0.009221,0.005743,0.600860,1.648731
164.212544,-24.613710,48.822728,0.009783,0.005501,0.598253,1.659410
164.312552,-24.513707,48.823734,0.010321,0.005257,0.592108,1.667511
164.412559,-24.413705,48.824792,0.010834,0.005010,0.584828,1.673198
164.512567,-24.313704,48.825900,0.011323,0.004760,0.570376,1.675417
164.612575,-24.213703,48.827056,0.011786,0.004508,0.552143,1.680933
164.712582,-24.113702,48.828256,0.012224,0.004254,0.544079,1.684802
164.812590,-24.013702,48.829500,0.012637,0.003996,0.538924,1.685835
164.912598,-23.913703,48.830783,0.013023,0.003736,0.537118,1.685789
165.012605,-23.813704,48.832104,0.013384,0.003474,0.537663,1.683324
165.112613,-23.713706,48.833459,0.013718,0.003208,0.539082,1.680446
165.212620,-23.613707,48.834847,0.014026,0.002941,0.539476,1.682414
165.312628,-23.513710,48.836263,0.014306,0.002672,0.536590,1.694905
165.412636,-23.413713,48.837707,0.014560,0.002399,0.532020,1.708872
165.512643,-23.313716,48.839175,0.014786,0.002125,0.528806,1.720881
165.612651,-23.213719,48.840663,0.014985,0.001849,0.526822,1.727499
165.712659,-23.113723,48.842171,0.015156,0.001569,0.524779,1.734825
165.812666,-23.013727,48.843694,0.015299,0.001288,0.519688,1.743864
165.912674,-22.913731,48.845230,0.015414,0.001006,0.509841,1.747555
166.012682,-22.813735,48.846776,0.015500,0.000720,0.493180,1.747631
166.112689,-22.713740,48.848329,0.015558,0.000433,0.482195,1.751476
166.212697,-22.613744,48.849886,0.015586,0.000145,0.469434,1.757392
166.312704,-22.513749,48.851445,0.015586,-0.000146,0.458310,1.761344
166.412712,-22.413753,48.853003,0.015557,-0.000439,0.452466,1.759308
166.512720,-22.313758,48.854556,0.015499,-0.000733,0.452684,1.754947
166.612727,-22.213762,48.856102,0.015411,-0.001029,0.454206,1.758391
166.712735,-22.113766,48.857637,0.015293,-0.001326,0.452357,1.769848
166.812743,-22.013770,48.859159,0.015145,-0.001624,0.447018,1.787603
166.912750,-21.913774,48.860665,0.014968,-0.001924,0.440872,1.794877
167.012758,-21.813777,48.862152,0.014761,-0.002225,0.437161,1.802021
167.112766,-21.713780,48.863616,0.014523,-0.002527,0.432243,1.809962
167.212773,-21.613783,48.865056,0.014255,-0.002830,0.425966,1.815466
167.312781,-21.513785,48.866467,0.013957,-0.003134,0.419237,1.820099
167.412788,-21.413787,48.867846,0.013628,-0.003439,0.410102,1.823897
167.512796,-21.313789,48.869191,0.013269,-0.003745,0.398962,1.830493
167.612804,-21.213790,48.870499,0.012879,-0.004051,0.386041,1.835940
167.712811,-21.113790,48.871766,0.012459,-0.004358,0.379636,1.838579
167.812819,-21.013790,48.872990,0.012007,-0.004667,0.380834,1.838649
167.912827,-20.913789,48.874167,0.011525,-0.004975,0.383308,1.838708
168.012834,-20.813788,48.875294,0.011012,-0.005284,0.383291,1.842862
168.112842,-20.713786,48.876368,0.010468,-0.005594,0.382157,1.850937
168.212850,-20.613783,48.877387,0.009893,-0.005904,0.377143,1.859825
168.312857,-20.513780,48.878346,0.009287,-0.006215,0.372241,1.873557
168.412865,-20.413777,48.879243,0.008650,-0.006527,0.365007,1.886483
168.512873,-20.313773,48.880075,0.007982,-0.006839,0.353111,1.893807
168.612880,-20.213768,48.880839,0.007282,-0.007152,0.343224,1.896795
168.712888,-20.113763,48.881531,0.006551,-0.007465,0.336731,1.898480
168.812895,-20.013757,48.882148,0.005789,-0.007779,0.329443,1.901210
168.912903,-19.913751,48.882688,0.004995,-0.008094,0.312937,1.902286
169.012911,-19.813744,48.883146,0.004170,-0.008410,0.304164,1.904630
169.112918,-19.713737,48.883521,0.003313,-0.008727,0.304244,1.904300
169.212926,-19.613730,48.883808,0.002425,-0.009044,0.311580,1.902522
169.312934,-19.513722,48.884004,0.001504,-0.009363,0.320337,1.904089
169.412941,-19.413715,48.884108,0.000552,-0.009682,0.323614,1.911700
169.512949,-19.313707,48.884114,-0.000432,-0.010002,0.317838,1.939251
169.612957,-19.213700,48.884020,-0.001449,-0.010324,0.307976,1.949143
169.712964,-19.113692,48.883823,-0.002497,-0.010647,0.297438,1.954837
169.812972,-19.013685,48.883519,-0.003578,-0.010970,0.288752,1.958925
169.912979,-18.913678,48.883106,-0.004692,-0.011295,0.282212,1.962186
170.012987,-18.813672,48.882580,-0.005838,-0.011621,0.265286,1.960722
170.112995,-18.713666,48.881937,-0.007016,-0.011947,0.254006,1.962141
170.213002,-18.613662,48.881175,-0.008227,-0.012275,0.250728,1.960385
170.313010,-18.513658,48.880291,-0.009471,-0.012604,0.251695,1.958768
170.413018,-18.413655,48.879280,-0.010748,-0.012933,0.255499,1.955868
170.513025,-18.313654,48.878140,-0.012058,-0.013265,0.259842,1.954478
170.613033,-18.213655,48.876867,-0.013402,-0.013594,0.264382,1.957243
170.713041,-18.113657,48.875458,-0.014777,-0.013919,0.267920,1.969132
170.813048,-18.013661,48.873910,-0.016187,-0.014275,0.262699,1.989445
170.913056,-17.913668,48.872220,-0.017631,-0.014576,0.253724,2.001765
171.013064,-17.813677,48.870383,-0.019101,-0.014817,0.244688,2.009653
171.113071,-17.713689,48.868398,-0.020616,-0.015487,0.238443,2.015759
171.213079,-17.613704,48.866258,-0.022179,-0.015374,0.218331,2.018562
171.313086,-17.513723,48.863965,-0.023670,-0.014431,0.210107,2.011407
171.413094,-17.413745,48.861518,-0.025360,-0.019449,0.211308,2.004514
171.513102,-17.313773,48.858876,-0.027541,-0.023755,0.216448,1.997411
171.613109,-17.213806,48.855998,-0.030090,-0.027231,0.222722,1.989644
171.713117,-17.113848,48.852846,-0.033008,-0.031136,0.231507,1.983730
171.813125,-17.013901,48.849384,-0.036316,-0.034986,0.236592,1.982082
171.913132,-16.913966,48.845572,-0.040005,-0.038773,0.239662,1.988395
172.013140,-16.814046,48.841372,-0.044074,-0.042616,0.240693,2.003556
172.113148,-16.714145,48.836746,-0.048527,-0.046405,0.232864,2.011709
172.213155,-16.614267,48.831657,-0.053355,-0.050136,0.224603,2.015341
172.313163,-16.514416,48.826066,-0.058574,-0.054247,0.219226,2.019570
172.413170,-16.414596,48.819935,-0.064188,-0.057661,0.211634,2.021868
172.513178,-16.314813,48.813228,-0.070088,-0.060338,0.207961,2.021765
172.613186,-16.215074,48.805910,-0.076517,-0.068300,0.211486,2.017829
172.713193,-16.115386,48.797912,-0.083732,-0.075629,0.218530,2.012526
172.813201,-16.015762,48.789160,-0.091625,-0.082221,0.228626,2.005907
172.913209,-15.916213,48.779588,-0.100196,-0.089182,0.240567,1.997388
173.013216,-15.816753,48.769130,-0.109462,-0.096093,0.253012,1.987244
173.113224,-15.717399,48.757715,-0.119415,-0.102950,0.264266,1.974642
173.213232,-15.618167,48.745279,-0.130054,-0.109813,0.274925,1.950472
173.313239,-15.519077,48.731753,-0.141379,-0.116665,0.286591,1.934845
173.413247,-15.420152,48.717073,-0.153389,-0.123509,0.302053,1.928241
173.513254,-15.321416,48.701171,-0.166081,-0.130319,0.319011,1.928276
173.613262,-15.222895,48.683984,-0.179455,-0.137116,0.336219,1.924852
173.713270,-15.124619,48.665448,-0.193507,-0.143904,0.355518,1.917238
173.813277,-15.026620,48.645500,-0.208235,-0.150637,0.370477,1.907399
173.913285,-14.928933,48.624077,-0.223637,-0.157349,0.383375,1.896433
174.013293,-14.831594,48.601120,-0.239708,-0.164046,0.390165,1.886275
174.113300,-14.734646,48.576569,-0.256445,-0.170660,0.406600,1.873843
174.213308,-14.638130,48.550367,-0.273843,-0.177244,0.428432,1.859691
174.313316,-14.542094,48.522458,-0.291897,-0.183806,0.454508,1.842590
174.413323,-14.446586,48.492789,-0.310602,-0.190249,0.481441,1.823497
174.513331,-14.351661,48.461308,-0.329951,-0.196652,0.508029,1.801442
174.613339,-14.257372,48.427967,-0.349936,-0.203023,0.535389,1.776920
174.713346,-14.163780,48.392718,-0.370551,-0.209231,0.562000,1.750101
174.813354,-14.070946,48.355518,-0.391787,-0.215387,0.587907,1.720479
174.913361,-13.978934,48.316328,-0.413633,-0.221498,0.613486,1.692592
175.013369,-13.887813,48.275109,-0.436080,-0.227397,0.639621,1.666205
175.113377,-13.797653,48.231829,-0.459118,-0.233229,0.667652,1.640601
175.213384,-13.708526,48.186457,-0.482731,-0.239002,0.696900,1.614324
175.313392,-13.620509,48.138969,-0.506909,-0.244506,0.725169,1.587589
175.413400,-13.533680,48.089342,-0.531638,-0.249928,0.751714,1.560888
175.513407,-13.448117,48.037561,-0.556901,-0.255274,0.776673,1.535089
175.613415,-13.363904,47.983613,-0.582681,-0.260292,0.800929,1.513172
175.713423,-13.281124,47.927491,-0.608965,-0.265210,0.825775,1.487374
175.813430,-13.199861,47.869194,-0.635730,-0.270037,0.849774,1.448613
175.913438,-13.120202,47.808723,-0.662958,-0.274472,0.873489,1.413367
176.013445,-13.042232,47.746089,-0.690632,-0.278792,0.893370,1.388983
176.113453,-12.966039,47.681305,-0.718724,-0.283002,0.911260,1.369037
176.213461,-12.891709,47.614392,-0.747215,-0.286760,0.927180,1.346238
176.313468,-12.819328,47.545374,-0.776084,-0.290388,0.941647,1.325850
176.413476,-12.748982,47.474283,-0.805300,-0.293889,0.955022,1.306258
176.513484,-12.680755,47.401157,-0.834842,-0.296883,0.966234,1.289245
176.613491,-12.614729,47.326037,-0.864685,-0.299733,0.975330,1.274883
176.713499,-12.550985,47.248971,-0.894796,-0.302441,0.982097,1.260324
176.813507,-12.489599,47.170014,-0.925151,-0.304595,0.987120,1.252013
176.913514,-12.430647,47.089223,-0.955724,-0.306596,0.990936,1.246529
177.013522,-12.374199,47.006663,-0.986479,-0.308442,0.993018,1.243526
177.113530,-12.320324,46.922401,-1.017389,-0.309699,0.993002,1.245922
177.213537,-12.269085,46.836511,-1.048428,-0.310798,0.990335,1.254735
177.313545,-12.220539,46.749071,-1.079557,-0.311731,0.984264,1.264495
177.413552,-12.174742,46.660160,-1.110750,-0.312057,0.977458,1.260331
177.513560,-12.131742,46.569863,-1.141978,-0.312223,0.973654,1.265356
177.613568,-12.091582,46.478267,-1.173203,-0.312219,0.968548,1.276485
177.713575,-12.054301,46.385463,-1.204397,-0.311604,0.960484,1.295270
177.813583,-12.019929,46.291542,-1.235533,-0.310832,0.947080,1.318042
177.913591,-11.988494,46.196598,-1.266572,-0.309891,0.931397,1.346552
178.013598,-11.960014,46.100726,-1.297487,-0.308351,0.915953,1.381219
178.113606,-11.934505,46.004022,-1.328252,-0.306663,0.897436,1.414214
178.213614,-11.911973,45.906580,-1.358828,-0.304810,0.877661,1.449216
178.313621,-11.892420,45.808498,-1.389191,-0.302388,0.855389,1.482775
178.413629,-11.875843,45.709869,-1.419315,-0.299829,0.830576,1.517574
178.513636,-11.862230,45.610787,-1.449164,-0.297113,0.803602,1.547608
178.613644,-11.851567,45.511345,-1.478717,-0.293871,0.775897,1.575432
178.713652,-11.843830,45.411633,-1.507948,-0.290506,0.747196,1.603105
178.813659,-11.838993,45.311738,-1.536825,-0.286997,0.719693,1.627425
178.913667,-11.837024,45.211745,-1.565329,-0.283015,0.688863,1.654340
179.013675,-11.837886,45.111737,-1.593436,-0.278925,0.657723,1.676616
179.113682,-11.841538,45.011792,-1.621120,-0.274707,0.622415,1.701263
179.213690,-11.847932,44.911986,-1.648362,-0.270075,0.597185,1.724945
179.313698,-11.857020,44.812388,-1.675143,-0.265351,0.570106,1.746314
179.413705,-11.868748,44.713067,-1.701438,-0.260516,0.543190,1.767209
179.513713,-11.883059,44.614085,-1.727233,-0.255329,0.515456,1.786840
179.613721,-11.899892,44.515501,-1.752511,-0.250068,0.479694,1.806831
179.713728,-11.919185,44.417368,-1.777252,-0.244711,0.452757,1.824456
179.813736,-11.940874,44.319738,-1.801443,-0.239065,0.428582,1.840742
179.913743,-11.964890,44.222654,-1.825071,-0.233359,0.406374,1.859664
180.013751,-11.991166,44.126157,-1.848120,-0.227575,0.385901,1.873497
180.113759,-12.019630,44.030283,-1.870579,-0.221560,0.369681,1.886142
180.213766,-12.050211,43.935063,-1.892437,-0.215498,0.357443,1.901772
180.313774,-12.082838,43.840524,-1.913682,-0.209375,0.344367,1.919597
180.413782,-12.117436,43.746690,-1.934307,-0.203072,0.332492,1.933312
180.513789,-12.153933,43.653577,-1.954302,-0.196736,0.319247,1.944659
180.613797,-12.192255,43.561201,-1.973658,-0.190351,0.305445,1.954050
180.713805,-12.232328,43.469571,-1.992368,-0.183833,0.292753,1.962298
180.813812,-12.274078,43.378694,-2.010428,-0.177291,0.282452,1.969554
180.913820,-12.317434,43.288570,-2.027830,-0.170713,0.273445,1.975766
181.013827,-12.362321,43.199201,-2.044569,-0.164040,0.266110,1.976698
181.113835,-12.408668,43.110580,-2.060641,-0.157350,0.257740,1.976050
181.213843,-12.456404,43.022699,-2.076042,-0.150636,0.251797,1.977139
181.313850,-12.505459,42.935547,-2.090768,-0.143856,0.245557,1.982371
181.413858,-12.555762,42.849110,-2.104816,-0.137065,0.240261,1.988913
181.513866,-12.607245,42.763371,-2.118183,-0.130259,0.233989,1.995508
181.613873,-12.659841,42.678310,-2.130867,-0.123407,0.223236,2.003985
181.713881,-12.713482,42.593904,-2.142867,-0.116554,0.215990,2.007794
181.813889,-12.768103,42.510130,-2.154180,-0.109697,0.218873,2.011031
181.913896,-12.823641,42.426960,-2.164805,-0.102773,0.218851,2.014297
182.013904,-12.880029,42.344365,-2.174739,-0.095922,0.215583,2.017337
182.113911,-12.937208,42.262315,-2.183993,-0.089144,0.211266,2.020945
182.213919,-12.995115,42.180777,-2.192540,-0.081777,0.210151,2.022262
182.313927,-13.053687,42.099716,-2.200375,-0.075465,0.209762,2.021986
182.413934,-13.112870,42.019100,-2.207662,-0.070257,0.209978,2.023671
182.513942,-13.172626,41.938908,-2.214753,-0.071619,0.210872,2.023273
182.613950,-13.232955,41.859146,-2.221966,-0.072179,0.212019,2.024343
182.713957,-13.293858,41.779821,-2.229167,-0.071828,0.213638,2.023189
182.813965,-13.355330,41.700936,-2.236355,-0.071941,0.214688,2.021920
182.913973,-13.417367,41.622495,-2.243554,-0.071995,0.215931,2.019995
183.013980,-13.479968,41.544503,-2.250754,-0.071982,0.218023,2.018262
183.113988,-13.543128,41.466964,-2.257953,-0.071996,0.220614,2.015355
183.213996,-13.606845,41.389881,-2.265154,-0.072003,0.223697,2.012036
183.314003,-13.671116,41.313260,-2.272355,-0.072004,0.226000,2.008962
183.414011,-13.735937,41.237103,-2.279556,-0.072000,0.226255,2.005562
183.514018,-13.801304,41.161415,-2.286756,-0.071994,0.233573,2.001680
183.614026,-13.867214,41.086199,-2.293956,-0.071986,0.248161,1.998862
183.714034,-13.933665,41.011460,-2.301154,-0.071970,0.258552,1.991993
183.814041,-14.000651,40.937201,-2.308351,-0.071953,0.264884,1.983995
183.914049,-14.068170,40.863426,-2.315546,-0.071934,0.263833,1.976362
184.014057,-14.136219,40.790139,-2.322738,-0.071908,0.264272,1.971448
184.114064,-14.204792,40.717343,-2.329929,-0.071880,0.274175,1.967006
184.214072,-14.273887,40.645042,-2.337116,-0.071851,0.282984,1.961032
184.314080,-14.343500,40.573239,-2.344299,-0.071814,0.285773,1.952280
184.414087,-14.413626,40.501938,-2.351480,-0.071776,0.287705,1.943701
184.514095,-14.484263,40.431142,-2.358656,-0.071736,0.293424,1.937869
184.614102,-14.555405,40.360854,-2.365828,-0.071689,0.303512,1.932749
184.714110,-14.627050,40.291079,-2.372995,-0.071641,0.316021,1.926186
184.814118,-14.699193,40.221819,-2.380157,-0.071591,0.324467,1.918448
184.914125,-14.771830,40.153077,-2.387314,-0.071534,0.332947,1.909779
185.014133,-14.844956,40.084856,-2.394465,-0.071475,0.342172,1.901321
185.114141,-14.918569,40.017160,-2.401610,-0.071415,0.351877,1.892545
185.214148,-14.992663,39.949991,-2.408749,-0.071349,0.362858,1.883998
185.314156,-15.067235,39.883353,-2.415881,-0.071281,0.373739,1.873699
185.414164,-15.142279,39.817247,-2.423006,-0.071211,0.377644,1.861985
185.514171,-15.217793,39.751678,-2.430124,-0.071136,0.383699,1.843841
185.614179,-15.293771,39.686648,-2.437234,-0.071058,0.391363,1.833967
185.714187,-15.370209,39.622160,-2.444337,-0.070980,0.404262,1.827029
185.814194,-15.447103,39.558216,-2.451431,-0.070895,0.414768,1.819256
185.914202,-15.524449,39.494818,-2.458517,-0.070809,0.426179,1.810294
186.014209,-15.602241,39.431970,-2.465594,-0.070721,0.436609,1.802796
186.114217,-15.680476,39.369673,-2.472662,-0.070628,0.448610,1.789828
186.214225,-15.759150,39.307931,-2.479720,-0.070533,0.462508,1.775492
186.314232,-15.838256,39.246745,-2.486770,-0.070437,0.475488,1.762244
186.414240,-15.917792,39.186118,-2.493809,-0.070335,0.485609,1.749180
186.514248,-15.997752,39.126052,-2.500838,-0.070232,0.495619,1.738590
186.614255,-16.078132,39.066549,-2.507856,-0.070128,0.504329,1.738464
186.714263,-16.158928,39.007611,-2.514864,-0.070019,0.513641,1.733815
186.814271,-16.240134,38.949240,-2.521861,-0.069908,0.523545,1.725369
186.914278,-16.321746,38.891439,-2.528847,-0.069796,0.533205,1.716247
187.014286,-16.403760,38.834209,-2.535821,-0.069679,0.543810,1.706838
187.114293,-16.486171,38.777551,-2.542784,-0.069562,0.555457,1.696468
187.214301,-16.568974,38.721468,-2.549735,-0.069443,0.567035,1.685678
187.314309,-16.652164,38.665962,-2.556673,-0.069319,0.577477,1.673423
187.414316,-16.735737,38.611033,-2.563600,-0.069194,0.586050,1.661223
187.514324,-16.819688,38.556685,-2.570513,-0.069068,0.593525,1.650891
187.614332,-16.904013,38.502917,-2.577414,-0.068937,0.601262,1.642612
187.714339,-16.988706,38.449732,-2.584302,-0.068806,0.610430,1.638246
187.814347,-17.073763,38.397131,-2.591176,-0.068673,0.620116,1.631454
187.914355,-17.159179,38.345116,-2.598037,-0.068536,0.627883,1.622630
188.014362,-17.244950,38.293687,-2.604884,-0.068398,0.636127,1.610032
188.114370,-17.331071,38.242846,-2.611718,-0.068260,0.646073,1.599816
188.214378,-17.417537,38.192594,-2.618537,-0.068116,0.657116,1.591588
188.314385,-17.504343,38.142932,-2.625342,-0.067973,0.668664,1.581564
188.414393,-17.591484,38.093862,-2.632133,-0.067828,0.680255,1.570327
188.514400,-17.678957,38.045384,-2.638909,-0.067679,0.691543,1.557605
188.614408,-17.766755,37.997499,-2.645670,-0.067530,0.702015,1.545112
188.714416,-17.854875,37.950207,-2.652416,-0.067379,0.711248,1.532669
188.814423,-17.943312,37.903511,-2.659146,-0.067225,0.719776,1.525817
188.914431,-18.032061,37.857411,-2.665862,-0.067070,0.727975,1.516903
189.014439,-18.121116,37.811906,-2.672562,-0.066914,0.736348,1.510260
189.114446,-18.210475,37.766999,-2.679245,-0.066754,0.743592,1.502366
189.214454,-18.300131,37.722689,-2.685913,-0.066594,0.747874,1.495254
189.314462,-18.390080,37.678978,-2.692565,-0.066433,0.752565,1.489366
189.414469,-18.480318,37.635865,-2.699201,-0.066268,0.760306,1.482650
189.514477,-18.570839,37.593351,-2.705820,-0.066102,0.769572,1.469077
189.614484,-18.661640,37.551436,-2.712422,-0.065936,0.778378,1.459774
189.714492,-18.752715,37.510121,-2.719008,-0.065766,0.786721,1.449338
189.814500,-18.844059,37.469405,-2.725576,-0.065595,0.796151,1.440288
189.914507,-18.935669,37.429290,-2.732128,-0.065423,0.804742,1.431142
190.014515,-19.027539,37.389775,-2.738662,-0.065248,0.809547,1.422166
190.114523,-19.119665,37.350861,-2.745179,-0.065072,0.812988,1.414248
190.214530,-19.212043,37.312547,-2.751677,-0.064896,0.821370,1.406194
190.314538,-19.304667,37.274833,-2.758158,-0.064715,0.833312,1.396270
190.414546,-19.397533,37.237719,-2.764622,-0.064534,0.844880,1.376538
190.514553,-19.490637,37.201206,-2.771066,-0.064353,0.855419,1.361893
190.614561,-19.583974,37.165292,-2.777493,-0.064167,0.864881,1.349867
190.714568,-19.677540,37.129978,-2.783901,-0.063981,0.877284,1.339723
190.814576,-19.771329,37.095264,-2.790290,-0.063795,0.888907,1.333755
190.914584,-19.865338,37.061148,-2.796661,-0.063604,0.899465,1.332879
191.014591,-19.959562,37.027632,-2.803012,-0.063413,0.908673,1.326275
191.114599,-20.053997,36.994713,-2.809344,-0.063221,0.918707,1.318741
191.214607,-20.148638,36.962392,-2.815657,-0.063025,0.928978,1.310724
191.314614,-20.243481,36.930669,-2.821950,-0.062829,0.940125,1.301946
191.414622,-20.338522,36.899542,-2.828224,-0.062632,0.950911,1.291567
191.514630,-20.433755,36.869011,-2.834478,-0.062431,0.961600,1.279605
191.614637,-20.529177,36.839075,-2.840711,-0.062229,0.971333,1.267398
191.714645,-20.624784,36.809733,-2.846924,-0.062026,0.979608,1.257403
191.814653,-20.720571,36.780985,-2.853117,-0.061819,0.988953,1.246968
191.914660,-20.816534,36.752830,-2.859289,-0.061612,0.999179,1.237162
192.014668,-20.912668,36.725267,-2.865440,-0.061404,1.011279,1.228342
192.114675,-21.008970,36.698294,-2.871571,-0.061191,1.025170,1.218173
192.214683,-21.105435,36.671911,-2.877680,-0.060978,1.041725,1.206343
192.314691,-21.202059,36.646118,-2.883767,-0.060764,1.054583,1.192329
192.414698,-21.298839,36.620911,-2.889833,-0.060546,1.066254,1.177335
192.514706,-21.395769,36.596292,-2.895877,-0.060326,1.077119,1.164171
192.614714,-21.492846,36.572257,-2.901899,-0.060106,1.084617,1.151827
192.714721,-21.590065,36.548806,-2.907899,-0.059882,1.090782,1.141406
192.814729,-21.687423,36.525938,-2.913877,-0.059656,1.097027,1.133684
192.914737,-21.784916,36.503652,-2.919831,-0.059430,1.103700,1.126948
193.014744,-21.882540,36.481945,-2.925763,-0.059199,1.110919,1.121819
193.114752,-21.980290,36.460816,-2.931672,-0.058966,1.115863,1.114805
193.214759,-22.078164,36.440265,-2.937558,-0.058733,1.127805,1.106983
193.314767,-22.176156,36.420288,-2.943419,-0.058495,1.146801,1.097853
193.414775,-22.274263,36.400885,-2.949258,-0.058256,1.165889,1.085897
193.514782,-22.372482,36.382054,-2.955072,-0.058016,1.178086,1.072929
193.614790,-22.470809,36.363793,-2.960861,-0.057771,1.186811,1.051621
193.714798,-22.569239,36.346101,-2.966627,-0.057525,1.193429,1.038502
193.814805,-22.667770,36.328975,-2.972367,-0.057277,1.200083,1.037779
193.914813,-22.766397,36.312414,-2.978083,-0.057025,1.207073,1.035178
194.014821,-22.865117,36.296415,-2.983773,-0.056771,1.212071,1.027581
194.114828,-22.963926,36.280978,-2.989438,-0.056515,1.212035,1.020776
194.214836,-23.062821,36.266099,-2.995077,-0.056255,1.216490,1.015745
194.314844,-23.161798,36.251776,-3.000690,-0.055993,1.221436,1.011882
194.414851,-23.260853,36.238008,-3.006276,-0.055730,1.226720,1.005881
194.514859,-23.359984,36.224793,-3.011836,-0.055461,1.233292,0.997260
194.614866,-23.459186,36.212127,-3.017370,-0.055191,1.238353,0.990224
194.714874,-23.558457,36.200009,-3.022875,-0.054919,1.244385,0.985663
194.814882,-23.657793,36.188437,-3.028354,-0.054642,1.256263,0.983506
194.914889,-23.757191,36.177407,-3.033805,-0.054363,1.265745,0.976017
195.014897,-23.856647,36.166918,-3.039227,-0.054082,1.279830,0.967381
195.114905,-23.956159,36.156967,-3.044622,-0.053796,1.285103,0.961111
195.214912,-24.055722,36.147552,-3.049987,-0.053508,1.292358,0.962212
195.314920,-24.155335,36.138670,-3.055324,-0.053218,1.297871,0.953128
195.414928,-24.254993,36.130317,-3.060631,-0.052922,1.304159,0.935628
195.514935,-24.354694,36.122493,-3.065909,-0.052624,1.305633,0.928194
195.614943,-24.454435,36.115193,-3.071157,-0.052324,1.312204,0.924447
195.714950,-24.554213,36.108415,-3.076375,-0.052019,1.320047,0.915694
195.814958,-24.654025,36.102157,-3.081562,-0.051711,1.324444,0.906480
195.914966,-24.753868,36.096414,-3.086718,-0.051401,1.331500,0.900239
196.014973,-24.853739,36.091185,-3.091842,-0.051086,1.341005,0.896535
196.114981,-24.953635,36.086467,-3.096936,-0.050768,1.354645,0.888411
196.214989,-25.053554,36.082255,-3.101997,-0.050447,1.363593,0.875973
196.314996,-25.153493,36.078548,-3.107026,-0.050121,1.366583,0.865828
196.415004,-25.253450,36.075341,-3.112022,-0.049792,1.376174,0.857572
196.515012,-25.353421,36.072633,-3.116985,-0.049461,1.391409,0.849801
196.615019,-25.453404,36.070419,-3.121914,-0.049124,1.403142,0.839116
196.715027,-25.553397,36.068696,-3.126810,-0.048784,1.408379,0.825744
196.815034,-25.653397,36.067461,-3.131672,-0.048442,1.416613,0.814858
196.915042,-25.753402,36.066711,-3.136499,-0.048093,1.427718,0.807150
197.015050,-25.853409,36.066441,-3.141291,-0.047742,1.446307,0.800305
197.115057,-25.953417,36.066649,3.137137,-0.047388,1.458878,0.789936
197.215065,-26.053422,36.067331,3.132416,-0.047028,1.465996,0.777500
197.315073,-26.153424,36.068483,3.127731,-0.046665,1.477882,0.766571
197.415080,-26.253418,36.070102,3.123082,-0.046299,1.491436,0.754533
197.515088,-26.353404,36.072184,3.118471,-0.045927,1.505826,0.741942
197.615096,-26.453380,36.074726,3.113896,-0.045552,1.517825,0.729170
197.715103,-26.553343,36.077722,3.109360,-0.045174,1.531022,0.720222
197.815111,-26.653291,36.081170,3.104861,-0.044790,1.544960,0.715153
197.915119,-26.753223,36.085066,3.100401,-0.044402,1.555792,0.709998
198.015126,-26.853136,36.089406,3.095980,-0.044012,1.567461,0.702782
198.115134,-26.953030,36.094185,3.091598,-0.043615,1.579674,0.691356
198.215141,-27.052901,36.099400,3.087256,-0.043215,1.589660,0.674337
198.315149,-27.152750,36.105046,3.082955,-0.042812,1.595740,0.656340
198.415157,-27.252573,36.111120,3.078694,-0.042402,1.600502,0.645112
198.515164,-27.352369,36.117617,3.074474,-0.041990,1.603375,0.642393
198.615172,-27.452137,36.124533,3.070295,-0.041574,1.610927,0.644695
198.715180,-27.551876,36.131864,3.066159,-0.041151,1.613575,0.643982
198.815187,-27.651584,36.139606,3.062064,-0.040726,1.615949,0.645333
198.915195,-27.751259,36.147753,3.058013,-0.040297,1.615118,0.646807
199.015203,-27.850901,36.156302,3.054005,-0.039861,1.608759,0.635611
199.115210,-27.950508,36.165248,3.050040,-0.039422,1.609226,0.627856
199.215218,-28.050078,36.174587,3.046120,-0.038980,1.603258,0.623937
199.315225,-28.149612,36.184314,3.042244,-0.038531,1.601119,0.622712
199.415233,-28.249107,36.194424,3.038413,-0.038079,1.606827,0.620088
199.515241,-28.348563,36.204913,3.034627,-0.037624,1.611315,0.619094
199.615248,-28.447979,36.215776,3.030888,-0.037161,1.609741,0.620463
199.715256,-28.547354,36.227009,3.027195,-0.036696,1.598220,0.624836
199.815264,-28.646687,36.238606,3.023548,-0.036227,1.592063,0.627831
199.915271,-28.745978,36.250563,3.019949,-0.035751,1.592673,0.626037
200.015279,-28.845224,36.262875,3.016398,-0.035272,1.601894,0.623072
200.115287,-28.944427,36.275537,3.012894,-0.034790,1.598738,0.625845
200.215294,-29.043586,36.288544,3.009439,-0.034300,1.592006,0.631678
200.315302,-29.142699,36.301891,3.006034,-0.033808,1.592266,0.632739
200.415310,-29.241766,36.315574,3.002677,-0.033312,1.596831,0.628575
200.515317,-29.340787,36.329586,2.999371,-0.032809,1.596957,0.627952
200.615325,-29.439762,36.343923,2.996115,-0.032303,1.594058,0.632062
200.715332,-29.538690,36.358579,2.992910,-0.031793,1.597556,0.631048
200.815340,-29.637571,36.373550,2.989756,-0.031277,1.603366,0.625653
200.915348,-29.736404,36.388830,2.986654,-0.030757,1.602564,0.626149
201.015355,-29.835190,36.404415,2.983605,-0.030234,1.601361,0.630702
201.115363,-29.933928,36.420297,2.980607,-0.029704,1.605299,0.633238
201.215371,-30.032619,36.436473,2.977663,-0.029170,1.608547,0.625212
201.315378,-30.131262,36.452937,2.974773,-0.028633,1.607216,0.625367
201.415386,-30.229858,36.469684,2.971937,-0.028089,1.609018,0.636080
201.515394,-30.328406,36.486707,2.969155,-0.027542,1.618715,0.632756
201.615401,-30.426907,36.504001,2.966428,-0.026992,1.630008,0.626053
201.715409,-30.525361,36.521562,2.963756,-0.026434,1.633191,0.618755
201.815416,-30.623768,36.539382,2.961141,-0.025874,1.628521,0.613416
201.915424,-30.722129,36.557457,2.958581,-0.025310,1.633735,0.609337
202.015432,-30.820443,36.575781,2.956079,-0.024739,1.640955,0.602012
202.115439,-30.918712,36.594349,2.953633,-0.024165,1.650882,0.589147
202.215447,-31.016936,36.613153,2.951246,-0.023587,1.658697,0.578615
202.315455,-31.115115,36.632190,2.948916,-0.023002,1.667559,0.568776
202.415462,-31.213251,36.651452,2.946645,-0.022415,1.677169,0.559287
202.515470,-31.311342,36.670934,2.944433,-0.021824,1.688365,0.549640
202.615478,-31.409391,36.690630,2.942280,-0.021226,1.700242,0.539242
202.715485,-31.507398,36.710534,2.940187,-0.020625,1.711779,0.526531
202.815493,-31.605364,36.730640,2.938155,-0.020020,1.723026,0.514094
202.915501,-31.703289,36.750942,2.936183,-0.019409,1.734785,0.502730
203.015508,-31.801175,36.771435,2.934273,-0.018794,1.746978,0.491478
203.115516,-31.899022,36.792111,2.932424,-0.018177,1.759075,0.480041
203.215523,-31.996831,36.812965,2.930638,-0.017552,1.770996,0.469219
203.315531,-32.094603,36.833991,2.928914,-0.016924,1.782527,0.455520
203.415539,-32.192340,36.855182,2.927253,-0.016293,1.793741,0.444103
203.515546,-32.290042,36.876533,2.925655,-0.015656,1.805511,0.433580
203.615554,-32.387710,36.898036,2.924121,-0.015015,1.818477,0.422074
203.715562,-32.485347,36.919686,2.922652,-0.014371,1.831087,0.409582
203.815569,-32.582951,36.941477,2.921247,-0.013720,1.840939,0.396156
203.915577,-32.680526,36.963401,2.919908,-0.013066,1.849530,0.385103
204.015585,-32.778072,36.985452,2.918634,-0.012408,1.858441,0.375748
204.115592,-32.875591,37.007625,2.917426,-0.011745,1.869536,0.368161
204.215600,-32.973084,37.029912,2.916285,-0.011078,1.880893,0.363447
204.315607,-33.070552,37.052308,2.915211,-0.010407,1.890114,0.350921
204.415615,-33.167996,37.074804,2.914204,-0.009730,1.897232,0.338734
204.515623,-33.265419,37.097396,2.913265,-0.009050,1.902119,0.331266
204.615630,-33.362821,37.120075,2.912394,-0.008366,1.905162,0.328925
204.715638,-33.460204,37.142837,2.911591,-0.007676,1.905988,0.326801
204.815646,-33.557569,37.165672,2.910858,-0.006983,1.907827,0.326120
204.915653,-33.654919,37.188576,2.910195,-0.006286,1.911837,0.320567
205.015661,-33.752254,37.211541,2.909601,-0.005583,1.916646,0.315971
205.115669,-33.849576,37.234561,2.909078,-0.004877,1.922443,0.311221
205.215676,-33.946888,37.257628,2.908626,-0.004167,1.927735,0.306556
205.315684,-34.044189,37.280735,2.908245,-0.003450,1.933410,0.300131
205.415691,-34.141483,37.303876,2.907936,-0.002731,1.937887,0.292361
205.515699,-34.238770,37.327043,2.907699,-0.002008,1.943613,0.286171
205.615707,-34.336052,37.350230,2.907535,-0.001278,1.948854,0.280681
205.715714,-34.433332,37.373430,2.907443,-0.000545,1.953548,0.274101
205.815722,-34.530610,37.396635,2.907426,0.000191,1.958086,0.268769
205.915730,-34.627889,37.419838,2.907482,0.000933,1.962463,0.261435
206.015737,-34.725170,37.443031,2.907612,0.001679,1.966122,0.256533
206.115745,-34.822454,37.466209,2.907818,0.002427,1.968544,0.256055
206.215753,-34.919745,37.489363,2.908098,0.003182,1.974303,0.258333
206.315760,-35.017043,37.512486,2.908454,0.003940,1.976303,0.261470
206.415768,-35.114350,37.535570,2.908886,0.004701,1.978850,0.260224
206.515776,-35.211667,37.558609,2.909395,0.005468,1.986490,0.259835
206.615783,-35.308998,37.581595,2.909980,0.006237,1.988075,0.260624
206.715791,-35.406342,37.604520,2.910643,0.007010,1.990260,0.257631
206.815798,-35.503703,37.627376,2.911382,0.007787,1.991832,0.253296
206.915806,-35.601081,37.650157,2.912200,0.008567,1.994557,0.248555
207.015814,-35.698479,37.672854,2.913096,0.009350,1.997564,0.243671
207.115821,-35.795898,37.695461,2.914070,0.010137,1.999407,0.240543
207.215829,-35.893340,37.717968,2.915124,0.010926,1.999464,0.236093
207.315837,-35.990807,37.740369,2.916256,0.011717,2.001634,0.231861
207.415844,-36.088300,37.762656,2.917467,0.012511,2.004386,0.225232
207.515852,-36.185820,37.784821,2.918758,0.013308,2.006972,0.220366
207.615860,-36.283370,37.806856,2.920129,0.014106,2.010123,0.216796
207.715867,-36.380951,37.828753,2.921580,0.014907,2.012470,0.213983
207.815875,-36.478565,37.850505,2.923111,0.015708,2.013493,0.212461
207.915882,-36.576212,37.872103,2.924722,0.016511,2.013630,0.212211
208.015890,-36.673895,37.893540,2.926413,0.017316,2.014676,0.213186
208.115898,-36.771615,37.914808,2.928185,0.018122,2.015604,0.212560
208.215905,-36.869374,37.935899,2.930038,0.018928,2.015335,0.212027
208.315913,-36.967172,37.956805,2.931971,0.019734,2.014724,0.217668
208.415921,-37.065011,37.977518,2.933985,0.020542,2.012686,0.215871
208.515928,-37.162893,37.998029,2.936080,0.021351,2.014714,0.213188
208.615936,-37.260818,38.018332,2.938255,0.022152,2.016601,0.211710
208.715944,-37.358788,38.038418,2.940511,0.022969,2.012802,0.211124
208.815951,-37.456803,38.058278,2.942850,0.023802,2.013492,0.209887
208.915959,-37.554866,38.077906,2.945266,0.024514,2.015014,0.210015
209.015967,-37.652977,38.097292,2.947766,0.025758,2.012451,0.209713
209.115974,-37.751137,38.116426,2.950432,0.027561,2.012060,0.210446
209.215982,-37.849350,38.135289,2.953264,0.029074,2.016219,0.211485
209.315989,-37.947617,38.153867,2.956248,0.030623,2.016359,0.211674
209.415997,-38.045940,38.172144,2.959390,0.032211,2.016413,0.212480
209.516005,-38.144322,38.190104,2.962690,0.033778,2.016294,0.213953
209.616012,-38.242764,38.207731,2.966146,0.035348,2.016335,0.215104
209.716020,-38.341267,38.225011,2.969760,0.036920,2.016441,0.217443
209.816028,-38.439834,38.241926,2.973531,0.038492,2.013858,0.221435
209.916035,-38.538465,38.258463,2.977459,0.040063,2.008120,0.228349
210.016043,-38.637162,38.274603,2.981544,0.041635,2.001586,0.236257
210.116051,-38.735925,38.290333,2.985787,0.043207,1.995283,0.243134
210.216058,-38.834755,38.305636,2.990186,0.044780,1.986889,0.248641
210.316066,-38.933652,38.320496,2.994743,0.046353,1.974611,0.255962
210.416073,-39.032618,38.334897,2.999458,0.047926,1.963985,0.262549
210.516081,-39.131651,38.348824,3.004329,0.049499,1.957329,0.266790
210.616089,-39.230752,38.362260,3.009358,0.051074,1.952258,0.271986
210.716096,-39.329921,38.375191,3.014545,0.052648,1.947009,0.276799
210.816104,-39.429156,38.387598,3.019889,0.054222,1.940698,0.283144
210.916112,-39.528457,38.399468,3.025390,0.055798,1.933327,0.289522
211.016119,-39.627822,38.410783,3.031049,0.057373,1.926942,0.295882
211.116127,-39.727251,38.421528,3.036866,0.058948,1.920938,0.301804
211.216135,-39.826742,38.431687,3.042840,0.060524,1.914534,0.308783
211.316142,-39.926292,38.441243,3.048971,0.062099,1.909063,0.317626
211.416150,-40.025900,38.450181,3.055260,0.063674,1.903218,0.327881
211.516157,-40.125562,38.458484,3.061707,0.065250,1.896976,0.338851
211.616165,-40.225277,38.466137,3.068311,0.066824,1.890248,0.350238
211.716173,-40.325040,38.473123,3.075073,0.068398,1.881274,0.364143
211.816180,-40.424849,38.479426,3.081992,0.069972,1.870360,0.386955
211.916188,-40.524700,38.485031,3.089068,0.071543,1.857958,0.405534
212.016196,-40.624588,38.489922,3.096302,0.073114,1.846953,0.415874
212.116203,-40.724510,38.494082,3.103692,0.074685,1.833260,0.420711
212.216211,-40.824459,38.497496,3.111240,0.076251,1.821068,0.431465
212.316219,-40.924432,38.500147,3.118944,0.077816,1.813760,0.446525
212.416226,-41.024423,38.502020,3.126804,0.079381,1.804102,0.459718
212.516234,-41.124425,38.503099,3.134821,0.080940,1.794262,0.468157
212.616242,-41.224432,38.503369,-3.140192,0.082498,1.777411,0.472931
212.716249,-41.324439,38.502814,-3.131863,0.084054,1.765681,0.487531
212.816257,-41.424437,38.501418,-3.123380,0.085603,1.755943,0.505254
212.916264,-41.524420,38.499166,-3.114741,0.087150,1.743890,0.520164
213.016272,-41.624379,38.496043,-3.105948,0.088695,1.727910,0.533275
213.116280,-41.724307,38.492033,-3.097001,0.090230,1.704754,0.544939
213.216287,-41.824194,38.487122,-3.087901,0.091763,1.686575,0.557174
213.316295,-41.924032,38.481294,-3.078647,0.093294,1.673437,0.570834
213.416303,-42.023812,38.474535,-3.069241,0.094812,1.661006,0.583224
213.516310,-42.123522,38.466830,-3.059683,0.096327,1.646338,0.594677
213.616318,-42.223155,38.458165,-3.049974,0.097840,1.630307,0.602457
213.716326,-42.322697,38.448526,-3.040115,0.099337,1.617702,0.609596
213.816333,-42.422139,38.437898,-3.030105,0.100831,1.608711,0.618166
213.916341,-42.521469,38.426268,-3.019947,0.102322,1.599821,0.624000
214.016348,-42.620674,38.413622,-3.009640,0.103795,1.589879,0.640448
214.116356,-42.719743,38.399948,-2.999186,0.105263,1.578865,0.649926
214.216364,-42.818662,38.385230,-2.988586,0.106728,1.566563,0.669947
214.316371,-42.917419,38.369459,-2.977840,0.108171,1.552544,0.690678
214.416379,-43.015999,38.352619,-2.966949,0.109610,1.537216,0.710912
214.516387,-43.114389,38.334700,-2.955916,0.111044,1.520221,0.722904
214.616394,-43.212574,38.315690,-2.944740,0.112454,1.503079,0.738424
214.716402,-43.310539,38.295576,-2.933423,0.113859,1.487192,0.750591
214.816410,-43.408268,38.274348,-2.921966,0.115257,1.473519,0.761270
214.916417,-43.505747,38.251996,-2.910371,0.116629,1.460528,0.769991
215.016425,-43.602958,38.228508,-2.898638,0.117994,1.449424,0.776499
215.116433,-43.699885,38.203874,-2.886770,0.119353,1.441696,0.782418
215.216440,-43.796511,38.178085,-2.874767,0.120681,1.439770,0.792497
215.316448,-43.892819,38.151132,-2.862632,0.122002,1.439602,0.799613
215.416455,-43.988791,38.123006,-2.850365,0.123315,1.432595,0.806479
215.516463,-44.084408,38.093698,-2.837968,0.124595,1.421979,0.815152
215.616471,-44.179654,38.063202,-2.825444,0.125866,1.415431,0.819484
215.716478,-44.274507,38.031509,-2.812793,0.127128,1.412663,0.819765
215.816486,-44.368951,37.998612,-2.800018,0.128354,1.405824,0.825122
215.916494,-44.462964,37.964506,-2.787120,0.129569,1.399213,0.833180
216.016501,-44.556527,37.929185,-2.774102,0.130776,1.391576,0.842847
216.116509,-44.649621,37.892643,-2.760965,0.131941,1.383439,0.847878
216.216517,-44.742224,37.854876,-2.747711,0.133096,1.375762,0.852958
216.316524,-44.834316,37.815879,-2.734343,0.134240,1.368002,0.858015
216.416532,-44.925877,37.775650,-2.720863,0.135340,1.362855,0.862782
216.516539,-45.016885,37.734186,-2.707273,0.136428,1.356314,0.866051
216.616547,-45.107318,37.691483,-2.693575,0.137505,1.359545,0.866838
216.716555,-45.197156,37.647541,-2.679772,0.138533,1.362902,0.867713
216.816562,-45.286376,37.602359,-2.665866,0.139549,1.368137,0.870866
216.916570,-45.374957,37.555935,-2.651860,0.140553,1.367335,0.876582
217.016578,-45.462877,37.508272,-2.637756,0.141504,1.366333,0.880886
217.116585,-45.550114,37.459369,-2.623556,0.142442,1.362862,0.885683
217.216593,-45.636645,37.409228,-2.609265,0.143367,1.357946,0.890603
217.316601,-45.722449,37.357852,-2.594883,0.144236,1.352526,0.895998
217.416608,-45.807502,37.305243,-2.580415,0.145092,1.343320,0.900344
217.516616,-45.891783,37.251406,-2.565862,0.145932,1.339434,0.901613
217.616624,-45.975270,37.196345,-2.551229,0.146714,1.336768,0.903015
217.716631,-46.057939,37.140065,-2.536517,0.147481,1.334675,0.904455
217.816639,-46.139770,37.082571,-2.521730,0.148232,1.334850,0.906502
217.916646,-46.220739,37.023871,-2.506871,0.148922,1.332938,0.908292
218.016654,-46.300826,36.963971,-2.491943,0.149596,1.327464,0.909600
218.116662,-46.380007,36.902880,-2.476949,0.150254,1.318627,0.913477
218.216669,-46.458261,36.840607,-2.461893,0.150847,1.311989,0.917119
218.316677,-46.535567,36.777159,-2.446777,0.151423,1.309624,0.919172
218.416685,-46.611903,36.712549,-2.431605,0.151983,1.313410,0.919456
218.516692,-46.687249,36.646785,-2.416381,0.152476,1.310788,0.922570
218.616700,-46.761583,36.579881,-2.401107,0.152951,1.306573,0.926606
218.716708,-46.834885,36.511847,-2.385788,0.153409,1.303657,0.931244
218.816715,-46.907135,36.442697,-2.370426,0.153798,1.298696,0.938752
218.916723,-46.978312,36.372443,-2.355025,0.154170,1.286193,0.946829
219.016730,-47.048398,36.301101,-2.339590,0.154523,1.268613,0.953627
219.116738,-47.117373,36.228684,-2.324122,0.154806,1.264198,0.955521
219.216746,-47.185219,36.155208,-2.308625,0.155070,1.271052,0.954421
219.316753,-47.251917,36.080689,-2.293105,0.155317,1.282934,0.953524
219.416761,-47.317450,36.005143,-2.277563,0.155491,1.282701,0.958317
219.516769,-47.381800,35.928586,-2.262004,0.155647,1.280946,0.960357
219.616776,-47.444951,35.851038,-2.246431,0.155785,1.279045,0.957822
219.716784,-47.506886,35.772515,-2.230848,0.155849,1.276498,0.956893
219.816792,-47.567589,35.693036,-2.215258,0.155896,1.272387,0.960744
219.916799,-47.627046,35.612621,-2.199666,0.155924,1.267780,0.966415
220.016807,-47.685242,35.531288,-2.184074,0.155879,1.265506,0.969215
220.116814,-47.742164,35.449058,-2.168487,0.155816,1.263143,0.971209
220.216822,-47.797796,35.365951,-2.152908,0.155734,1.261439,0.972561
220.316830,-47.852128,35.281988,-2.137341,0.155579,1.258763,0.974063
220.416837,-47.905147,35.197190,-2.121789,0.155407,1.257095,0.975274
220.516845,-47.956842,35.111577,-2.106257,0.155215,1.256463,0.975810
220.616853,-48.007201,35.025173,-2.090747,0.154952,1.255254,0.975576
220.716860,-48.056216,34.937999,-2.075264,0.154671,1.255991,0.975296
220.816868,-48.103876,34.850077,-2.059810,0.154372,1.257215,0.974878
220.916876,-48.150173,34.761430,-2.044390,0.154002,1.262559,0.973677
221.016883,-48.195100,34.672080,-2.029007,0.153615,1.262843,0.973200
221.116891,-48.238649,34.582051,-2.013664,0.153210,1.265700,0.969248
221.216899,-48.280813,34.491365,-1.998366,0.152735,1.269130,0.963691
221.316906,-48.321587,34.400045,-1.983114,0.152245,1.268571,0.961265
221.416914,-48.360966,34.308115,-1.967914,0.151736,1.267384,0.959615
221.516921,-48.398946,34.215599,-1.952768,0.151161,1.269383,0.958417
221.616929,-48.435522,34.122519,-1.937679,0.150570,1.273185,0.957843
221.716937,-48.470693,34.028898,-1.922651,0.149961,1.275138,0.956418
221.816944,-48.504457,33.934761,-1.907688,0.149288,1.277648,0.955057
221.916952,-48.536811,33.840130,-1.892791,0.148601,1.278426,0.954909
222.016960,-48.567755,33.745029,-1.877965,0.147896,1.281502,0.952312
222.116967,-48.597289,33.649481,-1.863212,0.147130,1.286704,0.947059
222.216975,-48.625414,33.553508,-1.848536,0.146349,1.292785,0.940961
222.316983,-48.652131,33.457135,-1.833940,0.145553,1.296750,0.934504
222.416990,-48.677443,33.360382,-1.819426,0.144698,1.301900,0.929239
222.516998,-48.701352,33.263273,-1.804997,0.143830,1.308754,0.926804
222.617005,-48.723862,33.165831,-1.790658,0.142946,1.315228,0.922163
222.717013,-48.744977,33.068076,-1.776409,0.142008,1.322291,0.918884
222.817021,-48.764701,32.970032,-1.762253,0.141057,1.323040,0.920930
222.917028,-48.783040,32.871719,-1.748195,0.140091,1.320606,0.920191
223.017036,-48.800000,32.773159,-1.734235,0.139074,1.323309,0.915911
223.117044,-48.815588,32.674373,-1.720377,0.138045,1.323566,0.911406
223.217051,-48.829810,32.575381,-1.706624,0.137002,1.321674,0.904297
223.317059,-48.842675,32.476203,-1.692977,0.135912,1.326501,0.895135
223.417067,-48.854191,32.376860,-1.679439,0.134810,1.335198,0.888857
223.517074,-48.864366,32.277370,-1.666013,0.133697,1.345665,0.878568
223.617082,-48.873210,32.177753,-1.652700,0.132538,1.355496,0.865368
223.717090,-48.880733,32.078028,-1.639503,0.131370,1.363232,0.853416
223.817097,-48.886946,31.978213,-1.626424,0.130190,1.367957,0.845142
223.917105,-48.891858,31.878325,-1.613465,0.128969,1.369855,0.840126
224.017112,-48.895481,31.778382,-1.600628,0.127739,1.370231,0.840135
224.117120,-48.897828,31.678401,-1.587915,0.126498,1.372663,0.845524
224.217128,-48.898909,31.578398,-1.575328,0.125220,1.380770,0.852227
224.317135,-48.898738,31.478390,-1.562868,0.123933,1.400946,0.846678
224.417143,-48.897328,31.378392,-1.550539,0.122637,1.409791,0.838721
224.517151,-48.894691,31.278418,-1.538341,0.121307,1.417172,0.831078
224.617158,-48.890842,31.178484,-1.526275,0.119970,1.428339,0.823420
224.717166,-48.885794,31.078603,-1.514345,0.118624,1.440045,0.813526
224.817174,-48.879561,30.978789,-1.502550,0.117247,1.447590,0.801524
224.917181,-48.872159,30.879055,-1.490893,0.115864,1.455603,0.784557
225.017189,-48.863601,30.779413,-1.479375,0.114472,1.463746,0.769412
225.117196,-48.853904,30.679876,-1.467998,0.113053,1.472088,0.760776
225.217204,-48.843081,30.580455,-1.456763,0.111629,1.480138,0.752854
225.317212,-48.831149,30.481161,-1.445671,0.110197,1.487939,0.745635
225.417219,-48.818124,30.382005,-1.434723,0.108741,1.496248,0.740120
225.517227,-48.804022,30.282996,-1.423921,0.107279,1.505423,0.732764
225.617235,-48.788857,30.184144,-1.413265,0.105811,1.514050,0.725459
225.717242,-48.772648,30.085458,-1.402758,0.104322,1.523869,0.717000
225.817250,-48.755410,29.986947,-1.392399,0.102828,1.535639,0.707970
225.917258,-48.737160,29.888618,-1.382190,0.101328,1.549182,0.698178
226.017265,-48.717915,29.790479,-1.372133,0.099809,1.566468,0.686810
226.117273,-48.697691,29.692537,-1.362227,0.098287,1.588582,0.673656
226.217281,-48.676505,29.594799,-1.352474,0.096759,1.609390,0.657482
226.317288,-48.654374,29.497270,-1.342874,0.095214,1.625169,0.640061
226.417296,-48.631316,29.399956,-1.333429,0.093667,1.637299,0.623496
226.517303,-48.607347,29.302863,-1.324139,0.092114,1.651640,0.608222
226.617311,-48.582485,29.205995,-1.315006,0.090547,1.664452,0.592880
226.717319,-48.556746,29.109355,-1.306028,0.088978,1.677195,0.580705
226.817326,-48.530149,29.012949,-1.297209,0.087404,1.688375,0.567194
226.917334,-48.502710,28.916779,-1.288547,0.085818,1.702266,0.552553
227.017342,-48.474447,28.820848,-1.280044,0.084229,1.719162,0.535630
227.117349,-48.445377,28.725158,-1.271700,0.082637,1.738220,0.520158
227.217357,-48.415516,28.629712,-1.263516,0.081035,1.757491,0.504412
227.317365,-48.384884,28.534511,-1.255492,0.079430,1.773534,0.488052
227.417372,-48.353496,28.439556,-1.247628,0.077822,1.786912,0.468516
227.517380,-48.321370,28.344849,-1.239926,0.076206,1.801253,0.450654
227.617387,-48.288523,28.250389,-1.232386,0.074588,1.815574,0.434722
227.717395,-48.254972,28.156176,-1.225007,0.072968,1.829128,0.422545
227.817403,-48.220735,28.062212,-1.217792,0.071340,1.840926,0.407299
227.917410,-48.185829,27.968493,-1.210738,0.069711,1.852044,0.391031
228.017418,-48.150270,27.875021,-1.203848,0.068080,1.863369,0.375994
228.117426,-48.114075,27.781792,-1.197122,0.066443,1.875081,0.364020
228.217433,-48.077262,27.688807,-1.190559,0.064806,1.887270,0.352875
228.317441,-48.039846,27.596061,-1.184159,0.063167,1.898246,0.342619
228.417449,-48.001846,27.503555,-1.177924,0.061523,1.908401,0.329970
228.517456,-47.963277,27.411283,-1.171854,0.059879,1.917396,0.318760
228.617464,-47.924156,27.319244,-1.165948,0.058234,1.926530,0.309493
228.717471,-47.884500,27.227435,-1.160206,0.056585,1.936549,0.300520
228.817479,-47.844325,27.135851,-1.154630,0.054936,1.947657,0.292512
228.917487,-47.803648,27.044490,-1.149218,0.053287,1.958943,0.283832
229.017494,-47.762484,26.953347,-1.143972,0.051635,1.969413,0.272898
229.117502,-47.720850,26.862417,-1.138890,0.049983,1.978664,0.261279
229.217510,-47.678762,26.771697,-1.133974,0.048330,1.985956,0.249688
229.317517,-47.636237,26.681181,-1.129224,0.046676,1.991567,0.238487
229.417525,-47.593289,26.590865,-1.124638,0.045022,1.995144,0.232163
229.517533,-47.549935,26.500743,-1.120218,0.043368,1.998146,0.227843
229.617540,-47.506190,26.410810,-1.115964,0.041713,2.000239,0.225531
229.717548,-47.462071,26.321060,-1.111875,0.040058,2.002033,0.224734
229.817556,-47.417592,26.231488,-1.107952,0.038403,2.001591,0.228926
229.917563,-47.372770,26.142087,-1.104194,0.036748,1.999903,0.229970
230.017571,-47.327619,26.052852,-1.100602,0.035092,1.996141,0.229959
230.117578,-47.282156,25.963775,-1.097175,0.033436,1.995306,0.225920
230.217586,-47.236395,25.874851,-1.093914,0.031781,1.999942,0.218750
230.317594,-47.190352,25.786073,-1.090818,0.030125,2.009610,0.213245
230.417601,-47.144041,25.697434,-1.087889,0.028467,2.014941,0.210449
230.517609,-47.097478,25.608927,-1.085124,0.026820,2.016820,0.211029
230.617617,-47.050678,25.520546,-1.082525,0.025152,2.018740,0.211570
230.717624,-47.003656,25.432282,-1.080094,0.023461,2.019918,0.211244
230.817632,-46.956427,25.344129,-1.077824,0.021933,2.019860,0.210404
230.917640,-46.909004,25.256080,-1.075714,0.020108,2.018880,0.209658
231.017647,-46.861405,25.168127,-1.073810,0.017969,2.016387,0.209996
231.117655,-46.813644,25.080261,-1.072009,0.018086,2.015208,0.210712
231.217662,-46.765725,24.992481,-1.070200,0.017933,2.014853,0.210370
231.317670,-46.717648,24.904787,-1.068430,0.017466,2.015188,0.210524
231.417678,-46.669418,24.817178,-1.066698,0.017162,2.014840,0.211308
231.517685,-46.621038,24.729651,-1.064998,0.016837,2.014266,0.212640
231.617693,-46.572511,24.642206,-1.063331,0.016490,2.012978,0.212110
231.717701,-46.523839,24.554842,-1.061699,0.016155,2.012893,0.212201
231.817708,-46.475026,24.467556,-1.060100,0.015819,2.013927,0.212741
231.917716,-46.426076,24.380347,-1.058535,0.015480,2.013043,0.215205
232.017724,-46.376990,24.293214,-1.057004,0.015143,2.012286,0.215311
232.117731,-46.327772,24.206156,-1.055506,0.014806,2.012517,0.213351
232.217739,-46.278426,24.119170,-1.054042,0.014468,2.013528,0.216831
232.317747,-46.228954,24.032256,-1.052612,0.014132,2.018429,0.222202
232.417754,-46.179359,23.945413,-1.051216,0.013793,2.016744,0.224133
232.517762,-46.129644,23.858637,-1.049853,0.013453,2.015128,0.218974
232.617769,-46.079813,23.771929,-1.048524,0.013128,2.011854,0.217771
232.717777,-46.029867,23.685286,-1.047228,0.012775,2.012020,0.219833
232.817785,-45.979811,23.598707,-1.045970,0.012390,2.015284,0.220409
232.917792,-45.929648,23.512190,-1.044739,0.012228,2.007958,0.213557
233.017800,-45.879379,23.425734,-1.043534,0.011659,2.009547,0.209817
233.117808,-45.829009,23.339338,-1.042418,0.010660,2.011273,0.209228
233.217815,-45.778543,23.252997,-1.041249,0.012756,2.012228,0.213488
233.317823,-45.727967,23.166721,-1.039877,0.014481,2.011391,0.215018
233.417831,-45.677266,23.080518,-1.038364,0.015776,2.010044,0.213884
233.517838,-45.626429,22.994395,-1.036710,0.017292,2.009012,0.217633
233.617846,-45.575443,22.908360,-1.034906,0.018782,2.009625,0.219427
233.717853,-45.524295,22.822422,-1.032954,0.020241,2.008479,0.220933
233.817861,-45.472974,22.736587,-1.030856,0.021716,2.004318,0.219163
233.917869,-45.421467,22.650863,-1.028611,0.023188,2.004530,0.218600
234.017876,-45.369760,22.565259,-1.026219,0.024658,2.005394,0.218088
234.117884,-45.317843,22.479784,-1.023679,0.026128,2.005405,0.218238
234.217892,-45.265703,22.394444,-1.020993,0.027597,2.004382,0.220561
234.317899,-45.213327,22.309248,-1.018159,0.029067,2.002979,0.223498
234.417907,-45.160704,22.224205,-1.015179,0.030535,2.000378,0.227638
234.517915,-45.107821,22.139322,-1.012052,0.032003,1.997626,0.229661
234.617922,-45.054667,22.054610,-1.008778,0.033470,1.995221,0.232533
234.717930,-45.001230,21.970076,-1.005357,0.034936,1.993200,0.237525
234.817937,-44.947498,21.885729,-1.001790,0.036402,1.991019,0.239918
234.917945,-44.893459,21.801579,-0.998076,0.037867,1.989311,0.242132
235.017953,-44.839101,21.717633,-0.994216,0.039330,1.989132,0.243689
235.117960,-44.784414,21.633902,-0.990210,0.040793,1.985049,0.249121
235.217968,-44.729386,21.550395,-0.986057,0.042255,1.979598,0.254976
235.317976,-44.674006,21.467121,-0.981758,0.043716,1.970673,0.257769
235.417983,-44.618261,21.384090,-0.977313,0.045175,1.957826,0.263089
235.517991,-44.562143,21.301312,-0.972722,0.046634,1.952465,0.270594
235.617999,-44.505639,21.218796,-0.967986,0.048091,1.948603,0.279179
235.718006,-44.448738,21.136553,-0.963103,0.049546,1.942850,0.286880
235.818014,-44.391431,21.054593,-0.958076,0.051001,1.937172,0.295536
235.918022,-44.333707,20.972927,-0.952903,0.052453,1.934679,0.305697
236.018029,-44.275555,20.891564,-0.947584,0.053904,1.928378,0.316720
236.118037,-44.216965,20.810516,-0.942121,0.055354,1.918440,0.324729
236.218044,-44.157927,20.729793,-0.936513,0.056800,1.906782,0.334255
236.318052,-44.098432,20.649407,-0.930760,0.058245,1.896353,0.346840
236.418060,-44.038470,20.569370,-0.924863,0.059688,1.886579,0.358814
236.518067,-43.978031,20.489691,-0.918822,0.061128,1.875546,0.373613
236.618075,-43.917106,20.410383,-0.912637,0.062565,1.863356,0.390914
236.718083,-43.855685,20.331458,-0.906308,0.064001,1.849751,0.407984
236.818090,-43.793761,20.252928,-0.899836,0.065432,1.833586,0.424216
236.918098,-43.731325,20.174805,-0.893220,0.066861,1.816755,0.439212
237.018106,-43.668367,20.097101,-0.886462,0.068288,1.800951,0.455365
237.118113,-43.604881,20.019829,-0.879562,0.069708,1.785049,0.475622
237.218121,-43.540857,19.943001,-0.872520,0.071126,1.765708,0.499834
237.318128,-43.476288,19.866630,-0.865336,0.072541,1.748161,0.519699
237.418136,-43.411167,19.790730,-0.858011,0.073949,1.729813,0.535434
237.518144,-43.345486,19.715314,-0.850545,0.075353,1.709917,0.556973
237.618151,-43.279239,19.640394,-0.842939,0.076756,1.689416,0.581273
237.718159,-43.212419,19.565986,-0.835193,0.078148,1.669453,0.605046
237.818167,-43.145019,19.492101,-0.827308,0.079537,1.650745,0.628339
237.918174,-43.077034,19.418756,-0.819285,0.080923,1.631010,0.653771
238.018182,-43.008457,19.345963,-0.811123,0.082297,1.609669,0.678572
238.118190,-42.939284,19.273736,-0.802824,0.083668,1.588096,0.704263
238.218197,-42.869508,19.202091,-0.794388,0.085035,1.567260,0.731570
238.318205,-42.799126,19.131042,-0.785816,0.086388,1.544685,0.758932
238.418213,-42.728133,19.060604,-0.777109,0.087737,1.518868,0.787337
238.518220,-42.656524,18.990791,-0.768267,0.089082,1.491421,0.816043
238.618228,-42.584296,18.921619,-0.759292,0.090411,1.464967,0.844068
238.718235,-42.511446,18.853103,-0.750184,0.091735,1.438515,0.872289
238.818243,-42.437970,18.785258,-0.740944,0.093054,1.412519,0.900837
238.918251,-42.363866,18.718100,-0.731572,0.094356,1.382085,0.927408
239.018258,-42.289132,18.651644,-0.722071,0.095652,1.351947,0.953695
239.118266,-42.213765,18.585906,-0.712440,0.096942,1.324094,0.980921
239.218274,-42.137765,18.520902,-0.702682,0.098212,1.297365,1.008620
239.318281,-42.061130,18.456647,-0.692796,0.099475,1.267892,1.037698
239.418289,-41.983859,18.393158,-0.682785,0.100732,1.234578,1.068652
239.518297,-41.905953,18.330450,-0.672650,0.101967,1.204946,1.099894
239.618304,-41.827411,18.268540,-0.662390,0.103194,1.175386,1.133117
239.718312,-41.748235,18.207444,-0.652009,0.104414,1.144689,1.160962
239.818319,-41.668424,18.147178,-0.641507,0.105609,1.115478,1.186399
239.918327,-41.587982,18.087759,-0.630886,0.106796,1.086655,1.209296
240.018335,-41.506910,18.029202,-0.620146,0.107974,1.060536,1.232409
240.118342,-41.425210,17.971523,-0.609290,0.109125,1.029791,1.255348
240.218350,-41.342886,17.914740,-0.598319,0.110267,0.999303,1.284664
240.318358,-41.259940,17.858868,-0.587235,0.111400,0.974302,1.314363
240.418365,-41.176377,17.803923,-0.576039,0.112502,0.950049,1.340474
240.518373,-41.092202,17.749922,-0.564733,0.113595,0.924928,1.363415
240.618381,-41.007418,17.696881,-0.553318,0.114678,0.897156,1.390353
240.718388,-40.922031,17.644816,-0.541797,0.115728,0.870510,1.417489
240.818396,-40.836048,17.593742,-0.530171,0.116767,0.846595,1.443512
240.918404,-40.749474,17.543676,-0.518442,0.117796,0.828189,1.463455
241.018411,-40.662316,17.494633,-0.506612,0.118788,0.800123,1.488307
241.118419,-40.574582,17.446629,-0.494682,0.119769,0.767635,1.518444
241.218426,-40.486279,17.399679,-0.482656,0.120740,0.741421,1.546139
241.318434,-40.397416,17.353799,-0.470534,0.121671,0.715886,1.571373
241.418442,-40.308001,17.309003,-0.458319,0.122591,0.689246,1.591558
241.518449,-40.218043,17.265307,-0.446014,0.123499,0.661647,1.609300
241.618457,-40.127553,17.222726,-0.433620,0.124366,0.634558,1.628532
241.718465,-40.036540,17.181273,-0.421138,0.125221,0.610354,1.649295
241.818472,-39.945015,17.140963,-0.408573,0.126064,0.590066,1.669719
241.918480,-39.852989,17.101810,-0.395926,0.126863,0.570811,1.690228
242.018488,-39.760474,17.063828,-0.383198,0.127650,0.550679,1.711410
242.118495,-39.667482,17.027030,-0.370394,0.128424,0.530177,1.733125
242.218503,-39.574024,16.991429,-0.357514,0.129153,0.509998,1.754347
242.318510,-39.480115,16.957039,-0.344561,0.129869,0.488903,1.775396
242.418518,-39.385767,16.923871,-0.331538,0.130572,0.468072,1.792804
242.518526,-39.290994,16.891937,-0.318447,0.131229,0.451710,1.806448
242.618533,-39.195809,16.861250,-0.305290,0.131873,0.434259,1.818443
242.718541,-39.100229,16.831821,-0.292070,0.132503,0.419052,1.824728
242.818549,-39.004267,16.803661,-0.278789,0.133086,0.407109,1.834825
242.918556,-38.907938,16.776781,-0.265450,0.133656,0.397712,1.847714
243.018564,-38.811259,16.751191,-0.252056,0.134212,0.384603,1.860716
243.118572,-38.714245,16.726901,-0.238608,0.134720,0.366499,1.877499
243.218579,-38.616913,16.703920,-0.225109,0.135215,0.348891,1.893087
243.318587,-38.519279,16.682257,-0.211563,0.135696,0.326455,1.906568
243.418594,-38.421359,16.661921,-0.197971,0.136127,0.307706,1.917647
243.518602,-38.323172,16.642920,-0.184335,0.136546,0.295604,1.925711
243.618610,-38.224735,16.625261,-0.170659,0.136951,0.287466,1.932698
243.718617,-38.126065,16.608953,-0.156945,0.137305,0.282748,1.939256
243.818625,-38.027181,16.594000,-0.143195,0.137647,0.280692,1.947417
243.918633,-37.928100,16.580411,-0.129413,0.137975,0.274793,1.957092
244.018640,-37.828841,16.568189,-0.115601,0.138251,0.268724,1.963020
244.118648,-37.729422,16.557341,-0.101760,0.138515,0.263878,1.969951
244.218656,-37.629863,16.547872,-0.087895,0.138767,0.264373,1.980418
244.318663,-37.530182,16.539785,-0.074008,0.138958,0.259346,1.992623
244.418671,-37.430398,16.533083,-0.060101,0.139152,0.253721,1.992976
244.518679,-37.330530,16.527772,-0.046174,0.139350,0.248679,1.994188
244.618686,-37.230598,16.523852,-0.032237,0.139371,0.243951,1.999199
244.718694,-37.130622,16.521325,-0.018292,0.139605,0.225077,2.006095
244.818701,-37.030619,16.520195,-0.004308,0.140064,0.209135,2.010593
244.918709,-36.930611,16.520462,0.009635,0.138749,0.212536,2.009106
245.018717,-36.830616,16.522117,0.023450,0.137628,0.233126,1.999642
245.118724,-36.730654,16.525149,0.037169,0.136731,0.243855,1.989791
245.218732,-36.630742,16.529547,0.050790,0.135660,0.249282,1.985807
245.318740,-36.530899,16.535300,0.064304,0.134591,0.256140,1.981958
245.418747,-36.431142,16.542396,0.077711,0.133524,0.263459,1.971598
245.518755,-36.331489,16.550824,0.091008,0.132401,0.268240,1.961625
245.618763,-36.231957,16.560570,0.104194,0.131267,0.270640,1.962386
245.718770,-36.132561,16.571622,0.117264,0.130120,0.273827,1.958965
245.818778,-36.033317,16.583967,0.130217,0.128927,0.279657,1.953763
245.918785,-35.934241,16.597590,0.143052,0.127722,0.282590,1.949350
246.018793,-35.835347,16.612477,0.155764,0.126505,0.283844,1.945626
246.118801,-35.736649,16.628615,0.168352,0.125244,0.287657,1.942250
246.218808,-35.638161,16.645987,0.180815,0.123973,0.292342,1.937958
246.318816,-35.539896,16.664579,0.193149,0.122689,0.296752,1.932777
246.418824,-35.441866,16.684375,0.205353,0.121366,0.304801,1.926280
246.518831,-35.344084,16.705360,0.217425,0.120033,0.315296,1.917730
246.618839,-35.246561,16.727517,0.229361,0.118687,0.324953,1.905600
246.718847,-35.149308,16.750830,0.241162,0.117305,0.333850,1.891795
246.818854,-35.052335,16.775282,0.252825,0.115914,0.342960,1.883112
246.918862,-34.955652,16.800857,0.264347,0.114512,0.354149,1.876192
247.018870,-34.859268,16.827537,0.275727,0.113077,0.359336,1.873706
247.118877,-34.763192,16.855305,0.286964,0.111633,0.362639,1.871949
247.218885,-34.667432,16.884144,0.298056,0.110180,0.369597,1.867978
247.318892,-34.571996,16.914037,0.309000,0.108696,0.379937,1.861588
247.418900,-34.476890,16.944965,0.319797,0.107205,0.390495,1.853042
247.518908,-34.382122,16.976911,0.330443,0.105705,0.400171,1.842825
247.618915,-34.287696,17.009857,0.340938,0.104179,0.411133,1.831701
247.718923,-34.193619,17.043785,0.351281,0.102646,0.427382,1.820974
247.818931,-34.099895,17.078677,0.361469,0.101105,0.436405,1.811502
247.918938,-34.006528,17.114515,0.371502,0.099541,0.443305,1.804019
248.018946,-33.913523,17.151280,0.381379,0.097971,0.454507,1.798677
248.118954,-33.820883,17.188955,0.391098,0.096394,0.470038,1.789296
248.218961,-33.728610,17.227521,0.400658,0.094797,0.484166,1.777575
248.318969,-33.636707,17.266961,0.410059,0.093194,0.501718,1.763355
248.418976,-33.545176,17.307255,0.419298,0.091586,0.524736,1.747402
248.518984,-33.454017,17.348385,0.428376,0.089961,0.547374,1.729934
248.618992,-33.363232,17.390334,0.437292,0.088331,0.563249,1.707166
248.718999,-33.272822,17.433084,0.446044,0.086695,0.588601,1.681594
248.819007,-33.182785,17.476616,0.454632,0.085045,0.616977,1.660386
248.919015,-33.093122,17.520911,0.463054,0.083392,0.643437,1.640249
249.019022,-33.003831,17.565954,0.471311,0.081734,0.669417,1.617813
249.119030,-32.914912,17.611724,0.479402,0.080063,0.700684,1.592975
249.219038,-32.826362,17.658205,0.487325,0.078389,0.735529,1.566833
249.319045,-32.738179,17.705379,0.495081,0.076711,0.771601,1.539535
249.419053,-32.650360,17.753227,0.502668,0.075023,0.809178,1.511708
249.519061,-32.562904,17.801734,0.510087,0.073332,0.847157,1.483341
249.619068,-32.475805,17.850880,0.517336,0.071638,0.885072,1.454749
249.719076,-32.389060,17.900649,0.524415,0.069935,0.922281,1.426392
249.819083,-32.302666,17.951024,0.531324,0.068230,0.957999,1.390581
249.919091,-32.216617,18.001987,0.538062,0.066523,0.995315,1.354456
250.019099,-32.130910,18.053521,0.544629,0.064808,1.030431,1.322306
250.119106,-32.045538,18.105610,0.551025,0.063091,1.070838,1.290478
250.219114,-31.960496,18.158236,0.557248,0.061372,1.112150,1.254905
250.319122,-31.875780,18.211383,0.563300,0.059647,1.147918,1.215011
250.419129,-31.791381,18.265035,0.569179,0.057921,1.186437,1.177571
250.519137,-31.707295,18.319174,0.574885,0.056193,1.225534,1.140737
250.619145,-31.623515,18.373786,0.580418,0.054460,1.262786,1.102715
250.719152,-31.540033,18.428852,0.585778,0.052726,1.299079,1.062129
250.819160,-31.456843,18.484359,0.590964,0.050991,1.334709,1.022517
250.919167,-31.373937,18.540288,0.595977,0.049252,1.370028,0.984416
251.019175,-31.291307,18.596626,0.600815,0.047512,1.404315,0.948075
251.119183,-31.208946,18.653355,0.605480,0.045771,1.437194,0.911094
251.219190,-31.126846,18.710461,0.609970,0.044027,1.469678,0.874383
251.319198,-31.044997,18.767927,0.614286,0.042282,1.503209,0.840205
251.419206,-30.963393,18.825740,0.618427,0.040536,1.536468,0.804745
251.519213,-30.882023,18.883882,0.622394,0.038788,1.570378,0.769166
251.619221,-30.800880,18.942340,0.626185,0.037039,1.602612,0.734973
251.719229,-30.719954,19.001098,0.629802,0.035289,1.632866,0.702972
251.819236,-30.639236,19.060141,0.633244,0.033537,1.661546,0.675300
251.919244,-30.558716,19.119455,0.636510,0.031785,1.690534,0.640896
252.019251,-30.478385,19.179024,0.639601,0.030031,1.718936,0.604829
252.119259,-30.398233,19.238834,0.642516,0.028275,1.745233,0.563072
252.219267,-30.318251,19.298871,0.645256,0.026518,1.768963,0.533404
252.319274,-30.238429,19.359119,0.647821,0.024761,1.790137,0.507281
252.419282,-30.158755,19.419565,0.650209,0.023001,1.810420,0.475551
252.519290,-30.079222,19.480194,0.652421,0.021240,1.831132,0.444530
252.619297,-29.999817,19.540992,0.654457,0.019478,1.852243,0.419528
252.719305,-29.920530,19.601945,0.656317,0.017714,1.871050,0.401357
252.819313,-29.841352,19.663037,0.658000,0.015949,1.887974,0.380904
252.919320,-29.762271,19.724257,0.659507,0.014183,1.902880,0.358830
253.019328,-29.683277,19.785588,0.660837,0.012414,1.918537,0.340328
253.119336,-29.604360,19.847017,0.661990,0.010645,1.937367,0.325968
253.219343,-29.525508,19.908530,0.662966,0.008874,1.953269,0.312754
253.319351,-29.446710,19.970113,0.663765,0.007101,1.957034,0.300168
253.419358,-29.367956,20.031752,0.664386,0.005328,1.964185,0.296184
253.519366,-29.289235,20.093433,0.664830,0.003553,1.972476,0.284840
253.619374,-29.210536,20.155142,0.665097,0.001777,1.980276,0.271713
253.719381,-29.131848,20.216865,0.665186,0.000001,1.985422,0.261286
253.819389,-29.053160,20.278588,0.665097,-0.001775,1.987633,0.254980
253.919397,-28.974461,20.340297,0.664831,-0.003552,1.991975,0.249845
254.019404,-28.895740,20.401978,0.664387,-0.005328,1.997960,0.245063
254.119412,-28.816987,20.463617,0.663765,-0.007104,2.002381,0.240857
254.219420,-28.738189,20.525200,0.662966,-0.008878,2.004245,0.238039
254.319427,-28.659337,20.586713,0.661990,-0.010651,2.003856,0.236710
254.419435,-28.580419,20.648142,0.660836,-0.012423,2.004189,0.235372
254.519442,-28.501425,20.709473,0.659505,-0.014190,2.005296,0.230886
254.619450,-28.422344,20.770692,0.657998,-0.015956,2.005694,0.229315
254.719458,-28.343166,20.831784,0.656314,-0.017719,2.004238,0.229225
254.819465,-28.263879,20.892737,0.654454,-0.019476,2.003024,0.227016
254.919473,-28.184474,20.953534,0.652418,-0.021229,2.002629,0.227351
255.019481,-28.104940,21.014163,0.650208,-0.022979,2.004067,0.228363
255.119488,-28.025267,21.074609,0.647823,-0.024720,2.004102,0.230646
255.219496,-27.945445,21.134858,0.645263,-0.026457,2.004535,0.231106
255.319504,-27.865463,21.194895,0.642531,-0.028188,2.005000,0.227853
255.419511,-27.785313,21.254707,0.639626,-0.029910,2.005530,0.229521
255.519519,-27.704984,21.314279,0.636549,-0.031626,2.005859,0.228287
255.619527,-27.624467,21.373596,0.633300,-0.033336,2.006943,0.226035
255.719534,-27.543752,21.432645,0.629882,-0.035034,2.009132,0.222449
255.819542,-27.462832,21.491411,0.626293,-0.036727,2.011149,0.218744
255.919549,-27.381696,21.549878,0.622536,-0.038414,2.013213,0.216136
256.019557,-27.300336,21.608034,0.618610,-0.040088,2.015690,0.218265
256.119565,-27.218743,21.665863,0.614518,-0.041756,2.017827,0.217262
256.219572,-27.136910,21.723351,0.610259,-0.043419,2.020252,0.215335
256.319580,-27.054828,21.780483,0.605834,-0.045069,2.023503,0.214341
256.419588,-26.972489,21.837245,0.601244,-0.046714,2.025828,0.212902
256.519595,-26.889886,21.893621,0.596490,-0.048354,2.026135,0.211550
256.619603,-26.807011,21.949597,0.591573,-0.049982,2.025304,0.206747
256.719611,-26.723858,22.005158,0.586493,-0.051608,2.025573,0.209267
256.819618,-26.640418,22.060290,0.581251,-0.053232,2.024836,0.212366
256.919626,-26.556687,22.114976,0.575847,-0.054830,2.025025,0.213050
257.019633,-26.472657,22.169202,0.570283,-0.056456,2.023818,0.213697
257.119641,-26.388322,22.222953,0.564554,-0.058112,2.023046,0.213382
257.219649,-26.303676,22.276214,0.558672,-0.059525,2.021362,0.215414
257.319656,-26.218715,22.328969,0.552638,-0.061368,2.021260,0.211126
257.419664,-26.133431,22.381202,0.546386,-0.063663,2.020372,0.209870
257.519672,-26.047819,22.432895,0.540066,-0.062677,2.017607,0.212884
257.619679,-25.961885,22.484051,0.533839,-0.062086,2.013527,0.221730
257.719687,-25.875635,22.534672,0.527637,-0.061948,2.009291,0.230175
257.819695,-25.789073,22.584758,0.521460,-0.061573,2.006289,0.235286
257.919702,-25.702204,22.634309,0.515320,-0.061227,2.003519,0.242122
258.019710,-25.615034,22.683328,0.509213,-0.060913,2.000936,0.250272
258.119717,-25.527566,22.731816,0.503138,-0.060582,1.992283,0.257747
258.219725,-25.439807,22.779772,0.497095,-0.060255,1.983993,0.265916
258.319733,-25.351759,22.827198,0.491086,-0.059930,1.975898,0.270320
258.419740,-25.263430,22.874096,0.485108,-0.059605,1.967232,0.279659
258.519748,-25.174822,22.920467,0.479164,-0.059281,1.958480,0.289771
258.619756,-25.085941,22.966312,0.473251,-0.058959,1.948493,0.296167
258.719763,-24.996791,23.011631,0.467371,-0.058637,1.938191,0.299489
258.819771,-24.907377,23.056427,0.461523,-0.058317,1.930890,0.306609
258.919779,-24.817703,23.100701,0.455707,-0.057997,1.923276,0.313746
259.019786,-24.727774,23.144454,0.449922,-0.057679,1.914400,0.323373
259.119794,-24.637594,23.187688,0.444170,-0.057361,1.903062,0.332015
259.219802,-24.547168,23.230403,0.438449,-0.057045,1.891929,0.341942
259.319809,-24.456499,23.272602,0.432760,-0.056728,1.882582,0.352891
259.419817,-24.365592,23.314286,0.427103,-0.056412,1.872844,0.363444
259.519824,-24.274452,23.355456,0.421477,-0.056097,1.862190,0.376398
259.619832,-24.183082,23.396115,0.415882,-0.055780,1.851989,0.390829
259.719840,-24.091487,23.436263,0.410320,-0.055464,1.843523,0.405325
259.819847,-23.999670,23.475902,0.404789,-0.055148,1.828930,0.418958
259.919855,-23.907637,23.515034,0.399289,-0.054830,1.812353,0.433306
260.019863,-23.815390,23.553662,0.393822,-0.054512,1.796376,0.448172
260.119870,-23.722933,23.591785,0.388386,-0.054193,1.782659,0.462062
260.219878,-23.630272,23.629407,0.382982,-0.053872,1.769270,0.475374
260.319886,-23.537409,23.666529,0.377611,-0.053550,1.755702,0.488834
260.419893,-23.444349,23.703154,0.372272,-0.053227,1.743185,0.501568
260.519901,-23.351095,23.739282,0.366965,-0.052900,1.733306,0.514393
260.619908,-23.257651,23.774917,0.361691,-0.052573,1.720844,0.527159
260.719916,-23.164021,23.810060,0.356449,-0.052245,1.707786,0.541285
260.819924,-23.070209,23.844713,0.351241,-0.051912,1.693217,0.553656
260.919931,-22.976219,23.878879,0.346066,-0.051579,1.674813,0.567687
261.019939,-22.882053,23.912559,0.340925,-0.051244,1.657867,0.583110
261.119947,-22.787716,23.945756,0.335817,-0.050905,1.642807,0.599038
261.219954,-22.693211,23.978473,0.330743,-0.050565,1.628222,0.614358
261.319962,-22.598542,24.010711,0.325703,-0.050223,1.612610,0.630409
261.419970,-22.503712,24.042474,0.320698,-0.049877,1.596662,0.647404
261.519977,-22.408725,24.073763,0.315727,-0.049530,1.581817,0.664688
261.619985,-22.313584,24.104581,0.310791,-0.049181,1.565695,0.680203
261.719993,-22.218293,24.134931,0.305890,-0.048829,1.548646,0.692460
261.820000,-22.122854,24.164815,0.301024,-0.048475,1.529573,0.710378
261.920008,-22.027272,24.194236,0.296194,-0.048120,1.514737,0.732815
262.020015,-21.931549,24.223197,0.291400,-0.047761,1.500094,0.748932
262.120023,-21.835689,24.251700,0.286641,-0.047401,1.483397,0.763437
262.220031,-21.739696,24.279749,0.281919,-0.047040,1.466157,0.779373
262.320038,-21.643571,24.307346,0.277233,-0.046676,1.452335,0.796908
262.420046,-21.547318,24.334493,0.272583,-0.046310,1.445650,0.814897
262.520054,-21.450941,24.361195,0.267970,-0.045943,1.432401,0.830659
262.620061,-21.354442,24.387453,0.263394,-0.045573,1.409934,0.840923
262.720069,-21.257824,24.413272,0.258855,-0.045202,1.390261,0.850786
262.820077,-21.161091,24.438653,0.254353,-0.044830,1.378610,0.865255
262.920084,-21.064245,24.463600,0.249888,-0.044455,1.366631,0.881914
263.020092,-20.967289,24.488117,0.245461,-0.044079,1.352700,0.898874
263.120099,-20.870226,24.512206,0.241072,-0.043703,1.337526,0.914150
263.220107,-20.773058,24.535871,0.236720,-0.043323,1.322317,0.931140
263.320115,-20.675789,24.559114,0.232406,-0.042943,1.308923,0.949775
263.420122,-20.578421,24.581939,0.228131,-0.042562,1.298707,0.963895
263.520130,-20.480956,24.604350,0.223893,-0.042179,1.283752,0.974642
263.620138,-20.383398,24.626349,0.219694,-0.041794,1.269205,0.980168
263.720145,-20.285749,24.647941,0.215534,-0.041409,1.256819,0.993729
263.820153,-20.188011,24.669128,0.211412,-0.041022,1.244439,1.010540
263.920161,-20.090188,24.689913,0.207329,-0.040634,1.230883,1.028756
264.020168,-19.992280,24.710301,0.203285,-0.040245,1.211840,1.050773
264.120176,-19.894291,24.730295,0.199279,-0.039854,1.188139,1.070055
264.220184,-19.796224,24.749898,0.195313,-0.039462,1.172112,1.084638
264.320191,-19.698079,24.769114,0.191386,-0.039070,1.161753,1.097049
264.420199,-19.599861,24.787946,0.187499,-0.038675,1.153611,1.099614
264.520206,-19.501570,24.806399,0.183651,-0.038280,1.141219,1.101843
264.620214,-19.403210,24.824474,0.179842,-0.037884,1.134556,1.111298
264.720222,-19.304781,24.842178,0.176073,-0.037487,1.125133,1.121026
264.820229,-19.206287,24.859511,0.172344,-0.037089,1.110518,1.133516
264.920237,-19.107730,24.876480,0.168655,-0.036690,1.094594,1.151485
265.020245,-19.009110,24.893087,0.165006,-0.036290,1.075683,1.167712
265.120252,-18.910431,24.909335,0.161397,-0.035889,1.055989,1.181256
265.220260,-18.811695,24.925230,0.157828,-0.035488,1.043120,1.193628
265.320268,-18.712903,24.940774,0.154299,-0.035085,1.036219,1.202145
265.420275,-18.614056,24.955971,0.150810,-0.034681,1.030090,1.207665
265.520283,-18.515158,24.970825,0.147362,-0.034278,1.024074,1.212205
265.620290,-18.416209,24.985340,0.143954,-0.033873,1.020119,1.219921
265.720298,-18.317212,24.999520,0.140587,-0.033467,1.014461,1.225710
265.820306,-18.218168,25.013368,0.137260,-0.033061,1.001772,1.232964
265.920313,-18.119078,25.026889,0.133974,-0.032654,0.989904,1.244212
266.020321,-18.019945,25.040087,0.130729,-0.032247,0.977568,1.257514
266.120329,-17.920770,25.052964,0.127524,-0.031840,0.965357,1.272664
266.220336,-17.821554,25.065526,0.124360,-0.031431,0.952345,1.284834
266.320344,-17.722300,25.077775,0.121237,-0.031023,0.940607,1.293389
266.420352,-17.623007,25.089717,0.118155,-0.030614,0.933058,1.299956
266.520359,-17.523679,25.101355,0.115114,-0.030205,0.930379,1.304941
266.620367,-17.424316,25.112692,0.112114,-0.029795,0.928688,1.308468
266.720374,-17.324920,25.123733,0.109155,-0.029386,0.928304,1.310306
266.820382,-17.225491,25.134483,0.106236,-0.028976,0.926172,1.311518
266.920390,-17.126032,25.144944,0.103359,-0.028566,0.922670,1.315030
267.020397,-17.026544,25.155121,0.100523,-0.028155,0.916917,1.312949
267.120405,-16.927027,25.165017,0.097728,-0.027745,0.907940,1.319420
267.220413,-16.827483,25.174638,0.094973,-0.027335,0.896889,1.333899
267.320420,-16.727913,25.183986,0.092260,-0.026925,0.885590,1.346539
267.420428,-16.628319,25.193066,0.089588,-0.026514,0.875820,1.353548
267.520436,-16.528701,25.201883,0.086957,-0.026104,0.867352,1.360175
267.620443,-16.429060,25.210439,0.084367,-0.025695,0.863413,1.367226
267.720451,-16.329397,25.218739,0.081818,-0.025285,0.863315,1.369471
267.820459,-16.229714,25.226786,0.079309,-0.024876,0.869417,1.367121
267.920466,-16.130011,25.234586,0.076842,-0.024466,0.877782,1.364846
268.020474,-16.030289,25.242142,0.074416,-0.024058,0.874414,1.365460
268.120481,-15.930549,25.249458,0.072030,-0.023650,0.873518,1.359418
268.220489,-15.830792,25.256538,0.069685,-0.023242,0.867645,1.347090
268.320497,-15.731019,25.263386,0.067381,-0.022834,0.863262,1.348980
268.420504,-15.631231,25.270007,0.065118,-0.022428,0.858318,1.355123
268.520512,-15.531428,25.276403,0.062895,-0.022021,0.851951,1.362612
268.620520,-15.431611,25.282580,0.060713,-0.021616,0.844985,1.369025
268.720527,-15.331782,25.288541,0.058572,-0.021211,0.837978,1.376897
268.820535,-15.231939,25.294290,0.056471,-0.020807,0.830466,1.389143
268.920543,-15.132085,25.299831,0.054410,-0.020403,0.822394,1.402767
269.020550,-15.032220,25.305169,0.052390,-0.020001,0.819160,1.410651
269.120558,-14.932344,25.310306,0.050410,-0.019599,0.821738,1.412891
269.220565,-14.832459,25.315248,0.048470,-0.019198,0.832226,1.409035
269.320573,-14.732564,25.319999,0.046570,-0.018799,0.843130,1.400234
269.420581,-14.632661,25.324561,0.044710,-0.018400,0.850862,1.392343
269.520588,-14.532749,25.328940,0.042889,-0.018002,0.856640,1.381926
269.620596,-14.432829,25.333138,0.041109,-0.017606,0.858111,1.366401
269.720604,-14.332903,25.337161,0.039368,-0.017210,0.855500,1.363760
269.820611,-14.232969,25.341012,0.037667,-0.016816,0.847703,1.366770
269.920619,-14.133029,25.344694,0.036005,-0.016423,0.841857,1.371946
270.020627,-14.033084,25.348213,0.034382,-0.016031,0.836599,1.376872
270.120634,-13.933132,25.351571,0.032798,-0.015641,0.831988,1.381019
270.220642,-13.833176,25.354773,0.031253,-0.015252,0.827879,1.384579
270.320650,-13.733215,25.357823,0.029747,-0.014864,0.824324,1.388030
270.420657,-13.633249,25.360723,0.028280,-0.014479,0.820958,1.391355
270.520665,-13.533280,25.363480,0.026851,-0.014094,0.817762,1.394234
270.620672,-13.433306,25.366095,0.025461,-0.013711,0.815092,1.396565
270.720680,-13.333329,25.368573,0.024109,-0.013330,0.812775,1.398779
270.820688,-13.233349,25.370918,0.022795,-0.012951,0.809539,1.401068
270.920695,-13.133366,25.373133,0.021518,-0.012572,0.807724,1.403074
271.020703,-13.033380,25.375223,0.020280,-0.012197,0.806099,1.404774
271.120711,-12.933392,25.377190,0.019079,-0.011822,0.804736,1.405912
271.220718,-12.833401,25.379040,0.017915,-0.011449,0.803715,1.407586
271.320726,-12.733409,25.380775,0.016789,-0.011079,0.802141,1.409400
271.420734,-12.633414,25.382399,0.015699,-0.010710,0.799701,1.411216
271.520741,-12.533418,25.383916,0.014646,-0.010343,0.797396,1.412692
271.620749,-12.433421,25.385329,0.013630,-0.009979,0.796114,1.413760
271.720756,-12.333422,25.386643,0.012650,-0.009617,0.795309,1.414822
271.820764,-12.233421,25.387861,0.011707,-0.009256,0.793593,1.416500
271.920772,-12.133420,25.388986,0.010799,-0.008898,0.791604,1.418165
272.020779,-12.033418,25.390022,0.009927,-0.008542,0.790874,1.419036
272.120787,-11.933415,25.390972,0.009090,-0.008187,0.791318,1.419936
272.220795,-11.833411,25.391841,0.008289,-0.007836,0.791401,1.421112
272.320802,-11.733406,25.392632,0.007523,-0.007487,0.791256,1.421512
272.420810,-11.633401,25.393347,0.006792,-0.007140,0.792130,1.421904
272.520818,-11.533396,25.393991,0.006095,-0.006796,0.793663,1.424502
272.620825,-11.433390,25.394567,0.005432,-0.006454,0.794953,1.436257
272.720833,-11.333383,25.395079,0.004804,-0.006114,0.794477,1.458993
272.820841,-11.233377,25.395529,0.004209,-0.005777,0.790508,1.469705
272.920848,-11.133370,25.395922,0.003648,-0.005443,0.787641,1.474279
273.020856,-11.033363,25.396260,0.003120,-0.005111,0.786022,1.477259
273.120863,-10.933355,25.396547,0.002626,-0.004782,0.785609,1.482431
273.220871,-10.833348,25.396786,0.002164,-0.004456,0.784928,1.482360
273.320879,-10.733341,25.396981,0.001734,-0.004132,0.784758,1.480384
273.420886,-10.633333,25.397134,0.001337,-0.003812,0.785097,1.479594
273.520894,-10.533326,25.397249,0.000972,-0.003494,0.785784,1.479293
273.620902,-10.433318,25.397330,0.000638,-0.003178,0.786218,1.479812
273.720909,-10.333310,25.397378,0.000336,-0.002866,0.784624,1.482157
273.820917,-10.233303,25.397398,0.000065,-0.002557,0.781473,1.485895
273.920925,-10.133295,25.397392,-0.000175,-0.002250,0.776858,1.486803
274.020932,-10.033287,25.397364,-0.000385,-0.001948,0.769872,1.493665
274.120940,-9.933280,25.397316,-0.000565,-0.001648,0.743217,1.498761
274.220947,-9.833272,25.397252,-0.000715,-0.001350,0.728257,1.500588
274.320955,-9.733265,25.397174,-0.000835,-0.001057,0.724369,1.491141
274.420963,-9.633257,25.397086,-0.000926,-0.000766,0.725794,1.484617
274.520970,-9.533249,25.396990,-0.000989,-0.000478,0.727108,1.482367
274.620978,-9.433242,25.396889,-0.001022,-0.000195,0.727443,1.481987
274.720986,-9.333234,25.396786,-0.001028,0.000086,0.727209,1.481844
274.820993,-9.233227,25.396685,-0.001005,0.000364,0.726928,1.481673
274.921001,-9.133219,25.396586,-0.000955,0.000638,0.727175,1.481272
275.021009,-9.033211,25.396494,-0.000878,0.000908,0.727450,1.480974
275.121016,-8.933204,25.396412,-0.000773,0.001176,0.727585,1.480994
275.221024,-8.833196,25.396341,-0.000642,0.001439,0.728156,1.480971
275.321031,-8.733189,25.396284,-0.000485,0.001699,0.728921,1.480317
275.421039,-8.633181,25.396244,-0.000303,0.001957,0.728955,1.480243
275.521047,-8.533173,25.396224,-0.000094,0.002209,0.728704,1.480456
275.621054,-8.433166,25.396226,0.000139,0.002458,0.728648,1.480495
275.721062,-8.333158,25.396253,0.000397,0.002705,0.728683,1.480094
275.821070,-8.233150,25.396307,0.000680,0.002946,0.728338,1.479542
275.921077,-8.133143,25.396390,0.000986,0.003184,0.727399,1.479563
276.021085,-8.033135,25.396505,0.001316,0.003419,0.727272,1.479945
276.121093,-7.933128,25.396654,0.001670,0.003648,0.727820,1.480094
276.221100,-7.833120,25.396839,0.002046,0.003875,0.727635,1.479617
276.321108,-7.733113,25.397064,0.002445,0.004098,0.727817,1.480693
276.421116,-7.633105,25.397329,0.002866,0.004316,0.727718,1.482867
276.521123,-7.533098,25.397638,0.003308,0.004531,0.726946,1.488263
276.621131,-7.433091,25.397992,0.003772,0.004743,0.728245,1.498293
276.721138,-7.333084,25.398393,0.004256,0.004948,0.742791,1.500057
276.821146,-7.233078,25.398844,0.004761,0.005151,0.765945,1.495480
276.921154,-7.133071,25.399346,0.005287,0.005350,0.773656,1.489495
277.021161,-7.033065,25.399902,0.005831,0.005543,0.778675,1.485398
277.121169,-6.933060,25.400513,0.006395,0.005734,0.780897,1.486725
277.221177,-6.833054,25.401181,0.006978,0.005920,0.781814,1.486299
277.321184,-6.733049,25.401909,0.007579,0.006101,0.781269,1.486983
277.421192,-6.633045,25.402698,0.008198,0.006278,0.779955,1.487650
277.521200,-6.533041,25.403549,0.008835,0.006452,0.778412,1.487773
277.621207,-6.433037,25.404465,0.009488,0.006620,0.777066,1.488393
277.721215,-6.333034,25.405448,0.010159,0.006784,0.776158,1.489377
277.821222,-6.233032,25.406498,0.010845,0.006944,0.774844,1.490793
277.921230,-6.133031,25.407617,0.011547,0.007099,0.772983,1.492475
278.021238,-6.033030,25.408808,0.012265,0.007249,0.771365,1.493582
278.121245,-5.933031,25.410071,0.012997,0.007397,0.770775,1.493547
278.221253,-5.833032,25.411408,0.013744,0.007537,0.770292,1.491076
278.321261,-5.733034,25.412820,0.014505,0.007674,0.771533,1.487994
278.421268,-5.633038,25.414309,0.015279,0.007808,0.773247,1.482601
278.521276,-5.533042,25.415877,0.016066,0.007934,0.772300,1.467987
278.621284,-5.433048,25.417523,0.016866,0.008057,0.771244,1.449576
278.721291,-5.333056,25.419250,0.017677,0.008177,0.770231,1.446197
278.821299,-5.233064,25.421059,0.018501,0.008289,0.765455,1.447655
278.921307,-5.133075,25.422951,0.019335,0.008398,0.760354,1.450823
279.021314,-5.033086,25.424927,0.020180,0.008503,0.756423,1.453524
279.121322,-4.933100,25.426987,0.021036,0.008601,0.754255,1.455524
279.221329,-4.833115,25.429134,0.021901,0.008695,0.752181,1.457680
279.321337,-4.733133,25.431368,0.022775,0.008786,0.749817,1.459715
279.421345,-4.633152,25.433689,0.023658,0.008869,0.747818,1.461783
279.521352,-4.533173,25.436099,0.024549,0.008948,0.745820,1.464209
279.621360,-4.433197,25.438599,0.025447,0.009024,0.743470,1.467170
279.721368,-4.333223,25.441189,0.026353,0.009092,0.740316,1.470030
279.821375,-4.233251,25.443870,0.027266,0.009157,0.737201,1.472895
279.921383,-4.133282,25.446642,0.028185,0.009217,0.734039,1.475845
280.021391,-4.033315,25.449507,0.029109,0.009270,0.730864,1.479328
280.121398,-3.933351,25.452464,0.030039,0.009319,0.727349,1.482522
280.221406,-3.833390,25.455514,0.030973,0.009364,0.724466,1.485012
280.321413,-3.733432,25.458658,0.031911,0.009402,0.722583,1.491074
280.421421,-3.633477,25.461896,0.032853,0.009435,0.730717,1.496521
280.521429,-3.533525,25.465228,0.033798,0.009465,0.745145,1.499632
280.621436,-3.433576,25.468655,0.034746,0.009487,0.750428,1.500617
280.721444,-3.333630,25.472176,0.035696,0.009504,0.753872,1.501337
280.821452,-3.233688,25.475793,0.036647,0.009518,0.755758,1.505286
280.921459,-3.133749,25.479505,0.037599,0.009524,0.756499,1.510136
281.021467,-3.033814,25.483312,0.038552,0.009526,0.756477,1.512395
281.121475,-2.933883,25.487214,0.039504,0.009524,0.753400,1.513384
281.221482,-2.833955,25.491211,0.040456,0.009513,0.751701,1.512564
281.321490,-2.734031,25.495303,0.041407,0.009499,0.751362,1.504379
281.421497,-2.634111,25.499491,0.042356,0.009480,0.752935,1.481142
281.521505,-2.534195,25.503773,0.043303,0.009454,0.746184,1.479177
281.621513,-2.434283,25.508149,0.044247,0.009423,0.742414,1.480621
281.721520,-2.334376,25.512620,0.045187,0.009388,0.734818,1.484157
281.821528,-2.234472,25.517184,0.046124,0.009345,0.724984,1.489558
281.921536,-2.134573,25.521842,0.047057,0.009298,0.717117,1.495305
282.021543,-2.034678,25.526592,0.047984,0.009246,0.711287,1.501131
282.121551,-1.934788,25.531435,0.048906,0.009187,0.706059,1.506766
282.221559,-1.834902,25.536370,0.049821,0.009123,0.700721,1.512210
282.321566,-1.735021,25.541396,0.050730,0.009054,0.695229,1.517452
282.421574,-1.635144,25.546512,0.051632,0.008978,0.689997,1.522143
282.521582,-1.535272,25.551718,0.052526,0.008897,0.685702,1.526236
282.621589,-1.435405,25.557013,0.053411,0.008812,0.683488,1.530558
282.721597,-1.335542,25.562396,0.054288,0.008719,0.685755,1.535601
282.821604,-1.235684,25.567866,0.055155,0.008621,0.688457,1.540213
282.921612,-1.135831,25.573422,0.056012,0.008519,0.689058,1.544706
283.021620,-1.035983,25.579063,0.056858,0.008408,0.687566,1.549860
283.121627,-0.936139,25.584788,0.057694,0.008294,0.690676,1.554993
283.221635,-0.836300,25.590596,0.058517,0.008174,0.697101,1.560273
283.321643,-0.736466,25.596485,0.059328,0.008047,0.695417,1.567244
283.421650,-0.636637,25.602455,0.060127,0.007915,0.693218,1.572785
283.521658,-0.536812,25.608504,0.060911,0.007778,0.689350,1.573299
283.621666,-0.436992,25.614630,0.061682,0.007633,0.686034,1.571091
283.721673,-0.337177,25.620833,0.062438,0.007484,0.680763,1.556874
283.821681,-0.237367,25.627110,0.063179,0.007331,0.677080,1.554854
283.921688,-0.137561,25.633461,0.063904,0.007168,0.671287,1.554028
284.021696,-0.037760,25.639883,0.064612,0.007002,0.665558,1.555072
284.121704,0.062037,25.646374,0.065304,0.006831,0.658985,1.560656
284.221711,0.161829,25.652935,0.065978,0.006651,0.650889,1.569538
284.321719,0.261617,25.659561,0.066634,0.006467,0.635146,1.578575
284.421727,0.361401,25.666252,0.067272,0.006279,0.625723,1.586047
284.521734,0.461180,25.673006,0.067890,0.006082,0.618127,1.592560
284.621742,0.560955,25.679820,0.068488,0.005881,0.618777,1.599436
284.721750,0.660726,25.686693,0.069066,0.005675,0.608619,1.607128
284.821757,0.760494,25.693622,0.069623,0.005461,0.597421,1.615468
284.921765,0.860257,25.700606,0.070158,0.005242,0.589584,1.622840
285.021773,0.960017,25.707643,0.070671,0.005019,0.582310,1.628447
285.121780,1.059773,25.714729,0.071162,0.004787,0.576901,1.632376
285.221788,1.159526,25.721863,0.071629,0.004551,0.578653,1.637492
285.321795,1.259276,25.729043,0.072072,0.004311,0.582906,1.643517
285.421803,1.359022,25.736266,0.072490,0.004061,0.587176,1.647832
285.521811,1.458766,25.743529,0.072884,0.003808,0.589274,1.657476
285.621818,1.558506,25.750830,0.073252,0.003550,0.590136,1.665901
285.721826,1.658245,25.758166,0.073594,0.003284,0.592183,1.669224
285.821834,1.757980,25.765535,0.073909,0.003013,0.590245,1.672905
285.921841,1.857714,25.772935,0.074196,0.002738,0.584814,1.673379
286.021849,1.957445,25.780361,0.074456,0.002454,0.575369,1.669530
286.121857,2.057175,25.787812,0.074687,0.002166,0.569784,1.665003
286.221864,2.156903,25.795285,0.074889,0.001873,0.565682,1.664672
286.321872,2.256630,25.802776,0.075061,0.001573,0.559104,1.669224
286.421879,2.356355,25.810283,0.075203,0.001267,0.548649,1.675943
286.521887,2.456080,25.817803,0.075315,0.000958,0.539235,1.683498
286.621895,2.555804,25.825332,0.075394,0.000640,0.533455,1.689726
286.721902,2.655527,25.832868,0.075442,0.000317,0.526960,1.697623
286.821910,2.755250,25.840406,0.075458,-0.000009,0.521209,1.704968
286.921918,2.854973,25.847945,0.075440,-0.000345,0.514906,1.713500
287.021925,2.954697,25.855480,0.075389,-0.000684,0.507530,1.722012
287.121933,3.054421,25.863008,0.075303,-0.001028,0.498763,1.729406
287.221941,3.154145,25.870526,0.075183,-0.001379,0.489960,1.735595
287.321948,3.253871,25.878031,0.075027,-0.001736,0.482527,1.728749
287.421956,3.353598,25.885518,0.074836,-0.002096,0.476240,1.733626
287.521964,3.453326,25.892984,0.074608,-0.002465,0.470105,1.750697
287.621971,3.553057,25.900425,0.074342,-0.002838,0.463934,1.761838
287.721979,3.652789,25.907839,0.074040,-0.003215,0.459292,1.769686
287.821986,3.752524,25.915220,0.073699,-0.003600,0.458712,1.777148
287.921994,3.852262,25.922565,0.073320,-0.003990,0.464248,1.782989
288.022002,3.952002,25.929870,0.072901,-0.004383,0.466323,1.788348
288.122009,4.051746,25.937132,0.072442,-0.004785,0.468497,1.791646
288.222017,4.151493,25.944346,0.071944,-0.005191,0.462129,1.792184
288.322025,4.251244,25.951508,0.071404,-0.005601,0.458577,1.787867
288.422032,4.350999,25.958614,0.070823,-0.006019,0.455766,1.787136
288.522040,4.450758,25.965660,0.070200,-0.006441,0.447516,1.788374
288.622048,4.550521,25.972642,0.069535,-0.006867,0.439837,1.783397
288.722055,4.650290,25.979556,0.068826,-0.007301,0.435195,1.777185
288.822063,4.750063,25.986396,0.068074,-0.007739,0.432503,1.778433
288.922070,4.849842,25.993160,0.067278,-0.008181,0.427900,1.785653
289.022078,4.949626,25.999841,0.066438,-0.008630,0.420649,1.802213
289.122086,5.049416,26.006437,0.065552,-0.009084,0.411786,1.801643
289.222093,5.149212,26.012942,0.064621,-0.009542,0.404423,1.806006
289.322101,5.249014,26.019352,0.063643,-0.010007,0.399128,1.811896
289.422109,5.348822,26.025661,0.062619,-0.010476,0.393171,1.818272
289.522116,5.448637,26.031867,0.061548,-0.010949,0.387180,1.825478
289.622124,5.548459,26.037962,0.060429,-0.011429,0.380380,1.833267
289.722132,5.648288,26.043944,0.059261,-0.011914,0.372702,1.842384
289.822139,5.748123,26.049807,0.058046,-0.012402,0.364754,1.858553
289.922147,5.847966,26.055546,0.056781,-0.012897,0.358385,1.867564
290.022154,5.947816,26.061156,0.055466,-0.013396,0.358617,1.870930
290.122162,6.047674,26.066633,0.054101,-0.013899,0.366751,1.871791
290.222170,6.147539,26.071970,0.052685,-0.014409,0.382420,1.872284
290.322177,6.247412,26.077164,0.051219,-0.014923,0.389325,1.873643
290.422185,6.347292,26.082209,0.049701,-0.015440,0.388897,1.877492
290.522193,6.447180,26.087099,0.048130,-0.015964,0.387171,1.879583
290.622200,6.547076,26.091830,0.046507,-0.016492,0.383490,1.880404
290.722208,6.646979,26.096396,0.044831,-0.017024,0.378616,1.881204
290.822216,6.746890,26.100792,0.043102,-0.017562,0.371985,1.881144
290.922223,6.846809,26.105013,0.041319,-0.018103,0.366604,1.876993
291.022231,6.946735,26.109052,0.039481,-0.018649,0.357491,1.869539
291.122239,7.046668,26.112906,0.037588,-0.019200,0.354459,1.857887
291.222246,7.146609,26.116567,0.035641,-0.019755,0.353914,1.852919
291.322254,7.246556,26.120031,0.033637,-0.020314,0.352484,1.854608
291.422261,7.346511,26.123292,0.031577,-0.020878,0.349993,1.857965
291.522269,7.446472,26.126344,0.029461,-0.021446,0.346915,1.861540
291.622277,7.546439,26.129182,0.027287,-0.022018,0.343837,1.864651
291.722284,7.646413,26.131799,0.025057,-0.022595,0.341047,1.867199
291.822292,7.746392,26.134191,0.022768,-0.023176,0.338551,1.869873
291.922300,7.846376,26.136351,0.020421,-0.023759,0.336483,1.872337
292.022307,7.946365,26.138273,0.018016,-0.024349,0.334424,1.874669
292.122315,8.046359,26.139952,0.015551,-0.024941,0.332179,1.876017
292.222323,8.146356,26.141382,0.013027,-0.025537,0.330732,1.878345
292.322330,8.246357,26.142556,0.010443,-0.026138,0.328538,1.881360
292.422338,8.346360,26.143468,0.007799,-0.026742,0.326179,1.890599
292.522345,8.446366,26.144113,0.005094,-0.027349,0.327279,1.897651
292.622353,8.546373,26.144485,0.002328,-0.027961,0.334674,1.897105
292.722361,8.646381,26.144577,-0.000499,-0.028576,0.351943,1.895824
292.822368,8.746388,26.144383,-0.003388,-0.029194,0.374949,1.889252
292.922376,8.846395,26.143897,-0.006338,-0.029817,0.382067,1.884603
293.022384,8.946399,26.143113,-0.009351,-0.030442,0.386098,1.879984
293.122391,9.046401,26.142025,-0.012427,-0.031070,0.388761,1.878877
293.222399,9.146399,26.140626,-0.015566,-0.031702,0.390921,1.877215
293.322407,9.246392,26.138910,-0.018768,-0.032337,0.390464,1.874154
293.422414,9.346379,26.136870,-0.022034,-0.032975,0.393031,1.869681
293.522422,9.446358,26.134501,-0.025364,-0.033616,0.397912,1.865108
293.622430,9.546330,26.131795,-0.028758,-0.034260,0.399268,1.856468
293.722437,9.646291,26.128747,-0.032217,-0.034907,0.400497,1.844410
293.822445,9.746241,26.125350,-0.035740,-0.035557,0.407649,1.822911
293.922452,9.846178,26.121598,-0.039329,-0.036209,0.411744,1.805401
294.022460,9.946101,26.117484,-0.042982,-0.036864,0.413831,1.798321
294.122468,10.046008,26.113001,-0.046702,-0.037522,0.417905,1.794074
294.222475,10.145898,26.108144,-0.050487,-0.038182,0.422606,1.789966
294.322483,10.245768,26.102905,-0.054339,-0.038844,0.427823,1.785358
294.422491,10.345618,26.097278,-0.058257,-0.039509,0.433333,1.780277
294.522498,10.445444,26.091257,-0.062241,-0.040175,0.439376,1.774636
294.622506,10.545245,26.084835,-0.066293,-0.040844,0.446143,1.768536
294.722514,10.645020,26.078005,-0.070411,-0.041515,0.453497,1.761963
294.822521,10.744765,26.070761,-0.074596,-0.042188,0.460813,1.754843
294.922529,10.844478,26.063096,-0.078849,-0.042862,0.467910,1.747572
295.022536,10.944158,26.055004,-0.083169,-0.043538,0.475811,1.739768
295.122544,11.043802,26.046478,-0.087557,-0.044216,0.483593,1.731934
295.222552,11.143407,26.037512,-0.092013,-0.044895,0.492608,1.724682
295.322559,11.242970,26.028098,-0.096537,-0.045576,0.511001,1.717345
295.422567,11.342490,26.018230,-0.101129,-0.046258,0.547296,1.711804
295.522575,11.441963,26.007903,-0.105790,-0.046941,0.568723,1.704735
295.622582,11.541387,25.997108,-0.110518,-0.047625,0.585627,1.692851
295.722590,11.640758,25.985840,-0.115315,-0.048310,0.600550,1.682259
295.822598,11.740073,25.974092,-0.120181,-0.048997,0.615001,1.666972
295.922605,11.839330,25.961858,-0.125116,-0.049683,0.628633,1.653231
296.022613,11.938524,25.949130,-0.130119,-0.050371,0.641679,1.640904
296.122620,12.037653,25.935903,-0.135191,-0.051059,0.655894,1.630376
296.222628,12.136714,25.922170,-0.140331,-0.051747,0.673707,1.617423
296.322636,12.235702,25.907924,-0.145541,-0.052436,0.693411,1.602879
296.422643,12.334614,25.893160,-0.150819,-0.053125,0.712985,1.586628
296.522651,12.433446,25.877870,-0.156167,-0.053814,0.724947,1.567558
296.622659,12.532194,25.862049,-0.161583,-0.054503,0.734549,1.535431
296.722666,12.630855,25.845690,-0.167068,-0.055192,0.748356,1.496373
296.822674,12.729424,25.828786,-0.172622,-0.055880,0.764485,1.472407
296.922682,12.827896,25.811331,-0.178245,-0.056568,0.781263,1.451850
297.022689,12.926269,25.793320,-0.183937,-0.057257,0.801356,1.435995
297.122697,13.024537,25.774746,-0.189697,-0.057943,0.832806,1.420472
297.222705,13.122695,25.755603,-0.195526,-0.058629,0.864071,1.405074
297.322712,13.220740,25.735885,-0.201424,-0.059316,0.892181,1.386955
297.422720,13.318666,25.715585,-0.207390,-0.059999,0.922120,1.366265
297.522727,13.416468,25.694698,-0.213425,-0.060682,0.959842,1.346548
297.622735,13.514142,25.673218,-0.219528,-0.061365,0.992218,1.323536
297.722743,13.611682,25.651139,-0.225699,-0.062045,1.021637,1.304643
297.822750,13.709084,25.628455,-0.231938,-0.062724,1.049252,1.282410
297.922758,13.806341,25.605160,-0.238245,-0.063403,1.075901,1.256515
298.022766,13.903448,25.581250,-0.244619,-0.064078,1.103535,1.226104
298.122773,14.000400,25.556717,-0.251061,-0.064752,1.131454,1.193145
298.222781,14.097192,25.531557,-0.257571,-0.065425,1.160522,1.148446
298.322789,14.193816,25.505765,-0.264147,-0.066094,1.189861,1.112906
298.422796,14.290268,25.479334,-0.270790,-0.066761,1.218719,1.080964
298.522804,14.386542,25.452260,-0.277500,-0.067428,1.244820,1.052743
298.622811,14.482630,25.424538,-0.284277,-0.068089,1.269131,1.024786
298.722819,14.578528,25.396161,-0.291119,-0.068749,1.293077,0.995979
298.822827,14.674228,25.367126,-0.298028,-0.069408,1.323844,0.966736
298.922834,14.769725,25.337428,-0.305002,-0.070061,1.355929,0.936680
299.022842,14.865011,25.307061,-0.312041,-0.070712,1.391711,0.907342
299.122850,14.960080,25.276021,-0.319145,-0.071362,1.434736,0.877362
299.222857,15.054925,25.244303,-0.326314,-0.072005,1.481597,0.845729
299.322865,15.149539,25.211904,-0.333547,-0.072646,1.516031,0.814379
299.422873,15.243915,25.178817,-0.340844,-0.073285,1.546953,0.781403
299.522880,15.338046,25.145040,-0.348205,-0.073917,1.576550,0.746646
299.622888,15.431925,25.110568,-0.355629,-0.074547,1.604383,0.708997
299.722896,15.525545,25.075397,-0.363116,-0.075174,1.629012,0.668378
299.822903,15.618897,25.039523,-0.370665,-0.075794,1.650776,0.631749
299.922911,15.711975,25.002943,-0.378276,-0.076411,1.672293,0.601902
300.022918,15.804770,24.965652,-0.385948,-0.077026,1.701011,0.573621
300.122926,15.897276,24.927648,-0.393682,-0.077631,1.729855,0.548160
300.222934,15.989483,24.888927,-0.401476,-0.078234,1.748045,0.538269
300.322941,16.081385,24.849485,-0.409330,-0.078835,1.769289,0.523026
300.422949,16.172973,24.809320,-0.417243,-0.079425,1.789397,0.493641
300.522957,16.264240,24.768429,-0.425216,-0.080013,1.808860,0.461258
300.622964,16.355176,24.726809,-0.433247,-0.080598,1.828202,0.435487
300.722972,16.445773,24.684457,-0.441336,-0.081172,1.847926,0.414226
300.822980,16.536024,24.641372,-0.449483,-0.081743,1.866655,0.392553
300.922987,16.625920,24.597550,-0.457686,-0.082311,1.885671,0.372694
301.022995,16.715451,24.552989,-0.465946,-0.082868,1.903494,0.354159
301.123002,16.804611,24.507688,-0.474261,-0.083422,1.918226,0.334584
301.223010,16.893389,24.461645,-0.482632,-0.083972,1.930647,0.316142
301.323018,16.981778,24.414857,-0.491056,-0.084511,1.942295,0.298691
301.423025,17.069768,24.367325,-0.499535,-0.085046,1.952468,0.283212
301.523033,17.157351,24.319045,-0.508067,-0.085577,1.963748,0.271751
301.623041,17.244517,24.270018,-0.516651,-0.086096,1.973225,0.263841
301.723048,17.331258,24.220243,-0.525288,-0.086612,1.981015,0.255288
301.823056,17.417564,24.169717,-0.533975,-0.087123,1.991085,0.246256
301.923064,17.503427,24.118442,-0.542713,-0.087623,2.002455,0.238456
302.023071,17.588838,24.066417,-0.551501,-0.088117,2.006602,0.226756
302.123079,17.673786,24.013640,-0.560338,-0.088604,2.007137,0.219537
302.223087,17.758264,23.960113,-0.569223,-0.089096,2.009053,0.216324
302.323094,17.842261,23.905836,-0.578158,-0.089551,2.010625,0.214842
302.423102,17.925769,23.850808,-0.587134,-0.089965,2.012284,0.211880
302.523109,18.008779,23.795031,-0.596164,-0.090626,2.014594,0.206187
302.623117,18.091279,23.738504,-0.605249,-0.090805,2.015836,0.210394
302.723125,18.173263,23.681230,-0.614314,-0.090473,2.015380,0.216329
302.823132,18.254725,23.623217,-0.623357,-0.090388,2.010827,0.225891
302.923140,18.335659,23.564469,-0.632392,-0.090268,2.002769,0.240920
303.023148,18.416060,23.504994,-0.641411,-0.090107,1.988782,0.258582
303.123155,18.495921,23.444796,-0.650415,-0.089951,1.975093,0.273165
303.223163,18.575238,23.383882,-0.659403,-0.089790,1.958837,0.286950
303.323171,18.654004,23.322259,-0.668374,-0.089621,1.939909,0.297186
303.423178,18.732215,23.259932,-0.677328,-0.089440,1.925340,0.307263
303.523186,18.809865,23.196908,-0.686264,-0.089255,1.913024,0.317953
303.623193,18.886950,23.133193,-0.695180,-0.089066,1.902001,0.330629
303.723201,18.963464,23.068794,-0.704078,-0.088864,1.892639,0.347184
303.823209,19.039403,23.003718,-0.712955,-0.088657,1.881156,0.368659
303.923216,19.114762,22.937971,-0.721811,-0.088447,1.866695,0.393046
304.023224,19.189536,22.871560,-0.730645,-0.088223,1.849755,0.418034
304.123232,19.263722,22.804492,-0.739457,-0.087996,1.829826,0.443932
304.223239,19.337314,22.736774,-0.748245,-0.087764,1.807774,0.470583
304.323247,19.410310,22.668413,-0.757010,-0.087519,1.784286,0.501511
304.423255,19.482704,22.599415,-0.765751,-0.087271,1.758543,0.532938
304.523262,19.554493,22.529788,-0.774466,-0.087019,1.733011,0.566040
304.623270,19.625673,22.459539,-0.783155,-0.086753,1.710000,0.599656
304.723277,19.696242,22.388675,-0.791818,-0.086483,1.688174,0.630031
304.823285,19.766194,22.317203,-0.800453,-0.086210,1.660969,0.660660
304.923293,19.835529,22.245131,-0.809061,-0.085924,1.631813,0.696687
305.023300,19.904241,22.172465,-0.817639,-0.085634,1.601064,0.734763
305.123308,19.972328,22.099214,-0.826189,-0.085341,1.568846,0.774270
305.223316,20.039788,22.025385,-0.834708,-0.085034,1.533002,0.814062
305.323323,20.106617,21.950984,-0.843197,-0.084724,1.495244,0.855058
305.423331,20.172814,21.876020,-0.851655,-0.084411,1.460045,0.896059
305.523339,20.238375,21.800500,-0.860080,-0.084085,1.424469,0.930818
305.623346,20.303299,21.724431,-0.868473,-0.083755,1.387296,0.964327
305.723354,20.367584,21.647821,-0.876832,-0.083422,1.349155,0.997824
305.823362,20.431227,21.570678,-0.885158,-0.083077,1.310381,1.035497
305.923369,20.494227,21.493008,-0.893449,-0.082729,1.271124,1.077896
306.023377,20.556583,21.414820,-0.901705,-0.082377,1.231909,1.122414
306.123384,20.618292,21.336120,-0.909925,-0.082013,1.194856,1.164792
306.223392,20.679353,21.256917,-0.918109,-0.081647,1.159978,1.204617
306.323400,20.739766,21.177219,-0.926256,-0.081277,1.126246,1.242499
306.423407,20.799529,21.097032,-0.934365,-0.080896,1.092650,1.279081
306.523415,20.858641,21.016364,-0.942436,-0.080512,1.054139,1.313151
306.623423,20.917102,20.935222,-0.950469,-0.080125,1.013068,1.344574
306.723430,20.974911,20.853615,-0.958462,-0.079727,0.970740,1.375620
306.823438,21.032068,20.771550,-0.966415,-0.079326,0.930482,1.407547
306.923446,21.088571,20.689033,-0.974328,-0.078923,0.890859,1.439142
307.023453,21.144421,20.606073,-0.982201,-0.078509,0.855157,1.468435
307.123461,21.199619,20.522678,-0.990032,-0.078093,0.823302,1.497322
307.223468,21.254163,20.438854,-0.997821,-0.077674,0.793684,1.525528
307.323476,21.308055,20.354608,-1.005567,-0.077245,0.769496,1.552373
307.423484,21.361294,20.269949,-1.013271,-0.076814,0.735551,1.576615
307.523491,21.413881,20.184883,-1.020931,-0.076380,0.703392,1.602167
307.623499,21.465817,20.099418,-1.028548,-0.075937,0.673917,1.628586
307.723507,21.517103,20.013562,-1.036120,-0.075491,0.642793,1.655191
307.823514,21.567738,19.927320,-1.043647,-0.075043,0.614447,1.679281
307.923522,21.617726,19.840701,-1.051129,-0.074586,0.587948,1.701211
308.023530,21.667065,19.753711,-1.058565,-0.074126,0.562540,1.721778
308.123537,21.715759,19.666358,-1.065956,-0.073664,0.537093,1.741341
308.223545,21.763807,19.578649,-1.073299,-0.073193,0.511566,1.759319
308.323553,21.811213,19.490591,-1.080595,-0.072720,0.490338,1.775971
308.423560,21.857976,19.402189,-1.087844,-0.072244,0.469927,1.791146
308.523568,21.904100,19.313453,-1.095045,-0.071760,0.452602,1.806614
308.623575,21.949586,19.224388,-1.102197,-0.071273,0.436074,1.822089
308.723583,21.994435,19.135000,-1.109301,-0.070784,0.419189,1.838434
308.823591,22.038651,19.045298,-1.116355,-0.070286,0.402525,1.853899
308.923598,22.082235,18.955287,-1.123359,-0.069786,0.386312,1.865450
309.023606,22.125190,18.864974,-1.130313,-0.069283,0.370131,1.878169
309.123614,22.167518,18.774365,-1.137216,-0.068772,0.354576,1.892677
309.223621,22.209222,18.683468,-1.144068,-0.068259,0.339340,1.905022
309.323629,22.250305,18.592288,-1.150869,-0.067744,0.325304,1.915738
309.423637,22.290769,18.500831,-1.157618,-0.067220,0.313654,1.925472
309.523644,22.330617,18.409105,-1.164314,-0.066694,0.303471,1.934187
309.623652,22.369852,18.317115,-1.170958,-0.066166,0.295146,1.943120
309.723659,22.408478,18.224867,-1.177548,-0.065630,0.286743,1.950240
309.823667,22.446498,18.132368,-1.184085,-0.065092,0.280237,1.956583
309.923675,22.483914,18.039624,-1.190567,-0.064552,0.273644,1.960280
310.023682,22.520731,17.946639,-1.196996,-0.064005,0.268424,1.966478
310.123690,22.556952,17.853421,-1.203369,-0.063456,0.262164,1.974230
310.223698,22.592581,17.759975,-1.209688,-0.062905,0.254282,1.984035
310.323705,22.627622,17.666307,-1.215951,-0.062345,0.246554,1.992562
310.423713,22.662077,17.572422,-1.222158,-0.061789,0.239244,2.000200
310.523721,22.695952,17.478326,-1.228310,-0.061239,0.231734,2.006875
310.623728,22.729250,17.384024,-1.234404,-0.060633,0.223859,2.012030
310.723736,22.761976,17.289523,-1.240440,-0.060118,0.217049,2.015671
310.823744,22.794132,17.194826,-1.246431,-0.059702,0.213003,2.018615
310.923751,22.825724,17.099939,-1.252346,-0.058566,0.210285,2.019484
311.023759,22.856759,17.004868,-1.258178,-0.058738,0.209362,2.020695
311.123766,22.887235,16.909617,-1.264130,-0.060296,0.210230,2.017675
311.223774,22.917136,16.814184,-1.270202,-0.061134,0.213754,2.014179
311.323782,22.946454,16.718570,-1.276360,-0.062056,0.215458,2.011240
311.423789,22.975177,16.622776,-1.282617,-0.063078,0.214660,2.015026
311.523797,23.003296,16.526802,-1.288974,-0.064044,0.211083,2.021895
311.623805,23.030800,16.430651,-1.295427,-0.065015,0.211063,2.020994
311.723812,23.057678,16.334322,-1.301978,-0.065992,0.210520,2.020071
311.823820,23.083919,16.237819,-1.308626,-0.066962,0.210537,2.020134
311.923828,23.109514,16.141141,-1.315371,-0.067931,0.210375,2.021158
312.023835,23.134451,16.044293,-1.322213,-0.068900,0.212084,2.021312
312.123843,23.158720,15.947274,-1.329152,-0.069864,0.216169,2.018727
312.223850,23.182311,15.850088,-1.336187,-0.070827,0.220889,2.014809
312.323858,23.205213,15.752738,-1.343319,-0.071789,0.226001,2.010269
312.423866,23.227416,15.655226,-1.350546,-0.072746,0.232694,2.005175
312.523873,23.248908,15.557555,-1.357869,-0.073702,0.240486,1.999115
312.623881,23.269680,15.459728,-1.365287,-0.074656,0.249502,1.991426
312.723889,23.289721,15.361749,-1.372801,-0.075604,0.258419,1.977869
312.823896,23.309021,15.263620,-1.380409,-0.076551,0.266784,1.965993
312.923904,23.327568,15.165348,-1.388112,-0.077496,0.273287,1.956441
313.023912,23.345354,15.066934,-1.395910,-0.078434,0.282683,1.948346
313.123919,23.362367,14.968384,-1.403801,-0.079370,0.293413,1.940042
313.223927,23.378598,14.869701,-1.411785,-0.080304,0.305624,1.930558
313.323934,23.394035,14.770892,-1.419862,-0.081230,0.320742,1.921401
313.423942,23.408669,14.671961,-1.428032,-0.082152,0.337863,1.911237
313.523950,23.422490,14.572912,-1.436294,-0.083073,0.357088,1.899267
313.623957,23.435487,14.473752,-1.444648,-0.083983,0.373562,1.885225
313.723965,23.447651,14.374487,-1.453092,-0.084891,0.391009,1.869455
313.823973,23.458972,14.275122,-1.461627,-0.085795,0.408756,1.852767
313.923980,23.469441,14.175663,-1.470252,-0.086688,0.427965,1.836792
314.023988,23.479046,14.076117,-1.478966,-0.087577,0.447183,1.825561
314.123996,23.487779,13.976491,-1.487769,-0.088462,0.465786,1.811189
314.224003,23.495631,13.876792,-1.496659,-0.089334,0.486011,1.790662
314.324011,23.502591,13.777026,-1.505637,-0.090202,0.507334,1.771708
314.424019,23.508651,13.677202,-1.514701,-0.091066,0.529315,1.752942
314.524026,23.513802,13.577327,-1.523851,-0.091915,0.547681,1.734185
314.624034,23.518035,13.477408,-1.533086,-0.092759,0.567725,1.713777
314.724041,23.521340,13.377455,-1.542404,-0.093599,0.593684,1.692641
314.824049,23.523710,13.277475,-1.551806,-0.094422,0.625345,1.670873
314.924057,23.525136,13.177477,-1.561290,-0.095240,0.654122,1.649038
315.024064,23.525609,13.077470,-1.570856,-0.096053,0.685238,1.627101
315.124072,23.525121,12.977463,-1.580501,-0.096848,0.718127,1.603571
315.224080,23.523665,12.877465,-1.590227,-0.097638,0.750840,1.576852
315.324087,23.521232,12.777487,-1.600031,-0.098422,0.782170,1.548512
315.424095,23.517816,12.677537,-1.609912,-0.099186,0.816662,1.520020
315.524103,23.513408,12.577626,-1.619870,-0.099945,0.853728,1.491730
315.624110,23.508002,12.477764,-1.629902,-0.100698,0.891373,1.458187
315.724118,23.501591,12.377962,-1.640010,-0.101430,0.930698,1.422442
315.824125,23.494167,12.278230,-1.650190,-0.102155,0.974073,1.388471
315.924133,23.485725,12.178578,-1.660442,-0.102875,1.014141,1.355782
316.024141,23.476258,12.079019,-1.670766,-0.103573,1.057999,1.322137
316.124148,23.465761,11.979563,-1.681159,-0.104264,1.105952,1.285452
316.224156,23.454227,11.880223,-1.691620,-0.104949,1.155449,1.247289
316.324164,23.441651,11.781008,-1.702149,-0.105610,1.205806,1.208762
316.424171,23.428028,11.681932,-1.712744,-0.106265,1.255701,1.168232
316.524179,23.413353,11.583007,-1.723404,-0.106913,1.305741,1.127458
316.624187,23.397621,11.484243,-1.734127,-0.107537,1.356133,1.084092
316.724194,23.380827,11.385655,-1.744913,-0.108154,1.407415,1.038729
316.824202,23.362969,11.287254,-1.755760,-0.108764,1.462613,0.989100
316.924210,23.344041,11.189054,-1.766666,-0.109349,1.520257,0.935694
317.024217,23.324040,11.091066,-1.777631,-0.109927,1.578379,0.878070
317.124225,23.302963,10.993304,-1.788653,-0.110497,1.641088,0.826314
317.224232,23.280808,10.895780,-1.799731,-0.111041,1.695077,0.776664
317.324240,23.257571,10.798509,-1.810863,-0.111578,1.745509,0.725871
317.424248,23.233249,10.701503,-1.822049,-0.112108,1.791461,0.673719
317.524255,23.207842,10.604776,-1.833285,-0.112610,1.837460,0.618789
317.624263,23.181347,10.508341,-1.844572,-0.113105,1.880261,0.560934
317.724271,23.153763,10.412212,-1.855908,-0.113593,1.917278,0.500692
317.824278,23.125089,10.316403,-1.867291,-0.114047,1.949153,0.439040
317.924286,23.095324,10.220927,-1.878720,-0.114504,1.974234,0.378657
318.024294,23.064467,10.125798,-1.890194,-0.114963,1.995026,0.323098
318.124301,23.032520,10.031030,-1.901709,-0.115318,2.012022,0.268998
318.224309,22.999481,9.936636,-1.913263,-0.115801,2.024484,0.225747
318.324316,22.965351,9.842632,-1.924875,-0.116421,2.030419,0.209999
318.424324,22.930130,9.749031,-1.936496,-0.115973,2.031283,0.208710
318.524332,22.893827,9.655844,-1.948075,-0.115641,2.028263,0.214259
318.624339,22.856448,9.563084,-1.959630,-0.115445,2.023232,0.223150
318.724347,22.818001,9.470761,-1.971161,-0.115144,2.015900,0.236904
318.824355,22.778493,9.378887,-1.982661,-0.114844,2.005290,0.255777
318.924362,22.737932,9.287473,-1.994132,-0.114546,1.991209,0.278642
319.024370,22.696328,9.196530,-2.005570,-0.114212,1.974044,0.302355
319.124378,22.653687,9.106068,-2.016976,-0.113872,1.952134,0.330669
319.224385,22.610018,9.016097,-2.028347,-0.113524,1.929486,0.365136
319.324393,22.565332,8.926628,-2.039681,-0.113146,1.904785,0.409849
319.424400,22.519635,8.837670,-2.050978,-0.112760,1.874211,0.452597
319.524408,22.472938,8.749233,-2.062235,-0.112366,1.844076,0.491387
319.624416,22.425251,8.661326,-2.073451,-0.111944,1.814535,0.530557
319.724423,22.376582,8.573959,-2.084626,-0.111513,1.784664,0.570726
319.824431,22.326943,8.487140,-2.095756,-0.111075,1.747366,0.608669
319.924439,22.276341,8.400878,-2.106841,-0.110608,1.707786,0.647984
320.024446,22.224789,8.315181,-2.117880,-0.110135,1.670041,0.690566
320.124454,22.172296,8.230056,-2.128870,-0.109653,1.632651,0.730151
320.224462,22.118873,8.145513,-2.139811,-0.109144,1.595003,0.768424
320.324469,22.064530,8.061558,-2.150700,-0.108628,1.555429,0.802188
320.424477,22.009278,7.978198,-2.161538,-0.108105,1.514504,0.842712
320.524485,21.953128,7.895440,-2.172322,-0.107556,1.475614,0.881012
320.624492,21.896092,7.813291,-2.183051,-0.107000,1.435267,0.915561
320.724500,21.838179,7.731757,-2.193724,-0.106437,1.391791,0.949013
320.824507,21.779402,7.650844,-2.204339,-0.105849,1.352386,0.981196
320.924515,21.719772,7.570557,-2.214895,-0.105255,1.316417,1.015011
321.024523,21.659300,7.490903,-2.225391,-0.104655,1.281179,1.047397
321.124530,21.597998,7.411886,-2.235827,-0.104031,1.246292,1.075052
321.224538,21.535877,7.333512,-2.246200,-0.103402,1.213102,1.100483
321.324546,21.472948,7.255783,-2.256509,-0.102767,1.182229,1.129576
321.424553,21.409225,7.178706,-2.266753,-0.102110,1.152187,1.159023
321.524561,21.344717,7.102283,-2.276933,-0.101448,1.121685,1.187948
321.624569,21.279438,7.026519,-2.287045,-0.100781,1.092905,1.215982
321.724576,21.213398,6.951417,-2.297089,-0.100093,1.064921,1.239045
321.824584,21.146610,6.876979,-2.307065,-0.099402,1.036378,1.267884
321.924591,21.079085,6.803209,-2.316971,-0.098705,1.006092,1.299603
322.024599,21.010835,6.730109,-2.326807,-0.097990,0.976314,1.321489
322.124607,20.941872,6.657681,-2.336571,-0.097271,0.947735,1.344786
322.224614,20.872208,6.585928,-2.346262,-0.096547,0.920426,1.367558
322.324622,20.801854,6.514851,-2.355881,-0.095807,0.890921,1.389931
322.424630,20.730823,6.444451,-2.365426,-0.095064,0.864699,1.410964
322.524637,20.659125,6.374729,-2.374895,-0.094317,0.840809,1.426209
322.624645,20.586773,6.305687,-2.384290,-0.093555,0.818132,1.444919
322.724653,20.513779,6.237325,-2.393608,-0.092790,0.795736,1.468606
322.824660,20.440153,6.169643,-2.402849,-0.092021,0.774287,1.492765
322.924668,20.365907,6.102642,-2.412013,-0.091240,0.755639,1.511422
323.024676,20.291053,6.036321,-2.421099,-0.090456,0.739437,1.523417
323.124683,20.215602,5.970679,-2.430106,-0.089669,0.720939,1.540537
323.224691,20.139566,5.905717,-2.439033,-0.088871,0.700678,1.558080
323.324698,20.062955,5.841434,-2.447881,-0.088071,0.681730,1.577422
323.424706,19.985781,5.777827,-2.456649,-0.087268,0.664432,1.596075
323.524714,19.908055,5.714897,-2.465336,-0.086456,0.647363,1.611820
323.624721,19.829787,5.652641,-2.473941,-0.085642,0.630401,1.627940
323.724729,19.750990,5.591057,-2.482466,-0.084826,0.613910,1.643031
323.824737,19.671672,5.530144,-2.490908,-0.084001,0.598235,1.659146
323.924744,19.591846,5.469900,-2.499267,-0.083176,0.584810,1.675735
324.024752,19.511522,5.410322,-2.507544,-0.082349,0.568817,1.690374
324.124760,19.430709,5.351407,-2.515738,-0.081515,0.551961,1.700875
324.224767,19.349419,5.293153,-2.523848,-0.080681,0.535897,1.712030
324.324775,19.267662,5.235557,-2.531875,-0.079845,0.521874,1.722929
324.424782,19.185447,5.178615,-2.539818,-0.079004,0.509482,1.731644
324.524790,19.102785,5.122325,-2.547677,-0.078163,0.498131,1.737880
324.624798,19.019685,5.066683,-2.555452,-0.077321,0.487100,1.745879
324.724805,18.936158,5.011685,-2.563143,-0.076474,0.473725,1.753638
324.824813,18.852213,4.957327,-2.570748,-0.075628,0.458017,1.762429
324.924821,18.767858,4.903606,-2.578270,-0.074782,0.445790,1.770232
325.024828,18.683105,4.850518,-2.585706,-0.073933,0.437344,1.777642
325.124836,18.597961,4.798057,-2.593057,-0.073084,0.429311,1.785419
325.224844,18.512436,4.746220,-2.600324,-0.072236,0.422474,1.796450
325.324851,18.426539,4.695002,-2.607506,-0.071386,0.418143,1.805414
325.424859,18.340278,4.644399,-2.614602,-0.070537,0.414986,1.809948
325.524867,18.253663,4.594406,-2.621614,-0.069688,0.415051,1.813510
325.624874,18.166701,4.545017,-2.628541,-0.068839,0.413499,1.816624
325.724882,18.079401,4.496228,-2.635383,-0.067990,0.411150,1.819505
325.824889,17.991772,4.448034,-2.642140,-0.067144,0.409245,1.822200
325.924897,17.903821,4.400430,-2.648813,-0.066297,0.407461,1.825347
326.024905,17.815556,4.353410,-2.655401,-0.065452,0.404575,1.828917
326.124912,17.726986,4.306968,-2.661904,-0.064608,0.398824,1.833397
326.224920,17.638117,4.261100,-2.668323,-0.063766,0.394174,1.836224
326.324928,17.548957,4.215799,-2.674658,-0.062925,0.385819,1.838014
326.424935,17.459514,4.171060,-2.680909,-0.062086,0.380562,1.840267
326.524943,17.369795,4.126878,-2.687077,-0.061250,0.378726,1.838312
326.624951,17.279808,4.083246,-2.693160,-0.060415,0.377347,1.836964
326.724958,17.189558,4.040158,-2.699161,-0.059583,0.378697,1.834746
326.824966,17.099053,3.997609,-2.705078,-0.058754,0.382641,1.833204
326.924973,17.008299,3.955593,-2.710913,-0.057927,0.386429,1.835084
327.024981,16.917304,3.914103,-2.716665,-0.057103,0.387454,1.837378
327.124989,16.826073,3.873133,-2.722334,-0.056282,0.385696,1.842272
327.224996,16.734613,3.832678,-2.727922,-0.055464,0.384039,1.850341
327.325004,16.642931,3.792730,-2.733428,-0.054649,0.384987,1.853705
327.425012,16.551031,3.753284,-2.738853,-0.053838,0.385369,1.856588
327.525019,16.458920,3.714334,-2.744196,-0.053030,0.379190,1.859454
327.625027,16.366604,3.675872,-2.749460,-0.052225,0.374805,1.862635
327.725035,16.274088,3.637894,-2.754642,-0.051425,0.370046,1.857022
327.825042,16.181378,3.600391,-2.759745,-0.050628,0.369459,1.859670
327.925050,16.088479,3.563359,-2.764769,-0.049835,0.366237,1.873008
328.025057,15.995398,3.526789,-2.769713,-0.049047,0.359185,1.879341
328.125065,15.902137,3.490677,-2.774579,-0.048262,0.350160,1.885128
328.225073,15.808704,3.455016,-2.779367,-0.047481,0.341434,1.892368
328.325080,15.715102,3.419798,-2.784076,-0.046706,0.333895,1.900232
328.425088,15.621337,3.385018,-2.788709,-0.045934,0.324449,1.907664
328.525096,15.527413,3.350670,-2.793264,-0.045166,0.314315,1.913931
328.625103,15.433335,3.316745,-2.797743,-0.044405,0.306831,1.920122
328.725111,15.339107,3.283239,-2.802146,-0.043647,0.300608,1.926588
328.825119,15.244734,3.250145,-2.806473,-0.042894,0.294828,1.934567
328.925126,15.150219,3.217456,-2.810726,-0.042147,0.287800,1.942836
329.025134,15.055568,3.185165,-2.814903,-0.041404,0.280649,1.948727
329.125142,14.960784,3.153267,-2.819007,-0.040665,0.277198,1.954322
329.225149,14.865871,3.121754,-2.823037,-0.039933,0.277702,1.960016
329.325157,14.770833,3.090621,-2.826994,-0.039206,0.273510,1.961978
329.425164,14.675673,3.059860,-2.830879,-0.038482,0.261774,1.960226
329.525172,14.580396,3.029466,-2.834692,-0.037766,0.257219,1.964328
329.625180,14.485005,2.999432,-2.838433,-0.037054,0.253021,1.968623
329.725187,14.389503,2.969752,-2.842103,-0.036347,0.248716,1.972983
329.825195,14.293893,2.940419,-2.845703,-0.035647,0.243271,1.977330
329.925203,14.198180,2.911427,-2.849234,-0.034952,0.238539,1.981191
330.025210,14.102366,2.882770,-2.852694,-0.034261,0.236478,1.987127
330.125218,14.006455,2.854441,-2.856087,-0.033579,0.233941,1.992303
330.225226,13.910449,2.826435,-2.859411,-0.032900,0.232209,1.999821
330.325233,13.814351,2.798745,-2.862667,-0.032226,0.225556,2.006780
330.425241,13.718164,2.771364,-2.865857,-0.031561,0.223605,2.008521
330.525248,13.621892,2.744287,-2.868980,-0.030900,0.230537,2.007497
330.625256,13.525536,2.717508,-2.872037,-0.030243,0.234816,2.003003
330.725264,13.429100,2.691021,-2.875030,-0.029595,0.236370,1.994097
330.825271,13.332586,2.664819,-2.877957,-0.028952,0.235885,1.991164
330.925279,13.235996,2.638896,-2.880821,-0.028313,0.235113,1.992338
331.025287,13.139333,2.613247,-2.883621,-0.027683,0.234105,1.993998
331.125294,13.042600,2.587866,-2.886358,-0.027058,0.232082,1.994451
331.225302,12.945798,2.562747,-2.889033,-0.026437,0.227907,1.995549
331.325310,12.848931,2.537884,-2.891646,-0.025825,0.226863,1.996486
331.425317,12.751999,2.513271,-2.894198,-0.025218,0.226792,1.997432
331.525325,12.655006,2.488903,-2.896690,-0.024616,0.227548,1.998513
331.625333,12.557953,2.464773,-2.899122,-0.024022,0.229067,2.000846
331.725340,12.460842,2.440877,-2.901495,-0.023433,0.235259,2.000265
331.825348,12.363675,2.417208,-2.903809,-0.022850,0.240829,1.998983
331.925355,12.266455,2.393761,-2.906066,-0.022275,0.244011,1.998860
332.025363,12.169183,2.370532,-2.908265,-0.021704,0.247050,1.995631
332.125371,12.071860,2.347513,-2.910407,-0.021139,0.245813,1.991482
332.225378,11.974489,2.324700,-2.912493,-0.020583,0.249208,1.986433
332.325386,11.877072,2.302087,-2.914524,-0.020031,0.253329,1.981365
332.425394,11.779609,2.279670,-2.916500,-0.019485,0.257360,1.974917
332.525401,11.682102,2.257443,-2.918422,-0.018947,0.261133,1.969354
332.625409,11.584554,2.235401,-2.920290,-0.018415,0.264121,1.965843
332.725417,11.486966,2.213538,-2.922105,-0.017887,0.266673,1.964937
332.825424,11.389338,2.191850,-2.923868,-0.017368,0.269924,1.963358
332.925432,11.291673,2.170331,-2.925579,-0.016855,0.274215,1.961134
333.025439,11.193971,2.148977,-2.927239,-0.016346,0.277960,1.957479
333.125447,11.096235,2.127783,-2.928849,-0.015846,0.281703,1.953851
333.225455,10.998466,2.106744,-2.930409,-0.015351,0.287373,1.952495
333.325462,10.900664,2.085855,-2.931920,-0.014861,0.295058,1.949280
333.425470,10.802831,2.065111,-2.933382,-0.014380,0.302618,1.943545
333.525478,10.704969,2.044508,-2.934796,-0.013904,0.308865,1.935868
333.625485,10.607078,2.024041,-2.936163,-0.013433,0.314536,1.926903
333.725493,10.509160,2.003706,-2.937483,-0.012971,0.321275,1.910254
333.825501,10.411215,1.983498,-2.938758,-0.012514,0.326953,1.902630
333.925508,10.313245,1.963412,-2.939986,-0.012061,0.329111,1.895517
334.025516,10.215251,1.943445,-2.941170,-0.011618,0.332462,1.890951
334.125524,10.117234,1.923591,-2.942310,-0.011179,0.336469,1.887393
334.225531,10.019195,1.903847,-2.943407,-0.010746,0.340404,1.883392
334.325539,9.921134,1.884208,-2.944460,-0.010321,0.345697,1.879912
334.425546,9.823054,1.864671,-2.945471,-0.009901,0.350788,1.876293
334.525554,9.724954,1.845231,-2.946441,-0.009486,0.357365,1.872472
334.625562,9.626835,1.825884,-2.947369,-0.009080,0.365787,1.867310
334.725569,9.528699,1.806626,-2.948257,-0.008679,0.374975,1.860030
334.825577,9.430547,1.787453,-2.949105,-0.008282,0.385455,1.851551
334.925585,9.332378,1.768361,-2.949914,-0.007894,0.396950,1.841902
335.025592,9.234195,1.749347,-2.950684,-0.007511,0.407516,1.831474
335.125600,9.135997,1.730407,-2.951416,-0.007133,0.415637,1.820717
335.225608,9.037786,1.711537,-2.952111,-0.006764,0.422638,1.808079
335.325615,8.939562,1.692733,-2.952769,-0.006399,0.428384,1.801109
335.425623,8.841326,1.673992,-2.953391,-0.006038,0.433392,1.799490
335.525630,8.743079,1.655310,-2.953978,-0.005687,0.438020,1.794366
335.625638,8.644821,1.636685,-2.954529,-0.005340,0.443718,1.788058
335.725646,8.546553,1.618111,-2.955046,-0.004998,0.448586,1.781504
335.825653,8.448276,1.599587,-2.955529,-0.004664,0.450335,1.775466
335.925661,8.349990,1.581109,-2.955979,-0.004335,0.458589,1.768887
336.025669,8.251696,1.562673,-2.956396,-0.004010,0.472232,1.760734
336.125676,8.153395,1.544277,-2.956781,-0.003694,0.483965,1.750855
336.225684,8.055087,1.525917,-2.957135,-0.003382,0.495387,1.741811
336.325692,7.956773,1.507591,-2.957458,-0.003075,0.504326,1.734005
336.425699,7.858454,1.489294,-2.957750,-0.002776,0.513969,1.726469
336.525707,7.760129,1.471025,-2.958013,-0.002481,0.522620,1.716408
336.625714,7.661799,1.452780,-2.958247,-0.002191,0.530038,1.707534
336.725722,7.563466,1.434557,-2.958452,-0.001909,0.537635,1.698183
336.825730,7.465129,1.416353,-2.958628,-0.001631,0.543517,1.689296
336.925737,7.366790,1.398165,-2.958778,-0.001357,0.549435,1.680974
337.025745,7.268447,1.379990,-2.958900,-0.001092,0.553579,1.674421
337.125753,7.170103,1.361825,-2.958996,-0.000831,0.559578,1.669256
337.225760,7.071757,1.343669,-2.959067,-0.000573,0.563713,1.663329
337.325768,6.973411,1.325519,-2.959111,-0.000324,0.571800,1.656682
337.425776,6.875063,1.307372,-2.959132,-0.000079,0.583969,1.649567
337.525783,6.776716,1.289225,-2.959127,0.000162,0.594903,1.640172
337.625791,6.678368,1.271077,-2.959100,0.000395,0.604042,1.630670
337.725799,6.580022,1.252925,-2.959048,0.000625,0.612493,1.620379
337.825806,6.481676,1.234767,-2.958975,0.000850,0.621269,1.612079
337.925814,6.383333,1.216601,-2.958879,0.001068,0.630234,1.603689
338.025821,6.284991,1.198424,-2.958761,0.001282,0.638672,1.592971
338.125829,6.186651,1.180235,-2.958622,0.001492,0.646312,1.584058
338.225837,6.088314,1.162030,-2.958463,0.001695,0.653516,1.575959
338.325844,5.989981,1.143810,-2.958283,0.001894,0.660589,1.569386
338.425852,5.891650,1.125570,-2.958084,0.002090,0.668311,1.562926
338.525860,5.793324,1.107310,-2.957866,0.002278,0.676390,1.556864
338.625867,5.695001,1.089028,-2.957629,0.002463,0.685423,1.549785
338.725875,5.596684,1.070721,-2.957373,0.002644,0.697169,1.541595
338.825883,5.498371,1.052388,-2.957100,0.002818,0.708245,1.538728
338.925890,5.400063,1.034028,-2.956810,0.002989,0.719325,1.530636
339.025898,5.301760,1.015638,-2.956502,0.003156,0.729294,1.521178
339.125905,5.203464,0.997218,-2.956179,0.003316,0.737808,1.507901
339.225913,5.105174,0.978764,-2.955839,0.003474,0.743256,1.498124
339.325921,5.006890,0.960277,-2.955484,0.003627,0.745742,1.488161
339.425928,4.908612,0.941754,-2.955114,0.003775,0.751815,1.478308
339.525936,4.810342,0.923194,-2.954729,0.003919,0.759100,1.471472
339.625944,4.712079,0.904595,-2.954330,0.004060,0.763005,1.463488
339.725951,4.613824,0.885956,-2.953917,0.004195,0.770127,1.454871
339.825959,4.515576,0.867277,-2.953491,0.004326,0.775442,1.448359
339.925967,4.417336,0.848554,-2.953052,0.004455,0.780560,1.443431
340.025974,4.319105,0.829788,-2.952600,0.004577,0.784963,1.440911
340.125982,4.220883,0.810977,-2.952137,0.004697,0.792951,1.436833
340.225990,4.122669,0.792120,-2.951661,0.004814,0.803275,1.430402
340.325997,4.024464,0.773216,-2.951174,0.004925,0.814195,1.422503
340.426005,3.926269,0.754263,-2.950676,0.005033,0.825074,1.413257
340.526012,3.828083,0.735261,-2.950168,0.005138,0.837452,1.402870
340.626020,3.729907,0.716208,-2.949649,0.005238,0.845952,1.391792
340.726028,3.631741,0.697104,-2.949120,0.005336,0.852678,1.382331
340.826035,3.533586,0.677947,-2.948581,0.005430,0.854400,1.374984
340.926043,3.435440,0.658738,-2.948034,0.005520,0.858058,1.370360
341.026051,3.337305,0.639474,-2.947477,0.005607,0.864676,1.366850
341.126058,3.239181,0.620155,-2.946913,0.005691,0.870176,1.362394
341.226066,3.141069,0.600780,-2.946339,0.005771,0.874670,1.357160
341.326074,3.042967,0.581348,-2.945758,0.005848,0.880917,1.351458
341.426081,2.944876,0.561860,-2.945170,0.005923,0.890123,1.345271
341.526089,2.846798,0.542313,-2.944574,0.005993,0.898559,1.338482
341.626096,2.748731,0.522707,-2.943971,0.006061,0.907136,1.331733
341.726104,2.650676,0.503042,-2.943362,0.006127,0.916387,1.326272
341.826112,2.552632,0.483317,-2.942746,0.006188,0.925088,1.316404
341.926119,2.454602,0.463531,-2.942124,0.006248,0.933199,1.304721
342.026127,2.356583,0.443684,-2.941496,0.006305,0.941190,1.295243
342.126135,2.258577,0.423775,-2.940863,0.006358,0.947011,1.285810
342.226142,2.160584,0.403804,-2.940225,0.006409,0.951791,1.274497
342.326150,2.062603,0.383770,-2.939581,0.006458,0.953463,1.269651
342.426158,1.964636,0.363673,-2.938933,0.006504,0.955735,1.267805
342.526165,1.866682,0.343512,-2.938280,0.006547,0.957719,1.266841
342.626173,1.768740,0.323286,-2.937624,0.006589,0.960987,1.264026
342.726180,1.670813,0.302997,-2.936963,0.006628,0.964801,1.260427
342.826188,1.572898,0.282642,-2.936298,0.006664,0.970388,1.256855
342.926196,1.474997,0.262222,-2.935630,0.006699,0.978314,1.252935
343.026203,1.377110,0.241737,-2.934958,0.006731,0.987438,1.246833
343.126211,1.279237,0.221186,-2.934283,0.006761,1.000251,1.238157
343.226219,1.181378,0.200568,-2.933606,0.006790,1.008765,1.227780
343.326226,1.083532,0.179884,-2.932926,0.006816,1.015194,1.219861
343.426234,0.985701,0.159134,-2.932243,0.006840,1.020609,1.213236
343.526242,0.887884,0.138316,-2.931557,0.006863,1.026322,1.207179
343.626249,0.790082,0.117432,-2.930870,0.006883,1.032389,1.200908
343.726257,0.692293,0.096480,-2.930181,0.006902,1.036809,1.196271
343.826265,0.594520,0.075460,-2.929490,0.006920,1.038014,1.193690
343.926272,0.496760,0.054373,-2.928797,0.006935,1.038489,1.191235
344.026280,0.399016,0.033218,-2.928103,0.006949,1.039978,1.190554
344.126287,0.301286,0.011996,-2.927407,0.006962,1.043196,1.187358
344.226295,0.203571,-0.009295,-2.926710,0.006972,1.046319,1.183878
344.326303,0.105871,-0.030654,-2.926013,0.006982,1.049145,1.180907
